CustomerID,Churn Probability,Predicted Churn,Risk Category
3668-QPYBK,0.525,Yes,Medium
9237-HQITU,0.6171,Yes,Medium
9305-CDSKC,0.6581,Yes,Medium
7892-POOKP,0.3478,No,Low
0280-XJGEX,0.2503,No,Low
4190-MFLUW,0.2048,No,Low
8779-QRDMV,0.82,Yes,High
1066-JKSGK,0.4263,No,Medium
6467-CHFZW,0.2378,No,Low
8665-UTDHZ,0.6052,Yes,Medium
8773-HHUOZ,0.3399,No,Low
6047-YHPVI,0.4601,No,Medium
5380-WJKOV,0.2324,No,Low
8168-UQWWF,0.6054,Yes,Medium
7760-OYPDY,0.5969,Yes,Medium
9420-LOJKX,0.329,No,Low
7495-OOKFY,0.4251,No,Medium
1658-BYGOY,0.459,No,Medium
5698-BQJOH,0.4968,No,Medium
5919-TMRGD,0.6864,Yes,Medium
9191-MYQKX,0.4767,No,Medium
8637-XJIVR,0.4278,No,Medium
0278-YXOOG,0.1659,No,Low
4598-XLKNJ,0.3724,No,Low
3192-NQECA,0.237,No,Low
0486-HECZI,0.1273,No,Low
4846-WHAFZ,0.1775,No,Low
5299-RULOA,0.5758,Yes,Medium
0404-SWRVG,0.6498,Yes,Medium
4412-YLTKF,0.2496,No,Low
6207-WIOLX,0.2606,No,Low
3091-FYHKI,0.7886,Yes,High
2372-HWUHI,0.5449,Yes,Medium
0390-DCFDQ,0.5573,Yes,Medium
4080-OGPJL,0.3902,No,Low
2135-RXIHG,0.6423,Yes,Medium
3874-EQOEP,0.6367,Yes,Medium
0867-MKZVY,0.3092,No,Low
3376-BMGFE,0.613,Yes,Medium
3445-HXXGF,0.3573,No,Low
1875-QIVME,0.5755,Yes,Medium
0691-JVSYA,0.2998,No,Low
2656-FMOKZ,0.4663,No,Medium
2070-FNEXE,0.4109,No,Medium
6317-YPKDH,0.4779,No,Medium
9367-WXLCH,0.5184,Yes,Medium
1918-ZBFQJ,0.4611,No,Medium
1024-GUALD,0.631,Yes,Medium
2472-OVKUP,0.5107,Yes,Medium
1285-OKIPP,0.6972,Yes,Medium
7825-ECJRF,0.4068,No,Medium
7841-TZDMQ,0.5805,Yes,Medium
9408-SSNVZ,0.5221,Yes,Medium
0742-MOABM,0.3266,No,Low
2232-DMLXU,0.5684,Yes,Medium
8937-RDTHP,0.5985,Yes,Medium
1251-KRREG,0.5186,Yes,Medium
0094-OIFMO,0.5452,Yes,Medium
9947-OTFQU,0.613,Yes,Medium
0322-YINQP,0.5153,Yes,Medium
4629-NRXKX,0.6358,Yes,Medium
9514-JDSKI,0.7132,Yes,Medium
4959-JOSRX,0.5588,Yes,Medium
7273-TEFQD,0.6763,Yes,Medium
3606-TWKGI,0.7203,Yes,Medium
6323-AYBRX,0.1481,No,Low
4385-GZQXV,0.62,Yes,Medium
6366-ZGQGL,0.5177,Yes,Medium
5940-AHUHD,0.712,Yes,Medium
6432-TWQLB,0.751,Yes,High
4484-GLZOU,0.4759,No,Medium
9512-UIBFX,0.4956,No,Medium
5583-SXDAG,0.8574,Yes,High
3488-PGMQJ,0.6368,Yes,Medium
3580-REOAC,0.3106,No,Low
7534-BFESC,0.5325,Yes,Medium
6390-DSAZX,0.6565,Yes,Medium
8098-LLAZX,0.8405,Yes,High
0265-EDXBD,0.5103,Yes,Medium
7563-BIUPC,0.7025,Yes,Medium
2321-OMBXY,0.2718,No,Low
2840-XANRC,0.5457,Yes,Medium
5020-ZSTTY,0.23,No,Low
5804-LEPIM,0.6495,Yes,Medium
0122-OAHPZ,0.6868,Yes,Medium
2868-SNELZ,0.714,Yes,Medium
4322-RCYMT,0.1919,No,Low
6680-NENYN,0.3626,No,Low
1343-EHPYB,0.4731,No,Medium
2034-GDRCN,0.7902,Yes,High
0219-YTZUE,0.7815,Yes,High
0623-IIHUG,0.4866,No,Medium
4572-DVCGN,0.6563,Yes,Medium
9057-MSWCO,0.3554,No,Low
1010-DIAUQ,0.7091,Yes,Medium
0259-GBZSH,0.8108,Yes,High
9601-BRXPO,0.5463,Yes,Medium
6905-NIQIN,0.5509,Yes,Medium
5167-ZFFMM,0.8202,Yes,High
4895-TMWIR,0.1744,No,Low
0533-BNWKF,0.4523,No,Medium
6599-CEBNN,0.396,No,Low
0979-PHULV,0.3622,No,Low
4800-VHZKI,0.4891,No,Medium
7989-CHGTL,0.4405,No,Medium
0334-GDDSO,0.7843,Yes,High
0578-SKVMF,0.493,No,Medium
5564-NEMQO,0.7392,Yes,Medium
9063-ZGTUY,0.2141,No,Low
2957-LOLHO,0.2736,No,Low
7752-XUSCI,0.424,No,Medium
4110-PFEUZ,0.8337,Yes,High
0256-LTHVJ,0.4748,No,Medium
0880-TKATG,0.7532,Yes,High
3811-VBYBZ,0.8303,Yes,High
4640-UHDOS,0.3102,No,Low
3583-EKAPL,0.6674,Yes,Medium
9399-APLBT,0.8175,Yes,High
2359-KMGLI,0.5739,Yes,Medium
0306-JAELE,0.7005,Yes,Medium
6227-HWPWX,0.3224,No,Low
0447-BEMNG,0.1322,No,Low
5949-XIKAE,0.7003,Yes,Medium
8372-JUXUI,0.8196,Yes,High
0388-EOPEX,0.577,Yes,Medium
8205-OTCHB,0.3179,No,Low
6235-VDHOM,0.5438,Yes,Medium
7783-YKGDV,0.7094,Yes,Medium
5609-CEBID,0.6071,Yes,Medium
7218-HKQFK,0.7056,Yes,Medium
4636-QRJKY,0.7181,Yes,Medium
5956-VKDTT,0.7462,Yes,Medium
9412-GHEEC,0.4476,No,Medium
0257-ZESQC,0.3938,No,Low
6825-UYPFK,0.3701,No,Low
8397-MVTAZ,0.5979,Yes,Medium
9282-IZGQK,0.8857,Yes,High
1342-JPNKI,0.7241,Yes,Medium
2817-NTQDO,0.2788,No,Low
6986-IJDHX,0.4051,No,Medium
5301-GAUUY,0.3601,No,Low
0939-YAPAF,0.5641,Yes,Medium
4710-FDUIZ,0.2978,No,Low
1218-VKFPE,0.0883,No,Low
3627-FHKBK,0.5868,Yes,Medium
2865-TCHJW,0.7972,Yes,High
5192-EBGOV,0.8709,Yes,High
0719-SYFRB,0.1766,No,Low
3419-SNJJD,0.3156,No,Low
6543-CPZMK,0.4413,No,Medium
4765-OXPPD,0.2511,No,Low
1009-IRMNA,0.2311,No,Low
4554-YGZIH,0.3565,No,Low
5099-BAILX,0.4137,No,Medium
7207-RMRDB,0.4288,No,Medium
4913-EHYUI,0.3575,No,Low
0195-IESCP,0.7619,Yes,High
4580-TMHJU,0.2663,No,Low
0970-ETWGE,0.8318,Yes,High
1626-ERCMM,0.6277,Yes,Medium
0887-HJGAR,0.5794,Yes,Medium
5644-PDMZC,0.7234,Yes,Medium
9576-ANLXO,0.5704,Yes,Medium
2024-BASKD,0.7754,Yes,High
4160-AMJTL,0.1598,No,Low
4464-JCOLN,0.0746,No,Low
5650-VDUDS,0.5119,Yes,Medium
7538-GWHML,0.5893,Yes,Medium
3859-CVCET,0.4341,No,Medium
3276-HDUEG,0.8218,Yes,High
0823-HSCDJ,0.3601,No,Low
0822-GAVAP,0.727,Yes,Medium
1448-PWKYE,0.8573,Yes,High
0067-DKWBL,0.6535,Yes,Medium
2276-YDAVZ,0.7257,Yes,Medium
5896-NPFWW,0.5846,Yes,Medium
7133-VBDCG,0.3508,No,Low
1029-QFBEN,0.338,No,Low
4952-YSOGZ,0.8009,Yes,High
1589-AGTLK,0.5817,Yes,Medium
5244-IRFIH,0.5961,Yes,Medium
2684-EIWEO,0.3348,No,Low
6439-GTPCA,0.4586,No,Medium
5138-WVKYJ,0.7129,Yes,Medium
6683-VLCTZ,0.6861,Yes,Medium
2189-WWOEW,0.536,Yes,Medium
1894-IGFSG,0.52,Yes,Medium
7379-POKDZ,0.5978,Yes,Medium
0236-HFWSV,0.6964,Yes,Medium
3900-AQPHZ,0.3539,No,Low
5842-POCOP,0.6724,Yes,Medium
2037-XJFUP,0.4749,No,Medium
7314-OXENN,0.7692,Yes,High
0322-CHQRU,0.5343,Yes,Medium
4678-DVQEO,0.549,Yes,Medium
0691-IFBQW,0.3553,No,Low
3009-JWMPU,0.3876,No,Low
1450-GALXR,0.7662,Yes,High
3138-BKYAV,0.7135,Yes,Medium
4289-DTDKW,0.5991,Yes,Medium
1820-TQVEV,0.8717,Yes,High
2239-JALAW,0.333,No,Low
4853-RULSV,0.2796,No,Low
6275-YDUVO,0.7321,Yes,Medium
0115-TFERT,0.5522,Yes,Medium
2311-QYMUQ,0.5494,Yes,Medium
3643-AHCFP,0.8189,Yes,High
3104-OWCGK,0.3181,No,Low
9101-BWFSS,0.3472,No,Low
9231-ZJYAM,0.716,Yes,Medium
6982-SSHFK,0.5101,Yes,Medium
0727-BMPLR,0.3869,No,Low
1038-ZAGBI,0.1916,No,Low
3027-ZTDHO,0.8406,Yes,High
2382-BCKQJ,0.3638,No,Low
2207-NHRJK,0.5678,Yes,Medium
0947-MUGVO,0.5651,Yes,Medium
9944-HKVVB,0.7457,Yes,Medium
4124-MMETB,0.5478,Yes,Medium
3671-SHRSP,0.7015,Yes,Medium
3313-QKNKB,0.2959,No,Low
5073-WXOYN,0.3133,No,Low
0207-MDKNV,0.6289,Yes,Medium
9851-KIELU,0.597,Yes,Medium
3908-BLSYF,0.6076,Yes,Medium
7549-MYGPK,0.3643,No,Low
3804-RVTGV,0.4787,No,Medium
9227-LUNBG,0.5644,Yes,Medium
4315-MURBD,0.7419,Yes,Medium
9734-YWGEX,0.7543,Yes,High
2719-BDAQO,0.566,Yes,Medium
0781-LKXBR,0.8505,Yes,High
1907-UBQFC,0.6126,Yes,Medium
6513-EECDB,0.8177,Yes,High
7074-IEVOJ,0.7706,Yes,High
9625-QSTYE,0.594,Yes,Medium
4750-ZRXIU,0.8035,Yes,High
6400-BWQKW,0.5821,Yes,Medium
6680-WKXRZ,0.6683,Yes,Medium
7028-DVOIQ,0.6143,Yes,Medium
4208-UFFGW,0.5617,Yes,Medium
9448-REEVD,0.5354,Yes,Medium
9117-SHLZX,0.5794,Yes,Medium
9889-TMAHG,0.6333,Yes,Medium
4541-RMRLG,0.0949,No,Low
3158-MOERK,0.8542,Yes,High
7294-TMAOP,0.8618,Yes,High
8919-FYFQZ,0.386,No,Low
2834-JRTUA,0.261,No,Low
5875-YPQFJ,0.872,Yes,High
6646-QVXLR,0.3573,No,Low
8603-IJWDN,0.8834,Yes,High
9369-XFEHK,0.4022,No,Medium
3842-IYKUE,0.3318,No,Low
6641-XRPSU,0.3981,No,Low
1374-DMZUI,0.8425,Yes,High
8357-EQXFO,0.7562,Yes,High
1989-PRJHP,0.5094,Yes,Medium
9524-EGPJC,0.5749,Yes,Medium
6993-OHLXR,0.6156,Yes,Medium
8818-XYFCQ,0.4745,No,Medium
4695-VADHF,0.2689,No,Low
3863-IUBJR,0.2752,No,Low
4822-RVYBB,0.8588,Yes,High
8436-BJUMM,0.6036,Yes,Medium
4184-TJFAN,0.6647,Yes,Medium
4145-UQXUQ,0.7376,Yes,Medium
9948-YPTDG,0.4329,No,Medium
1236-WFCDV,0.5449,Yes,Medium
4883-QICIH,0.4084,No,Medium
8329-IBCTI,0.3161,No,Low
1271-SJBGZ,0.4082,No,Medium
5669-SRAIP,0.5601,Yes,Medium
5981-ITEMU,0.5161,Yes,Medium
6941-PMGEP,0.7182,Yes,Medium
1624-WOIWJ,0.5473,Yes,Medium
2074-GKOWZ,0.7641,Yes,High
0376-YMCJC,0.589,Yes,Medium
0634-SZPQA,0.3867,No,Low
5536-RTPWK,0.4488,No,Medium
6166-ILMNY,0.5936,Yes,Medium
3097-NNSPB,0.5743,Yes,Medium
0655-RBDUG,0.8141,Yes,High
4361-BKAXE,0.3638,No,Low
9878-TNQGW,0.7384,Yes,Medium
4441-NIHPT,0.5838,Yes,Medium
8999-BOHSE,0.6925,Yes,Medium
7029-RPUAV,0.5513,Yes,Medium
4607-CHPCA,0.4846,No,Medium
8824-RWFXJ,0.4754,No,Medium
9763-PDTKK,0.7071,Yes,Medium
7627-JKIAZ,0.4109,No,Medium
4081-DYXAV,0.3708,No,Low
8111-SLLHI,0.6043,Yes,Medium
0927-LCSMG,0.5276,Yes,Medium
8257-RZAHR,0.2866,No,Low
5293-WXJAK,0.7758,Yes,High
0841-NULXI,0.7886,Yes,High
7851-WZEKY,0.8571,Yes,High
8844-TONUD,0.7284,Yes,Medium
4086-YQSNZ,0.7222,Yes,Medium
5868-CZJDR,0.6183,Yes,Medium
0135-NMXAP,0.677,Yes,Medium
6270-OMFIW,0.338,No,Low
0107-WESLM,0.4196,No,Medium
3992-YWPKO,0.7112,Yes,Medium
0125-LZQXK,0.5972,Yes,Medium
8399-YNDCH,0.2991,No,Low
5673-FSSMF,0.6103,Yes,Medium
1579-KLYDT,0.7569,Yes,High
3927-NLNRY,0.3342,No,Low
6358-LYNGM,0.8298,Yes,High
5494-HECPR,0.8522,Yes,High
9824-BEMCV,0.5301,Yes,Medium
1373-ORVIZ,0.385,No,Low
9866-QEVEE,0.4599,No,Medium
9897-KXHCM,0.7324,Yes,Medium
7979-CORPM,0.4292,No,Medium
1618-CFHME,0.7518,Yes,High
3165-HDOEW,0.5998,Yes,Medium
6581-NQCBA,0.4523,No,Medium
1689-MRZQR,0.5149,Yes,Medium
5835-BEQEU,0.746,Yes,Medium
5565-FILXA,0.7265,Yes,Medium
5552-ZNFSJ,0.6089,Yes,Medium
2223-KAGMX,0.2482,No,Low
7321-PKUYW,0.6267,Yes,Medium
2833-SLKDQ,0.5334,Yes,Medium
7595-EUIVN,0.7532,Yes,High
2026-TGDHM,0.7129,Yes,Medium
4030-VPZBD,0.6052,Yes,Medium
4187-CINZD,0.3065,No,Low
6818-WOBHJ,0.3068,No,Low
2408-TZMJL,0.3418,No,Low
9134-CEQMF,0.7409,Yes,Medium
7993-PYKOF,0.4871,No,Medium
5027-XWQHA,0.4931,No,Medium
4566-QVRRW,0.4106,No,Medium
8519-IMDHU,0.608,Yes,Medium
0201-OAMXR,0.2673,No,Low
3372-KWFBM,0.6981,Yes,Medium
7831-QGOXH,0.6268,Yes,Medium
6393-WRYZE,0.6099,Yes,Medium
6599-RCLCJ,0.4548,No,Medium
9831-BPFRI,0.3447,No,Low
1725-MIMXW,0.4082,No,Medium
0031-PVLZI,0.1817,No,Low
7206-GZCDC,0.8513,Yes,High
4791-QRGMF,0.2939,No,Low
1768-ZAIFU,0.7475,Yes,Medium
4671-LXRDQ,0.5466,Yes,Medium
1934-SJVJK,0.4263,No,Medium
3838-OZURD,0.3894,No,Low
9269-CQOOL,0.5069,Yes,Medium
2845-HSJCY,0.6549,Yes,Medium
1184-PJVDB,0.707,Yes,Medium
9415-DPEWS,0.6124,Yes,Medium
7943-RQCHR,0.8095,Yes,High
3793-MMFUH,0.7402,Yes,Medium
3249-ZPQRG,0.5986,Yes,Medium
2568-BRGYX,0.5676,Yes,Medium
7721-JXEAW,0.2568,No,Low
7249-WBIYX,0.7728,Yes,High
6567-HOOPW,0.8631,Yes,High
3164-AALRN,0.5028,Yes,Medium
3334-CTHOL,0.5324,Yes,Medium
4704-ERYFC,0.5256,Yes,Medium
8621-MNIHH,0.4549,No,Medium
0471-LVHGK,0.2903,No,Low
9518-RWHZL,0.2664,No,Low
5419-CONWX,0.7592,Yes,High
6240-EURKS,0.4752,No,Medium
6960-HVYXR,0.8066,Yes,High
7024-OHCCK,0.8649,Yes,High
7861-UVUFT,0.616,Yes,Medium
5357-TZHPP,0.6753,Yes,Medium
0680-DFNNY,0.7456,Yes,Medium
7767-UXAGJ,0.6027,Yes,Medium
1571-SAVHK,0.7275,Yes,Medium
9546-CQJSU,0.8219,Yes,High
0506-LVNGN,0.5825,Yes,Medium
2951-QOQTK,0.6983,Yes,Medium
3473-XIIIT,0.712,Yes,Medium
7893-IXHRQ,0.2818,No,Low
2952-QAYZF,0.7399,Yes,Medium
4763-PGDPO,0.5778,Yes,Medium
5394-SVGJV,0.4047,No,Medium
9283-LZQOH,0.5333,Yes,Medium
7079-QRCBC,0.6377,Yes,Medium
5469-CTCWN,0.2326,No,Low
9851-QXEEQ,0.561,Yes,Medium
9809-IMGCQ,0.68,Yes,Medium
5208-HFSBT,0.5189,Yes,Medium
3254-YRILK,0.6318,Yes,Medium
2667-WYLWJ,0.1733,No,Low
0529-ONKER,0.5728,Yes,Medium
5240-IJOQT,0.8436,Yes,High
1092-GANHU,0.4931,No,Medium
0661-XEYAN,0.6736,Yes,Medium
7881-EVUAD,0.6428,Yes,Medium
5766-XQXMQ,0.1751,No,Low
3703-VAVCL,0.6607,Yes,Medium
8519-QJGJD,0.4823,No,Medium
6326-MTTXK,0.6907,Yes,Medium
0330-IVZHA,0.5593,Yes,Medium
2886-KEFUM,0.3563,No,Low
4237-RLAQD,0.5808,Yes,Medium
9651-GTSAQ,0.3144,No,Low
3186-BAXNB,0.7175,Yes,Medium
0637-YLETY,0.551,Yes,Medium
1157-BQCUW,0.8298,Yes,High
2660-EMUBI,0.8379,Yes,High
7675-OZCZG,0.551,Yes,Medium
2003-CKLOR,0.3782,No,Low
9254-RBFON,0.3278,No,Low
1205-WNWPJ,0.2343,No,Low
9391-EOYLI,0.6249,Yes,Medium
8387-MOJJT,0.3843,No,Low
2761-OCIAX,0.6424,Yes,Medium
3068-OMWZA,0.8645,Yes,High
6032-KRXXO,0.547,Yes,Medium
7459-RRWQZ,0.3109,No,Low
4154-AQUGT,0.5467,Yes,Medium
3092-IGHWF,0.3429,No,Low
8017-LXHFA,0.544,Yes,Medium
6352-TWCAU,0.5583,Yes,Medium
2929-QNSRW,0.3464,No,Low
1262-OPMFY,0.6114,Yes,Medium
4248-QPAVC,0.4391,No,Medium
1899-VXWXM,0.3505,No,Low
4690-LLKUA,0.4235,No,Medium
3331-HQDTW,0.331,No,Low
9490-DFPMD,0.538,Yes,Medium
5442-XSDCW,0.5796,Yes,Medium
3049-NDXFL,0.844,Yes,High
8580-AECUZ,0.855,Yes,High
7963-GQRMY,0.4118,No,Medium
1228-FZFRV,0.4236,No,Medium
2058-DCJBE,0.5724,Yes,Medium
5364-XYIRR,0.5706,Yes,Medium
4829-AUOAX,0.4011,No,Medium
5047-LHVLY,0.6423,Yes,Medium
9158-VCTQB,0.3815,No,Low
6311-UEUME,0.5273,Yes,Medium
6839-ITVZJ,0.213,No,Low
0375-HVGXO,0.7344,Yes,Medium
8593-WHYHV,0.7851,Yes,High
6097-EQISJ,0.2636,No,Low
4423-YLHDV,0.6286,Yes,Medium
0107-YHINA,0.879,Yes,High
8640-SDGKB,0.4693,No,Medium
4116-TZAQJ,0.5128,Yes,Medium
3877-JRJIP,0.5657,Yes,Medium
8375-DKEBR,0.8603,Yes,High
7511-YMXVQ,0.5813,Yes,Medium
7551-JOHTI,0.3225,No,Low
9804-ICWBG,0.872,Yes,High
5318-IXUZF,0.7151,Yes,Medium
3198-VELRD,0.8214,Yes,High
9436-ZBZCT,0.7076,Yes,Medium
7279-BUYWN,0.3788,No,Low
7156-MHUGY,0.6842,Yes,Medium
7198-GLXTC,0.673,Yes,Medium
0516-VRYBW,0.1592,No,Low
8380-PEFPE,0.7822,Yes,High
5687-DKDTV,0.151,No,Low
7530-HDYDS,0.3276,No,Low
3096-IZETN,0.51,Yes,Medium
5922-ABDVO,0.473,No,Medium
9172-ANCRX,0.814,Yes,High
6910-HADCM,0.788,Yes,High
4816-LXZYW,0.5612,Yes,Medium
9606-PBKBQ,0.5698,Yes,Medium
3536-IQCTX,0.5128,Yes,Medium
4911-BANWH,0.4479,No,Medium
8496-EJAUI,0.4072,No,Medium
3132-TVFDZ,0.4547,No,Medium
8080-DDEMJ,0.6038,Yes,Medium
6365-MTGZX,0.5341,Yes,Medium
1349-WXNGG,0.2759,No,Low
6990-YNRIO,0.2825,No,Low
0621-TWIEM,0.4973,No,Medium
2485-ITVKB,0.6788,Yes,Medium
3669-OYSJI,0.5569,Yes,Medium
1612-EOHDH,0.5782,Yes,Medium
6702-OHFWR,0.7785,Yes,High
4510-PYUSH,0.2224,No,Low
7517-SAWMO,0.4839,No,Medium
4143-HHPMK,0.4706,No,Medium
7054-LGEQW,0.5473,Yes,Medium
0923-PNFUB,0.6068,Yes,Medium
3494-JCHRQ,0.8125,Yes,High
6474-FVJLC,0.8188,Yes,High
8840-DQLGN,0.2311,No,Low
4547-LYTDD,0.4821,No,Medium
6770-XUAGN,0.3253,No,Low
4193-ORFCL,0.5742,Yes,Medium
7776-QWNFX,0.2351,No,Low
6689-TCZHQ,0.6768,Yes,Medium
3143-ILDAL,0.3624,No,Low
4720-VSTSI,0.3713,No,Low
3946-MHCZW,0.5758,Yes,Medium
6651-AZVTJ,0.5452,Yes,Medium
4566-GOLUK,0.4391,No,Medium
2484-DGXPZ,0.2221,No,Low
4587-NUKOX,0.5591,Yes,Medium
0420-BWTPW,0.3585,No,Low
8183-ONMXC,0.7225,Yes,Medium
9614-RMGHA,0.2717,No,Low
5054-IEXZT,0.8025,Yes,High
5834-ASPWA,0.8272,Yes,High
3948-XHGNA,0.2589,No,Low
0565-IYCGT,0.1848,No,Low
5445-UTODQ,0.7346,Yes,Medium
1024-VRZHF,0.6399,Yes,Medium
9497-QCMMS,0.905,Yes,High
0348-SDKOL,0.3771,No,Low
4373-MAVJG,0.6323,Yes,Medium
8901-HJXTF,0.3032,No,Low
5419-KLXBN,0.4008,No,Medium
3424-NMNBO,0.3612,No,Low
4514-GFCFI,0.6864,Yes,Medium
9828-AOQLM,0.6384,Yes,Medium
8000-REIQB,0.8542,Yes,High
7615-ESMYF,0.653,Yes,Medium
3858-VOBET,0.5248,Yes,Medium
1447-PJGGA,0.3003,No,Low
8565-CLBZW,0.4729,No,Medium
9139-WQQDY,0.2758,No,Low
0224-HJAPT,0.5615,Yes,Medium
8086-OVPWV,0.7238,Yes,Medium
9430-FRQOC,0.7355,Yes,Medium
3074-GQWYX,0.7057,Yes,Medium
6845-RGTYS,0.4087,No,Medium
8861-HGGKB,0.6469,Yes,Medium
7065-YUNRY,0.5387,Yes,Medium
7694-VLBWQ,0.3931,No,Low
4795-KTRTH,0.7947,Yes,High
6481-OGDOO,0.2275,No,Low
3753-TSEMP,0.6194,Yes,Medium
8305-VHZBZ,0.4528,No,Medium
9172-JITSM,0.5711,Yes,Medium
6298-QDFNH,0.578,Yes,Medium
9961-JBNMK,0.5301,Yes,Medium
6173-ITPWD,0.3711,No,Low
9734-UYXQI,0.5576,Yes,Medium
2189-UXTKY,0.3433,No,Low
4958-GZWIY,0.5025,Yes,Medium
6356-ELRKD,0.8011,Yes,High
8624-GIOUT,0.1639,No,Low
6179-GJPSO,0.4294,No,Medium
3177-LASXD,0.742,Yes,Medium
4897-QSUYC,0.5171,Yes,Medium
1084-UQCHV,0.7759,Yes,High
8290-YWKHZ,0.5742,Yes,Medium
2955-BJZHG,0.5297,Yes,Medium
3806-DXQOM,0.5189,Yes,Medium
9300-RENDD,0.8509,Yes,High
0761-AETCS,0.3371,No,Low
2153-MREFK,0.405,No,Medium
3106-ULWFW,0.7398,Yes,Medium
0925-VYDLG,0.6409,Yes,Medium
4349-GFQHK,0.6063,Yes,Medium
7802-EFKNY,0.5777,Yes,Medium
8035-BUYVG,0.2521,No,Low
9787-XVQIU,0.8302,Yes,High
8945-MUQUF,0.3281,No,Low
8051-HJRLT,0.7424,Yes,Medium
3023-GFLBR,0.4167,No,Medium
0524-IAVZO,0.5568,Yes,Medium
2737-YNGYW,0.7157,Yes,Medium
5159-YFPKQ,0.6774,Yes,Medium
4021-RQSNY,0.6398,Yes,Medium
9061-TIHDA,0.7789,Yes,High
8699-ASUFO,0.7067,Yes,Medium
7927-AUXBZ,0.4768,No,Medium
4695-WJZUE,0.8383,Yes,High
7619-ODSGN,0.2419,No,Low
3988-RQIXO,0.8709,Yes,High
2514-GINMM,0.8563,Yes,High
5931-FLJJF,0.5947,Yes,Medium
2659-VXMWZ,0.2448,No,Low
3207-OYBWH,0.2829,No,Low
4285-GYRQC,0.7298,Yes,Medium
7216-EWTRS,0.8987,Yes,High
8337-MSSXB,0.578,Yes,Medium
8182-BJDSI,0.5717,Yes,Medium
2528-HFYZX,0.5827,Yes,Medium
2482-CZGBB,0.5526,Yes,Medium
0866-QLSIR,0.0428,No,Low
7181-BQYBV,0.7961,Yes,High
6204-IEUXJ,0.6097,Yes,Medium
4529-CKBCL,0.7346,Yes,Medium
2506-CLAKW,0.6705,Yes,Medium
1583-IHQZE,0.6492,Yes,Medium
0151-ONTOV,0.7548,Yes,High
4140-MUHUG,0.734,Yes,Medium
0320-JDNQG,0.5418,Yes,Medium
7180-PISOG,0.8444,Yes,High
3571-RFHAR,0.3704,No,Low
9578-VRMNM,0.3542,No,Low
1587-FKLZB,0.3554,No,Low
6140-QNRQQ,0.7439,Yes,Medium
4307-KTUMW,0.3652,No,Low
5440-FLBQG,0.2715,No,Low
7470-MCQTK,0.3452,No,Low
7488-MXJIV,0.7919,Yes,High
2027-FECZV,0.703,Yes,Medium
2672-DZUOY,0.6985,Yes,Medium
3870-MQAMG,0.4008,No,Medium
4800-CZMPC,0.3072,No,Low
7377-DMMRI,0.624,Yes,Medium
8949-JTMAY,0.5176,Yes,Medium
2774-LVQUS,0.6385,Yes,Medium
3211-ILJTT,0.4667,No,Medium
4612-THJBS,0.3453,No,Low
4094-NSEDU,0.6279,Yes,Medium
5103-MHMHY,0.4667,No,Medium
1846-XWOQN,0.7663,Yes,High
0235-KGSLC,0.7413,Yes,Medium
2884-GBPFB,0.4943,No,Medium
3757-NJYBX,0.4844,No,Medium
5136-KCKGI,0.3884,No,Low
3722-WPXTK,0.8257,Yes,High
2929-ERCFZ,0.7629,Yes,High
7548-SEPYI,0.7729,Yes,High
8835-VSDSE,0.6392,Yes,Medium
1623-NLDOT,0.2272,No,Low
9898-KZQDZ,0.5116,Yes,Medium
5236-PERKL,0.1808,No,Low
7854-FOKSF,0.7004,Yes,Medium
2519-FAKOD,0.5055,Yes,Medium
8263-JQAIK,0.6787,Yes,Medium
7089-IVVAZ,0.742,Yes,Medium
2205-YMZZJ,0.7746,Yes,High
1254-IZEYF,0.5784,Yes,Medium
9492-TOKRI,0.4943,No,Medium
9221-OTIVJ,0.6887,Yes,Medium
3325-FUYCG,0.3683,No,Low
5908-QMGOE,0.5004,Yes,Medium
8481-YYXWG,0.6612,Yes,Medium
2609-IAICY,0.8483,Yes,High
1740-CSDJP,0.6557,Yes,Medium
2636-OHFMN,0.6413,Yes,Medium
1323-OOEPC,0.4037,No,Medium
0397-GZBBC,0.4429,No,Medium
7641-EUYET,0.4596,No,Medium
9921-ZVRHG,0.6449,Yes,Medium
4701-MLJPN,0.1155,No,Low
9206-GVPEQ,0.4446,No,Medium
1596-BBVTG,0.3706,No,Low
8433-WXGNA,0.5477,Yes,Medium
3707-GNWHM,0.7889,Yes,High
8922-LIEGH,0.6024,Yes,Medium
8245-UMPYT,0.6804,Yes,Medium
5186-SAMNZ,0.7719,Yes,High
5373-SFODM,0.4093,No,Medium
5766-ZJYBB,0.3143,No,Low
8931-GJJIQ,0.7348,Yes,Medium
4277-PVRAN,0.6474,Yes,Medium
0022-TCJCI,0.1973,No,Low
0203-HHYIJ,0.1333,No,Low
0952-KMEEH,0.6022,Yes,Medium
8178-EYZUO,0.3726,No,Low
5130-IEKQT,0.5726,Yes,Medium
3230-WYKIR,0.2719,No,Low
0407-BDJKB,0.431,No,Medium
9600-UDOPK,0.5231,Yes,Medium
4074-SJFFA,0.6112,Yes,Medium
3269-ATYWD,0.5176,Yes,Medium
4910-GMJOT,0.8965,Yes,High
0354-WYROK,0.5179,Yes,Medium
7576-OYWBN,0.7581,Yes,High
5539-TMZLF,0.857,Yes,High
4323-SADQS,0.2276,No,Low
4446-BZKHU,0.46,No,Medium
5202-IVJNU,0.2346,No,Low
5976-JCJRH,0.5931,Yes,Medium
0137-OCGAB,0.824,Yes,High
3351-NQLDI,0.2335,No,Low
7593-JNWRU,0.3363,No,Low
4588-YBNIB,0.4502,No,Medium
3336-JORSO,0.445,No,Medium
5028-GZLDO,0.5813,Yes,Medium
6861-XWTWQ,0.8521,Yes,High
6877-TJMBR,0.7518,Yes,High
6769-DCQLI,0.3272,No,Low
2433-KMEAS,0.417,No,Medium
2195-ZRVAX,0.4635,No,Medium
3550-SAHFP,0.54,Yes,Medium
2011-TRQYE,0.3049,No,Low
4873-ILOLJ,0.5603,Yes,Medium
2725-KXXWT,0.8465,Yes,High
9565-DJPIB,0.677,Yes,Medium
8348-HFYIV,0.7776,Yes,High
6849-WLEYG,0.3237,No,Low
4659-NZRUF,0.5992,Yes,Medium
8429-XIBUM,0.576,Yes,Medium
2608-BHKFN,0.5806,Yes,Medium
7341-LXCAF,0.739,Yes,Medium
9462-MJUAW,0.4554,No,Medium
8128-YVJRG,0.5678,Yes,Medium
4283-FUTGF,0.5834,Yes,Medium
1569-TTNYJ,0.7559,Yes,High
2397-BRLOM,0.6446,Yes,Medium
4749-VFKVB,0.5668,Yes,Medium
7598-UAASY,0.668,Yes,Medium
7938-OUHIO,0.6795,Yes,Medium
8510-AWCXC,0.7435,Yes,Medium
0431-APWVY,0.2916,No,Low
3426-NIYYL,0.4068,No,Medium
8225-BTJAU,0.6594,Yes,Medium
3387-VATUS,0.8314,Yes,High
1143-NMNQJ,0.8241,Yes,High
0415-MOSGF,0.506,Yes,Medium
1724-BQUHA,0.7494,Yes,Medium
4826-XTSOH,0.8849,Yes,High
2495-INZWQ,0.6584,Yes,Medium
4139-SUGLD,0.2132,No,Low
6857-VWJDT,0.8256,Yes,High
5624-BQSSA,0.4205,No,Medium
2408-WITXK,0.5753,Yes,Medium
5577-OTWWW,0.2766,No,Low
6100-QQHEB,0.6619,Yes,Medium
2634-HCZGT,0.2297,No,Low
7503-QQRVF,0.469,No,Medium
2691-NZETQ,0.7369,Yes,Medium
4404-HIBDJ,0.1997,No,Low
7295-JOMMD,0.7548,Yes,High
5013-SBUIH,0.2663,No,Low
0709-TVGUR,0.676,Yes,Medium
6023-YEBUP,0.8361,Yes,High
7209-JCUDS,0.7361,Yes,Medium
3001-CBHLQ,0.5696,Yes,Medium
6158-DWPZT,0.3371,No,Low
3763-GCZHZ,0.3669,No,Low
0772-GYEQQ,0.6971,Yes,Medium
4831-EOBFE,0.4797,No,Medium
4102-OQUPX,0.8527,Yes,High
9170-GYZJC,0.1525,No,Low
3999-QGRJH,0.5626,Yes,Medium
2454-RPBRZ,0.7993,Yes,High
2002-MZHWP,0.3786,No,Low
2265-CYWIV,0.8163,Yes,High
2004-OCQXK,0.8716,Yes,High
5027-QPKTE,0.5874,Yes,Medium
2672-HUYVI,0.771,Yes,High
7508-MYBOG,0.7097,Yes,Medium
0148-DCDOS,0.5389,Yes,Medium
9992-RRAMN,0.5911,Yes,Medium
0310-MVLET,0.4297,No,Medium
4550-VBOFE,0.4628,No,Medium
5696-QURRL,0.5404,Yes,Medium
7409-KIUTL,0.7562,Yes,High
1732-VHUBQ,0.3352,No,Low
0495-RVCBF,0.8749,Yes,High
7854-EDSSA,0.3073,No,Low
8869-TORSS,0.0437,No,Low
0679-IDSTG,0.8503,Yes,High
2115-BFTIW,0.3515,No,Low
0611-DFXKO,0.5115,Yes,Medium
7780-OTDSO,0.6852,Yes,Medium
9747-DDZOS,0.6646,Yes,Medium
0564-JJHGS,0.8175,Yes,High
3348-CFRNX,0.4862,No,Medium
1428-GTBJJ,0.5959,Yes,Medium
8802-UNOJF,0.6114,Yes,Medium
6313-GIDIT,0.371,No,Low
2845-AFFTX,0.63,Yes,Medium
2249-YPRNG,0.57,Yes,Medium
7410-YTJIK,0.6221,Yes,Medium
4626-GYCZP,0.8145,Yes,High
5590-BYNII,0.664,Yes,Medium
3237-AJGEH,0.3303,No,Low
1591-NFNLQ,0.3026,No,Low
2815-CPTUL,0.6205,Yes,Medium
0596-BQCEQ,0.4186,No,Medium
1481-ZUWZA,0.3888,No,Low
2309-OSFEU,0.3208,No,Low
1891-FZYSA,0.4092,No,Medium
7613-LLQFO,0.7085,Yes,Medium
2640-PMGFL,0.5556,Yes,Medium
3801-HMYNL,0.808,Yes,High
9685-WKZGT,0.6391,Yes,Medium
6022-UGGSO,0.4887,No,Medium
4484-CGXFK,0.5609,Yes,Medium
6214-EDAKZ,0.2991,No,Low
6127-ISGTU,0.6816,Yes,Medium
8740-XLHDR,0.3809,No,Low
1208-DNHLN,0.2555,No,Low
1761-AEZZR,0.8563,Yes,High
3923-CSIHK,0.4444,No,Medium
7120-RFMVS,0.8176,Yes,High
7317-GGVPB,0.2249,No,Low
1322-AGOQM,0.2721,No,Low
3677-IYRBF,0.7283,Yes,Medium
5692-FPTAH,0.5274,Yes,Medium
1550-LOAHA,0.3513,No,Low
0268-QKIWO,0.2046,No,Low
0876-WDUUZ,0.6553,Yes,Medium
0617-FHSGK,0.3283,No,Low
2858-MOFSQ,0.2524,No,Low
8118-LSUEL,0.6288,Yes,Medium
7005-CCBKV,0.7008,Yes,Medium
4250-FDVOU,0.294,No,Low
5277-ZLOOR,0.8217,Yes,High
2141-RRYGO,0.423,No,Medium
6376-GAHQE,0.6321,Yes,Medium
5052-PNLOS,0.7573,Yes,High
6979-ZNSFF,0.7524,Yes,High
2386-LAHRK,0.5983,Yes,Medium
6032-IGALN,0.545,Yes,Medium
4248-HCETZ,0.4004,No,Medium
0516-WJVXC,0.3782,No,Low
9174-FKWZE,0.4297,No,Medium
8809-RIHDD,0.3002,No,Low
4822-NGOCH,0.6757,Yes,Medium
5307-DZCVC,0.4606,No,Medium
8679-JOEVF,0.3555,No,Low
1432-FPAXX,0.3515,No,Low
4803-AXVYP,0.5615,Yes,Medium
3884-HCSWG,0.5123,Yes,Medium
5077-DXTCG,0.627,Yes,Medium
1142-WACZW,0.4955,No,Medium
5649-ANRML,0.6769,Yes,Medium
4892-VLANZ,0.3567,No,Low
2919-HBCJO,0.6207,Yes,Medium
4236-XPXAV,0.7689,Yes,High
3030-YZADT,0.2641,No,Low
7410-KTVFV,0.2068,No,Low
8393-DLHGA,0.5595,Yes,Medium
7395-IGJOS,0.4683,No,Medium
2834-SPCJV,0.4366,No,Medium
7890-VYYWG,0.6535,Yes,Medium
9907-SWKKF,0.573,Yes,Medium
0587-DMGBH,0.4228,No,Medium
6397-JNZZG,0.35,No,Low
3523-QRQLL,0.2035,No,Low
0895-DQHEW,0.5141,Yes,Medium
8149-RSOUN,0.8977,Yes,High
7250-EQKIY,0.4665,No,Medium
4013-UBXWQ,0.5309,Yes,Medium
5519-NPHVG,0.7702,Yes,High
8849-GYOKR,0.2451,No,Low
3148-BLQJT,0.4263,No,Medium
0461-CVKMU,0.4279,No,Medium
8806-EAGWC,0.4624,No,Medium
7779-LGOVN,0.7919,Yes,High
9710-ZUSHQ,0.3571,No,Low
4183-WCSEP,0.4605,No,Medium
5498-TXHLF,0.4926,No,Medium
9722-UJOJR,0.4898,No,Medium
3902-FOIGH,0.8136,Yes,High
6772-KSATR,0.7142,Yes,Medium
7112-OPOTK,0.4264,No,Medium
4210-QFJMF,0.7109,Yes,Medium
3318-OSATS,0.6068,Yes,Medium
5828-AVIPD,0.5112,Yes,Medium
1086-LXKFY,0.8227,Yes,High
2636-ALXXZ,0.8603,Yes,High
7774-OJSXI,0.4517,No,Medium
7786-WBJYI,0.6562,Yes,Medium
9885-CSMWE,0.8367,Yes,High
5016-ETTFF,0.3664,No,Low
3866-MDTUB,0.5616,Yes,Medium
8058-JMEQO,0.7671,Yes,High
0697-ZMSWS,0.7881,Yes,High
7657-DYEPJ,0.2387,No,Low
8276-MQBYC,0.5565,Yes,Medium
7593-XFKDI,0.5584,Yes,Medium
0337-CNPZE,0.5364,Yes,Medium
1513-XNPPH,0.5963,Yes,Medium
6015-VVHHE,0.752,Yes,High
6347-DCUIK,0.5959,Yes,Medium
0897-FEGMU,0.8425,Yes,High
7663-RGWBC,0.4855,No,Medium
1120-BMWUB,0.2641,No,Low
9124-LHCJQ,0.8664,Yes,High
2235-ZGKPT,0.4044,No,Medium
3891-PUQOD,0.46,No,Medium
0689-NKYLF,0.648,Yes,Medium
3658-KIBGF,0.534,Yes,Medium
5519-YLDGW,0.6923,Yes,Medium
4946-EDSEW,0.0589,No,Low
2516-VQRRV,0.7519,Yes,High
7580-UGXNC,0.5156,Yes,Medium
5178-LMXOP,0.9045,Yes,High
8185-UPYBR,0.7324,Yes,Medium
4585-HETAI,0.6415,Yes,Medium
7526-BEZQB,0.7887,Yes,High
4951-UKAAQ,0.7868,Yes,High
2108-YKQTY,0.3793,No,Low
4918-QLLIW,0.4799,No,Medium
7056-IMHCC,0.5359,Yes,Medium
1625-JAIIY,0.3485,No,Low
2947-DOMLJ,0.3892,No,Low
4112-LUEIZ,0.7226,Yes,Medium
4510-HIMLV,0.8687,Yes,High
8749-JMNKX,0.3109,No,Low
2430-USGXP,0.6654,Yes,Medium
5955-ERIHD,0.6102,Yes,Medium
0917-EZOLA,0.2495,No,Low
5949-EBSQK,0.2089,No,Low
7274-RTAPZ,0.8541,Yes,High
0311-UNPFF,0.4625,No,Medium
3834-XUIFC,0.7438,Yes,Medium
8414-MYSHR,0.759,Yes,High
7599-FKVXZ,0.4952,No,Medium
8229-TNIQA,0.4419,No,Medium
6221-AVQYL,0.7129,Yes,Medium
7743-EXURX,0.3497,No,Low
5569-KGJHX,0.7436,Yes,Medium
4988-IQIGL,0.8469,Yes,High
7730-IUTDZ,0.4499,No,Medium
0426-TIRNE,0.4262,No,Medium
7587-RZNME,0.5513,Yes,Medium
0748-RDGGM,0.2917,No,Low
4706-AXVKM,0.6122,Yes,Medium
5889-JTMUL,0.4378,No,Medium
9026-RNUJS,0.5515,Yes,Medium
3746-EUBYR,0.8281,Yes,High
2332-EFBJY,0.1492,No,Low
9474-PHLYD,0.3385,No,Low
2165-VOEGB,0.3143,No,Low
2219-MVUSO,0.2988,No,Low
8914-RBTSB,0.4364,No,Medium
0963-ZBDRN,0.4569,No,Medium
7594-RQHXR,0.8768,Yes,High
6331-EWIEB,0.6123,Yes,Medium
5998-VVEJY,0.5643,Yes,Medium
1624-NALOJ,0.8022,Yes,High
4317-VTEOA,0.5818,Yes,Medium
1670-SVOWZ,0.5605,Yes,Medium
7541-YLXCL,0.2279,No,Low
0260-ZDLGK,0.3925,No,Low
8722-NGNBH,0.3054,No,Low
6210-KBBPI,0.774,Yes,High
0133-BMFZO,0.541,Yes,Medium
6128-CZOMY,0.6314,Yes,Medium
9540-JYROE,0.5274,Yes,Medium
2260-USTRB,0.6609,Yes,Medium
3656-TKRVZ,0.4408,No,Medium
8623-TMRBY,0.514,Yes,Medium
1501-SGHBW,0.5636,Yes,Medium
3208-YPIOE,0.4845,No,Medium
2612-RANWT,0.8009,Yes,High
6900-PXRMS,0.6257,Yes,Medium
3346-BRMIS,0.5372,Yes,Medium
2933-FILNV,0.4767,No,Medium
9986-BONCE,0.1459,No,Low
2722-JMONI,0.6054,Yes,Medium
4083-EUGRJ,0.1212,No,Low
7579-OOPEC,0.4648,No,Medium
1771-OADNZ,0.569,Yes,Medium
0612-RTZZA,0.6779,Yes,Medium
6410-LEFEN,0.4244,No,Medium
3194-ORPIK,0.3839,No,Low
8816-VXNZD,0.8192,Yes,High
9378-FXTIZ,0.115,No,Low
1723-HKXJQ,0.6,Yes,Medium
7825-GKXMW,0.5841,Yes,Medium
1240-KNSEZ,0.5001,Yes,Medium
0836-SEYLU,0.3351,No,Low
4433-JCGCG,0.5698,Yes,Medium
3716-BDVDB,0.8696,Yes,High
5899-MQZZL,0.5686,Yes,Medium
6849-OYAMU,0.3573,No,Low
9488-HGMJH,0.7562,Yes,High
6038-GCYEC,0.3377,No,Low
1150-WFARN,0.2089,No,Low
3144-AUDBS,0.4912,No,Medium
5616-PRTNT,0.1948,No,Low
4818-QIUFN,0.4921,No,Medium
6961-VCPMC,0.4741,No,Medium
6688-UZPWD,0.8094,Yes,High
2839-RFSQE,0.1134,No,Low
0968-GSIKN,0.7381,Yes,Medium
1965-DDBWU,0.4536,No,Medium
9057-SIHCH,0.8307,Yes,High
6771-XWBDM,0.4145,No,Medium
8601-QACRS,0.4009,No,Medium
2391-SOORI,0.4066,No,Medium
2645-QTLMB,0.746,Yes,Medium
4806-HIPDW,0.8559,Yes,High
4424-TKOPW,0.8605,Yes,High
8443-ZRDBZ,0.7063,Yes,Medium
9136-ALYBR,0.5473,Yes,Medium
7479-NITWS,0.7297,Yes,Medium
2959-MJHIC,0.7238,Yes,Medium
4201-JMNGR,0.5948,Yes,Medium
5960-WPXQM,0.8549,Yes,High
0684-AOSIH,0.7906,Yes,High
8260-NGFNY,0.4764,No,Medium
1866-RZZQS,0.6165,Yes,Medium
8631-NBHFZ,0.1545,No,Low
4958-XCBDQ,0.5969,Yes,Medium
8337-UPOAQ,0.7604,Yes,High
1725-IQNIY,0.246,No,Low
6598-RFFVI,0.0975,No,Low
6712-OAWRH,0.5385,Yes,Medium
8614-VGMMV,0.41,No,Medium
2930-UOTMB,0.0543,No,Low
5914-DVBWJ,0.6137,Yes,Medium
2533-QVMSK,0.1252,No,Low
8644-XLFBW,0.7789,Yes,High
8625-AZYZY,0.6417,Yes,Medium
9306-CPCBC,0.7285,Yes,Medium
1833-VGRUM,0.8138,Yes,High
8374-XGEJJ,0.6145,Yes,Medium
2656-TABEH,0.8468,Yes,High
6946-LMSQS,0.3511,No,Low
2325-ZUSFD,0.0997,No,Low
3932-CMDTD,0.5915,Yes,Medium
4039-HEUNW,0.5852,Yes,Medium
0812-WUPTB,0.7606,Yes,High
3594-UVONA,0.1588,No,Low
0004-TLHLJ,0.6067,Yes,Medium
5089-IFSDP,0.2574,No,Low
4817-VYYWS,0.5784,Yes,Medium
1396-QWFBJ,0.4594,No,Medium
5299-SJCZT,0.8095,Yes,High
2403-BCASL,0.4566,No,Medium
2898-LSJGD,0.3296,No,Low
7359-PTSXY,0.6179,Yes,Medium
4503-BDXBD,0.4774,No,Medium
6086-ESGRL,0.7536,Yes,High
3886-CERTZ,0.3812,No,Low
5759-RCVCB,0.4237,No,Medium
6372-RFVNS,0.836,Yes,High
8938-UMKPI,0.4467,No,Medium
0991-BRRFB,0.3862,No,Low
3871-IKPYH,0.8191,Yes,High
6319-IEJWJ,0.5634,Yes,Medium
9025-AOMKI,0.8546,Yes,High
5275-SQEIZ,0.8036,Yes,High
7716-YTYHG,0.3296,No,Low
4390-KYULV,0.2046,No,Low
1304-NECVQ,0.7796,Yes,High
8945-GRKHX,0.8591,Yes,High
6959-UWKHF,0.6141,Yes,Medium
3815-SLMEF,0.339,No,Low
5154-VEKBL,0.3273,No,Low
5655-JSMZM,0.6091,Yes,Medium
4505-EXZHB,0.5672,Yes,Medium
4587-VVTOX,0.7873,Yes,High
4652-NNHNY,0.5229,Yes,Medium
8972-HJWNV,0.8098,Yes,High
8515-OCTJS,0.1616,No,Low
2860-RANUS,0.4621,No,Medium
5261-QSHQM,0.6066,Yes,Medium
8868-WOZGU,0.5972,Yes,Medium
1334-FJSVR,0.6727,Yes,Medium
7625-XCQRH,0.6083,Yes,Medium
1731-TVIUK,0.7033,Yes,Medium
0406-BPDVR,0.3574,No,Low
0618-XWMSS,0.342,No,Low
5276-KQWHG,0.6161,Yes,Medium
2565-JSLRY,0.3141,No,Low
6689-KXGBO,0.5256,Yes,Medium
6615-NGGZJ,0.727,Yes,Medium
4255-DDUOU,0.4344,No,Medium
2984-MIIZL,0.6024,Yes,Medium
5590-YRFJT,0.4159,No,Medium
3677-TNKIO,0.4496,No,Medium
9667-EQRXU,0.3875,No,Low
3329-WDIOK,0.6259,Yes,Medium
2873-ZLIWT,0.5049,Yes,Medium
3415-TAILE,0.4155,No,Medium
1915-IOFGU,0.7457,Yes,Medium
3045-XETSH,0.7189,Yes,Medium
7239-HZZCX,0.358,No,Low
7683-CBDKJ,0.2388,No,Low
0946-CLJTI,0.5149,Yes,Medium
0628-CNQRM,0.083,No,Low
7665-TOALD,0.87,Yes,High
0112-QWPNC,0.243,No,Low
0324-BRPCJ,0.4426,No,Medium
2777-PHDEI,0.8359,Yes,High
1196-AMORA,0.618,Yes,Medium
4282-YMKNA,0.6307,Yes,Medium
5356-RHIPP,0.4528,No,Medium
9189-JWSHV,0.6034,Yes,Medium
0746-JTRFU,0.7037,Yes,Medium
0576-WNXXC,0.5566,Yes,Medium
4628-CTTLA,0.3704,No,Low
2876-VBBBL,0.4265,No,Medium
6834-NXDCA,0.4639,No,Medium
5597-GLBUC,0.842,Yes,High
2748-MYRVK,0.2098,No,Low
4822-YCXMX,0.5804,Yes,Medium
9821-POOTN,0.5189,Yes,Medium
6559-ILWKJ,0.2975,No,Low
4229-CZMLL,0.7011,Yes,Medium
3663-MITLP,0.6281,Yes,Medium
9025-ZRPVR,0.0824,No,Low
3285-UCQVC,0.2801,No,Low
5482-PLVPE,0.6562,Yes,Medium
4902-OHLSK,0.5297,Yes,Medium
0495-ZBNGW,0.752,Yes,High
2357-COQEK,0.5877,Yes,Medium
3737-GCSPV,0.6555,Yes,Medium
4088-YLDSU,0.4342,No,Medium
2034-CGRHZ,0.5212,Yes,Medium
5797-APWZC,0.8618,Yes,High
3683-QKIUE,0.3865,No,Low
4228-ZGYUW,0.7901,Yes,High
3519-ZKXGG,0.7538,Yes,High
6416-TVAIH,0.8498,Yes,High
5108-ADXWO,0.5198,Yes,Medium
3066-RRJIO,0.8284,Yes,High
6715-OFDBP,0.5015,Yes,Medium
1567-DSCIC,0.7491,Yes,Medium
2150-UWTFY,0.1807,No,Low
2683-BPJSO,0.4922,No,Medium
2157-MXBJS,0.3979,No,Low
9360-AHGNL,0.3618,No,Low
1087-UDSIH,0.1396,No,Low
5485-WUYWF,0.5093,Yes,Medium
2632-UCGVD,0.3925,No,Low
5445-PZWGX,0.1207,No,Low
9170-CCKOU,0.4035,No,Medium
1043-YCUTE,0.1185,No,Low
3814-MLAXC,0.3683,No,Low
1226-UDFZR,0.5047,Yes,Medium
6425-YQLLO,0.2793,No,Low
5442-UTCVD,0.6708,Yes,Medium
7734-DBOAI,0.5313,Yes,Medium
2091-RFFBA,0.4903,No,Medium
2114-MGINA,0.6888,Yes,Medium
4489-SNOJF,0.0705,No,Low
6899-PPEEA,0.6068,Yes,Medium
2187-LZGPL,0.3448,No,Low
4597-NUCQV,0.657,Yes,Medium
9019-QVLZD,0.8418,Yes,High
3707-LRWZD,0.4186,No,Medium
1455-ESIQH,0.8228,Yes,High
2979-SXESE,0.6215,Yes,Medium
4013-TLDHQ,0.5339,Yes,Medium
3754-DXMRT,0.6284,Yes,Medium
7130-VTEWQ,0.6841,Yes,Medium
6121-VZNQB,0.4092,No,Medium
7903-CMPEY,0.7578,Yes,High
6996-KNSML,0.7922,Yes,High
1704-NRWYE,0.6764,Yes,Medium
2592-SEIFQ,0.6059,Yes,Medium
7481-ATQQS,0.3738,No,Low
8642-GVWRF,0.6465,Yes,Medium
3400-ESFUW,0.0128,No,Low
2057-ZBLPD,0.5705,Yes,Medium
5502-RLUYV,0.4591,No,Medium
0023-HGHWL,0.7622,Yes,High
9039-RBEEE,0.0876,No,Low
8417-FMLZI,0.67,Yes,Medium
1792-UXAFY,0.5833,Yes,Medium
0515-YPMCW,0.7014,Yes,Medium
0378-XSZPU,0.1141,No,Low
4729-XKASR,0.5609,Yes,Medium
5449-FIBXJ,0.5697,Yes,Medium
9837-BMCLM,0.7012,Yes,Medium
0137-UDEUO,0.1405,No,Low
6161-UUUTA,0.7139,Yes,Medium
6543-XRMYR,0.5924,Yes,Medium
4925-LMHOK,0.3373,No,Low
1455-UGQVH,0.8503,Yes,High
8280-MQRQN,0.6097,Yes,Medium
2037-SGXHH,0.4931,No,Medium
3178-FESZO,0.8449,Yes,High
6087-MVHJH,0.6354,Yes,Medium
4603-JANFB,0.8712,Yes,High
3018-TFTSU,0.3786,No,Low
4806-KEXQR,0.6914,Yes,Medium
7083-YNSKY,0.2172,No,Low
2479-BRAMR,0.3306,No,Low
7434-SHXLS,0.4262,No,Medium
7908-QCBCA,0.8352,Yes,High
6711-FLDFB,0.6891,Yes,Medium
3714-JTVOV,0.3973,No,Low
4702-IOQDC,0.7823,Yes,High
6178-KFNHS,0.5296,Yes,Medium
1264-BYWMS,0.5692,Yes,Medium
9658-WYUFB,0.661,Yes,Medium
2013-SGDXK,0.792,Yes,High
8580-QVLOC,0.0181,No,Low
2012-NWRPA,0.8521,Yes,High
8808-ELEHO,0.7264,Yes,Medium
3506-LCJDC,0.3347,No,Low
3934-HXCFZ,0.6366,Yes,Medium
7666-WKRON,0.2279,No,Low
4910-AQFFX,0.6927,Yes,Medium
2154-KVJFF,0.6363,Yes,Medium
9647-ERGBE,0.6035,Yes,Medium
3428-XZMAZ,0.8697,Yes,High
0378-TOVMS,0.6521,Yes,Medium
4355-HBJHH,0.2343,No,Low
9058-CBREO,0.6151,Yes,Medium
0318-QUUOB,0.8281,Yes,High
5520-FVEWJ,0.6741,Yes,Medium
5572-ZDXHY,0.44,No,Medium
3750-CKVKH,0.5861,Yes,Medium
8063-GBATB,0.5677,Yes,Medium
4547-KQRTM,0.6773,Yes,Medium
4877-EVATK,0.3885,No,Low
7639-SUPCW,0.3191,No,Low
1069-XAIEM,0.8989,Yes,High
4658-HCOHW,0.4875,No,Medium
3440-JPSCL,0.7484,Yes,Medium
2889-FPWRM,0.286,No,Low
6987-XQSJT,0.4665,No,Medium
4290-BSXUX,0.7551,Yes,High
0325-XBFAC,0.7307,Yes,Medium
2462-XIIJB,0.7829,Yes,High
4760-XOHVN,0.3623,No,Low
7817-BOQPW,0.7423,Yes,Medium
1853-UDXBW,0.8766,Yes,High
5458-CQJTA,0.104,No,Low
5219-YIPTK,0.5576,Yes,Medium
3540-RZJYU,0.4919,No,Medium
2091-MJTFX,0.0618,No,Low
0883-EIBTI,0.2369,No,Low
0722-TROQR,0.7336,Yes,Medium
7571-YXDAD,0.6865,Yes,Medium
3393-FMZPV,0.6358,Yes,Medium
6402-ZFPPI,0.5581,Yes,Medium
7486-KSRVI,0.4645,No,Medium
8443-WVPSS,0.693,Yes,Medium
3006-XIMLN,0.8573,Yes,High
9965-YOKZB,0.7669,Yes,High
0504-HHAPI,0.3973,No,Low
6305-YLBMM,0.3011,No,Low
3647-GMGDH,0.4812,No,Medium
3791-LGQCY,0.4384,No,Medium
8166-ZZTFS,0.1782,No,Low
2956-GGUCQ,0.5131,Yes,Medium
6595-COKXZ,0.5128,Yes,Medium
0362-ZBZWJ,0.5395,Yes,Medium
4211-MMAZN,0.2923,No,Low
4274-OWWYO,0.784,Yes,High
1541-ETJZO,0.3693,No,Low
4106-HADHQ,0.2305,No,Low
2369-UAPKZ,0.6694,Yes,Medium
2778-OCLGR,0.3081,No,Low
0637-KVDLV,0.7561,Yes,High
6633-MPWBS,0.5109,Yes,Medium
8785-EPNCG,0.1983,No,Low
5729-KLZAR,0.7101,Yes,Medium
1582-RAFML,0.4219,No,Medium
8740-CRYFY,0.8549,Yes,High
2962-XPMCQ,0.6139,Yes,Medium
1678-FYZOW,0.7289,Yes,Medium
8627-EHGIP,0.3343,No,Low
5480-TBGPH,0.4944,No,Medium
8854-CCVSQ,0.6025,Yes,Medium
0511-JTEOY,0.7398,Yes,Medium
7067-KSAZT,0.3032,No,Low
6532-YLWSI,0.1158,No,Low
9300-AGZNL,0.9052,Yes,High
1112-CUNAO,0.5422,Yes,Medium
5175-AOBHI,0.4745,No,Medium
5174-RNGBH,0.2772,No,Low
7270-BDIOA,0.611,Yes,Medium
9565-JSNFM,0.196,No,Low
0607-DAAHE,0.132,No,Low
9732-KPKBW,0.4231,No,Medium
3389-YGYAI,0.8032,Yes,High
9560-ARGQJ,0.5988,Yes,Medium
5134-IKDAY,0.8714,Yes,High
3070-DVEYC,0.6071,Yes,Medium
5707-ORNDZ,0.4441,No,Medium
8696-JKZNU,0.501,Yes,Medium
5380-AFSSK,0.8128,Yes,High
2055-PDADH,0.6485,Yes,Medium
8714-EUHJO,0.5039,Yes,Medium
3721-CNEYS,0.6487,Yes,Medium
2568-OIADY,0.5719,Yes,Medium
1193-RTSLK,0.3292,No,Low
2302-ANTDP,0.3311,No,Low
5923-GXUOC,0.6849,Yes,Medium
5233-GEEAX,0.6162,Yes,Medium
4432-ADRLB,0.5394,Yes,Medium
8993-PHFWD,0.5477,Yes,Medium
1565-RHDJD,0.6993,Yes,Medium
7137-RYLPP,0.559,Yes,Medium
3765-JXVKY,0.8067,Yes,High
7330-WZLNC,0.7911,Yes,High
3957-LXOLK,0.5656,Yes,Medium
6635-MYYYZ,0.2158,No,Low
5281-BUZGT,0.4315,No,Medium
5378-IKEEG,0.7389,Yes,Medium
2718-GAXQD,0.4419,No,Medium
6413-XKKPU,0.5576,Yes,Medium
1449-XQEMT,0.1692,No,Low
2626-URJFX,0.483,No,Medium
2612-RRIDN,0.7093,Yes,Medium
4735-ASGMA,0.6463,Yes,Medium
3669-LVWZB,0.4725,No,Medium
6892-EZDTG,0.8138,Yes,High
9725-SCPZG,0.8564,Yes,High
5884-GCYMI,0.8201,Yes,High
3217-FZDMN,0.7425,Yes,Medium
7853-GVUDZ,0.3642,No,Low
7480-QNVZJ,0.6028,Yes,Medium
3943-KDREE,0.4161,No,Medium
9239-ZBZZV,0.6197,Yes,Medium
4398-HSCJH,0.3955,No,Low
4430-UZIPO,0.4709,No,Medium
4855-SNKMY,0.5738,Yes,Medium
8008-HAWED,0.5021,Yes,Medium
7124-UGSUR,0.2448,No,Low
1862-SKORY,0.4052,No,Medium
1502-XFCVR,0.3061,No,Low
9692-TUSXH,0.588,Yes,Medium
7912-SYRQT,0.6281,Yes,Medium
4816-JBHOV,0.6375,Yes,Medium
8292-TYSPY,0.2905,No,Low
1867-BDVFH,0.6408,Yes,Medium
2359-QWQUL,0.3584,No,Low
9103-TCIHJ,0.2298,No,Low
4140-WJAWW,0.2069,No,Low
6653-CBBOM,0.7749,Yes,High
3247-ZVOUO,0.7049,Yes,Medium
6101-IMRMM,0.7435,Yes,Medium
1268-ASBGA,0.592,Yes,Medium
8943-URTMR,0.6865,Yes,Medium
4713-LZDRV,0.753,Yes,High
4325-NFSKC,0.5634,Yes,Medium
2955-PSXOE,0.3091,No,Low
7762-URZQH,0.2746,No,Low
6907-NZZIJ,0.5531,Yes,Medium
2911-UREFD,0.3704,No,Low
3744-ZRRDZ,0.5874,Yes,Medium
5673-TIYIB,0.5298,Yes,Medium
1602-IJQQE,0.6347,Yes,Medium
4628-WQCQQ,0.44,No,Medium
1644-IRKSF,0.4305,No,Medium
3705-PSNGL,0.0151,No,Low
6502-HCJTI,0.7007,Yes,Medium
2606-RMDHZ,0.315,No,Low
8258-GSTJK,0.7591,Yes,High
6861-OKBCE,0.1688,No,Low
9940-RHLFB,0.7205,Yes,Medium
2995-UPRYS,0.2769,No,Low
6686-YPGHK,0.3329,No,Low
1383-EZRWL,0.1226,No,Low
4759-TRPLW,0.746,Yes,Medium
8563-IIOXK,0.4338,No,Medium
8020-BWHYL,0.4673,No,Medium
2982-VPSGI,0.7845,Yes,High
8199-ZLLSA,0.2947,No,Low
4625-EWPTF,0.5136,Yes,Medium
5980-NOPLP,0.5887,Yes,Medium
6892-XPFPU,0.6331,Yes,Medium
8010-EZLOU,0.6608,Yes,Medium
9874-QLCLH,0.6876,Yes,Medium
8062-YBDOE,0.8592,Yes,High
6000-APYLU,0.6598,Yes,Medium
0947-IDHRQ,0.6726,Yes,Medium
3672-YITQD,0.5535,Yes,Medium
9048-JVYVF,0.4209,No,Medium
8988-ECPJR,0.3846,No,Low
3776-EKTKM,0.8032,Yes,High
1902-XBTFB,0.5137,Yes,Medium
0643-OKLRP,0.4109,No,Medium
9381-NDKME,0.3284,No,Low
2794-XIMMO,0.2534,No,Low
8382-SHQEH,0.7616,Yes,High
2983-ZANRP,0.6608,Yes,Medium
7845-URHJN,0.2251,No,Low
3034-ZBEQN,0.2601,No,Low
8327-LZKAS,0.4574,No,Medium
1075-BGWOH,0.7025,Yes,Medium
0302-JOIVN,0.6879,Yes,Medium
5366-IJEQJ,0.615,Yes,Medium
1981-INRFU,0.7415,Yes,Medium
4971-PUYQO,0.561,Yes,Medium
8485-GJCDN,0.5893,Yes,Medium
1527-SXDPN,0.1913,No,Low
6029-WTIPC,0.5992,Yes,Medium
8634-CILSZ,0.297,No,Low
6682-QJDGB,0.0583,No,Low
8780-IXSTS,0.7793,Yes,High
9530-EHPOH,0.4009,No,Medium
0345-HKJVM,0.6956,Yes,Medium
3049-SOLAY,0.8308,Yes,High
3317-HRTNN,0.6453,Yes,Medium
3235-ETOOB,0.5517,Yes,Medium
8058-INTPH,0.859,Yes,High
5569-OUICF,0.5184,Yes,Medium
8821-XNHVZ,0.8093,Yes,High
2082-OJVTK,0.5497,Yes,Medium
5940-NFXKV,0.6432,Yes,Medium
8053-WWDRO,0.1663,No,Low
9564-KCLHR,0.4467,No,Medium
2082-CEFLT,0.6329,Yes,Medium
1213-NGCUN,0.3946,No,Low
5688-KZTSN,0.2002,No,Low
2894-QOJRX,0.3193,No,Low
5747-PMBSQ,0.7088,Yes,Medium
3143-JQEGI,0.653,Yes,Medium
6386-SZZKH,0.2773,No,Low
2982-IHMFT,0.8276,Yes,High
3521-SYVOR,0.3124,No,Low
9526-JAWYF,0.4543,No,Medium
5649-VUKMC,0.61,Yes,Medium
5143-EGQFK,0.5112,Yes,Medium
4919-IKATY,0.5577,Yes,Medium
9050-QLROH,0.3977,No,Low
6168-WFVVF,0.6115,Yes,Medium
0877-SDMBN,0.3225,No,Low
8065-YKXKD,0.6469,Yes,Medium
9637-EIHEQ,0.5573,Yes,Medium
9689-PTNPG,0.7183,Yes,Medium
9465-RWMXL,0.5052,Yes,Medium
2362-IBOOY,0.5424,Yes,Medium
0843-WTBXE,0.3205,No,Low
5515-IDEJJ,0.3746,No,Low
7450-NWRTR,0.8009,Yes,High
5376-DEQCP,0.7508,Yes,High
9095-HFAFX,0.6831,Yes,Medium
2379-ENZGV,0.7086,Yes,Medium
6005-OBZPH,0.6098,Yes,Medium
7932-WPTDS,0.7071,Yes,Medium
2722-VOJQL,0.3013,No,Low
5228-EXCET,0.5808,Yes,Medium
7394-FKDNK,0.7238,Yes,Medium
6331-LWDTQ,0.4319,No,Medium
1597-FZREH,0.4953,No,Medium
7000-WCEVQ,0.3261,No,Low
0727-IWKVK,0.6539,Yes,Medium
5959-BELXA,0.5384,Yes,Medium
3512-IZIKN,0.1105,No,Low
6141-OOXUQ,0.3556,No,Low
7503-ZGUZJ,0.8231,Yes,High
2506-TNFCO,0.8587,Yes,High
8718-PTMEZ,0.4158,No,Medium
2207-OBZNX,0.2754,No,Low
6142-VSJQO,0.5144,Yes,Medium
6437-UKHMV,0.7113,Yes,Medium
1114-CENIM,0.175,No,Low
6060-DRTNL,0.6999,Yes,Medium
8473-VUVJN,0.8179,Yes,High
6289-CPNLD,0.2481,No,Low
5536-SLHPM,0.4615,No,Medium
0196-VULGZ,0.8184,Yes,High
8837-VVWLQ,0.549,Yes,Medium
2696-NARTR,0.5646,Yes,Medium
7614-QVWQL,0.3122,No,Low
1976-CFOCS,0.6375,Yes,Medium
4631-OACRM,0.5837,Yes,Medium
3755-JBMNH,0.5194,Yes,Medium
6345-ULYRW,0.2932,No,Low
1809-DMJHQ,0.3005,No,Low
6923-EFPNL,0.4672,No,Medium
9574-RKJIF,0.4965,No,Medium
2619-WFQWU,0.7937,Yes,High
0778-NELLA,0.3192,No,Low
4614-NUVZD,0.8716,Yes,High
3803-KMQFW,0.4412,No,Medium
6804-GDMOI,0.3118,No,Low
9572-MTILT,0.2671,No,Low
9611-CTWIH,0.7514,Yes,High
0329-GTIAJ,0.7014,Yes,Medium
6629-CZTTH,0.5776,Yes,Medium
5364-EVNIB,0.5862,Yes,Medium
5087-SUURX,0.5016,Yes,Medium
0013-EXCHZ,0.7214,Yes,Medium
5550-VFRLC,0.856,Yes,High
4929-BSTRX,0.5935,Yes,Medium
2225-ZRGSG,0.1179,No,Low
5271-YNWVR,0.0517,No,Low
2657-ALMWY,0.4963,No,Medium
6330-JKLPC,0.6324,Yes,Medium
4667-OHGKG,0.3854,No,Low
1660-HSOOQ,0.6186,Yes,Medium
7253-UVNDW,0.1409,No,Low
7228-OMTPN,0.7247,Yes,Medium
6284-AHOOQ,0.3742,No,Low
2344-JMOGN,0.6959,Yes,Medium
3799-ISUZQ,0.5225,Yes,Medium
1794-HBQTJ,0.5101,Yes,Medium
2460-FPSYH,0.3679,No,Low
4818-DRBQT,0.3964,No,Low
1320-HTRDR,0.7295,Yes,Medium
1493-AMTIE,0.283,No,Low
6424-ELEYH,0.7444,Yes,Medium
4391-RESHN,0.5563,Yes,Medium
6821-BUXUX,0.6931,Yes,Medium
5028-HTLJB,0.4008,No,Medium
9801-GDWGV,0.5265,Yes,Medium
2320-JRSDE,0.4146,No,Medium
0601-WZHJF,0.5146,Yes,Medium
5143-WMWOG,0.384,No,Low
5393-RXQSZ,0.847,Yes,High
0231-LXVAP,0.724,Yes,Medium
9444-JTXHZ,0.7994,Yes,High
5510-BOIUJ,0.2902,No,Low
4471-KXAUH,0.504,Yes,Medium
7638-QVMVY,0.7148,Yes,Medium
3244-DCJWY,0.7562,Yes,High
0875-CABNR,0.6016,Yes,Medium
7812-FZHPE,0.1387,No,Low
4797-AXPXK,0.3873,No,Low
5229-PRWKT,0.7523,Yes,High
6982-UQZLY,0.4754,No,Medium
5057-LCOUI,0.3279,No,Low
0193-ESZXP,0.3358,No,Low
4369-HTUIF,0.5924,Yes,Medium
0156-FVPTA,0.3316,No,Low
1984-FCOWB,0.4021,No,Medium
0654-HMSHN,0.6029,Yes,Medium
5287-QWLKY,0.3184,No,Low
5196-SGOAK,0.8182,Yes,High
1891-UAWWU,0.5823,Yes,Medium
6108-OQZDQ,0.8484,Yes,High
0363-QJVFX,0.2896,No,Low
9840-DVNDC,0.6543,Yes,Medium
3096-JRDSO,0.4972,No,Medium
8042-JVNFH,0.7436,Yes,Medium
3374-LXDEV,0.5519,Yes,Medium
5049-GLYVG,0.3655,No,Low
5883-GTGVD,0.6597,Yes,Medium
4817-QRJSX,0.6633,Yes,Medium
2398-YPMUR,0.561,Yes,Medium
9985-MWVIX,0.7937,Yes,High
1265-XTECC,0.2678,No,Low
2237-ZFSMY,0.3634,No,Low
4871-JTKJF,0.8581,Yes,High
1415-YFWLT,0.83,Yes,High
6711-VTNRE,0.3731,No,Low
3500-RMZLT,0.6063,Yes,Medium
4548-SDBKE,0.785,Yes,High
8066-POXGX,0.5089,Yes,Medium
4143-OOBWZ,0.7817,Yes,High
7854-EKTJL,0.1955,No,Low
9102-IAYHT,0.6355,Yes,Medium
3422-LYEPQ,0.783,Yes,High
2642-DTVCO,0.7755,Yes,High
4361-JEIVL,0.5361,Yes,Medium
1363-TXLSL,0.7969,Yes,High
9507-EXLTT,0.8009,Yes,High
9846-GKXAS,0.7246,Yes,Medium
6017-PPLPX,0.543,Yes,Medium
7136-RVDTZ,0.3489,No,Low
4581-SSPWD,0.7248,Yes,Medium
6927-WTFIV,0.3702,No,Low
3398-ZOUAA,0.5476,Yes,Medium
0378-NHQXU,0.6102,Yes,Medium
4512-ZUIYL,0.5708,Yes,Medium
7969-AULMZ,0.6646,Yes,Medium
0568-ONFPC,0.1751,No,Low
0733-VUNUW,0.1421,No,Low
4550-EVXNY,0.8678,Yes,High
2968-SSGAA,0.8455,Yes,High
4844-JJWUY,0.8513,Yes,High
6777-TGHTM,0.2873,No,Low
3538-WZPHD,0.6488,Yes,Medium
4785-QRJHC,0.1727,No,Low
8610-WFCJF,0.5367,Yes,Medium
4905-JEFDW,0.435,No,Medium
7881-INRLC,0.435,No,Medium
0117-LFRMW,0.2098,No,Low
6172-FECYY,0.5327,Yes,Medium
1965-AKTSX,0.6826,Yes,Medium
4786-UKSNZ,0.3624,No,Low
7248-VZQLC,0.386,No,Low
0011-IGKFF,0.7065,Yes,Medium
4192-GORJT,0.7828,Yes,High
6496-SLWHQ,0.7836,Yes,High
9912-GVSEQ,0.5641,Yes,Medium
5383-MMTWC,0.8004,Yes,High
7240-ETPTR,0.6336,Yes,Medium
2202-CUYXZ,0.8297,Yes,High
5995-OIGLP,0.2071,No,Low
6261-RCVNS,0.2249,No,Low
7951-QKZPL,0.1512,No,Low
3640-PHQXK,0.5301,Yes,Medium
6877-LGWXO,0.5176,Yes,Medium
8019-ENHXU,0.5111,Yes,Medium
5167-GBFRE,0.5577,Yes,Medium
9033-EOXWV,0.2755,No,Low
1324-NLTJE,0.3499,No,Low
1522-VVDMG,0.6811,Yes,Medium
9185-TQCVP,0.7116,Yes,Medium
5567-WSELE,0.8349,Yes,High
8063-RJYNF,0.6529,Yes,Medium
0687-ZVTHB,0.1376,No,Low
9661-ACXBS,0.4736,No,Medium
3727-RJMEO,0.7895,Yes,High
6646-VRFOL,0.5275,Yes,Medium
5685-IIXLY,0.734,Yes,Medium
4250-ZBWLV,0.4091,No,Medium
5095-AESKG,0.8226,Yes,High
1871-MOWRM,0.4387,No,Medium
2027-OAQQC,0.2731,No,Low
9090-SGQXL,0.4679,No,Medium
6595-YGXIT,0.6121,Yes,Medium
9835-ZIITK,0.3841,No,Low
1555-DJEQW,0.1511,No,Low
5649-TJHOV,0.3941,No,Low
0519-XUZJU,0.7451,Yes,Medium
6338-AVWCY,0.5355,Yes,Medium
9253-QXKBE,0.6163,Yes,Medium
9445-SZLCH,0.4313,No,Medium
7568-PODML,0.6804,Yes,Medium
5349-IECLD,0.7169,Yes,Medium
3945-GFWQL,0.2986,No,Low
3797-VTIDR,0.6627,Yes,Medium
9526-BIHHD,0.4714,No,Medium
4523-WXCEF,0.4216,No,Medium
8364-TRMMK,0.5109,Yes,Medium
3063-QFSZL,0.6442,Yes,Medium
8775-LHDJH,0.8863,Yes,High
3097-NQYSN,0.7894,Yes,High
3565-UNOCC,0.5614,Yes,Medium
9249-FXSCK,0.3128,No,Low
5493-SDRDQ,0.4693,No,Medium
0871-URUWO,0.6827,Yes,Medium
9190-MFJLN,0.533,Yes,Medium
1095-JUDTC,0.4381,No,Medium
0870-VEMYL,0.2498,No,Low
5385-SUIRI,0.4522,No,Medium
3982-XWFZQ,0.1905,No,Low
4009-ALQFH,0.5558,Yes,Medium
3627-FCRDW,0.5292,Yes,Medium
7562-GSUHK,0.4981,No,Medium
4903-UYAVB,0.1657,No,Low
6776-TLWOI,0.1156,No,Low
4077-CROMM,0.5682,Yes,Medium
2868-MZAGQ,0.8692,Yes,High
4847-QNOKA,0.5157,Yes,Medium
6379-RXJRQ,0.5918,Yes,Medium
8650-RHRKE,0.5755,Yes,Medium
0475-RIJEP,0.4726,No,Medium
1260-TTRXI,0.5185,Yes,Medium
6328-ZPBGN,0.7687,Yes,High
4789-KWMXN,0.3061,No,Low
2867-UIMSS,0.8348,Yes,High
8111-RKSPX,0.705,Yes,Medium
1585-MQSSU,0.2277,No,Low
2856-NNASM,0.4663,No,Medium
8559-CIZFV,0.2787,No,Low
7547-EKNFS,0.3847,No,Low
6769-DYBQN,0.3736,No,Low
4439-JMPMT,0.7247,Yes,Medium
2446-BEGGB,0.8486,Yes,High
1496-GGSUK,0.6736,Yes,Medium
2575-GFSOE,0.5602,Yes,Medium
2842-JTCCU,0.5424,Yes,Medium
3296-SILRA,0.8063,Yes,High
9681-OXGVC,0.8466,Yes,High
5180-UCIIQ,0.2807,No,Low
7153-OANIO,0.848,Yes,High
6521-YYTYI,0.8934,Yes,High
8878-HMWBV,0.6268,Yes,Medium
3751-KTZEL,0.5424,Yes,Medium
1977-STDKI,0.7812,Yes,High
5813-UECBU,0.3978,No,Low
0328-GRPMV,0.7823,Yes,High
4342-HENTK,0.6562,Yes,Medium
4195-SMMNX,0.2174,No,Low
6956-SMUCM,0.7356,Yes,Medium
3223-WZWJM,0.5705,Yes,Medium
9053-JZFKV,0.2177,No,Low
2530-ENDWQ,0.2274,No,Low
6615-ZGEDR,0.367,No,Low
9250-WYPLL,0.6245,Yes,Medium
2754-XBHTB,0.5955,Yes,Medium
1597-LHYNC,0.5422,Yes,Medium
7055-VKGDA,0.3393,No,Low
0754-UKWQP,0.7479,Yes,Medium
7493-TPUWZ,0.8517,Yes,High
1577-HKTFG,0.1616,No,Low
8752-STIVR,0.7227,Yes,Medium
4558-FANTW,0.5294,Yes,Medium
8651-ENBZX,0.3881,No,Low
7623-TRNQN,0.3655,No,Low
9330-IJWIO,0.7521,Yes,High
9286-DOJGF,0.4113,No,Medium
9661-MHUMO,0.4243,No,Medium
1842-EZJMK,0.4256,No,Medium
8079-XRJRS,0.2796,No,Low
8073-IJDCM,0.399,No,Low
8884-ADFVN,0.8449,Yes,High
2720-WGKHP,0.8605,Yes,High
2869-ADAWR,0.3823,No,Low
9894-EZEWG,0.6931,Yes,Medium
7851-FLGGQ,0.4856,No,Medium
0637-UBJRP,0.4857,No,Medium
0940-OUQEC,0.6825,Yes,Medium
0702-PGIBZ,0.8338,Yes,High
1963-VAUKV,0.2713,No,Low
3058-HJCUY,0.4878,No,Medium
3259-FDWOY,0.3014,No,Low
0807-ZABDG,0.3637,No,Low
5748-RNCJT,0.329,No,Low
7739-LAXOG,0.4186,No,Medium
9776-CLUJA,0.4612,No,Medium
6034-ZRYCV,0.2844,No,Low
2079-FBMZK,0.5718,Yes,Medium
6608-QQLVK,0.6614,Yes,Medium
3551-HUAZH,0.8389,Yes,High
6302-JGYRJ,0.2552,No,Low
3685-YLCMQ,0.4371,No,Medium
8634-MPHTR,0.5717,Yes,Medium
8761-NSOBC,0.4163,No,Medium
8413-VONUO,0.6526,Yes,Medium
9223-UCPVT,0.8385,Yes,High
4351-QLCSU,0.6238,Yes,Medium
5419-JPRRN,0.8735,Yes,High
2100-BDNSN,0.3521,No,Low
0488-GSLFR,0.8688,Yes,High
9318-NKNFC,0.3783,No,Low
9728-FTTVZ,0.8701,Yes,High
7254-IQWOZ,0.8724,Yes,High
2474-BRUCM,0.5076,Yes,Medium
0742-NXBGR,0.8239,Yes,High
6110-OHIHY,0.6401,Yes,Medium
5889-LFOLL,0.6829,Yes,Medium
5708-EVONK,0.2602,No,Low
8708-XPXHZ,0.5608,Yes,Medium
0616-ATFGB,0.6811,Yes,Medium
7016-BPGEU,0.2546,No,Low
6876-ADESB,0.5225,Yes,Medium
1963-SVUCV,0.6089,Yes,Medium
0220-EBGCE,0.7311,Yes,Medium
2754-VDLTR,0.7067,Yes,Medium
3190-XFANI,0.3377,No,Low
7551-DACSP,0.3054,No,Low
7235-NXZCP,0.7242,Yes,Medium
0520-FDVVT,0.3247,No,Low
1444-VVSGW,0.246,No,Low
5712-PTIWW,0.6642,Yes,Medium
3315-TOTBP,0.5397,Yes,Medium
6661-HBGWL,0.4791,No,Medium
1518-VOWAV,0.4474,No,Medium
5909-ECHUI,0.6468,Yes,Medium
1309-BXVOQ,0.6389,Yes,Medium
9317-WZPGV,0.7247,Yes,Medium
2856-HYAPG,0.8063,Yes,High
4488-PSYCG,0.207,No,Low
3621-CEOVK,0.7435,Yes,Medium
6906-ANDWJ,0.5796,Yes,Medium
1031-IIDEO,0.7666,Yes,High
5832-XKAES,0.6131,Yes,Medium
4701-AHWMW,0.1173,No,Low
9210-IAHGH,0.4603,No,Medium
0023-XUOPT,0.6157,Yes,Medium
4592-IWTJI,0.4013,No,Medium
7632-MNYOY,0.2843,No,Low
6518-LGAOV,0.5325,Yes,Medium
7242-QZLXF,0.6257,Yes,Medium
4576-CSAJH,0.2711,No,Low
1000-AJSLD,0.5001,Yes,Medium
1062-LHZOD,0.8394,Yes,High
9600-NAXZN,0.5853,Yes,Medium
6457-USBER,0.8625,Yes,High
4662-EKDPQ,0.46,No,Medium
9248-OJYKK,0.865,Yes,High
3398-FSHON,0.7676,Yes,High
3319-DWOEP,0.774,Yes,High
9259-PACGQ,0.1774,No,Low
4415-IJZTP,0.821,Yes,High
1465-VINDH,0.8095,Yes,High
2810-FTLEM,0.3646,No,Low
1925-TIBLE,0.7867,Yes,High
0818-OCPZO,0.5591,Yes,Medium
1447-GIQMR,0.8737,Yes,High
0872-NXJYS,0.6539,Yes,Medium
9412-ARGBX,0.1075,No,Low
1389-CXMLU,0.7341,Yes,Medium
5561-NWEVX,0.7482,Yes,Medium
2737-WFVYW,0.7352,Yes,Medium
2272-QAGFO,0.6498,Yes,Medium
9850-OWRHQ,0.7388,Yes,Medium
3768-NLUBH,0.4826,No,Medium
8676-TRMJS,0.6341,Yes,Medium
7359-SSBJK,0.1682,No,Low
0685-MLYYM,0.6425,Yes,Medium
8182-PNAGI,0.2932,No,Low
7957-RYHQD,0.3292,No,Low
2180-DXNEG,0.7271,Yes,Medium
5515-AKOAJ,0.447,No,Medium
8976-OQHGT,0.3317,No,Low
6230-BSUXY,0.8578,Yes,High
5294-CDGWY,0.3074,No,Low
5295-PCJOO,0.4691,No,Medium
9863-JZAIC,0.1914,No,Low
7660-HDPJV,0.8701,Yes,High
7931-PXHFC,0.2233,No,Low
3990-QYKBE,0.5801,Yes,Medium
4919-MOAVT,0.5532,Yes,Medium
3090-HAWSU,0.2885,No,Low
9820-RMCQV,0.2048,No,Low
7839-QRKXN,0.4913,No,Medium
5204-QZXPU,0.4897,No,Medium
4597-ELFTS,0.1305,No,Low
8450-JOVAH,0.3223,No,Low
1113-IUJYX,0.579,Yes,Medium
9274-CNFMO,0.6826,Yes,Medium
7758-XKCBS,0.4569,No,Medium
8992-JQYUN,0.7794,Yes,High
0617-AQNWT,0.1985,No,Low
2446-PLQVO,0.7918,Yes,High
3005-NFMTA,0.4569,No,Medium
8784-CGILN,0.5425,Yes,Medium
5389-FFVKB,0.4144,No,Medium
8444-WRIDW,0.2681,No,Low
9451-LPGOO,0.7654,Yes,High
5868-YWPDW,0.7272,Yes,Medium
2025-JKFWI,0.6446,Yes,Medium
4078-SAYYN,0.8212,Yes,High
9940-HPQPG,0.6507,Yes,Medium
6618-RYATB,0.8374,Yes,High
9079-YEXQJ,0.317,No,Low
2685-SREOM,0.5619,Yes,Medium
0402-CQAJN,0.4673,No,Medium
6692-UDPJC,0.418,No,Medium
1273-MTETI,0.8056,Yes,High
5480-HPRRX,0.6287,Yes,Medium
0295-PPHDO,0.8872,Yes,High
1195-OIYEJ,0.6994,Yes,Medium
5906-CVLHP,0.1801,No,Low
4501-EQDRN,0.7831,Yes,High
2990-HWIML,0.7536,Yes,High
7384-GHBPI,0.6484,Yes,Medium
7603-USHJS,0.3167,No,Low
7234-FECYN,0.7784,Yes,High
5876-HZVZM,0.249,No,Low
1400-MMYXY,0.7867,Yes,High
3085-QUOZK,0.483,No,Medium
3926-CUQZX,0.5357,Yes,Medium
1041-RXHRA,0.3561,No,Low
1750-CSKKM,0.3588,No,Low
7142-HVGBG,0.6094,Yes,Medium
8267-ZNYVZ,0.4478,No,Medium
6457-GIRWB,0.8697,Yes,High
1450-SKCVI,0.4141,No,Medium
5570-PTWEH,0.75,Yes,Medium
6502-MJQAE,0.8733,Yes,High
7693-LCKZL,0.5299,Yes,Medium
0032-PGELS,0.4888,No,Medium
6797-LNAQX,0.125,No,Low
6394-MFYNG,0.4296,No,Medium
1564-NTYXF,0.6966,Yes,Medium
8155-IBNHG,0.4135,No,Medium
0886-QGENL,0.5906,Yes,Medium
8739-WWKDU,0.6189,Yes,Medium
8685-WHQPW,0.4353,No,Medium
4745-LSPLO,0.3583,No,Low
8083-YTZES,0.7045,Yes,Medium
7240-FQLHE,0.5613,Yes,Medium
6664-FPDAC,0.3452,No,Low
0786-VSSUD,0.3537,No,Low
3976-BWUCK,0.3772,No,Low
3585-ISXZP,0.7485,Yes,Medium
6583-QGCSI,0.5232,Yes,Medium
4174-LPGTI,0.1886,No,Low
2108-XWMPY,0.5429,Yes,Medium
6304-IJFSQ,0.4843,No,Medium
0093-XWZFY,0.4731,No,Medium
1980-KXVPM,0.7191,Yes,Medium
7703-ZEKEF,0.5458,Yes,Medium
0723-DRCLG,0.8478,Yes,High
5482-NUPNA,0.2033,No,Low
1122-JWTJW,0.5382,Yes,Medium
1699-HPSBG,0.2859,No,Low
8775-CEBBJ,0.3119,No,Low
6894-LFHLY,0.8606,Yes,High
0639-TSIQW,0.2699,No,Low
8361-LTMKD,0.7228,Yes,Medium
7590-VHVEG,0.6144,Yes,Medium
5575-GNVDE,0.0469,No,Low
7795-CFOCW,0.0321,No,Low
1452-KIOVK,0.1932,No,Low
6713-OKOMC,0.2327,No,Low
6388-TABGU,0.0544,No,Low
9763-GRSKD,0.0951,No,Low
7469-LKBCI,0.0335,No,Low
8091-TTVAX,0.2464,No,Low
5129-JLPIS,0.4704,No,Medium
3655-SNQYZ,0.0697,No,Low
8191-XWSZG,0.0133,No,Low
9959-WOFKT,0.1891,No,Low
4183-MYFRB,0.4664,No,Medium
1680-VDCWW,0.1026,No,Low
3638-WEABW,0.0436,No,Low
6322-HRPFA,0.033,No,Low
6865-JZNKO,0.1121,No,Low
5248-YGIJN,0.0039,No,Low
3841-NFECX,0.048,No,Low
4929-XIHVW,0.6789,Yes,Medium
6827-IEAUQ,0.0627,No,Low
7310-EGVHZ,0.2393,No,Low
3413-BMNZE,0.5197,Yes,Medium
6234-RAAPL,0.0492,No,Low
6572-ADKRS,0.3067,No,Low
8865-TNMNX,0.1576,No,Low
9489-DEDVP,0.0471,No,Low
9867-JCZSP,0.0362,No,Low
4671-VJLCL,0.0343,No,Low
4080-IIARD,0.2619,No,Low
3714-NTNFO,0.4866,No,Medium
5948-UJZLF,0.4718,No,Medium
7639-LIAYI,0.0401,No,Low
2954-PIBKO,0.0438,No,Low
8012-SOUDQ,0.4907,No,Medium
6575-SUVOI,0.0796,No,Low
4667-QONEA,0.1292,No,Low
8769-KKTPH,0.2202,No,Low
5067-XJQFU,0.3829,No,Low
3957-SQXML,0.0381,No,Low
5954-BDFSG,0.1431,No,Low
0434-CSFON,0.4866,No,Medium
1215-FIGMP,0.2408,No,Low
0526-SXDJP,0.0208,No,Low
0557-ASKVU,0.1961,No,Low
5122-CYFXA,0.4043,No,Medium
8627-ZYGSZ,0.2996,No,Low
3410-YOQBQ,0.0344,No,Low
3170-NMYVV,0.0116,No,Low
7410-OIEDU,0.4173,No,Medium
2273-QCKXA,0.4104,No,Medium
0731-EBJQB,0.0208,No,Low
1891-QRQSA,0.2016,No,Low
8028-PNXHQ,0.0128,No,Low
5630-AHZIL,0.2077,No,Low
2673-CXQEU,0.2715,No,Low
6416-JNVRK,0.1142,No,Low
5590-ZSKRV,0.1386,No,Low
0191-ZHSKZ,0.2271,No,Low
3887-PBQAO,0.0353,No,Low
8108-UXRQN,0.2018,No,Low
9919-YLNNG,0.33,No,Low
0318-ZOPWS,0.0104,No,Low
4445-ZJNMU,0.7655,Yes,High
4808-YNLEU,0.0691,No,Low
1862-QRWPE,0.016,No,Low
2796-NNUFI,0.0322,No,Low
3016-KSVCP,0.2395,No,Low
4767-HZZHQ,0.0828,No,Low
2424-WVHPL,0.5986,Yes,Medium
7233-PAHHL,0.0227,No,Low
6067-NGCEU,0.1795,No,Low
9848-JQJTX,0.1339,No,Low
9803-FTJCG,0.0394,No,Low
3212-KXOCR,0.0357,No,Low
6380-ARCEH,0.3624,No,Low
3679-XASPY,0.3422,No,Low
7123-WQUHX,0.1396,No,Low
5386-THSLQ,0.0976,No,Low
6180-YBIQI,0.4067,No,Medium
6728-DKUCO,0.1733,No,Low
9750-BOOHV,0.1258,No,Low
8597-CWYHH,0.2972,No,Low
2848-YXSMW,0.0046,No,Low
4549-ZDQYY,0.0349,No,Low
5712-AHQNN,0.3578,No,Low
5256-SKJGO,0.1348,No,Low
3071-VBYPO,0.2814,No,Low
9560-BBZXK,0.115,No,Low
8402-OOOHJ,0.0047,No,Low
9445-ZUEQE,0.0912,No,Low
1091-SOZGA,0.2957,No,Low
2928-HLDBA,0.0838,No,Low
6497-TILVL,0.1451,No,Low
7219-TLZHO,0.0889,No,Low
4622-YNKIJ,0.1541,No,Low
6734-PSBAW,0.0085,No,Low
3930-ZGWVE,0.358,No,Low
2639-UGMAZ,0.2014,No,Low
2876-GZYZC,0.6633,Yes,Medium
8587-XYZSF,0.0477,No,Low
7799-LGRDP,0.049,No,Low
7850-VWJUU,0.3375,No,Low
3774-VBNXY,0.0258,No,Low
6217-KDYWC,0.0429,No,Low
3146-MSEGF,0.0143,No,Low
1095-WGNGG,0.1426,No,Low
2636-SJDOU,0.0944,No,Low
1131-QQZEB,0.0024,No,Low
5716-EZXZN,0.0562,No,Low
6837-BJYDQ,0.0547,No,Low
6440-DKQGE,0.0954,No,Low
3466-BYAVD,0.1109,No,Low
3780-YVMFA,0.2848,No,Low
1679-JRFBR,0.1723,No,Low
9073-ZZIAY,0.0238,No,Low
3077-RSNTJ,0.0465,No,Low
6551-GNYDG,0.2824,No,Low
9167-APMXZ,0.4362,No,Medium
2749-CTKAJ,0.01,No,Low
6371-NZYEG,0.0619,No,Low
7554-NEWDD,0.0897,No,Low
8992-VONJD,0.1972,No,Low
4482-EWFMI,0.5934,Yes,Medium
4648-YPBTM,0.0247,No,Low
2907-ILJBN,0.0605,No,Low
6345-FZOQH,0.0166,No,Low
5997-OPVFA,0.0048,No,Low
1159-WFSGR,0.0792,No,Low
7654-YWJUF,0.115,No,Low
6727-IOTLZ,0.0838,No,Low
5918-VUKWP,0.036,No,Low
1744-JHKYS,0.0379,No,Low
5947-SGKCL,0.2718,No,Low
3712-PKXZA,0.0179,No,Low
6582-OIVSP,0.5019,Yes,Medium
5524-KHNJP,0.1247,No,Low
4827-USJHP,0.1886,No,Low
8167-GJLRN,0.4138,No,Medium
0956-SYCWG,0.0547,No,Low
8017-UVSZU,0.122,No,Low
7100-FQPRV,0.0732,No,Low
2984-RGEYA,0.0158,No,Low
9680-NIAUV,0.0397,No,Low
2146-EGVDT,0.0209,No,Low
2604-IJPDU,0.5148,Yes,Medium
9178-JHUVJ,0.0131,No,Low
6168-YBYNP,0.3195,No,Low
7255-SSFBC,0.0212,No,Low
3645-DEYGF,0.2639,No,Low
9323-HGFWY,0.3314,No,Low
8544-GOQSH,0.4184,No,Medium
3363-DTIVD,0.0613,No,Low
7018-WBJNK,0.272,No,Low
9142-KZXOP,0.2569,No,Low
7674-YTAFD,0.1894,No,Low
6348-SNFUS,0.0079,No,Low
1347-KTTTA,0.2111,No,Low
4195-NZGTA,0.5739,Yes,Medium
7157-SMCFK,0.0317,No,Low
4709-LKHYG,0.0141,No,Low
2504-DSHIH,0.5075,Yes,Medium
0699-NDKJM,0.1273,No,Low
9286-BHDQG,0.0272,No,Low
0230-WEQUW,0.0102,No,Low
2040-LDIWQ,0.0333,No,Low
6496-JDSSB,0.6406,Yes,Medium
4443-EMBNA,0.0042,No,Low
6469-MRVET,0.241,No,Low
5961-VUSRV,0.0729,No,Low
6778-JFCMK,0.1629,No,Low
6341-JVQGF,0.1441,No,Low
4811-JBUVU,0.2955,No,Low
0945-TSONX,0.0244,No,Low
2651-ZCBXV,0.2028,No,Low
3316-UWXUY,0.1379,No,Low
7083-MIOPC,0.0035,No,Low
1984-GPTEH,0.0457,No,Low
0621-JFHOL,0.1894,No,Low
9903-LYSAB,0.5188,Yes,Medium
9227-UAQFT,0.0394,No,Low
7301-ABVAD,0.0123,No,Low
6614-FHDBO,0.0659,No,Low
7576-ASEJU,0.1134,No,Low
9058-HRZSV,0.2155,No,Low
4522-AKYLR,0.2621,No,Low
0221-WMXNQ,0.4185,No,Medium
0303-UNCIP,0.1338,No,Low
0959-WHOKV,0.307,No,Low
4075-JFPGR,0.2619,No,Low
3282-ZISZV,0.1369,No,Low
3675-YDUPJ,0.0894,No,Low
4111-BNXIF,0.0899,No,Low
7017-VFHAY,0.0235,No,Low
6655-LHBYW,0.241,No,Low
5046-NUHWD,0.2436,No,Low
7529-ZDFXI,0.3849,No,Low
7605-BDWDC,0.0153,No,Low
1950-KSVVJ,0.2118,No,Low
0123-CRBRT,0.0087,No,Low
6292-TOSSS,0.0344,No,Low
3197-ARFOY,0.499,No,Medium
7014-ZZXAW,0.0051,No,Low
7633-MVPUY,0.0411,No,Low
4716-HHKQH,0.512,Yes,Medium
3179-GBRWV,0.162,No,Low
8645-KWHJO,0.3702,No,Low
4130-MZLCC,0.2981,No,Low
0314-TKOSI,0.2365,No,Low
8229-MYEJZ,0.2267,No,Low
2080-SRCDE,0.201,No,Low
9577-WJVCQ,0.078,No,Low
6202-DYYFX,0.2389,No,Low
3808-HFKDE,0.3212,No,Low
3727-OWVYD,0.065,No,Low
2294-SALNE,0.1786,No,Low
4847-TAJYI,0.713,Yes,Medium
1563-IWQEX,0.0778,No,Low
8203-XJZRC,0.2923,No,Low
6556-DBKZF,0.0789,No,Low
6851-WEFYX,0.6035,Yes,Medium
2985-JUUBZ,0.107,No,Low
0895-LMRSF,0.18,No,Low
8266-VBFQL,0.6175,Yes,Medium
8181-YHCMF,0.0137,No,Low
2240-HSJQD,0.1183,No,Low
1248-DYXUB,0.0046,No,Low
4115-BNPJY,0.0431,No,Low
3167-SNQPL,0.2115,No,Low
4091-TVOCN,0.1039,No,Low
1098-TDVUQ,0.2471,No,Low
7277-OZCGZ,0.3898,No,Low
1557-EMYVT,0.1706,No,Low
2799-ARNLO,0.5452,Yes,Medium
5027-YOCXN,0.2676,No,Low
3973-SKMLN,0.0057,No,Low
6745-JEFZB,0.3034,No,Low
9880-TDQAC,0.1014,No,Low
8705-WZCYL,0.5801,Yes,Medium
7102-JJVTX,0.1476,No,Low
8626-PTQGE,0.0115,No,Low
4983-CLMLV,0.3627,No,Low
5701-YVSVF,0.5766,Yes,Medium
5697-GOMBF,0.1928,No,Low
2739-CACDQ,0.3986,No,Low
9385-EHGDO,0.016,No,Low
9498-FIMXL,0.067,No,Low
2379-GYFLQ,0.1768,No,Low
2088-IEBAU,0.0193,No,Low
7982-VCELR,0.3824,No,Low
6035-BXTTY,0.1238,No,Low
6885-PKOAM,0.0048,No,Low
7520-HQWJU,0.0484,No,Low
9639-BUJXT,0.0373,No,Low
5924-SNGKP,0.0114,No,Low
0021-IKXGC,0.7727,Yes,High
8966-SNIZF,0.0164,No,Low
6243-OZGFH,0.3431,No,Low
4654-DLAMQ,0.1451,No,Low
0513-RBGPE,0.0335,No,Low
5160-UXJED,0.165,No,Low
4115-NZRKS,0.7108,Yes,Medium
3351-NGXYI,0.364,No,Low
8984-EYLLL,0.1488,No,Low
9833-TGFHX,0.3068,No,Low
9294-TDIPC,0.0466,No,Low
5229-DTFYB,0.1167,No,Low
0104-PPXDV,0.0797,No,Low
5176-LMJXE,0.0134,No,Low
3583-KRKMD,0.3172,No,Low
9069-LGEUL,0.1324,No,Low
7302-ZHMHP,0.2793,No,Low
9571-EDEBV,0.1987,No,Low
3520-FJGCV,0.0048,No,Low
6563-VRERX,0.0166,No,Low
6122-EFVKN,0.0401,No,Low
2805-EDJPQ,0.184,No,Low
6862-CQUMB,0.3818,No,Low
7156-MXBJE,0.1084,No,Low
6158-HDPXZ,0.5213,Yes,Medium
2863-IMQDR,0.0307,No,Low
5686-CMAWK,0.3262,No,Low
5651-CRHKQ,0.1621,No,Low
8204-YJCLA,0.0108,No,Low
6583-SZVGP,0.2893,No,Low
1708-PBBOA,0.0952,No,Low
8782-LKFPK,0.396,No,Low
5522-JBWMO,0.4887,No,Medium
3597-MVHJT,0.52,Yes,Medium
9774-NRNAU,0.1507,No,Low
0224-RLWWD,0.5687,Yes,Medium
9967-ATRFS,0.0425,No,Low
3951-NJCVI,0.5566,Yes,Medium
2977-CEBSX,0.011,No,Low
0177-PXBAT,0.3115,No,Low
2519-ERQOJ,0.1676,No,Low
5876-QMYLD,0.012,No,Low
2277-AXSDC,0.0304,No,Low
9442-JTWDL,0.1035,No,Low
3067-SVMTC,0.0231,No,Low
5495-GPSRW,0.0324,No,Low
7606-BPHHN,0.0066,No,Low
4742-DRORA,0.1347,No,Low
0111-KLBQG,0.1466,No,Low
4163-NCJAK,0.0215,No,Low
5233-AOZUF,0.4845,No,Medium
5973-EJGDP,0.3213,No,Low
1996-DBMUS,0.3181,No,Low
7916-VCCPB,0.1799,No,Low
4686-GEFRM,0.0941,No,Low
5249-QYHEX,0.0193,No,Low
2233-FAGXV,0.0922,No,Low
5605-IYGFG,0.4765,No,Medium
7663-ZTEGJ,0.1796,No,Low
3935-TBRZZ,0.0254,No,Low
8111-BKVDS,0.1785,No,Low
2055-SIFSS,0.1151,No,Low
2806-MLNTI,0.3214,No,Low
8734-DKSTZ,0.3473,No,Low
4360-PNRQB,0.4237,No,Medium
6152-ONASV,0.0261,No,Low
7781-HVGMK,0.0115,No,Low
2181-UAESM,0.4123,No,Medium
6048-NJXHX,0.0296,No,Low
2320-SLKMB,0.151,No,Low
4980-URKXC,0.0349,No,Low
4376-KFVRS,0.0294,No,Low
5886-VLQVU,0.2955,No,Low
3577-AMVUX,0.3741,No,Low
0771-WLCLA,0.348,No,Low
5628-RKIFK,0.321,No,Low
0206-TBWLC,0.2094,No,Low
2937-FTHUR,0.2092,No,Low
1910-FMXJM,0.4342,No,Medium
0732-OCQOC,0.0396,No,Low
5168-MSWXT,0.4355,No,Medium
1090-ESELR,0.0708,No,Low
8592-PLTMQ,0.0289,No,Low
5760-WRAHC,0.1186,No,Low
8847-GEOOQ,0.0919,No,Low
4785-FCIFB,0.0232,No,Low
8313-NDOIA,0.5893,Yes,Medium
5149-CUZUJ,0.1224,No,Low
0942-KOWSM,0.0271,No,Low
4237-CLSMM,0.1363,No,Low
1452-VOQCH,0.823,Yes,High
4719-UMSIY,0.032,No,Low
6614-VBEGU,0.1708,No,Low
1480-BKXGA,0.0301,No,Low
2996-XAUVF,0.0585,No,Low
9076-AXYIK,0.1501,No,Low
5968-XQIVE,0.3058,No,Low
8896-RAZCR,0.0072,No,Low
4933-IKULF,0.0367,No,Low
1304-BCCFO,0.3335,No,Low
4104-PVRPS,0.0512,No,Low
3780-DDGSE,0.0981,No,Low
4431-EDMIQ,0.1649,No,Low
0486-LGCCH,0.0137,No,Low
4612-SSVHJ,0.4644,No,Medium
5168-MQQCA,0.1936,No,Low
7971-HLVXI,0.0356,No,Low
9094-AZPHK,0.7106,Yes,Medium
3649-JPUGY,0.0144,No,Low
4472-LVYGI,0.1401,No,Low
3552-CTCYF,0.0621,No,Low
6778-YSNIH,0.3958,No,Low
5756-OZRIO,0.0899,No,Low
6579-JPICP,0.2653,No,Low
4134-BSXLX,0.0606,No,Low
0505-SPOOW,0.0088,No,Low
4374-YMUSQ,0.2169,No,Low
4513-CXYIX,0.0618,No,Low
3957-HHLMR,0.0462,No,Low
7803-XOCCZ,0.0399,No,Low
5736-YEJAX,0.0379,No,Low
8981-FJGLA,0.3595,No,Low
1135-LMECX,0.3253,No,Low
4332-MUOEZ,0.2623,No,Low
8535-SFUTN,0.3051,No,Low
8677-HDZEE,0.3014,No,Low
2475-MROZF,0.1575,No,Low
3482-ABPKK,0.0287,No,Low
6705-LXORM,0.5433,Yes,Medium
7531-GQHME,0.0872,No,Low
5174-ITUMV,0.0912,No,Low
4109-CYRBD,0.2091,No,Low
0913-XWSCN,0.0894,No,Low
0750-EBAIU,0.2308,No,Low
8606-CIQUL,0.0023,No,Low
3571-DPYUH,0.0286,No,Low
7601-GNDYK,0.0021,No,Low
0356-OBMAC,0.0908,No,Low
8067-NIOYM,0.0066,No,Low
1403-GYAFU,0.0007,No,Low
4234-XTNEA,0.7235,Yes,Medium
1297-VQDRP,0.0772,No,Low
5348-CAGXB,0.6699,Yes,Medium
0621-HJWXJ,0.2201,No,Low
5844-QVTAT,0.0682,No,Low
8905-IAZPF,0.2119,No,Low
5394-MEITZ,0.0238,No,Low
6859-QNXIQ,0.0071,No,Low
2782-LFZVW,0.2541,No,Low
2866-IKBTM,0.2993,No,Low
7129-AZJDE,0.0639,No,Low
2560-PPCHE,0.2241,No,Low
4676-MQUEA,0.1664,No,Low
8138-EALND,0.0904,No,Low
3580-HYCSP,0.0124,No,Low
1352-HNSAW,0.0065,No,Low
2075-PUEPR,0.0054,No,Low
1982-FEBTD,0.0222,No,Low
5791-KAJFD,0.0668,No,Low
2654-VBVPB,0.2378,No,Low
1154-HYWWO,0.0898,No,Low
2501-XWWTZ,0.4634,No,Medium
3716-UVSPD,0.4875,No,Medium
6815-ABQFQ,0.3643,No,Low
7343-EOBEU,0.1483,No,Low
3701-SFMUH,0.106,No,Low
6103-LIANB,0.0499,No,Low
7319-VENRZ,0.1777,No,Low
5846-NEQVZ,0.0315,No,Low
6967-QIQRV,0.1944,No,Low
5781-RFZRP,0.028,No,Low
0308-IVGOK,0.1788,No,Low
7293-LSCDV,0.0049,No,Low
7025-WCBNE,0.0513,No,Low
5756-JYOJT,0.1503,No,Low
6030-REHUX,0.4508,No,Medium
9548-LIGTA,0.0214,No,Low
5150-LJNSR,0.0551,No,Low
8270-RKSAP,0.5716,Yes,Medium
6522-YRBXD,0.3742,No,Low
2640-LYMOV,0.1249,No,Low
1423-BMPBQ,0.3486,No,Low
2393-DIVAI,0.1112,No,Low
4568-KNYWR,0.0345,No,Low
8752-IMQOS,0.0808,No,Low
0742-LAFQK,0.0942,No,Low
0795-LAFGP,0.0132,No,Low
0619-OLYUR,0.1077,No,Low
5512-IDZEI,0.0587,No,Low
0459-SPZHJ,0.032,No,Low
0215-BQKGS,0.2643,No,Low
9244-ZVAPM,0.5163,Yes,Medium
8208-EUMTE,0.0481,No,Low
5172-MIGPM,0.2235,No,Low
1710-RCXUS,0.1966,No,Low
0374-FIUCA,0.011,No,Low
5839-SUYVZ,0.348,No,Low
5173-ZXXXL,0.0446,No,Low
1096-ADRUX,0.0384,No,Low
2001-MCUUW,0.2557,No,Low
2731-GJRDG,0.2887,No,Low
4723-BEGSG,0.013,No,Low
6516-NKQBO,0.0355,No,Low
8672-OAUPW,0.0843,No,Low
8207-DMRVL,0.0058,No,Low
2804-ETQDK,0.0085,No,Low
6689-VRRTK,0.2239,No,Low
7138-GIRSH,0.0268,No,Low
9396-ZSFLL,0.213,No,Low
6464-KEXXH,0.3078,No,Low
7134-MJPDY,0.2829,No,Low
5240-CAOYT,0.1079,No,Low
4059-IIEBK,0.6313,Yes,Medium
4881-JVQOD,0.2103,No,Low
0516-UXRMT,0.1903,No,Low
4851-BQDNX,0.0927,No,Low
5148-HKFIR,0.0184,No,Low
3003-CMDUU,0.4915,No,Medium
5016-IBERQ,0.4822,No,Medium
6797-UCJHZ,0.2206,No,Low
2469-DTSGX,0.0808,No,Low
9931-KGHOA,0.0818,No,Low
1775-KWJKQ,0.0037,No,Low
7665-VIGUD,0.0423,No,Low
9411-TPQQV,0.0677,No,Low
7954-MLBUN,0.1015,No,Low
2077-DDHJK,0.0381,No,Low
9574-BOSMD,0.0004,No,Low
4908-XAXAY,0.1765,No,Low
8404-VLQFB,0.1046,No,Low
2391-IPLOP,0.1057,No,Low
3509-GWQGF,0.2796,No,Low
5845-BZZIB,0.0005,No,Low
1140-UKVZG,0.0713,No,Low
5183-SNMJQ,0.5771,Yes,Medium
8100-PNJMH,0.0092,No,Low
7838-LAZFO,0.1209,No,Low
2085-JVGAD,0.0466,No,Low
8095-WANWK,0.2344,No,Low
3030-ZKIWL,0.3951,No,Low
9565-FLVCG,0.024,No,Low
8755-OGKNA,0.0029,No,Low
2800-VEQXM,0.5884,Yes,Medium
5533-RJFTJ,0.1917,No,Low
0214-JHPFW,0.0155,No,Low
5642-MHDQT,0.0527,No,Low
3088-FVYWK,0.0134,No,Low
9092-GDZKO,0.0786,No,Low
3729-OWRVL,0.2198,No,Low
2324-AALNO,0.0356,No,Low
5760-IFJOZ,0.6216,Yes,Medium
2826-UWHIS,0.2706,No,Low
7501-IWUNG,0.0273,No,Low
4957-TREIR,0.1902,No,Low
7251-LJBQN,0.3058,No,Low
8040-MNRTF,0.7398,Yes,Medium
1536-HBSWP,0.5132,Yes,Medium
5313-FPXWG,0.0328,No,Low
0946-FKYTX,0.1743,No,Low
5076-YVXCM,0.2955,No,Low
8262-COGGB,0.3005,No,Low
6663-JOCQO,0.08,No,Low
9620-QJREV,0.0127,No,Low
2682-KEVRP,0.0211,No,Low
2480-JZOSN,0.4299,No,Medium
0078-XZMHT,0.0149,No,Low
9978-HYCIN,0.064,No,Low
8338-QIUNR,0.0605,No,Low
1525-LNLOJ,0.0483,No,Low
9450-TRJUU,0.5019,Yes,Medium
1766-GKNMI,0.5644,Yes,Medium
6942-LBFDP,0.1397,No,Low
1456-TWCGB,0.3317,No,Low
7596-ZYWBB,0.0147,No,Low
8329-UTMVM,0.3082,No,Low
3014-WJKSM,0.3365,No,Low
3347-YJZZE,0.0541,No,Low
7929-DMBCV,0.3402,No,Low
9661-JALZV,0.0137,No,Low
5433-KYGHE,0.2651,No,Low
4312-KFRXN,0.0093,No,Low
5575-TPIZQ,0.2615,No,Low
0114-IGABW,0.0214,No,Low
9944-AEXBM,0.4131,No,Medium
1853-ARAAQ,0.2052,No,Low
6952-OMNWB,0.2057,No,Low
4697-LUPSU,0.0726,No,Low
8434-VGEQQ,0.0168,No,Low
6549-YMFAW,0.1309,No,Low
4950-HKQTE,0.0506,No,Low
6786-OBWQR,0.3953,No,Low
2753-JMMCV,0.0332,No,Low
6621-YOBKI,0.1247,No,Low
1216-JWVUX,0.1849,No,Low
7564-GHCVB,0.0405,No,Low
1173-NOEYG,0.3687,No,Low
7595-EHCDL,0.0806,No,Low
6647-ZEDXT,0.2091,No,Low
2521-NPUZR,0.0735,No,Low
1307-TVUFB,0.3166,No,Low
7503-MIOGA,0.0127,No,Low
4381-MHQDC,0.0189,No,Low
6923-JHPMP,0.5365,Yes,Medium
4018-PPNDW,0.0372,No,Low
1635-FJFCC,0.3506,No,Low
2499-AJYUA,0.0554,No,Low
6919-ELBGL,0.0267,No,Low
3966-HRMZA,0.5906,Yes,Medium
6425-JWTDV,0.0296,No,Low
8405-IGQFX,0.0987,No,Low
8224-IVVPA,0.0907,No,Low
9477-LGWQI,0.0264,No,Low
1410-RSCMR,0.1338,No,Low
3115-CZMZD,0.1146,No,Low
0139-IVFJG,0.4801,No,Medium
5730-DBDSI,0.0389,No,Low
0030-FNXPP,0.1317,No,Low
5684-FJVYR,0.0331,No,Low
4013-GUXND,0.3495,No,Low
1266-NZYUI,0.0531,No,Low
7969-FFOWG,0.0193,No,Low
4718-DHSMV,0.2686,No,Low
5175-WLYXL,0.3785,No,Low
7817-OMJNA,0.08,No,Low
8728-SKJLR,0.4342,No,Medium
3137-NYQQI,0.1152,No,Low
7706-DZNKK,0.095,No,Low
8823-RLPWL,0.0469,No,Low
9505-SQFSW,0.2965,No,Low
3758-CKOQL,0.1621,No,Low
5676-CFLYY,0.029,No,Low
7521-AFHAB,0.2604,No,Low
0285-INHLN,0.0554,No,Low
5125-CNDSP,0.0224,No,Low
4992-LTJNE,0.0325,No,Low
2202-OUTMO,0.0618,No,Low
0810-BDHAW,0.1385,No,Low
0229-LFJAF,0.035,No,Low
7131-ZQZNK,0.0182,No,Low
3442-ZHHCC,0.1389,No,Low
5726-CVNYA,0.0772,No,Low
9871-ELEYA,0.0303,No,Low
4257-GAESD,0.3242,No,Low
5173-WXOQV,0.2905,No,Low
2040-OBMLJ,0.1756,No,Low
6286-ZHAOK,0.0485,No,Low
3807-XHCJH,0.339,No,Low
5671-RQRLP,0.0954,No,Low
8859-AXJZP,0.0397,No,Low
3174-AKMAS,0.05,No,Low
9926-PJHDQ,0.0948,No,Low
7382-DFJTU,0.1983,No,Low
2798-NYLMZ,0.2222,No,Low
8098-TDCBU,0.0173,No,Low
3551-GAEGL,0.1863,No,Low
4785-NKHCX,0.1345,No,Low
3196-NVXLZ,0.4512,No,Medium
0036-IHMOT,0.0646,No,Low
4178-EGMON,0.0391,No,Low
4220-TINQT,0.3526,No,Low
5318-YKDPV,0.032,No,Low
7975-TZMLR,0.3575,No,Low
0295-QVKPB,0.2161,No,Low
4335-BSMJS,0.0169,No,Low
9146-JRIOX,0.0824,No,Low
5337-IIWKZ,0.0562,No,Low
9650-VBUOG,0.0027,No,Low
3487-EARAT,0.1413,No,Low
2672-TGEFF,0.1423,No,Low
4250-WAROZ,0.0742,No,Low
8184-WMOFI,0.079,No,Low
6092-QZVPP,0.1124,No,Low
4625-LAMOB,0.0084,No,Low
0392-BZIUW,0.1221,No,Low
6549-NNDYT,0.2423,No,Low
0422-OHQHQ,0.0455,No,Low
6916-HIJSE,0.0112,No,Low
2316-ESMLS,0.1539,No,Low
9778-OGKQZ,0.0081,No,Low
7408-OFWXJ,0.0032,No,Low
6007-TCTST,0.0065,No,Low
2252-NKNSI,0.0192,No,Low
8713-IGZSO,0.1042,No,Low
7905-TVXTA,0.2287,No,Low
7695-PKLCZ,0.0035,No,Low
8374-UULRV,0.017,No,Low
3224-DFQNQ,0.1202,No,Low
5275-PMFUT,0.0071,No,Low
4795-UXVCJ,0.0103,No,Low
9777-IQHWP,0.0207,No,Low
0979-MOZQI,0.0554,No,Low
2732-ISEZX,0.089,No,Low
0323-XWWTN,0.0518,No,Low
1937-OTUKY,0.0772,No,Low
1573-LGXBA,0.0686,No,Low
1764-VUUMT,0.0035,No,Low
4713-ZBURT,0.0787,No,Low
3050-GBUSH,0.4706,No,Medium
7876-AEHIG,0.0697,No,Low
7945-HLKEA,0.0633,No,Low
9342-VNIMQ,0.1492,No,Low
3523-BRGUW,0.0119,No,Low
3199-NPKCN,0.1905,No,Low
5170-PTRKA,0.0487,No,Low
4661-NJEUX,0.4611,No,Medium
2123-AGEEN,0.6618,Yes,Medium
1258-YMZNM,0.2628,No,Low
0048-LUMLS,0.0771,No,Low
5898-IGSLP,0.0769,No,Low
6259-WJQLC,0.3614,No,Low
7997-EASSD,0.1374,No,Low
0730-KOAVE,0.3423,No,Low
8975-SKGRX,0.063,No,Low
0678-RLHVP,0.2502,No,Low
2267-FPIMA,0.2642,No,Low
1051-GEJLJ,0.2358,No,Low
5285-MVEHD,0.2784,No,Low
0379-DJQHR,0.0315,No,Low
5543-QDCRY,0.3531,No,Low
0297-RBCSG,0.2062,No,Low
4694-PHWFW,0.0532,No,Low
0835-JKADZ,0.1025,No,Low
7508-SMHXL,0.4414,No,Medium
3865-YIOTT,0.057,No,Low
5993-BQHEA,0.0376,No,Low
6024-RUGGH,0.0038,No,Low
3956-CJUST,0.3113,No,Low
4079-WWQQQ,0.0082,No,Low
6103-BOCOU,0.516,Yes,Medium
5149-TGWDZ,0.3627,No,Low
7471-WNSUF,0.046,No,Low
8942-DBMHZ,0.0605,No,Low
4301-VVZKA,0.606,Yes,Medium
9199-PWQVC,0.1022,No,Low
4824-GUCBY,0.3337,No,Low
5393-HJZSM,0.091,No,Low
0862-PRCBS,0.0264,No,Low
8812-ZRHFP,0.1018,No,Low
5146-CBVOE,0.3195,No,Low
0454-OKRCT,0.1058,No,Low
5787-KXGIY,0.0144,No,Low
4198-VFOEA,0.1387,No,Low
6630-UJZMY,0.8029,Yes,High
5709-LVOEQ,0.1778,No,Low
2692-AQCPF,0.1703,No,Low
0347-UBKUZ,0.0789,No,Low
0835-DUUIQ,0.0448,No,Low
0811-GSDTP,0.1946,No,Low
7567-ECMCM,0.3434,No,Low
6115-ZTBFQ,0.0077,No,Low
6353-BRMMA,0.0908,No,Low
6231-WFGFH,0.0705,No,Low
9904-EHEVJ,0.128,No,Low
6169-PPETC,0.0009,No,Low
8584-KMVXD,0.503,Yes,Medium
8467-WYNSR,0.0903,No,Low
0851-DFJKB,0.219,No,Low
5382-SOYZL,0.6402,Yes,Medium
3261-CQXOL,0.0008,No,Low
8388-FYNPZ,0.2551,No,Low
4002-BQWPQ,0.1356,No,Low
5651-YLPRD,0.1653,No,Low
2826-DXLQO,0.3057,No,Low
4378-BZYFP,0.0286,No,Low
9489-UTFKA,0.1909,No,Low
4849-PYRLQ,0.0303,No,Low
7764-BDPEE,0.0693,No,Low
3429-IFLEM,0.0272,No,Low
5002-GCQFH,0.2641,No,Low
0556-FJEGU,0.0228,No,Low
0604-THJFP,0.0325,No,Low
5879-SESNB,0.5138,Yes,Medium
6461-PPAXN,0.0493,No,Low
3318-ISQFQ,0.0748,No,Low
1106-HRLKZ,0.0007,No,Low
2483-XSSMZ,0.099,No,Low
8165-ZJRNM,0.0005,No,Low
2604-XVDAM,0.2085,No,Low
3717-OFRTN,0.2199,No,Low
9046-JBFWA,0.0189,No,Low
3280-NMUVX,0.0107,No,Low
1206-EHBDD,0.0678,No,Low
8361-LBRDI,0.0092,No,Low
4883-KCPZJ,0.0211,No,Low
9108-EQPNQ,0.0643,No,Low
7277-KAMWT,0.0276,No,Low
2545-LXYVJ,0.0055,No,Low
3234-VKACU,0.4218,No,Medium
8120-JDCAM,0.3582,No,Low
8917-FAEMR,0.0081,No,Low
7047-YXDMZ,0.0366,No,Low
2858-EIMXH,0.2976,No,Low
6419-ZTTLE,0.0249,No,Low
0929-HYQEW,0.3961,No,Low
6614-YOLAC,0.0198,No,Low
7426-RHZGU,0.5919,Yes,Medium
4065-JJAVA,0.4783,No,Medium
7649-SIJJF,0.014,No,Low
9361-YNQWJ,0.0266,No,Low
3748-FVMZZ,0.4517,No,Medium
9391-TTOYH,0.0747,No,Low
1452-XRSJV,0.0568,No,Low
3422-WJOYD,0.0376,No,Low
8242-SOQUO,0.6831,Yes,Medium
7460-ITWWP,0.4547,No,Medium
7147-AYBAA,0.3481,No,Low
7868-TMWMZ,0.1167,No,Low
6732-FZUGP,0.1323,No,Low
8329-GWVPJ,0.1196,No,Low
1352-VHKAJ,0.0437,No,Low
2632-TACXW,0.0065,No,Low
8146-QQKZH,0.0067,No,Low
1767-CJKBA,0.0109,No,Low
6445-TNRXS,0.0206,No,Low
4581-LNWUM,0.4202,No,Medium
4869-EPIUS,0.2699,No,Low
1915-OAKWD,0.0944,No,Low
7296-PIXQY,0.2542,No,Low
3354-OADJP,0.1443,No,Low
3524-WQDSG,0.1421,No,Low
0810-DHDBD,0.0621,No,Low
4026-SKKHW,0.3413,No,Low
2829-HYVZP,0.0147,No,Low
3845-JHAMY,0.1526,No,Low
7013-PSXHK,0.1654,No,Low
3486-NPGST,0.0151,No,Low
6100-FJZDG,0.0141,No,Low
4829-ZLJTK,0.062,No,Low
1730-VFMWO,0.1191,No,Low
7143-BQIBA,0.1396,No,Low
3800-LYTRK,0.0901,No,Low
9646-NMHXE,0.0164,No,Low
7030-NJVDP,0.3101,No,Low
8883-GRDWQ,0.1041,No,Low
7771-ZONAT,0.0663,No,Low
2111-DWYHN,0.3282,No,Low
4194-WHFCB,0.041,No,Low
4121-AGSIN,0.0232,No,Low
9845-PEEKO,0.0965,No,Low
0455-XFASS,0.3873,No,Low
0301-KOBTQ,0.0148,No,Low
1751-NCDLI,0.578,Yes,Medium
4367-NUYAO,0.069,No,Low
9170-ARBTB,0.0284,No,Low
7241-AJHFS,0.1689,No,Low
4546-FOKWR,0.4639,No,Medium
9036-CSKBW,0.2052,No,Low
5832-TRLPB,0.1632,No,Low
8590-YFFQO,0.0417,No,Low
8659-IOOPU,0.0436,No,Low
1338-CECEE,0.0884,No,Low
7439-DKZTW,0.8263,Yes,High
4646-QZXTF,0.2436,No,Low
9742-XOKTS,0.0332,No,Low
6921-OZMFH,0.2303,No,Low
9578-FOMUK,0.1134,No,Low
4712-UYOOI,0.0824,No,Low
7722-CVFXN,0.0962,No,Low
8717-VCTXJ,0.0207,No,Low
7363-QTBIW,0.6771,Yes,Medium
4159-NAAIX,0.0979,No,Low
0971-QIFJK,0.0036,No,Low
9397-TZSHA,0.0056,No,Low
3391-JSQEW,0.1607,No,Low
0343-QLUZP,0.0316,No,Low
2176-LVPNX,0.0098,No,Low
3312-UUMZW,0.4877,No,Medium
1271-UODNO,0.0957,No,Low
8461-EFQYM,0.0193,No,Low
6900-RBKER,0.128,No,Low
6891-JPYFF,0.0939,No,Low
1459-QNFQT,0.0084,No,Low
1047-NNCBF,0.3122,No,Low
3696-XRIEN,0.1059,No,Low
0074-HDKDG,0.0934,No,Low
8791-GFXLZ,0.2322,No,Low
9330-DHBFL,0.0749,No,Low
0098-BOWSO,0.0644,No,Low
3452-ABWRL,0.3625,No,Low
5859-HZYLF,0.0049,No,Low
3156-QLHBO,0.0625,No,Low
2208-NQBCT,0.1224,No,Low
1779-PWPMG,0.0244,No,Low
6621-NRZAK,0.0023,No,Low
0831-JNISG,0.0045,No,Low
0774-IFUVM,0.1099,No,Low
3082-WQRVY,0.063,No,Low
9553-DLCLU,0.1018,No,Low
1641-BYBTK,0.0384,No,Low
2460-NGXBJ,0.2869,No,Low
2446-ZKVAF,0.1659,No,Low
3522-CDKHF,0.3482,No,Low
1430-SFQSA,0.0662,No,Low
0411-EZJZE,0.4178,No,Medium
8807-ARQET,0.2597,No,Low
8992-CEUEN,0.3201,No,Low
4320-QMLLA,0.2466,No,Low
8777-PVYGU,0.0504,No,Low
8292-ITGYJ,0.0083,No,Low
6870-ZWMNX,0.032,No,Low
0621-CXBKL,0.0499,No,Low
5268-DSMNQ,0.1475,No,Low
5334-JLAXU,0.2229,No,Low
6242-MBHPK,0.5111,Yes,Medium
9359-UGBTK,0.0894,No,Low
4782-OSFXZ,0.0198,No,Low
6479-OAUSD,0.0079,No,Low
7129-ACFOG,0.3862,No,Low
4189-NAKJS,0.1268,No,Low
5562-BETPV,0.2511,No,Low
1282-IHQAC,0.0999,No,Low
9127-FHJBZ,0.0157,No,Low
1641-RQDAY,0.2098,No,Low
6994-ORCWG,0.1723,No,Low
1346-UFHAX,0.4244,No,Medium
2933-XEUJM,0.0425,No,Low
5461-QKNTN,0.4389,No,Medium
4835-YSJMR,0.0795,No,Low
3164-YAXFY,0.2107,No,Low
0887-WBJVH,0.2394,No,Low
4660-IRIBM,0.2085,No,Low
7670-ZBPOQ,0.0409,No,Low
8089-UZWLX,0.171,No,Low
0080-OROZO,0.3692,No,Low
3916-NRPAP,0.5253,Yes,Medium
6807-SIWJI,0.2861,No,Low
8221-HVAYI,0.0191,No,Low
5232-NXPAY,0.0314,No,Low
8967-SZQAS,0.2219,No,Low
4468-KAZHE,0.2215,No,Low
0455-ENTCR,0.0424,No,Low
8944-AILEF,0.0921,No,Low
5542-NKVRU,0.0063,No,Low
7126-RBHSD,0.4262,No,Medium
5370-IIVVL,0.2832,No,Low
6789-HJBWG,0.2687,No,Low
9087-EYCPR,0.0152,No,Low
6791-YBNAK,0.1454,No,Low
6077-BDPXA,0.5781,Yes,Medium
0013-MHZWF,0.2487,No,Low
8268-YDIXR,0.227,No,Low
4291-SHSBH,0.5545,Yes,Medium
6980-IMXXE,0.0006,No,Low
0040-HALCW,0.0069,No,Low
0784-GTUUK,0.0227,No,Low
2294-DMMUS,0.053,No,Low
0872-JCPIB,0.172,No,Low
3055-MJDSB,0.344,No,Low
9091-WTUUY,0.0184,No,Low
7115-IRDHS,0.003,No,Low
8496-DMZUK,0.1175,No,Low
2040-VZIKE,0.3155,No,Low
9068-VPWQQ,0.0329,No,Low
0178-SZBHO,0.135,No,Low
0384-RVBPI,0.1236,No,Low
1299-AURJA,0.0007,No,Low
4525-VZCZG,0.0738,No,Low
1543-LLLFT,0.1542,No,Low
2788-CJQAQ,0.0176,No,Low
0319-QZTCO,0.2765,No,Low
2120-SMPEX,0.0529,No,Low
0096-FCPUF,0.0942,No,Low
0668-OGMHD,0.3703,No,Low
6507-ZJSUR,0.5716,Yes,Medium
9408-HRXRK,0.1317,No,Low
5593-SUAOO,0.0582,No,Low
6766-HFKLA,0.1352,No,Low
7617-EYGLW,0.3369,No,Low
9220-ZNKJI,0.0728,No,Low
2226-ICFDO,0.0064,No,Low
0723-VSOBE,0.1914,No,Low
5529-GIBVH,0.0091,No,Low
9992-UJOEL,0.5508,Yes,Medium
4741-WWJQZ,0.5252,Yes,Medium
6625-UTXEW,0.245,No,Low
6244-BESBM,0.0334,No,Low
1004-NOZNR,0.0933,No,Low
1251-STYSZ,0.5385,Yes,Medium
2612-PHGOX,0.0408,No,Low
8480-PPONV,0.0355,No,Low
8780-IHCRN,0.0017,No,Low
4598-ZADCK,0.0962,No,Low
1257-SXUXQ,0.0563,No,Low
9681-KYGYB,0.3197,No,Low
7182-OVLBJ,0.0396,No,Low
5095-ETBRJ,0.0115,No,Low
7005-CYUIL,0.0482,No,Low
4821-WQOYN,0.0043,No,Low
4730-AWNAU,0.0734,No,Low
3452-FLHYD,0.0311,No,Low
2388-LAESQ,0.0244,No,Low
9531-NSBMR,0.0175,No,Low
6260-ONULR,0.5105,Yes,Medium
4389-UEFCZ,0.1337,No,Low
8711-LOBKY,0.0051,No,Low
8985-OOPOS,0.4243,No,Medium
8800-ZKRFW,0.1701,No,Low
2616-FLVQC,0.0629,No,Low
9968-FFVVH,0.0324,No,Low
3108-PCCGG,0.0391,No,Low
8390-FESFV,0.0288,No,Low
3022-BEXHZ,0.061,No,Low
6248-TKCQV,0.0369,No,Low
6729-GDNGC,0.3412,No,Low
6198-ZFIOJ,0.6191,Yes,Medium
5989-OMNJE,0.2099,No,Low
1291-CUOCY,0.079,No,Low
9795-SHUHB,0.0253,No,Low
3230-IUALN,0.0139,No,Low
0042-RLHYP,0.0011,No,Low
4945-RVMTE,0.1461,No,Low
1866-NXPSP,0.135,No,Low
3941-XTSKM,0.185,No,Low
1661-CZBAU,0.0591,No,Low
5158-RIVOP,0.0442,No,Low
9788-YTFGE,0.0986,No,Low
9277-JOOMO,0.0983,No,Low
1907-YLNYW,0.2515,No,Low
8947-YRTDV,0.0486,No,Low
3161-ONRWK,0.0302,No,Low
0114-RSRRW,0.12,No,Low
4565-NLZBV,0.0047,No,Low
6682-VCIXC,0.0491,No,Low
6475-VHUIZ,0.1687,No,Low
3910-MRQOY,0.0157,No,Low
0661-WCQNQ,0.0956,No,Low
7537-RBWEA,0.54,Yes,Medium
4656-CAURT,0.0044,No,Low
0121-SNYRK,0.0472,No,Low
3733-LSYCE,0.37,No,Low
6265-FRMTQ,0.0165,No,Low
1371-DWPAZ,0.1029,No,Low
2017-CCBLH,0.0506,No,Low
7690-KPNCU,0.1207,No,Low
0536-BGFMZ,0.0403,No,Low
2293-IJWPS,0.3,No,Low
5469-NUJUR,0.0317,No,Low
2625-TRCZQ,0.3501,No,Low
4102-HLENU,0.0142,No,Low
7266-GSSJX,0.107,No,Low
7722-VJRQD,0.0081,No,Low
7073-QETQY,0.042,No,Low
5624-RYAMH,0.0981,No,Low
0196-JTUQI,0.5443,Yes,Medium
7130-YXBRO,0.2858,No,Low
9272-LSVYH,0.4058,No,Medium
3084-DOWLE,0.0079,No,Low
1084-MNSMJ,0.0201,No,Low
4238-HFHSN,0.3625,No,Low
6250-CGGUN,0.1272,No,Low
5478-JJVZK,0.0887,No,Low
7596-IIWYC,0.0217,No,Low
9793-WECQC,0.4058,No,Medium
4291-HPAXL,0.3214,No,Low
8999-YPYBV,0.0162,No,Low
1839-FBNFR,0.0011,No,Low
3071-MVJCD,0.0175,No,Low
1697-BCSHV,0.0496,No,Low
0562-KBDVM,0.0169,No,Low
1131-SUEKT,0.0577,No,Low
3717-OEAUQ,0.5894,Yes,Medium
4538-WNTMJ,0.0202,No,Low
9432-RUVSL,0.1194,No,Low
8060-HIWJJ,0.0157,No,Low
7684-XSZIY,0.0004,No,Low
9089-UOWJG,0.1274,No,Low
8039-ACLPL,0.0214,No,Low
9885-AIBVB,0.5253,Yes,Medium
1934-MKPXS,0.0072,No,Low
2592-YKDIF,0.2742,No,Low
2272-JKMSI,0.0901,No,Low
8714-CTZJW,0.6315,Yes,Medium
3569-EDBPQ,0.3845,No,Low
3131-NWVFJ,0.0395,No,Low
7521-YXVZY,0.0496,No,Low
2373-NTKOD,0.3513,No,Low
1970-KKFWL,0.0254,No,Low
9337-SRRNI,0.0054,No,Low
0895-UADGO,0.1221,No,Low
5678-VFNEQ,0.1946,No,Low
5977-CKHON,0.0877,No,Low
2692-BUCFV,0.4286,No,Medium
1830-GGFNM,0.0175,No,Low
5302-BDJNT,0.3508,No,Low
5223-UZAVK,0.2001,No,Low
4859-ZSRDZ,0.0296,No,Low
5651-WYIPH,0.2474,No,Low
9350-VLHMB,0.0607,No,Low
3498-LZGQZ,0.0134,No,Low
8785-CJSHH,0.4402,No,Medium
3870-SPZSI,0.0122,No,Low
7560-QRBXH,0.0062,No,Low
7077-XJMET,0.2975,No,Low
8752-GHJFU,0.1108,No,Low
6896-SRVYQ,0.3676,No,Low
4652-ODEVH,0.0087,No,Low
6510-UPNKS,0.0601,No,Low
6718-BDGHG,0.1041,No,Low
9046-DQMTP,0.0375,No,Low
6439-LAJXL,0.1869,No,Low
9052-VKDUW,0.1833,No,Low
1666-JZPZT,0.1147,No,Low
5777-KJIRB,0.0996,No,Low
7677-SJJJK,0.0701,No,Low
2480-EJWYP,0.3159,No,Low
3253-HKOKL,0.0712,No,Low
7055-HNEOJ,0.3518,No,Low
5514-YQENT,0.0808,No,Low
3211-AAPKX,0.5104,Yes,Medium
8445-DNBAE,0.4793,No,Medium
2958-NHPPS,0.0423,No,Low
6806-YDEUL,0.1477,No,Low
1735-XMJVH,0.0484,No,Low
6890-PFRQX,0.1646,No,Low
0222-CNVPT,0.1627,No,Low
5899-OUVKV,0.4552,No,Medium
8681-ICONS,0.0207,No,Low
1621-YNCJH,0.1237,No,Low
6362-QHAFM,0.4563,No,Medium
3070-BDOQC,0.2198,No,Low
6234-PFPXL,0.332,No,Low
9824-QCJPK,0.0132,No,Low
4283-IVYCI,0.1397,No,Low
1866-OBPNR,0.3707,No,Low
8205-MQUGY,0.2126,No,Low
8970-ANWXO,0.209,No,Low
9480-BQJEI,0.1516,No,Low
6979-TNDEU,0.0775,No,Low
9777-WJJPR,0.3279,No,Low
9495-SKLKD,0.0774,No,Low
6048-UWKAL,0.0916,No,Low
5067-DGXLL,0.109,No,Low
6281-FKEWS,0.2336,No,Low
8898-KASCD,0.1169,No,Low
9242-TKFSV,0.0084,No,Low
9290-SHCMB,0.6744,Yes,Medium
0743-HNPFG,0.0687,No,Low
2277-BKJKN,0.1937,No,Low
5035-PGZXH,0.341,No,Low
8695-WDYEA,0.4083,No,Medium
6543-JXSOO,0.05,No,Low
8016-ZMGMO,0.0712,No,Low
8605-ITULD,0.2993,No,Low
6416-YJTTB,0.3969,No,Low
4472-VESGY,0.0692,No,Low
3195-TQDZX,0.0955,No,Low
3128-YOVTD,0.0795,No,Low
1728-CXQBE,0.3182,No,Low
7041-TXQJH,0.1884,No,Low
5014-GSOUQ,0.0225,No,Low
5724-BIDBU,0.1285,No,Low
0481-SUMCB,0.2936,No,Low
1769-GRUIK,0.4514,No,Medium
8819-WFGGJ,0.0332,No,Low
7427-AUFPY,0.0455,No,Low
2811-POVEX,0.1452,No,Low
7898-PDWQE,0.0115,No,Low
9972-EWRJS,0.0078,No,Low
9314-IJWSQ,0.3167,No,Low
5799-JRCZO,0.0077,No,Low
1921-KYSAY,0.1013,No,Low
6198-RTPMF,0.5493,Yes,Medium
2924-KHUVI,0.3275,No,Low
1925-GMVBW,0.1495,No,Low
6184-DYUOB,0.1679,No,Low
9207-ZPANB,0.0688,No,Low
9327-QSDED,0.2585,No,Low
1656-DRSMG,0.2107,No,Low
3012-VFFMN,0.0359,No,Low
2984-AFWNC,0.6326,Yes,Medium
0640-YJTPY,0.0005,No,Low
8096-LOIST,0.2992,No,Low
9764-REAFF,0.0327,No,Low
7107-UBYKY,0.0299,No,Low
4881-GQJTW,0.077,No,Low
7876-DNYAP,0.0011,No,Low
7905-NJMXS,0.1962,No,Low
2882-WDTBA,0.0191,No,Low
2091-GPPIQ,0.0842,No,Low
5071-FBJFS,0.3099,No,Low
2796-UUZZO,0.0516,No,Low
2429-AYKKO,0.0134,No,Low
9798-OPFEM,0.0098,No,Low
3794-NFNCH,0.1326,No,Low
5193-QLVZB,0.1669,No,Low
7114-AEOZE,0.0195,No,Low
5522-NYKPB,0.1337,No,Low
9957-YODKZ,0.7437,Yes,Medium
6518-KZXCB,0.0409,No,Low
2245-ADZFJ,0.0406,No,Low
7776-QGYJC,0.0742,No,Low
9313-QOLTZ,0.0421,No,Low
4672-FOTSD,0.1979,No,Low
9818-XQCUV,0.113,No,Low
7338-ERIVA,0.0409,No,Low
8259-NFJTV,0.1706,No,Low
3223-DWFIO,0.5121,Yes,Medium
6968-GMKPR,0.3743,No,Low
4751-ERMAN,0.0871,No,Low
1436-ZMJAN,0.2895,No,Low
3292-PBZEJ,0.671,Yes,Medium
0799-DDIHE,0.1853,No,Low
3070-FNFZQ,0.0041,No,Low
2812-SFXMJ,0.3047,No,Low
5014-WUQMG,0.0823,No,Low
5312-TSZVC,0.0316,No,Low
0993-OSGPT,0.077,No,Low
7108-DGVUU,0.1452,No,Low
2782-JEEBU,0.1847,No,Low
5127-BZENZ,0.0345,No,Low
2720-FVBQP,0.3202,No,Low
9906-NHHVC,0.1057,No,Low
4522-XRWWI,0.1399,No,Low
3766-EJLFL,0.0588,No,Low
5939-SXWHM,0.013,No,Low
8152-UOBNY,0.2944,No,Low
7351-KYHQH,0.2543,No,Low
7643-RCHXS,0.0135,No,Low
8246-SHFGA,0.1029,No,Low
0620-XEFWH,0.0487,No,Low
6485-QXWWE,0.0058,No,Low
7321-VGNKU,0.6269,Yes,Medium
5327-CNLUQ,0.1246,No,Low
7552-KEYGT,0.0374,No,Low
5816-JMLGY,0.0172,No,Low
2927-QRRQV,0.3535,No,Low
6265-SXWBU,0.0227,No,Low
7941-RCJOW,0.0137,No,Low
6374-NTQLP,0.0331,No,Low
2387-KDZQY,0.0298,No,Low
3584-WKTTW,0.2484,No,Low
3399-BMLVW,0.0197,No,Low
1971-DTCZB,0.0061,No,Low
3374-PZLXD,0.0496,No,Low
3813-DHBBB,0.0099,No,Low
2812-REYAT,0.0204,No,Low
6518-PPLMZ,0.0071,No,Low
4939-KYYPY,0.1243,No,Low
5930-GBIWP,0.0173,No,Low
6022-KOUQO,0.3887,No,Low
2361-UPSND,0.0792,No,Low
6035-RIIOM,0.1576,No,Low
9504-DSHWM,0.119,No,Low
5035-BVCXS,0.4646,No,Medium
6267-DCFFZ,0.5428,Yes,Medium
3533-UVMOM,0.0292,No,Low
2439-LYPMQ,0.5811,Yes,Medium
1478-VPOAD,0.509,Yes,Medium
9995-HOTOH,0.1419,No,Low
2988-PLAHS,0.4581,No,Medium
1371-OJCEK,0.0329,No,Low
4999-IEZLT,0.1182,No,Low
8883-ANODQ,0.0192,No,Low
2351-RRBUE,0.0906,No,Low
5980-BDHPY,0.0048,No,Low
1498-DQNRX,0.0526,No,Low
9469-WEJBT,0.3379,No,Low
2581-VKIRT,0.0301,No,Low
7426-WEIJX,0.1335,No,Low
2851-MMUTZ,0.1293,No,Low
3307-TLCUD,0.1654,No,Low
6625-FLENO,0.0193,No,Low
2967-MXRAV,0.2173,No,Low
8189-HBVRW,0.2074,No,Low
4163-KIUHY,0.0473,No,Low
3500-NSDOA,0.03,No,Low
1171-TYKUR,0.0541,No,Low
3761-FLYZI,0.3115,No,Low
1219-NNDDO,0.638,Yes,Medium
8388-DMKAE,0.0461,No,Low
4403-BWPAY,0.0798,No,Low
9659-QEQSY,0.2473,No,Low
5405-ZMYXQ,0.5661,Yes,Medium
1442-OKRJE,0.057,No,Low
4737-AQCPU,0.0263,No,Low
2808-CHTDM,0.0126,No,Low
0793-TWELN,0.5258,Yes,Medium
3283-WCWXT,0.0211,No,Low
1060-ENTOF,0.1531,No,Low
0999-QXNSA,0.2419,No,Low
5451-MHQOF,0.0394,No,Low
4836-WNFNO,0.0037,No,Low
9225-BZLNZ,0.0748,No,Low
0354-VXMJC,0.0047,No,Low
4422-QVIJA,0.073,No,Low
9365-SRSZE,0.4768,No,Medium
8332-OSJDW,0.0481,No,Low
4735-BJKOU,0.0059,No,Low
0274-JKUJR,0.1613,No,Low
5740-YHGTW,0.0601,No,Low
8917-SZTTJ,0.002,No,Low
1696-MZVAU,0.1878,No,Low
7359-WWYJV,0.0308,No,Low
4906-ZHGPK,0.1039,No,Low
3795-GWTRD,0.0414,No,Low
1298-PHBTI,0.0384,No,Low
6223-DHJGV,0.0167,No,Low
6961-MJKBO,0.0086,No,Low
8158-WPEZG,0.2927,No,Low
4918-FYJNT,0.2331,No,Low
0727-BNRLG,0.0617,No,Low
4854-CIDCF,0.5731,Yes,Medium
3280-MRDOF,0.0739,No,Low
6435-SRWBJ,0.6779,Yes,Medium
9964-WBQDJ,0.0051,No,Low
6303-KFWSL,0.1045,No,Low
1702-CCFNJ,0.0786,No,Low
8932-CZHRQ,0.139,No,Low
0386-CWRGM,0.0034,No,Low
5515-RUGKN,0.2789,No,Low
0404-AHASP,0.0059,No,Low
7279-NMVJC,0.1337,No,Low
2081-VEYEH,0.612,Yes,Medium
6407-UTSLV,0.6636,Yes,Medium
9060-HJJRW,0.1572,No,Low
2587-YNLES,0.0144,No,Low
7398-SKNQZ,0.7109,Yes,Medium
5935-FCCNB,0.6049,Yes,Medium
1958-RNRKS,0.181,No,Low
5136-RGMZO,0.1879,No,Low
8345-MVDYC,0.0206,No,Low
8226-BXGES,0.1036,No,Low
9705-IOVQQ,0.0917,No,Low
1015-OWJKI,0.2837,No,Low
2040-XBAVJ,0.0058,No,Low
8887-IPQNC,0.2774,No,Low
8646-JCOMS,0.1161,No,Low
1222-KJNZD,0.0083,No,Low
0106-GHRQR,0.2513,No,Low
3768-VHXQO,0.0057,No,Low
8952-WCVCD,0.2699,No,Low
2418-TPEUN,0.0018,No,Low
3963-RYFNS,0.0524,No,Low
8540-ZQGEA,0.0157,No,Low
1320-REHCS,0.3361,No,Low
4137-JOPHL,0.0885,No,Low
7801-CEDNV,0.0898,No,Low
2057-BOYKM,0.044,No,Low
3658-QQJYD,0.1083,No,Low
1803-BGNBD,0.2467,No,Low
0134-XWXCE,0.1321,No,Low
6950-TWMYB,0.0139,No,Low
5848-FHRFC,0.0078,No,Low
2243-FNMMI,0.0382,No,Low
2511-MORQY,0.0776,No,Low
5356-KZCKT,0.0166,No,Low
9470-XCCEM,0.0969,No,Low
6519-CFDBX,0.5493,Yes,Medium
3902-MIVLE,0.0176,No,Low
0409-WTMPL,0.2046,No,Low
8763-KIAFH,0.0268,No,Low
3669-WHAFY,0.0443,No,Low
3055-VTCGS,0.0738,No,Low
3144-KMTWZ,0.2108,No,Low
2007-QVGAW,0.0067,No,Low
5207-PLSTK,0.4589,No,Medium
2307-FYNNL,0.2462,No,Low
5605-XNWEN,0.0099,No,Low
2155-AMQRX,0.1413,No,Low
6181-AXXYF,0.0025,No,Low
5091-HFAZW,0.5875,Yes,Medium
2519-LBNQL,0.3567,No,Low
8623-ULFNQ,0.1998,No,Low
1568-LJSZU,0.0129,No,Low
7789-HKSBS,0.318,No,Low
7416-CKTEP,0.0184,No,Low
2586-CWXVV,0.3098,No,Low
2348-KCJLT,0.0664,No,Low
8401-EMUWF,0.0396,No,Low
4193-IBKSW,0.0013,No,Low
5377-NDTOU,0.0033,No,Low
2474-LCNUE,0.1409,No,Low
0839-QNXME,0.0268,No,Low
3506-OVLKD,0.0625,No,Low
6650-VJONK,0.4536,No,Medium
2178-PMGCJ,0.3815,No,Low
7492-TAFJD,0.1339,No,Low
2773-MADBQ,0.0175,No,Low
6016-LVTJQ,0.0257,No,Low
7860-KSUGX,0.0334,No,Low
8966-KZXXA,0.0027,No,Low
5149-QYTTU,0.0309,No,Low
2070-XYMFH,0.3921,No,Low
2085-BOJKI,0.3549,No,Low
0817-HSUSE,0.4828,No,Medium
5442-PPTJY,0.0074,No,Low
1927-QEWMY,0.0032,No,Low
1663-MHLHE,0.2731,No,Low
5663-QBGIS,0.1312,No,Low
4450-MDZFX,0.0681,No,Low
6701-DHKWQ,0.0282,No,Low
7554-AKDQF,0.265,No,Low
0794-YVSGE,0.0005,No,Low
5423-BHIXO,0.1429,No,Low
6908-VVYHM,0.3553,No,Low
2959-EEXWB,0.0683,No,Low
1839-UMACK,0.0608,No,Low
3030-YDNRM,0.6551,Yes,Medium
7321-KKSDU,0.0041,No,Low
3402-XRIUO,0.1032,No,Low
8286-AFUYI,0.4792,No,Medium
8356-WUAOJ,0.5788,Yes,Medium
8058-DMYRU,0.4391,No,Medium
9350-ZXYJC,0.1135,No,Low
8958-JPTRR,0.0617,No,Low
6959-GQEGV,0.1779,No,Low
3173-WSSUE,0.0012,No,Low
1265-HVPZB,0.0822,No,Low
4115-UMJFQ,0.1546,No,Low
7369-TRPFD,0.0195,No,Low
1098-KFQEC,0.0044,No,Low
7190-XHTWJ,0.0146,No,Low
3537-RYBHH,0.1315,No,Low
5296-BFCYD,0.002,No,Low
9359-JANWS,0.0435,No,Low
3279-DYZQM,0.0048,No,Low
0523-VNGTF,0.1615,No,Low
9575-IWCAZ,0.054,No,Low
7105-MXJLL,0.1326,No,Low
7064-FRRSW,0.364,No,Low
7940-UQQUG,0.0584,No,Low
3961-SXAXY,0.4498,No,Medium
7010-BRBUU,0.0031,No,Low
3566-HJGPK,0.5247,Yes,Medium
3062-ICYZQ,0.1117,No,Low
9938-PRCVK,0.0022,No,Low
0973-KYVNF,0.0321,No,Low
5129-HHMZC,0.0326,No,Low
9637-CDTKZ,0.0288,No,Low
3946-JEWRQ,0.2778,No,Low
7873-CVMAW,0.0041,No,Low
0463-WZZKO,0.1425,No,Low
4524-QCSSM,0.2164,No,Low
5832-EXGTT,0.0378,No,Low
2039-JONDJ,0.066,No,Low
7217-JYHOQ,0.0476,No,Low
6695-FRVEC,0.0232,No,Low
9894-QMIMJ,0.092,No,Low
8069-YQQAJ,0.2322,No,Low
1636-NTNCO,0.3907,No,Low
3466-WAESX,0.1983,No,Low
9281-PKKZE,0.3551,No,Low
3638-VBZTA,0.0251,No,Low
7459-IMVYU,0.1061,No,Low
8563-OYMQY,0.3665,No,Low
0754-EEBDC,0.0385,No,Low
5777-ZPQNC,0.0468,No,Low
1951-IEYXM,0.0047,No,Low
3318-NMQXL,0.7402,Yes,Medium
1022-RKXDR,0.0192,No,Low
2361-FJWNO,0.1201,No,Low
2272-UOINI,0.3009,No,Low
8232-UTFOZ,0.0044,No,Low
3750-YHRYO,0.0666,No,Low
6637-KYRCV,0.2592,No,Low
5668-MEISB,0.0121,No,Low
0129-QMPDR,0.0094,No,Low
7188-CBBBA,0.2513,No,Low
5356-CSVSQ,0.3295,No,Low
3221-CJMSG,0.1481,No,Low
3219-JQRSL,0.0135,No,Low
2801-NISEI,0.1147,No,Low
4623-ZKHLY,0.0422,No,Low
6732-VAILE,0.0128,No,Low
8201-AAXCB,0.1491,No,Low
7696-CFTAT,0.0014,No,Low
1845-CSBRZ,0.1472,No,Low
2123-VSCOT,0.0193,No,Low
2018-QKYGT,0.5429,Yes,Medium
2792-VPPET,0.0871,No,Low
7409-JURKQ,0.2502,No,Low
3247-MHJKM,0.3624,No,Low
1964-SVLEA,0.0225,No,Low
7297-DVYGA,0.0158,No,Low
2239-CGBUZ,0.0406,No,Low
0854-UYHZD,0.0043,No,Low
7243-LCGGZ,0.4262,No,Medium
8267-KFGYD,0.2222,No,Low
4890-VMUAV,0.0505,No,Low
9261-WDCAF,0.4198,No,Medium
3764-MNMOI,0.0128,No,Low
7442-YGZFK,0.548,Yes,Medium
8229-BUJHX,0.0011,No,Low
7449-HVPIV,0.0695,No,Low
5504-WSIUR,0.0898,No,Low
8466-PZBLH,0.0585,No,Low
8735-IJJEG,0.2029,No,Low
0564-MUUQK,0.1267,No,Low
0701-RFGFI,0.1273,No,Low
0019-EFAEP,0.064,No,Low
5619-PTMIK,0.1336,No,Low
3737-XBQDD,0.3661,No,Low
5882-CMAZQ,0.25,No,Low
5846-QFDFI,0.0688,No,Low
4445-KWOKW,0.0958,No,Low
3511-APPBJ,0.3243,No,Low
7967-HYCDE,0.4435,No,Medium
2430-RRYUW,0.0574,No,Low
3723-BFBGR,0.1782,No,Low
5447-WZAFP,0.2709,No,Low
5110-CHOPY,0.1482,No,Low
4425-OWHWB,0.018,No,Low
7892-QVYKW,0.1702,No,Low
9675-ICXCT,0.0405,No,Low
4703-MQYKT,0.0199,No,Low
5692-ICXLW,0.5182,Yes,Medium
0602-DDUML,0.0298,No,Low
2208-MPXIO,0.0011,No,Low
1960-UYCNN,0.6933,Yes,Medium
3190-FZATL,0.0317,No,Low
7336-RLLRH,0.1546,No,Low
7710-JSYOA,0.0113,No,Low
9885-MFVSU,0.0202,No,Low
0607-MVMGC,0.1178,No,Low
3365-SAIGS,0.5797,Yes,Medium
8022-BECSI,0.0079,No,Low
9993-LHIEB,0.0219,No,Low
0266-CLZKZ,0.0546,No,Low
7020-OZKXZ,0.4199,No,Medium
3977-QCRSL,0.1214,No,Low
0017-DINOC,0.0215,No,Low
7639-OPLNG,0.0234,No,Low
1492-QGCLU,0.0714,No,Low
7328-OWMOM,0.0206,No,Low
4418-LZMSV,0.0863,No,Low
5155-AZQPB,0.0805,No,Low
1087-GRUYI,0.0086,No,Low
2546-KZAAT,0.1115,No,Low
0181-RITDD,0.0444,No,Low
5989-PGKJB,0.5468,Yes,Medium
8272-ONJLV,0.4769,No,Medium
1488-PBLJN,0.0099,No,Low
0308-GIQJT,0.2369,No,Low
3778-FOAQW,0.0126,No,Low
4452-ROHMO,0.0217,No,Low
3090-LETTY,0.2393,No,Low
5349-AZPEW,0.244,No,Low
9720-JJJOR,0.1004,No,Low
8100-HZZLJ,0.0674,No,Low
8775-ERLNB,0.7804,Yes,High
8309-IEYJD,0.6966,Yes,Medium
7398-HPYZQ,0.0065,No,Low
3546-GHEAE,0.0446,No,Low
7361-YPXFS,0.0905,No,Low
6557-BZXLQ,0.4929,No,Medium
2550-QHZGP,0.0429,No,Low
7519-JTWQH,0.1434,No,Low
2538-OIMXF,0.3678,No,Low
8543-MSDMF,0.446,No,Medium
1170-SASML,0.239,No,Low
4872-JCVCA,0.0144,No,Low
5346-BZCHP,0.0075,No,Low
2038-LLMLM,0.417,No,Medium
1216-BGTSP,0.2764,No,Low
4138-NAXED,0.2458,No,Low
0744-BIKKF,0.0038,No,Low
7483-IQWIB,0.1162,No,Low
5248-KWLAR,0.0114,No,Low
7996-MHXLW,0.0196,No,Low
7833-PKIHD,0.0896,No,Low
7061-OVMIM,0.0604,No,Low
5153-RTHKF,0.4852,No,Medium
1852-QSWCD,0.0065,No,Low
4832-VRBMR,0.2345,No,Low
9079-LWTFD,0.1609,No,Low
3392-EHMNK,0.0078,No,Low
5986-WWXDV,0.0181,No,Low
3061-BCKYI,0.0694,No,Low
7901-TBKJX,0.5043,Yes,Medium
7228-PAQPD,0.1879,No,Low
7746-QYVCO,0.1369,No,Low
5804-HYIEZ,0.0953,No,Low
9919-FZDED,0.0513,No,Low
5934-TSSAU,0.1311,No,Low
3486-KHMLI,0.0297,No,Low
6784-XYJAE,0.1089,No,Low
3933-DQPWX,0.0574,No,Low
6661-EIPZC,0.1044,No,Low
8957-THMOA,0.0044,No,Low
2251-PYLPB,0.0155,No,Low
5555-RNPGT,0.1076,No,Low
1057-FOGLZ,0.0522,No,Low
8087-LGYHQ,0.695,Yes,Medium
4137-BTIKL,0.4837,No,Medium
2190-BCXEC,0.3333,No,Low
6227-FBDXH,0.1914,No,Low
2911-WDXMV,0.2136,No,Low
7206-PQBBZ,0.5539,Yes,Medium
4547-FZJWE,0.0865,No,Low
7422-WNBTY,0.4306,No,Medium
0842-IWYCP,0.1258,No,Low
3521-HTQTV,0.0316,No,Low
3744-ZBHON,0.1393,No,Low
3373-DIUUN,0.0071,No,Low
8383-SGHJU,0.0764,No,Low
7607-QKKTJ,0.0452,No,Low
7707-PYBBH,0.0609,No,Low
8984-HPEMB,0.0849,No,Low
4139-DETXS,0.0029,No,Low
9779-DPNEJ,0.2196,No,Low
9805-FILKB,0.0113,No,Low
5793-YOLJN,0.0031,No,Low
0673-IGUQO,0.2723,No,Low
4123-FCVCB,0.3093,No,Low
8819-IMISP,0.5094,Yes,Medium
8311-UEUAB,0.1613,No,Low
5858-EAFCZ,0.5031,Yes,Medium
1163-ONYEY,0.052,No,Low
5656-MJEFC,0.0321,No,Low
6082-OQFBA,0.013,No,Low
8974-OVACP,0.3824,No,Low
4010-YLMVT,0.2777,No,Low
1379-FRVEB,0.3824,No,Low
8612-GXIDD,0.0272,No,Low
6288-CHQJB,0.0248,No,Low
8160-HOWOX,0.4092,No,Medium
6648-INWPS,0.1089,No,Low
4223-BKEOR,0.0793,No,Low
4079-VTGLK,0.1805,No,Low
1763-WQFUK,0.3445,No,Low
1391-UBDAR,0.4601,No,Medium
8894-JVDCV,0.1964,No,Low
2023-VQFDL,0.0952,No,Low
1345-GKDZZ,0.0375,No,Low
2014-MKGMH,0.3596,No,Low
5628-FCGYG,0.5761,Yes,Medium
2560-WBWXF,0.0082,No,Low
0248-IPDFW,0.5464,Yes,Medium
7978-DKUQH,0.4691,No,Medium
4335-UPJSI,0.0078,No,Low
1784-EZDKJ,0.3013,No,Low
9297-FVVDH,0.0355,No,Low
8007-YYPWD,0.1118,No,Low
7101-HRBLJ,0.0048,No,Low
6635-CPNUN,0.3464,No,Low
5453-YBTWV,0.0169,No,Low
5039-LZRQT,0.0315,No,Low
2931-VUVJN,0.1171,No,Low
6418-PIQSP,0.0094,No,Low
8220-OCUFY,0.0966,No,Low
3995-WFCSM,0.4151,No,Medium
1895-QTKDO,0.4596,No,Medium
2038-OEQZH,0.5835,Yes,Medium
1178-PZGAB,0.0548,No,Low
2626-VEEWG,0.0042,No,Low
2878-RMWXY,0.0837,No,Low
1657-DYMBM,0.0224,No,Low
7311-MQJCH,0.0934,No,Low
7375-WMVMT,0.0756,No,Low
1136-XGEQU,0.0905,No,Low
2530-FMFXO,0.0883,No,Low
6844-DZKRF,0.4369,No,Medium
5970-GHJAW,0.0008,No,Low
8879-XUAHX,0.0436,No,Low
3689-MOZGR,0.2444,No,Low
4195-PNGZS,0.0004,No,Low
5003-XZWWO,0.0163,No,Low
7622-FWGEW,0.0563,No,Low
6922-NCEDI,0.0486,No,Low
9891-NQDBD,0.0491,No,Low
6131-IUNXN,0.0323,No,Low
8548-AWOFC,0.1126,No,Low
9798-DRYDS,0.1691,No,Low
8532-UEFWH,0.0055,No,Low
6296-DDOOR,0.1643,No,Low
7951-VRDVK,0.1979,No,Low
4815-YOSUK,0.0504,No,Low
0380-NEAVX,0.3463,No,Low
4365-MSDYN,0.0951,No,Low
7036-TYDEC,0.2123,No,Low
5802-ADBRC,0.2779,No,Low
8076-FEZKJ,0.0318,No,Low
5197-YPYBZ,0.0323,No,Low
4312-GVYNH,0.016,No,Low
8495-LJDFO,0.1963,No,Low
0839-JTCUD,0.0184,No,Low
5494-WOZRZ,0.007,No,Low
1302-UHBDD,0.5073,Yes,Medium
2234-EOFPT,0.0242,No,Low
8619-IJNDK,0.036,No,Low
8378-LKJAF,0.1375,No,Low
1153-GNOLC,0.23,No,Low
3298-QEICA,0.0413,No,Low
0788-DXBFY,0.0533,No,Low
3597-YASZG,0.1536,No,Low
3496-LFSZU,0.5715,Yes,Medium
5242-UOWHD,0.0004,No,Low
6479-SZPLM,0.0012,No,Low
8097-VBQTZ,0.0598,No,Low
4500-HKANN,0.0594,No,Low
9917-KWRBE,0.0985,No,Low
3420-ZDBMA,0.5725,Yes,Medium
2212-LYASK,0.1827,No,Low
1393-IMKZG,0.7088,Yes,Medium
8069-RHUXK,0.0421,No,Low
3398-GCPMU,0.0143,No,Low
2908-WGAXL,0.0151,No,Low
3378-AJRAO,0.0348,No,Low
1013-QCWAM,0.435,No,Medium
6050-FFXES,0.1303,No,Low
0362-RAOQO,0.0192,No,Low
9554-DFKIC,0.0512,No,Low
5527-ACHSO,0.2248,No,Low
0829-DDVLK,0.0899,No,Low
1399-UBQIU,0.3258,No,Low
1813-JLKWR,0.0703,No,Low
0336-PIKEI,0.043,No,Low
7322-OCWHC,0.0485,No,Low
9537-VHDTA,0.3727,No,Low
4957-TIALW,0.0964,No,Low
2054-PJOCK,0.0885,No,Low
9150-HEPMB,0.0405,No,Low
9030-QGZNL,0.0522,No,Low
3126-WQMGH,0.1229,No,Low
7176-WRTNX,0.1672,No,Low
5732-IKGQH,0.2794,No,Low
9239-GZHZE,0.0232,No,Low
7205-BAIAD,0.0063,No,Low
0093-EXYQL,0.4745,No,Medium
8064-RAVOH,0.5036,Yes,Medium
0219-QAERP,0.0155,No,Low
9168-INPSZ,0.4318,No,Medium
0015-UOCOJ,0.4699,No,Medium
5334-AFQJB,0.0163,No,Low
2754-SDJRD,0.7612,Yes,High
8963-JLGJT,0.2694,No,Low
1465-LNTLJ,0.1984,No,Low
2135-DQWAQ,0.6433,Yes,Medium
4056-QHXHZ,0.0318,No,Low
7401-JIXNM,0.0239,No,Low
9339-FIIJL,0.0146,No,Low
4706-DGAHW,0.6117,Yes,Medium
6670-MFRPK,0.0215,No,Low
6177-PEVRA,0.0462,No,Low
4813-HQMGZ,0.66,Yes,Medium
7579-KKLOE,0.0071,No,Low
8402-EIVQS,0.2205,No,Low
4947-DSMXK,0.1371,No,Low
7245-NIIWQ,0.5763,Yes,Medium
0002-ORFBO,0.1881,No,Low
3324-OIRTO,0.0593,No,Low
5414-OFQCB,0.0854,No,Low
4967-WPNCF,0.0021,No,Low
8552-OBVRU,0.1115,No,Low
8499-BRXTD,0.023,No,Low
9154-QDGTH,0.0797,No,Low
8197-BFWVU,0.01,No,Low
2577-GVSIL,0.1321,No,Low
9367-OIUXP,0.1163,No,Low
6770-UAYGJ,0.004,No,Low
6463-HHXJR,0.021,No,Low
7928-VJYAB,0.2935,No,Low
1187-WILMM,0.0093,No,Low
9776-OJUZI,0.2251,No,Low
1306-RPWXZ,0.0058,No,Low
3097-PYWXL,0.1501,No,Low
2266-SJNAT,0.1665,No,Low
0869-PAPRP,0.3502,No,Low
4238-JSSWH,0.4756,No,Medium
2972-YDYUW,0.1994,No,Low
1104-FEJAM,0.0895,No,Low
2809-ILCYT,0.0589,No,Low
5499-ECUTN,0.076,No,Low
4981-FLTMF,0.034,No,Low
9121-PHQSR,0.488,No,Medium
3113-IWHLC,0.2287,No,Low
4277-BWBML,0.0016,No,Low
0234-TEVTT,0.0378,No,Low
4304-TSPVK,0.0896,No,Low
1552-AAGRX,0.3549,No,Low
2637-FKFSY,0.4755,No,Medium
9796-MVYXX,0.073,No,Low
7874-ECPQJ,0.1002,No,Low
0020-INWCK,0.0264,No,Low
7089-RKVSZ,0.0569,No,Low
2683-JXWQQ,0.1151,No,Low
9548-ZMVTX,0.0037,No,Low
8739-XNIKG,0.7764,Yes,High
9755-JHNMN,0.0212,No,Low
3981-QSVQI,0.0775,No,Low
2789-HQBOU,0.6905,Yes,Medium
9424-CMPOG,0.0109,No,Low
5067-WJEUN,0.0133,No,Low
3450-WXOAT,0.1423,No,Low
9251-WNSOD,0.0912,No,Low
6974-DAFLI,0.0509,No,Low
2616-UUTFK,0.1201,No,Low
7064-JHXCE,0.002,No,Low
7989-AWGEH,0.1064,No,Low
4373-VVHQL,0.5801,Yes,Medium
4559-UWIHT,0.6353,Yes,Medium
7268-IGMFD,0.2997,No,Low
6650-BWFRT,0.0343,No,Low
9570-KYEUA,0.0972,No,Low
6993-YGFJV,0.0975,No,Low
2712-SYWAY,0.2365,No,Low
0730-BGQGF,0.0013,No,Low
5498-IBWPI,0.0424,No,Low
9101-NTIXF,0.0849,No,Low
0013-SMEOE,0.053,No,Low
9314-QDMDW,0.1944,No,Low
9308-ANMVE,0.077,No,Low
3413-DHLPB,0.0933,No,Low
7649-PHJVR,0.0335,No,Low
6114-TCFID,0.058,No,Low
3787-TRIAL,0.1934,No,Low
2573-GYRUU,0.34,No,Low
5156-UMKOW,0.2696,No,Low
1247-QBVSH,0.0814,No,Low
6734-GMPVK,0.6303,Yes,Medium
9822-OAOVB,0.6442,Yes,Medium
6161-ERDGD,0.0521,No,Low
1226-JZNKR,0.0991,No,Low
7318-EIVKO,0.3284,No,Low
3771-PZOBW,0.3832,No,Low
8231-BSWXX,0.1082,No,Low
6486-LHTMA,0.4221,No,Medium
4083-BFNYK,0.2134,No,Low
7389-KBFIT,0.3681,No,Low
7176-WIONM,0.3182,No,Low
5141-ZUVBH,0.3446,No,Low
1089-HDMKP,0.2089,No,Low
7623-HKYRK,0.0388,No,Low
0310-SUCIN,0.1042,No,Low
5197-PYEPU,0.0541,No,Low
6619-RPLQZ,0.0017,No,Low
3275-RHRNE,0.0499,No,Low
3503-TYDAY,0.4049,No,Medium
6901-GOGZG,0.0267,No,Low
7021-XSNYE,0.0796,No,Low
9621-OUPYD,0.03,No,Low
8982-NHAVY,0.3258,No,Low
4307-KWMXE,0.2338,No,Low
0141-YEAYS,0.3976,No,Low
2450-ZKEED,0.1507,No,Low
3694-DELSO,0.2612,No,Low
3893-JRNFS,0.196,No,Low
9603-OAIHC,0.7936,Yes,High
1133-KXCGE,0.0294,No,Low
0142-GVYSN,0.0288,No,Low
1049-FYSYG,0.2533,No,Low
8406-LNMHF,0.0985,No,Low
1821-BUCWY,0.0334,No,Low
0023-UYUPN,0.0464,No,Low
8314-DPQHL,0.1551,No,Low
1465-WCZVT,0.076,No,Low
9481-SFCQY,0.1715,No,Low
6360-SVNWV,0.3406,No,Low
0567-GGCAC,0.209,No,Low
8884-MRNSU,0.0724,No,Low
2171-UDMFD,0.0313,No,Low
9050-IKDZA,0.6417,Yes,Medium
9802-CAQUT,0.0066,No,Low
0187-WZNAB,0.1018,No,Low
1475-VWVDO,0.6081,Yes,Medium
1357-MVDOZ,0.1139,No,Low
7602-MVRMB,0.0259,No,Low
1197-BVMVG,0.7264,Yes,Medium
5406-KGRMX,0.0139,No,Low
5968-HYJRZ,0.0052,No,Low
5198-EFNBM,0.2786,No,Low
7516-GMHUV,0.2201,No,Low
7140-ADSMJ,0.0788,No,Low
2230-XTUWL,0.0048,No,Low
7706-YLMQA,0.0537,No,Low
2585-KTFRE,0.2558,No,Low
7994-UYIVZ,0.722,Yes,Medium
7717-BICXI,0.0023,No,Low
6559-RAKOZ,0.1174,No,Low
4716-MRVEN,0.0066,No,Low
2143-LJULT,0.017,No,Low
3200-MNQTF,0.0332,No,Low
6164-HXUGH,0.0475,No,Low
5630-IXDXV,0.4498,No,Medium
0320-DWVTU,0.0541,No,Low
9135-MGVPY,0.0046,No,Low
1212-GLHMD,0.4872,No,Medium
7878-JGDKK,0.3596,No,Low
1088-AUUZZ,0.0145,No,Low
6614-YWYSC,0.0052,No,Low
9588-OZDMQ,0.5106,Yes,Medium
6476-EPYZR,0.0287,No,Low
1174-FGIFN,0.1316,No,Low
6620-HVDUJ,0.0519,No,Low
1032-MAELW,0.039,No,Low
7641-TQFHN,0.0869,No,Low
1552-TKMXS,0.0455,No,Low
8622-ZLFKO,0.786,Yes,High
6188-UXBBR,0.0183,No,Low
2333-KWEWW,0.0324,No,Low
5702-SKUOB,0.1484,No,Low
1134-YWTYF,0.1496,No,Low
6061-GWWAV,0.0437,No,Low
0679-TDGAK,0.0499,No,Low
6585-WCEWR,0.0062,No,Low
9067-YGSCA,0.0401,No,Low
9067-SQTNS,0.006,No,Low
1776-SPBWV,0.0089,No,Low
8735-SDUFN,0.0021,No,Low
9668-PUGNU,0.0187,No,Low
9405-GPBBG,0.123,No,Low
1926-QUZNN,0.0101,No,Low
7016-NVRIC,0.1705,No,Low
5829-NVSQN,0.0578,No,Low
9565-AXSMR,0.0087,No,Low
8869-LIHMK,0.1316,No,Low
0447-RXSGD,0.4972,No,Medium
4927-WWOOZ,0.8024,Yes,High
5788-YPOEG,0.0117,No,Low
0661-KBKPA,0.0713,No,Low
9081-WWXKP,0.0009,No,Low
0784-ZQJZX,0.0022,No,Low
3133-PZNSR,0.0135,No,Low
0722-SVSFK,0.6308,Yes,Medium
3612-YVGSJ,0.0051,No,Low
9825-YCXWZ,0.2589,No,Low
5397-NSKQG,0.0144,No,Low
8565-HBFNN,0.1483,No,Low
2000-DHJUY,0.0226,No,Low
8670-ERCJH,0.0387,No,Low
7758-UJWYS,0.051,No,Low
2050-ONYDQ,0.0049,No,Low
7055-JCGNI,0.1019,No,Low
0739-UUAJR,0.0132,No,Low
4826-DXMUP,0.0907,No,Low
7285-KLOTR,0.2355,No,Low
0654-PQKDW,0.0126,No,Low
7175-NTIXE,0.1191,No,Low
7963-SHNDT,0.0078,No,Low
9796-BPKIW,0.4265,No,Medium
0188-GWFLE,0.1216,No,Low
8129-GMVGI,0.0074,No,Low
2882-DDZPG,0.1712,No,Low
3547-LQRIK,0.0378,No,Low
9137-NOQKA,0.1462,No,Low
5843-TTHGI,0.2242,No,Low
1849-RJYIG,0.2761,No,Low
8868-GAGIO,0.2703,No,Low
4061-UKJWL,0.4069,No,Medium
5380-XPJNZ,0.0083,No,Low
8263-QMNTJ,0.0301,No,Low
3230-JCNZS,0.014,No,Low
0277-ORXQS,0.0189,No,Low
7996-BPXHY,0.0214,No,Low
3227-WLKLI,0.0064,No,Low
2266-FUBDZ,0.0131,No,Low
8237-ULIXL,0.0023,No,Low
8216-AZUUZ,0.0852,No,Low
9153-BTBVV,0.0033,No,Low
5186-PEIZU,0.062,No,Low
1074-AMIOH,0.0845,No,Low
4361-FEBGN,0.0067,No,Low
7748-UMTRK,0.3119,No,Low
0380-ZCSBI,0.0857,No,Low
7145-FEJWU,0.4577,No,Medium
6463-MVYRY,0.0516,No,Low
3969-JQABI,0.0805,No,Low
9624-EGDEQ,0.0119,No,Low
1051-EQPZR,0.0339,No,Low
5849-ASHZJ,0.0054,No,Low
5780-INQIK,0.36,No,Low
4526-ZJJTM,0.3504,No,Low
8384-FZBJK,0.1696,No,Low
3750-RNQKR,0.0636,No,Low
0962-CQPWQ,0.001,No,Low
3096-YXENJ,0.1612,No,Low
1265-BCFEO,0.0445,No,Low
5837-LXSDN,0.085,No,Low
5945-AZYHT,0.2221,No,Low
8325-QRPZR,0.6021,Yes,Medium
6384-VMJHP,0.0234,No,Low
2262-SLNVK,0.7558,Yes,High
7730-CLDSV,0.0149,No,Low
1135-HIORI,0.0918,No,Low
0164-APGRB,0.056,No,Low
6481-ESCNL,0.4495,No,Medium
1790-NESIO,0.0261,No,Low
1550-EENBN,0.347,No,Low
8198-RKSZG,0.0965,No,Low
9297-EONCV,0.0072,No,Low
1069-QJOEE,0.0163,No,Low
7799-DSEWS,0.1371,No,Low
8766-PAFNE,0.0147,No,Low
5315-CKEQK,0.1007,No,Low
3130-ICDUP,0.4014,No,Medium
0820-FNRNX,0.1035,No,Low
0880-FVFWF,0.2626,No,Low
4611-ANLQC,0.1424,No,Low
4213-HKBJO,0.0624,No,Low
2792-LSHWX,0.5202,Yes,Medium
0014-BMAQU,0.0573,No,Low
9018-PCIOK,0.0444,No,Low
4837-QUSFT,0.0914,No,Low
9953-ZMKSM,0.0109,No,Low
0907-HQNTS,0.0611,No,Low
7665-NKLAV,0.0302,No,Low
4391-LNRXK,0.2713,No,Low
8250-ZNGGW,0.1698,No,Low
8562-GHPPI,0.1449,No,Low
5893-PYOLZ,0.0236,No,Low
4986-MXSFP,0.1066,No,Low
6131-FOYAS,0.1324,No,Low
3027-YNWZU,0.0043,No,Low
5609-IMCGG,0.3922,No,Low
4727-MCYZG,0.5443,Yes,Medium
9481-WHGWY,0.0223,No,Low
4328-VUFWD,0.0935,No,Low
3301-LSLWQ,0.1353,No,Low
7473-ZBDSN,0.0038,No,Low
3166-PNEOF,0.0184,No,Low
5639-NTUPK,0.1394,No,Low
8780-YRMTT,0.0288,No,Low
5140-FOMCQ,0.1905,No,Low
6242-SGYTS,0.0424,No,Low
8166-ORCHU,0.2303,No,Low
8414-OOEEL,0.0243,No,Low
8454-AATJP,0.0412,No,Low
4531-AUZNK,0.0396,No,Low
4191-XOVOM,0.3064,No,Low
2150-OEGBV,0.0302,No,Low
1855-CFULU,0.1451,No,Low
4878-BUNFV,0.0004,No,Low
1872-EBWSC,0.0061,No,Low
7026-YMSBE,0.0122,No,Low
6997-UVGOX,0.0011,No,Low
9674-EHPPG,0.0299,No,Low
5440-VHLUL,0.289,No,Low
5781-BKHOP,0.0701,No,Low
5213-TWWJU,0.3459,No,Low
8628-MFKAX,0.0259,No,Low
7629-WIXZF,0.2641,No,Low
5445-GLVOT,0.3384,No,Low
3976-HXHCE,0.0332,No,Low
2466-NEJOJ,0.0364,No,Low
0254-KCJGT,0.119,No,Low
5472-CVMDX,0.0292,No,Low
6461-SZMCV,0.005,No,Low
8150-QUDFX,0.1035,No,Low
9508-ILZDG,0.4819,No,Medium
2346-DJQTB,0.2889,No,Low
1697-LYYYX,0.0118,No,Low
1942-OQFRW,0.535,Yes,Medium
9640-ZSLDC,0.0311,No,Low
4231-LZUYM,0.0026,No,Low
6128-AQBMT,0.4144,No,Medium
3594-BDSOA,0.0267,No,Low
5133-VRSAB,0.2716,No,Low
5996-DAOQL,0.3005,No,Low
6838-YAUVY,0.127,No,Low
0484-JPBRU,0.0527,No,Low
7883-ROJOC,0.1734,No,Low
0244-LGNFY,0.0052,No,Low
7274-CGTOD,0.0144,No,Low
4295-YURET,0.0411,No,Low
4635-EJYPD,0.0051,No,Low
1866-ZSLJM,0.0401,No,Low
4636-TVXVG,0.0108,No,Low
4236-UJPWO,0.5532,Yes,Medium
9392-XBGTD,0.0016,No,Low
6402-SSEJG,0.1647,No,Low
1169-SAOCL,0.3036,No,Low
1110-KYLGQ,0.1745,No,Low
9929-PLVPA,0.0911,No,Low
3518-PZXZQ,0.5714,Yes,Medium
2371-JUNGC,0.1036,No,Low
7693-QPEFS,0.264,No,Low
0924-BJCRC,0.3392,No,Low
5074-FBGHB,0.2966,No,Low
2351-BKRZW,0.0217,No,Low
4455-BFSPD,0.1936,No,Low
3948-KXDUF,0.0228,No,Low
2323-ARSVR,0.0776,No,Low
0815-MFZGM,0.1287,No,Low
5480-XTFFL,0.014,No,Low
8295-FHIVV,0.0914,No,Low
9086-YJYXS,0.0337,No,Low
1179-INLAT,0.0838,No,Low
7909-FIOIY,0.1078,No,Low
6351-SCJKT,0.3382,No,Low
5468-BPMMO,0.0683,No,Low
0197-PNKNK,0.024,No,Low
2439-QKJUL,0.1223,No,Low
1194-SPVSP,0.2209,No,Low
9534-NSXEM,0.0061,No,Low
8929-KSWIH,0.1174,No,Low
2250-IVBWA,0.0762,No,Low
1810-MVMAI,0.0739,No,Low
9506-UXUSK,0.5078,Yes,Medium
1229-RCALF,0.1565,No,Low
3572-UOLYZ,0.1018,No,Low
1429-UYJSV,0.0324,No,Low
6366-XIVKZ,0.135,No,Low
3470-OBUET,0.0212,No,Low
2770-NSVDG,0.3381,No,Low
9375-MHRRS,0.2638,No,Low
4860-YZGZM,0.0864,No,Low
6599-GZWCM,0.3644,No,Low
5533-NHFRF,0.3484,No,Low
7037-MTYVW,0.03,No,Low
4760-THGOT,0.3554,No,Low
4016-BJKTZ,0.3153,No,Low
6584-VQMYT,0.0288,No,Low
9838-BFCQT,0.0023,No,Low
2790-XUYMV,0.0367,No,Low
0581-MDMPW,0.4011,No,Medium
1023-BQXZE,0.0412,No,Low
9163-GHAYE,0.253,No,Low
3904-UKFRE,0.5184,Yes,Medium
5353-WILCI,0.1256,No,Low
0058-EVZWM,0.25,No,Low
7009-PCARS,0.0195,No,Low
0519-DRGTI,0.0139,No,Low
1017-FBQMM,0.0521,No,Low
1985-MBRYP,0.0163,No,Low
9372-TXXPS,0.0177,No,Low
3259-QMXUN,0.0959,No,Low
1015-JPFYW,0.0177,No,Low
6645-MXQJT,0.3523,No,Low
4360-QRAVE,0.2593,No,Low
8433-WPJTV,0.0692,No,Low
5804-JMYIO,0.0029,No,Low
6484-LATFU,0.0125,No,Low
7599-NTMDP,0.0097,No,Low
0536-ACXIP,0.0771,No,Low
0936-NQLJU,0.0126,No,Low
1575-KRZZE,0.366,No,Low
3251-YMVWZ,0.0686,No,Low
4884-LEVMQ,0.0129,No,Low
8857-CUPFQ,0.0452,No,Low
7610-TVOPG,0.1041,No,Low
3638-DIMPH,0.2394,No,Low
1845-ZLLIG,0.5675,Yes,Medium
8559-WNQZS,0.1733,No,Low
1699-UOTXU,0.0425,No,Low
0635-WKOLD,0.0973,No,Low
5993-JSUWV,0.0224,No,Low
4518-FZBSX,0.0015,No,Low
5387-ASZNZ,0.0549,No,Low
6988-CJEYV,0.4352,No,Medium
3097-FQTVJ,0.0076,No,Low
5465-BUBFA,0.002,No,Low
7299-GNVPL,0.0981,No,Low
9743-DQKQW,0.5673,Yes,Medium
1215-VFYVK,0.2776,No,Low
9371-BITHB,0.004,No,Low
9093-FPDLG,0.5371,Yes,Medium
0541-FITGH,0.3603,No,Low
6985-HAYWX,0.3198,No,Low
7508-KBIMB,0.0332,No,Low
6838-HVLXG,0.068,No,Low
2277-DJJDL,0.4308,No,Medium
1897-OKVMW,0.0049,No,Low
5485-ITNPC,0.0169,No,Low
0233-FTHAV,0.1149,No,Low
4644-PIZRT,0.0807,No,Low
8922-NPKBJ,0.0035,No,Low
2740-TVLFN,0.5536,Yes,Medium
7771-CFQRQ,0.0071,No,Low
9512-PHSMG,0.074,No,Low
6963-EZQEE,0.0197,No,Low
2452-KDRRH,0.3382,No,Low
4146-SVFUD,0.4987,No,Medium
1564-HJUVY,0.229,No,Low
3617-XLSGQ,0.0376,No,Low
7517-LDMPS,0.5594,Yes,Medium
7244-KXYZN,0.0156,No,Low
5226-NOZFC,0.5452,Yes,Medium
1400-WIVLL,0.2128,No,Low
8148-NLEGT,0.0089,No,Low
8347-GDTMP,0.0125,No,Low
6746-WAUWT,0.0273,No,Low
0428-IKYCP,0.359,No,Low
2187-PKZAY,0.5254,Yes,Medium
4003-OCTMP,0.0913,No,Low
6652-YFFJO,0.3366,No,Low
7225-IILWY,0.0006,No,Low
5248-RPYWW,0.0076,No,Low
7923-IYJWY,0.1146,No,Low
3170-GWYKC,0.203,No,Low
9830-ECLEN,0.0441,No,Low
2668-TZSPS,0.2723,No,Low
7446-SFAOA,0.0233,No,Low
9522-ZSINC,0.0414,No,Low
8234-GSZYK,0.0398,No,Low
6505-OZNPG,0.1413,No,Low
6164-HAQTX,0.0165,No,Low
7765-LWVVH,0.0384,No,Low
1658-TJVOA,0.5461,Yes,Medium
0953-LGOVU,0.1294,No,Low
4692-NNQRU,0.2743,No,Low
7742-MYPGI,0.2145,No,Low
9619-GSATL,0.1028,No,Low
5622-UEJFI,0.0109,No,Low
0674-DGMAQ,0.4576,No,Medium
6203-HBZPA,0.0141,No,Low
0484-FFVBJ,0.1762,No,Low
0301-FIDRB,0.0014,No,Low
4139-JPIAM,0.0588,No,Low
2181-TIDSV,0.0009,No,Low
2761-XECQW,0.3067,No,Low
1936-CZAKF,0.1081,No,Low
9453-PATOS,0.0019,No,Low
4402-FTBXC,0.2185,No,Low
2931-XIQBR,0.068,No,Low
0106-UGRDO,0.054,No,Low
5542-TBBWB,0.872,Yes,High
1930-QPBVZ,0.0211,No,Low
2606-PKWJB,0.0293,No,Low
5322-ZSMZY,0.0067,No,Low
8059-UDZFY,0.2111,No,Low
7740-BTPUX,0.1394,No,Low
5220-AGAAX,0.0004,No,Low
0208-BPQEJ,0.0809,No,Low
9435-JMLSX,0.0063,No,Low
3352-ALMCK,0.4618,No,Medium
5312-IRCFR,0.05,No,Low
5294-IMHHT,0.1703,No,Low
6176-YJWAS,0.0522,No,Low
5310-NOOVA,0.0213,No,Low
4526-EXKKN,0.0379,No,Low
5311-IHLEI,0.2079,No,Low
3987-KQDDU,0.4049,No,Medium
3404-JNXAX,0.1383,No,Low
5131-PONJI,0.068,No,Low
3489-VSFRD,0.0383,No,Low
3345-JHUEO,0.081,No,Low
5815-HGGHV,0.0716,No,Low
5260-UMPWX,0.0233,No,Low
5649-RXQTV,0.4006,No,Medium
2674-MIAHT,0.6711,Yes,Medium
2576-HXMPA,0.1417,No,Low
7587-AOVVU,0.1451,No,Low
6898-MDLZW,0.2434,No,Low
4707-YNOQA,0.0141,No,Low
9357-UJRUN,0.1774,No,Low
8648-PFRMP,0.5066,Yes,Medium
7663-CUXZB,0.1146,No,Low
0258-NOKBL,0.5463,Yes,Medium
1163-VIPRI,0.0669,No,Low
9348-ROUAI,0.0041,No,Low
9443-JUBUO,0.0033,No,Low
3043-TYBNO,0.2285,No,Low
4830-FAXFM,0.0405,No,Low
5906-BFOZT,0.41,No,Medium
2960-NKRSO,0.4084,No,Medium
8996-ZROXE,0.1189,No,Low
5598-IKHQQ,0.0068,No,Low
0397-ZXWQF,0.0074,No,Low
5266-PFRQK,0.0082,No,Low
4674-HGNUA,0.0013,No,Low
6765-MBQNU,0.0459,No,Low
9786-IJYDL,0.156,No,Low
1303-SRDOK,0.0258,No,Low
3769-MHZNV,0.0114,No,Low
6295-OSINB,0.077,No,Low
3308-MHOOC,0.2758,No,Low
2207-QPJED,0.3119,No,Low
4177-JPDFU,0.2123,No,Low
2239-CFOUJ,0.2028,No,Low
8046-DNVTL,0.0144,No,Low
2209-XADXF,0.4735,No,Medium
6620-JDYNW,0.1894,No,Low
4770-UEZOX,0.6213,Yes,Medium
1038-RQOST,0.0222,No,Low
4568-TTZRT,0.0885,No,Low
9513-DXHDA,0.1666,No,Low
0516-QREYC,0.0535,No,Low
8084-OIVBS,0.0469,No,Low
8896-BQTTI,0.2777,No,Low
3865-QBWSJ,0.1187,No,Low
3352-RICWQ,0.014,No,Low
2160-GPFXD,0.0076,No,Low
2065-MMKGR,0.1245,No,Low
5857-TYBCJ,0.5096,Yes,Medium
1498-NHTLT,0.0074,No,Low
1402-PTHGN,0.059,No,Low
4176-RELJR,0.0059,No,Low
5199-FPUSP,0.0787,No,Low
6377-KSLXC,0.105,No,Low
1796-JANOW,0.1017,No,Low
0238-WHBIQ,0.0012,No,Low
8735-NBLWT,0.0333,No,Low
6651-RLGGM,0.0023,No,Low
1614-JBEBI,0.0735,No,Low
5696-EXCYS,0.0253,No,Low
5795-KTGUD,0.132,No,Low
7924-GJZFI,0.4631,No,Medium
4702-HDRKD,0.0391,No,Low
8512-WIWYV,0.0151,No,Low
5897-ZYEKH,0.1979,No,Low
5456-ITGIC,0.0114,No,Low
1406-PUQVY,0.4402,No,Medium
9114-AAFQH,0.13,No,Low
8715-KKTFG,0.2344,No,Low
1728-BQDMA,0.4703,No,Medium
5117-ZSMHQ,0.0015,No,Low
5151-HQRDG,0.0969,No,Low
0960-HUWBM,0.0441,No,Low
6465-GSRCL,0.0892,No,Low
0263-FJTQO,0.0164,No,Low
7319-ZNRTR,0.0201,No,Low
7503-EPSZW,0.0082,No,Low
7089-XXAYG,0.2031,No,Low
8070-AAWZP,0.1785,No,Low
1666-JXLKU,0.5533,Yes,Medium
7855-DIWPO,0.4628,No,Medium
5133-POWUA,0.5829,Yes,Medium
5652-MSDEY,0.5918,Yes,Medium
1810-BOHSY,0.204,No,Low
1784-BXEFA,0.0656,No,Low
7351-MHQVU,0.1759,No,Low
9224-VTYID,0.0123,No,Low
9500-IWPXQ,0.0277,No,Low
5762-TJXGK,0.0432,No,Low
4504-YOULA,0.0624,No,Low
5569-IDSEY,0.2424,No,Low
7284-ZZLOH,0.0532,No,Low
1777-JYQPJ,0.4948,No,Medium
3401-URHDA,0.0315,No,Low
1599-EAHXY,0.0122,No,Low
8631-XVRZL,0.0456,No,Low
3853-LYGAM,0.3153,No,Low
5751-USDBL,0.0097,No,Low
5680-LQOGP,0.0053,No,Low
8189-DUKMV,0.1403,No,Low
9931-DCEZH,0.0681,No,Low
1898-JSNDC,0.1217,No,Low
0315-LVCRK,0.4729,No,Medium
3911-RSNHI,0.0146,No,Low
2410-CIYFZ,0.0563,No,Low
5505-OVWQW,0.0341,No,Low
7271-AJDTL,0.2627,No,Low
1867-TJHTS,0.2193,No,Low
6860-YRJZP,0.6322,Yes,Medium
4429-WYGFR,0.1434,No,Low
2817-LVCPP,0.0117,No,Low
5038-ETMLM,0.0348,No,Low
5056-FIMPT,0.1282,No,Low
4521-WFJAI,0.0451,No,Low
6569-KTMDU,0.2873,No,Low
8809-XKHMD,0.063,No,Low
0396-YCHWO,0.5725,Yes,Medium
0867-LDTTC,0.2863,No,Low
9391-DXGGG,0.187,No,Low
9844-FELAJ,0.1154,No,Low
2122-SZZZD,0.0062,No,Low
3148-AOIQT,0.0125,No,Low
8395-ETZKQ,0.0171,No,Low
6692-YQHXC,0.3632,No,Low
3889-VWBID,0.0075,No,Low
5222-JCXZT,0.0788,No,Low
9754-CLVZW,0.1267,No,Low
2739-CCZMB,0.071,No,Low
7080-TNUWP,0.1305,No,Low
0496-AHOOK,0.1084,No,Low
8336-TAVKX,0.0253,No,Low
2468-SJFLM,0.6185,Yes,Medium
3181-VTHOE,0.12,No,Low
7168-HDQHG,0.0302,No,Low
4567-AKPIA,0.0787,No,Low
7901-HXJVA,0.4612,No,Medium
5924-IFQTT,0.1471,No,Low
7968-QUXNS,0.074,No,Low
8903-WMRNW,0.5685,Yes,Medium
2452-SNHFZ,0.2407,No,Low
3629-WEAAM,0.1799,No,Low
6029-CSMJE,0.2151,No,Low
7993-NQLJE,0.2001,No,Low
9909-DFRJA,0.2367,No,Low
9099-FTUHS,0.2097,No,Low
0581-BXBUB,0.5515,Yes,Medium
4962-CHQPW,0.0024,No,Low
9467-ROOLM,0.0263,No,Low
5150-ITWWB,0.8228,Yes,High
2253-KPMNB,0.0151,No,Low
1345-ZUKID,0.026,No,Low
6429-SHBCB,0.238,No,Low
9281-OFDMF,0.4288,No,Medium
2603-HVKCG,0.4606,No,Medium
1834-WULEG,0.0005,No,Low
9097-ZUBYC,0.2764,No,Low
5148-ORICT,0.0227,No,Low
4893-GYUJU,0.0428,No,Low
4578-PHJYZ,0.0266,No,Low
7272-QDCKA,0.3985,No,Low
8908-SLFCJ,0.0224,No,Low
9766-HGEDE,0.0366,No,Low
6968-MHOMU,0.1779,No,Low
5044-XDPYX,0.0267,No,Low
1814-WFGVS,0.0131,No,Low
3721-WKIIL,0.0323,No,Low
6734-CKRSM,0.1149,No,Low
1265-ZFOSD,0.0122,No,Low
6568-POCUI,0.1196,No,Low
5197-LQXXH,0.0118,No,Low
3457-PQBYH,0.0019,No,Low
7682-AZNDK,0.1089,No,Low
5384-ZTTWP,0.0329,No,Low
3745-HRPHI,0.012,No,Low
7636-OWBPG,0.2831,No,Low
1231-YNDEK,0.0455,No,Low
1407-DIGZV,0.039,No,Low
0570-BFQHT,0.4814,No,Medium
4393-OBCRR,0.078,No,Low
8564-LDKFL,0.3317,No,Low
3696-DFHHB,0.0047,No,Low
4717-GHADL,0.0507,No,Low
5501-TVMGM,0.6674,Yes,Medium
5879-HMFFH,0.0042,No,Low
6772-WFQRD,0.0052,No,Low
3810-DVDQQ,0.0143,No,Low
6972-SNKKW,0.0967,No,Low
3694-GLTJM,0.1267,No,Low
8550-XSXUQ,0.0989,No,Low
9055-MOJJJ,0.0114,No,Low
4359-INNWN,0.0705,No,Low
0585-EGDDA,0.4188,No,Medium
4032-RMHCI,0.0852,No,Low
0549-CYCQN,0.1473,No,Low
3481-JHUZH,0.4629,No,Medium
3594-IVHJZ,0.1029,No,Low
6869-FGJJC,0.103,No,Low
3896-ZVNET,0.0168,No,Low
8205-VSLRB,0.034,No,Low
5960-MVTUK,0.4981,No,Medium
6817-WTYHE,0.4401,No,Medium
3082-VQXNH,0.4048,No,Medium
4931-TRZWN,0.3472,No,Low
0750-EKNGL,0.1032,No,Low
7669-LCRSD,0.1186,No,Low
3567-PQTSO,0.1056,No,Low
8043-PNYSD,0.0048,No,Low
9938-EKRGF,0.193,No,Low
2703-AMTUL,0.0257,No,Low
0928-JMXNP,0.5621,Yes,Medium
8173-RXAYP,0.0022,No,Low
4825-XJGDM,0.0295,No,Low
5402-HTOTQ,0.3009,No,Low
6734-JDTTV,0.0044,No,Low
7850-THJMU,0.0073,No,Low
3890-RTCMS,0.2361,No,Low
3717-FDJFU,0.0303,No,Low
3665-JATSN,0.3738,No,Low
7966-YOTQW,0.2533,No,Low
8853-TZDGH,0.0568,No,Low
4324-BZCKL,0.1598,No,Low
6924-TDGMT,0.0564,No,Low
1536-YHDOE,0.0676,No,Low
8123-QBNAZ,0.1212,No,Low
3629-ZNKXA,0.5524,Yes,Medium
4827-LTQRJ,0.055,No,Low
7711-YIJWC,0.0363,No,Low
5482-VXSXJ,0.4623,No,Medium
7365-BVCJH,0.672,Yes,Medium
9620-ENEJV,0.4521,No,Medium
2378-YIZKA,0.0043,No,Low
0689-DSXGL,0.0379,No,Low
6818-DJXAA,0.4103,No,Medium
0464-WJTKO,0.001,No,Low
8902-ZEOVF,0.0022,No,Low
6778-EICRF,0.0455,No,Low
2662-NNTDK,0.0362,No,Low
4132-KALRO,0.7051,Yes,Medium
2874-YXVVA,0.368,No,Low
1245-HARPS,0.0295,No,Low
4323-ELYYB,0.0188,No,Low
4293-ETKAP,0.0247,No,Low
6064-PUPMC,0.027,No,Low
6504-VBLFL,0.0477,No,Low
6322-PJJDJ,0.2525,No,Low
0330-BGYZE,0.2092,No,Low
1085-LDWAM,0.0081,No,Low
7586-ZATGZ,0.5381,Yes,Medium
7197-VOJMM,0.0336,No,Low
1843-TLSGD,0.0086,No,Low
9626-VFRGG,0.1375,No,Low
7075-BNDVQ,0.2817,No,Low
9143-CANJF,0.1423,No,Low
7284-BUYEC,0.359,No,Low
2041-JIJCI,0.2978,No,Low
4900-MSOMT,0.0052,No,Low
2229-VWQJH,0.1992,No,Low
9194-GFVOI,0.0272,No,Low
1336-EZFZY,0.1189,No,Low
4282-MSACW,0.279,No,Low
1403-LKLIK,0.0042,No,Low
0136-IFMYD,0.1514,No,Low
5144-TVGLP,0.5104,Yes,Medium
9643-AVVWI,0.4789,No,Medium
0253-ZTEOB,0.0291,No,Low
2706-QZIHY,0.0607,No,Low
6061-PQHMK,0.0165,No,Low
6137-MFAJN,0.1851,No,Low
9122-UMROB,0.2847,No,Low
4232-JGKIY,0.2959,No,Low
2402-TAIRZ,0.2282,No,Low
9659-ZTWSM,0.221,No,Low
9139-TWBAS,0.1254,No,Low
6685-GBWJZ,0.0486,No,Low
2195-VVRJF,0.2593,No,Low
3913-RDSJZ,0.0127,No,Low
4203-QGNZA,0.0094,No,Low
5043-TRZWM,0.7172,Yes,Medium
9494-BDNNC,0.2651,No,Low
1640-PLFMP,0.7562,Yes,High
5366-OBVMR,0.1898,No,Low
7644-OMVMY,0.0747,No,Low
4573-JKNAE,0.0285,No,Low
9817-APLHW,0.0727,No,Low
8380-MQINP,0.0067,No,Low
0840-DFEZH,0.6672,Yes,Medium
8690-ZVLCL,0.0029,No,Low
1125-SNVCK,0.1438,No,Low
0384-LPITE,0.1628,No,Low
4616-EWBNJ,0.1504,No,Low
1335-HQMKX,0.2773,No,Low
2545-EBUPK,0.8324,Yes,High
6923-AQONU,0.0018,No,Low
2172-EJXVF,0.2605,No,Low
4536-PLEQY,0.4951,No,Medium
7029-IJEJK,0.0291,No,Low
8871-JLMHM,0.0588,No,Low
5447-VYTKW,0.044,No,Low
3623-FQBOX,0.0501,No,Low
8659-HDIYE,0.1132,No,Low
3474-BAFSJ,0.0214,No,Low
3865-ZFZIB,0.019,No,Low
1855-AGAWH,0.4345,No,Medium
7109-CQYUZ,0.0101,No,Low
1370-GGAWX,0.2716,No,Low
4680-KUTAJ,0.3327,No,Low
5307-UVGNB,0.0828,No,Low
2883-ILGWO,0.3155,No,Low
3642-BYHDO,0.001,No,Low
9629-NHXFW,0.3616,No,Low
2696-RZVZW,0.0067,No,Low
5766-FTRTS,0.0021,No,Low
0396-HUJBP,0.0969,No,Low
8879-ZKJOF,0.1347,No,Low
6285-FTQBF,0.0022,No,Low
1474-JUWSM,0.0903,No,Low
3530-CRZSB,0.0918,No,Low
8498-XXGWA,0.0675,No,Low
9617-INGJY,0.6924,Yes,Medium
0621-TSSMU,0.0225,No,Low
7234-KMNRQ,0.0763,No,Low
7636-PEPNS,0.0472,No,Low
4683-WYDOU,0.2626,No,Low
9052-DHNKM,0.1255,No,Low
6794-HKIAJ,0.1393,No,Low
5578-NKCXI,0.0564,No,Low
1642-HMARX,0.0101,No,Low
3096-WPXBT,0.0412,No,Low
8434-PNQZX,0.0333,No,Low
5950-AAAGJ,0.366,No,Low
4299-OPXEJ,0.0466,No,Low
9618-LFJRU,0.1269,No,Low
6693-DJWTY,0.0373,No,Low
0744-GKNGE,0.0347,No,Low
6447-EGDIV,0.0391,No,Low
1167-OYZJF,0.0097,No,Low
4806-DXQCE,0.0569,No,Low
4854-SSLTN,0.1447,No,Low
5294-DMSFH,0.1439,No,Low
4837-PZTIC,0.0169,No,Low
0603-OLQDC,0.1419,No,Low
3272-VUHPV,0.1451,No,Low
4176-FXYBO,0.3259,No,Low
1063-DHQJF,0.0172,No,Low
8663-UPDGF,0.1166,No,Low
6719-FGEDO,0.0411,No,Low
1837-YQUCE,0.0067,No,Low
0369-ZGOVK,0.0736,No,Low
9919-KNPOO,0.6011,Yes,Medium
7872-BAAZR,0.0216,No,Low
9391-LMANN,0.0581,No,Low
8174-TBVCF,0.0206,No,Low
1698-XFZCI,0.2526,No,Low
1877-HKBQX,0.1301,No,Low
4450-DLLMH,0.5777,Yes,Medium
0428-AXXLJ,0.0111,No,Low
2746-DIJLO,0.1387,No,Low
3508-VLHCZ,0.0013,No,Low
4086-ATNFV,0.0386,No,Low
0468-YRPXN,0.3552,No,Low
5996-NRVXR,0.1325,No,Low
3739-YBWAB,0.0962,No,Low
7047-FWEYA,0.3156,No,Low
2000-MPKCA,0.2796,No,Low
9762-YAQAA,0.1542,No,Low
5473-KHBPS,0.0444,No,Low
0100-DUVFC,0.3091,No,Low
5397-TUPSH,0.1063,No,Low
8950-MTZNV,0.5083,Yes,Medium
0326-VDYXE,0.2893,No,Low
6773-LQTVT,0.2032,No,Low
0436-TWFFZ,0.0084,No,Low
8566-YPRGL,0.439,No,Medium
6609-MXJHJ,0.0266,No,Low
2669-OIDSD,0.3224,No,Low
8400-WZICQ,0.0646,No,Low
9576-SYUHJ,0.4236,No,Medium
0410-IPFTY,0.4075,No,Medium
2831-EBWRN,0.5685,Yes,Medium
9430-NKQLY,0.0059,No,Low
0247-SLUJI,0.3238,No,Low
9402-ORRAH,0.6171,Yes,Medium
6483-OATDN,0.1509,No,Low
1293-HHSHJ,0.024,No,Low
4840-ORQXB,0.3815,No,Low
3982-DQLUS,0.0765,No,Low
8610-ZIKJJ,0.1074,No,Low
3756-VNWDH,0.2652,No,Low
7801-KICAO,0.5027,Yes,Medium
7673-LPRNY,0.1748,No,Low
6060-QBMGV,0.0011,No,Low
7339-POGZN,0.4597,No,Medium
2828-SLQPF,0.2573,No,Low
4465-VDKIQ,0.3831,No,Low
2921-XWDJH,0.393,No,Low
2558-BUOZZ,0.116,No,Low
9257-AZMTZ,0.003,No,Low
0003-MKNFE,0.2343,No,Low
0975-UYDTX,0.1385,No,Low
4682-BLBUC,0.1225,No,Low
0975-VOOVL,0.3697,No,Low
5968-VXZLG,0.5482,Yes,Medium
5201-FRKKS,0.2735,No,Low
9799-CAYJJ,0.5536,Yes,Medium
5443-SCMKX,0.2398,No,Low
8295-KMENE,0.0187,No,Low
6738-ISCBM,0.2162,No,Low
9821-BESNZ,0.3296,No,Low
3678-MNGZX,0.0009,No,Low
1335-NTIUC,0.5572,Yes,Medium
2916-BQZLN,0.4533,No,Medium
4558-CGYCZ,0.1147,No,Low
2368-GAKKQ,0.0833,No,Low
8710-YGLWG,0.5107,Yes,Medium
3199-XGZCY,0.6537,Yes,Medium
3785-KTYSH,0.0388,No,Low
6814-ZPWFQ,0.0528,No,Low
4063-EIKNQ,0.0611,No,Low
6993-YCOBK,0.0764,No,Low
5206-HPJKM,0.19,No,Low
8393-JMVMB,0.327,No,Low
5019-GQVCR,0.5301,Yes,Medium
6036-TTFYU,0.0935,No,Low
2550-AEVRU,0.0318,No,Low
0969-RGKCU,0.0021,No,Low
0378-CJKPV,0.0273,No,Low
2880-FPNAE,0.6336,Yes,Medium
1703-MGIAB,0.2008,No,Low
4311-QTTAI,0.0742,No,Low
4318-RAJVY,0.0584,No,Low
3612-YUNGG,0.0602,No,Low
2254-DLXRI,0.8183,Yes,High
5062-CJJKH,0.0737,No,Low
9028-LIHRP,0.0186,No,Low
1053-MXTTK,0.0335,No,Low
1530-ZTDOZ,0.1394,No,Low
1301-LOPVR,0.0434,No,Low
0853-TWRVK,0.0511,No,Low
6212-ATMLK,0.5338,Yes,Medium
8200-LGKSR,0.0417,No,Low
1568-BEKZM,0.0213,No,Low
0670-ANMUU,0.139,No,Low
6897-RWMUB,0.0036,No,Low
6999-CHVCF,0.086,No,Low
6134-KWTBV,0.0063,No,Low
1077-HUUJM,0.564,Yes,Medium
0895-LNKRC,0.0238,No,Low
2045-BMBTJ,0.2246,No,Low
8417-GSODA,0.0737,No,Low
5171-EPLKN,0.014,No,Low
4452-QIIEB,0.2606,No,Low
6741-EGCBI,0.3211,No,Low
7820-ZYGNY,0.1377,No,Low
9677-AVKED,0.0486,No,Low
2227-JRSJX,0.4174,No,Medium
9847-HNVGP,0.017,No,Low
6696-YDAYZ,0.0128,No,Low
8980-WQFWL,0.1651,No,Low
1730-ZMAME,0.4749,No,Medium
6506-EYCNH,0.0413,No,Low
4634-JLRJT,0.3415,No,Low
9501-UKKNL,0.1974,No,Low
2560-QTSBS,0.0053,No,Low
4795-WRNVT,0.0881,No,Low
6080-TCMYC,0.1425,No,Low
7860-UXCRM,0.02,No,Low
6357-JJPQT,0.7208,Yes,Medium
2292-XQWSV,0.0578,No,Low
9552-TGUZV,0.4677,No,Medium
5913-INRQV,0.154,No,Low
9643-YBLUR,0.2156,No,Low
8734-FNWVH,0.0637,No,Low
9447-YPTBX,0.022,No,Low
9026-LHEVG,0.3167,No,Low
7011-CVEUC,0.3791,No,Low
6185-TASNN,0.5949,Yes,Medium
7925-PNRGI,0.0537,No,Low
1552-CZCLL,0.0318,No,Low
3038-PQIUY,0.1098,No,Low
9313-CDOGY,0.0452,No,Low
8148-BPLZQ,0.1855,No,Low
2623-DRYAM,0.2811,No,Low
9987-LUTYD,0.1052,No,Low
4488-KQFDT,0.3335,No,Low
5693-PIPCS,0.1038,No,Low
0491-KAPQG,0.5032,Yes,Medium
1925-LFCZZ,0.1738,No,Low
8039-EQPIM,0.0083,No,Low
8707-RMEZH,0.1665,No,Low
3209-ZPKFI,0.0918,No,Low
6479-VDGRK,0.0011,No,Low
9373-WSLOY,0.1761,No,Low
3569-JFODW,0.0011,No,Low
9819-FBNSV,0.3678,No,Low
9544-PYPSJ,0.0816,No,Low
1591-XWLGB,0.0025,No,Low
0396-UKGAI,0.076,No,Low
3243-ZHOHY,0.0387,No,Low
5186-EJEGL,0.2285,No,Low
7527-QNRUS,0.0314,No,Low
2203-GHNWN,0.41,No,Medium
3878-AVSOQ,0.7571,Yes,High
3258-SYSWS,0.0324,No,Low
5296-PSYVW,0.0102,No,Low
6319-QSUSR,0.1038,No,Low
0512-FLFDW,0.2593,No,Low
0487-CRLZF,0.0238,No,Low
2107-FBPTK,0.5247,Yes,Medium
9451-WLYRI,0.0395,No,Low
8219-VYBVI,0.0037,No,Low
1991-VOPLL,0.0753,No,Low
9738-QLWTP,0.2246,No,Low
1016-DJTSV,0.561,Yes,Medium
9419-IPPBE,0.0791,No,Low
0174-QRVVY,0.0039,No,Low
5699-BNCAS,0.0159,No,Low
2900-PHPLN,0.0122,No,Low
8106-GWQOK,0.033,No,Low
8751-EDEKA,0.2991,No,Low
6878-GGDWG,0.1155,No,Low
4039-PIMHX,0.1041,No,Low
8450-LUGUK,0.0025,No,Low
3604-WLABM,0.2956,No,Low
0795-GMVQO,0.1798,No,Low
2259-OUUSZ,0.2176,No,Low
1142-IHLOO,0.2142,No,Low
4633-MKHYU,0.6541,Yes,Medium
6257-RJOHI,0.3309,No,Low
1545-JFUML,0.1171,No,Low
7826-VVKWT,0.2307,No,Low
1353-GHZOS,0.1214,No,Low
2587-EKXTS,0.3168,No,Low
5442-BXVND,0.034,No,Low
9753-OYLBX,0.3786,No,Low
2364-UFROM,0.0901,No,Low
6656-JWRQX,0.401,No,Medium
6473-ULUHT,0.142,No,Low
7688-AWMDX,0.0346,No,Low
2842-BCQGE,0.3413,No,Low
7244-QWYHG,0.0419,No,Low
5312-UXESG,0.4131,No,Medium
2150-WLKUW,0.0859,No,Low
7159-FVYPK,0.2605,No,Low
7032-LMBHI,0.0557,No,Low
6088-BXMRG,0.1996,No,Low
4821-SJHJV,0.121,No,Low
7346-MEDWM,0.3304,No,Low
1137-DGOWI,0.1151,No,Low
3812-LRZIR,0.0204,No,Low
9483-GCPWE,0.0164,No,Low
4227-OJHAL,0.0417,No,Low
9220-CXRSC,0.0287,No,Low
4993-JCRGJ,0.3819,No,Low
9537-JALFH,0.0009,No,Low
6698-OXETB,0.0335,No,Low
2103-ZRXFN,0.5543,Yes,Medium
3724-BSCVH,0.0157,No,Low
4877-TSOFF,0.0326,No,Low
9209-NWPGU,0.0782,No,Low
7306-YDSOI,0.0066,No,Low
5288-AHOUP,0.5766,Yes,Medium
0655-YDGFJ,0.1381,No,Low
8468-EHYJA,0.3315,No,Low
6823-SIDFQ,0.0118,No,Low
1097-FSPVW,0.1071,No,Low
8328-SKJNO,0.0434,No,Low
7010-ZMVBF,0.038,No,Low
5201-CBWYG,0.0173,No,Low
6352-GIGGQ,0.1039,No,Low
3635-QQRQD,0.0096,No,Low
2897-DOVND,0.5732,Yes,Medium
3082-YVEKW,0.0155,No,Low
0191-EQUUH,0.0652,No,Low
7134-HBPBS,0.0906,No,Low
3489-HHPFY,0.7703,Yes,High
2926-JEJJC,0.1123,No,Low
4950-BDEUX,0.222,No,Low
5789-LDFXO,0.0503,No,Low
0508-OOLTO,0.474,No,Medium
2984-TBYKU,0.0091,No,Low
9822-WMWVG,0.3577,No,Low
9040-KZVWO,0.1604,No,Low
1548-ARAGG,0.2462,No,Low
6339-RZCBJ,0.0197,No,Low
4415-WNGVR,0.2281,No,Low
2522-AHJXR,0.2161,No,Low
0412-UCCNP,0.0421,No,Low
1816-FLZDK,0.4279,No,Medium
7096-UCLNH,0.3951,No,Low
4615-PIVVU,0.0624,No,Low
8885-QSQBX,0.39,No,Low
8617-ENBDS,0.5055,Yes,Medium
9385-NXKDA,0.0278,No,Low
0430-IHCDJ,0.4582,No,Medium
6674-KVJHG,0.0592,No,Low
1814-DKOLC,0.0947,No,Low
9351-HXDMR,0.1135,No,Low
3537-HPKQT,0.2458,No,Low
2129-ALKBS,0.0366,No,Low
5821-MMEIL,0.0105,No,Low
1309-XGFSN,0.0606,No,Low
6968-URWQU,0.1533,No,Low
4742-TXUEX,0.002,No,Low
9631-XEYKE,0.4291,No,Medium
1335-MXCSE,0.0215,No,Low
8873-TMKGR,0.0077,No,Low
8800-JOOCF,0.3945,No,Low
1469-LBJQJ,0.4343,No,Medium
0064-YIJGF,0.1154,No,Low
2386-OWURY,0.3407,No,Low
0310-VQXAM,0.0996,No,Low
3453-RTHJQ,0.5411,Yes,Medium
6278-FEPBZ,0.1008,No,Low
4280-DLSHD,0.2028,No,Low
1508-DFXCU,0.6248,Yes,Medium
7868-BGSZA,0.1745,No,Low
2800-QQUSO,0.5683,Yes,Medium
7973-DZRKH,0.0345,No,Low
7698-YFGEZ,0.3885,No,Low
9773-PEQBZ,0.5119,Yes,Medium
0650-BWOZN,0.4991,No,Medium
7785-RDVIG,0.0742,No,Low
9602-WCXPI,0.008,No,Low
2903-YYTBW,0.4403,No,Medium
3620-MWJNE,0.3916,No,Low
8573-JGCZW,0.0639,No,Low
6837-HAEVO,0.1164,No,Low
6701-YVNQG,0.0039,No,Low
4304-XUMGI,0.0393,No,Low
9504-YAZWB,0.0243,No,Low
8819-ZBYNA,0.1938,No,Low
6174-NRBTZ,0.0974,No,Low
9481-IEBZY,0.197,No,Low
6137-NICCO,0.5216,Yes,Medium
9065-ZCPQX,0.0151,No,Low
6402-EJMWF,0.3625,No,Low
3620-EHIMZ,0.0051,No,Low
3213-VVOLG,0.0706,No,Low
6870-ECSHE,0.0696,No,Low
8747-UDCOI,0.0216,No,Low
4626-OZDTJ,0.0967,No,Low
9169-BSVIN,0.2663,No,Low
8194-PEEBY,0.0015,No,Low
6872-HXFNF,0.045,No,Low
7714-YXSMB,0.4996,No,Medium
8387-UGUSU,0.0327,No,Low
1080-BWSYE,0.0063,No,Low
1194-HVAIF,0.475,No,Medium
1767-TGTKO,0.2653,No,Low
8439-LTUGF,0.0618,No,Low
8805-JNRAZ,0.4389,No,Medium
6418-HNFED,0.0171,No,Low
0206-OYVOC,0.0128,No,Low
7291-CDTMJ,0.2567,No,Low
7128-GGCNO,0.2946,No,Low
0237-YFUTL,0.2643,No,Low
7691-KGKGP,0.037,No,Low
6710-HSJRD,0.3284,No,Low
3675-EQOZA,0.116,No,Low
0840-DCNZE,0.1102,No,Low
1732-FEKLD,0.1597,No,Low
9862-KJTYK,0.14,No,Low
0479-HMSWA,0.1606,No,Low
5854-KSRBJ,0.0006,No,Low
0365-BZUWY,0.6168,Yes,Medium
5701-SVCWR,0.2206,No,Low
3129-AAQOU,0.0123,No,Low
4922-CVPDX,0.0697,No,Low
1357-BIJKI,0.3577,No,Low
1099-BTKWT,0.1831,No,Low
2018-PZKMU,0.3111,No,Low
7340-KEFQE,0.0356,No,Low
4570-QHXHL,0.4489,No,Medium
7392-YYPYJ,0.6394,Yes,Medium
2223-GDSHL,0.0076,No,Low
9470-RTWDV,0.062,No,Low
2176-OSJUV,0.0333,No,Low
9348-YVOMK,0.3875,No,Low
8104-OSKWT,0.5168,Yes,Medium
4521-YEEHE,0.5737,Yes,Medium
4090-KPJIP,0.7314,Yes,Medium
3786-WOVKF,0.1854,No,Low
2592-HODOV,0.0311,No,Low
7995-ZHHNZ,0.0797,No,Low
3824-RHKVR,0.1169,No,Low
5816-SCGFC,0.2785,No,Low
5989-AXPUC,0.0747,No,Low
4979-HPRFL,0.0063,No,Low
8590-OHDIW,0.0029,No,Low
8015-IHCGW,0.0197,No,Low
2332-TODQS,0.0343,No,Low
9278-VZKCD,0.3425,No,Low
8008-OTEZX,0.0069,No,Low
2773-OVBPK,0.2103,No,Low
5999-LCXAO,0.4269,No,Medium
5206-XZZQI,0.2185,No,Low
4803-LBYPN,0.0158,No,Low
2139-FQHLM,0.3473,No,Low
8261-GWDBQ,0.1152,No,Low
1093-YSWCA,0.0393,No,Low
3882-IYOIJ,0.0288,No,Low
8749-TZYEC,0.0053,No,Low
1755-FZQEC,0.007,No,Low
3115-JPJDD,0.0945,No,Low
5600-KTXFM,0.3615,No,Low
6339-TBELP,0.067,No,Low
7964-YESJC,0.0891,No,Low
6173-GOLSU,0.4059,No,Medium
9938-ZREHM,0.114,No,Low
7950-XWOVN,0.2131,No,Low
4647-MUZON,0.5072,Yes,Medium
9702-AIUJO,0.0393,No,Low
8849-PRIQJ,0.065,No,Low
8851-RAGOV,0.0971,No,Low
5396-IZEPB,0.0675,No,Low
1729-VLAZJ,0.0973,No,Low
8285-ABVLB,0.0057,No,Low
0701-TJSEF,0.1913,No,Low
5712-VBOXD,0.1313,No,Low
6629-LADHQ,0.3433,No,Low
1559-DTODC,0.2502,No,Low
4797-MIWUM,0.0663,No,Low
8720-RQSBJ,0.5424,Yes,Medium
4537-CIBHB,0.0337,No,Low
4324-AHJKS,0.2091,No,Low
4355-CVPVS,0.0642,No,Low
4495-LHSSK,0.1224,No,Low
5915-ANOEI,0.0162,No,Low
9861-PDSZP,0.0817,No,Low
7225-CBZPL,0.5917,Yes,Medium
6704-UTUKK,0.3199,No,Low
2019-HDCZY,0.2432,No,Low
8788-DOXSU,0.0858,No,Low
7404-JLKQG,0.4123,No,Medium
7421-ZLUPA,0.3088,No,Low
3274-NSDWE,0.007,No,Low
2632-IVXVF,0.0359,No,Low
3692-JHONH,0.337,No,Low
8915-NNTRC,0.016,No,Low
5914-GXMDA,0.0287,No,Low
7463-IFMQU,0.0075,No,Low
2920-RNCEZ,0.4933,No,Medium
2541-YGPKE,0.0341,No,Low
5382-TEMLV,0.1207,No,Low
3441-CGZJH,0.027,No,Low
9592-ERDKV,0.1224,No,Low
4778-IZARL,0.1248,No,Low
0432-CAJZV,0.661,Yes,Medium
7008-LZVOZ,0.0071,No,Low
1200-TUZHR,0.6847,Yes,Medium
9365-CSLBQ,0.0026,No,Low
5884-FBCTL,0.0008,No,Low
7130-CTCUS,0.2101,No,Low
6242-FEGFD,0.0591,No,Low
6194-HBGQN,0.0779,No,Low
7634-WSWDB,0.2388,No,Low
6986-IXNDM,0.6323,Yes,Medium
2987-BJXIK,0.0219,No,Low
9769-TSBZE,0.0255,No,Low
1395-WSWXR,0.0076,No,Low
6023-GSSXW,0.0404,No,Low
6752-APNJL,0.049,No,Low
0420-HLGXF,0.5517,Yes,Medium
7446-KQISO,0.0826,No,Low
9823-EALYC,0.0097,No,Low
0582-AVCLN,0.0067,No,Low
5803-NQJZO,0.0285,No,Low
2607-DHDAK,0.002,No,Low
1073-XXCZD,0.0282,No,Low
0743-HRVFF,0.0849,No,Low
4006-HKYHO,0.0129,No,Low
3727-JEZTU,0.2713,No,Low
8143-ETQTI,0.0113,No,Low
9667-TKTVZ,0.4105,No,Medium
3657-COGMW,0.2174,No,Low
8570-KLJYJ,0.0527,No,Low
7754-IXRMC,0.4951,No,Medium
9473-CBZOP,0.0465,No,Low
2969-WGHQO,0.1299,No,Low
4334-HOWRP,0.0151,No,Low
5863-OOKCL,0.0806,No,Low
1686-STUHN,0.0154,No,Low
1329-VHWNP,0.2947,No,Low
0266-GMEAO,0.0045,No,Low
5574-NXZIU,0.1776,No,Low
0019-GFNTW,0.0166,No,Low
4256-ZWTZI,0.2569,No,Low
8309-PPCED,0.0656,No,Low
4098-NAUKP,0.1093,No,Low
5196-WPYOW,0.0102,No,Low
4608-LCIMN,0.1809,No,Low
1485-YDHMM,0.0474,No,Low
4054-CUMIA,0.0457,No,Low
0603-TPMIB,0.0042,No,Low
2525-GVKQU,0.0594,No,Low
8161-QYMTT,0.812,Yes,High
9581-GVBXT,0.0545,No,Low
5862-BRIXZ,0.0154,No,Low
5404-GGUKR,0.3823,No,Low
3308-JSGML,0.0203,No,Low
2126-GSEGL,0.0163,No,Low
0440-QEXBZ,0.1369,No,Low
2434-EEVDB,0.0764,No,Low
6762-QVYJO,0.0091,No,Low
6199-IWKGC,0.2635,No,Low
2675-DHUTR,0.4711,No,Medium
8152-VETUR,0.1004,No,Low
7446-YPODE,0.1812,No,Low
9522-BNTHX,0.3074,No,Low
4676-WLUHT,0.0254,No,Low
7980-MHFLQ,0.0014,No,Low
0757-WCUUZ,0.0172,No,Low
1629-DQQVB,0.1991,No,Low
0374-AACSZ,0.4031,No,Medium
4872-VXRIL,0.0321,No,Low
9140-CZQZZ,0.0242,No,Low
3423-HHXAO,0.0229,No,Low
9938-TKDGL,0.0523,No,Low
0531-ZZJWQ,0.455,No,Medium
6537-QLGEX,0.4262,No,Medium
2688-BHGOG,0.6484,Yes,Medium
3160-TYXLT,0.1393,No,Low
1325-USMEC,0.0789,No,Low
0916-QOFDP,0.4074,No,Medium
5606-AMZBO,0.5355,Yes,Medium
6199-IPCAO,0.0127,No,Low
5640-CAXOA,0.158,No,Low
2235-EZAIK,0.0261,No,Low
3847-BAERP,0.0766,No,Low
1453-RZFON,0.3488,No,Low
8263-OKETD,0.1735,No,Low
0670-KDOMA,0.4265,No,Medium
2476-YGEFM,0.3854,No,Low
8687-BAFGU,0.5856,Yes,Medium
0641-EVBOJ,0.3998,No,Low
0829-XXPLX,0.3388,No,Low
9974-JFBHQ,0.102,No,Low
6624-JDRDS,0.2494,No,Low
0608-JDVEC,0.0191,No,Low
9780-FKVVF,0.1928,No,Low
1919-RTPQD,0.2802,No,Low
5214-NLTIT,0.0225,No,Low
3345-PBBFH,0.2275,No,Low
5055-BRMNE,0.0533,No,Low
2190-PHBHR,0.0743,No,Low
2650-GYRYL,0.0058,No,Low
5208-FVQKB,0.0118,No,Low
7184-LRUUR,0.1168,No,Low
6627-CFOSN,0.2124,No,Low
3982-JGSFD,0.0079,No,Low
1574-DYCWE,0.0005,No,Low
7247-XOZPB,0.066,No,Low
2466-FCCPT,0.0319,No,Low
6211-WWLTF,0.0856,No,Low
4826-TZEVA,0.2935,No,Low
6016-NXBNJ,0.0135,No,Low
9138-EFSMO,0.0638,No,Low
4632-XJMEX,0.0261,No,Low
8910-LEDAG,0.3389,No,Low
3452-GWUIN,0.5949,Yes,Medium
2716-GFZOR,0.2466,No,Low
3724-UCSHY,0.0363,No,Low
8626-XHBIE,0.0145,No,Low
3192-LNKRK,0.0921,No,Low
4439-YRNVD,0.2355,No,Low
2208-UGTGR,0.4092,No,Medium
3005-TYFRD,0.4125,No,Medium
8670-MEFCP,0.0231,No,Low
3079-BCHLN,0.0187,No,Low
7777-UNYHB,0.0893,No,Low
7278-CKDNC,0.5831,Yes,Medium
8450-UYIBU,0.3233,No,Low
2969-VAPYH,0.0363,No,Low
7181-OQCUT,0.5582,Yes,Medium
8474-UMLNT,0.1206,No,Low
3836-FZSDJ,0.0017,No,Low
9142-XMYJH,0.0494,No,Low
0187-QSXOE,0.7184,Yes,Medium
7733-UDMTP,0.3302,No,Low
2649-HWLYB,0.0507,No,Low
5214-CHIWJ,0.0079,No,Low
6904-JLBGY,0.0426,No,Low
2465-BLLEU,0.424,No,Medium
1685-VAYJF,0.2288,No,Low
8874-EJNSR,0.0023,No,Low
6917-YACBP,0.1951,No,Low
5049-MUBWG,0.1031,No,Low
4223-WOZCM,0.5463,Yes,Medium
0769-MURVM,0.0012,No,Low
9253-VIFJQ,0.0769,No,Low
7030-FZTFM,0.027,No,Low
9741-YLNTD,0.6732,Yes,Medium
5917-RYRMG,0.0112,No,Low
5120-ZBLAI,0.086,No,Low
1194-BHJYC,0.0284,No,Low
0906-QVPMS,0.0323,No,Low
1905-OEILC,0.3225,No,Low
7858-GTZSP,0.6726,Yes,Medium
6248-BSHKG,0.01,No,Low
4685-TFLLS,0.0344,No,Low
3470-BTGQO,0.1112,No,Low
1209-VFFOC,0.0057,No,Low
8224-DWCKX,0.4613,No,Medium
4553-DVPZG,0.4212,No,Medium
6917-IAYHD,0.3247,No,Low
8620-RJPZN,0.2969,No,Low
7572-KPVKK,0.1383,No,Low
2642-MAWLJ,0.0032,No,Low
7103-ZGVNT,0.0261,No,Low
2027-WKXMW,0.3431,No,Low
7137-NAXML,0.0382,No,Low
2428-ZMCTB,0.0798,No,Low
2961-VNFKL,0.0128,No,Low
1768-HNVGJ,0.1152,No,Low
6963-KQYQB,0.0057,No,Low
5934-RMPOV,0.2721,No,Low
1207-BLKSA,0.0065,No,Low
8316-BBQAY,0.0173,No,Low
1166-PQLGG,0.0011,No,Low
3146-JTQHR,0.0703,No,Low
4291-YZODP,0.0291,No,Low
4395-PZMSN,0.6849,Yes,Medium
6427-FEFIG,0.018,No,Low
0017-IUDMW,0.0097,No,Low
8706-HRADD,0.1502,No,Low
9955-QOPOY,0.0829,No,Low
4385-ZKVNW,0.0737,No,Low
5446-DKWYW,0.0673,No,Low
9031-ZVQPT,0.1175,No,Low
2990-IAJSV,0.0097,No,Low
8107-KNCIM,0.6376,Yes,Medium
9027-YFHQJ,0.1022,No,Low
5176-LDKUH,0.2374,No,Low
4644-OBGFZ,0.0153,No,Low
7926-IJOOU,0.1324,No,Low
6480-YAGIY,0.25,No,Low
4029-HPFVY,0.6013,Yes,Medium
7602-DBTOU,0.0307,No,Low
5345-BMKWB,0.1393,No,Low
5457-COLHT,0.0072,No,Low
5451-YHYPW,0.0179,No,Low
7998-WNZEM,0.0126,No,Low
4664-NJCMS,0.0247,No,Low
0307-BCOPK,0.0376,No,Low
7629-WFGLW,0.1217,No,Low
2542-HYGIQ,0.1798,No,Low
5016-LIPDW,0.0162,No,Low
6481-LXPWL,0.0619,No,Low
6124-ACRHJ,0.3051,No,Low
9362-MWODR,0.0393,No,Low
9975-GPKZU,0.0018,No,Low
9625-RZFUK,0.0066,No,Low
5153-LXKDT,0.0471,No,Low
5161-UBZXI,0.0374,No,Low
1020-JPQOW,0.2345,No,Low
7919-ZODZZ,0.1219,No,Low
0565-JUPYD,0.1066,No,Low
6867-ACCZI,0.0347,No,Low
5939-XAIXZ,0.2367,No,Low
9054-FOWNV,0.2488,No,Low
8207-VVMYB,0.0104,No,Low
9732-EQMWY,0.383,No,Low
5269-NRGDP,0.0594,No,Low
6195-MELTI,0.1058,No,Low
2121-JAFOM,0.0245,No,Low
8818-DOPVL,0.4598,No,Medium
1227-UDMZR,0.0071,No,Low
5198-HQAEN,0.0823,No,Low
2167-FQSTQ,0.0108,No,Low
2819-GWENI,0.0015,No,Low
3572-UUHRS,0.0204,No,Low
2692-PFYTJ,0.2963,No,Low
5955-EPOAZ,0.0858,No,Low
6821-JPCDC,0.2963,No,Low
8815-LMFLX,0.035,No,Low
9135-HSWOC,0.0035,No,Low
8582-KRHPJ,0.14,No,Low
5811-IWXYM,0.0647,No,Low
7044-YAACC,0.5555,Yes,Medium
8189-XRIKE,0.4435,No,Medium
1506-YJTYT,0.0201,No,Low
4123-DVHPH,0.5594,Yes,Medium
2228-BZDEE,0.0373,No,Low
2789-CZANW,0.0342,No,Low
7596-LDUXP,0.3381,No,Low
3740-RLMVT,0.0438,No,Low
2192-OZITF,0.0221,No,Low
5651-CPDND,0.2364,No,Low
2186-QZEYA,0.1455,No,Low
1131-ALZWV,0.064,No,Low
7729-XBTWX,0.0108,No,Low
9134-WYRVP,0.1643,No,Low
3284-SVCRO,0.0289,No,Low
9732-OUYRN,0.0217,No,Low
0559-CKHUS,0.0624,No,Low
2931-SVLTV,0.1153,No,Low
7504-UWHNB,0.4421,No,Medium
2582-FFFZR,0.344,No,Low
8908-NMQTX,0.0053,No,Low
1431-AIDJQ,0.0143,No,Low
6288-LBEAR,0.3271,No,Low
8413-YNHNV,0.0035,No,Low
5808-TOTXO,0.095,No,Low
4369-NYSCF,0.124,No,Low
6333-YDVLT,0.2037,No,Low
5324-KTGCG,0.0633,No,Low
5599-HVLTW,0.5459,Yes,Medium
7394-LWLYN,0.5809,Yes,Medium
6873-UDNLD,0.1217,No,Low
2700-LUEVA,0.1906,No,Low
0958-YHXGP,0.5513,Yes,Medium
1101-SSWAG,0.3614,No,Low
5743-KHMNA,0.0044,No,Low
4194-FJARJ,0.0218,No,Low
5325-UWTWJ,0.1912,No,Low
3969-GYXEL,0.4012,No,Medium
9208-OLGAQ,0.5161,Yes,Medium
3244-CQPHU,0.0754,No,Low
2674-MLXMN,0.3038,No,Low
9708-HPXWZ,0.2881,No,Low
6992-TKNYO,0.1038,No,Low
4468-YDOVK,0.3014,No,Low
5792-JALQC,0.0528,No,Low
2200-DSAAL,0.1866,No,Low
4302-ZYFEL,0.0078,No,Low
9351-LZYGF,0.059,No,Low
4366-CTOUZ,0.1231,No,Low
1518-OMDIK,0.1337,No,Low
6671-NGWON,0.1119,No,Low
0595-ITUDF,0.0743,No,Low
1955-IBMMB,0.0175,No,Low
0096-BXERS,0.4333,No,Medium
3806-YAZOV,0.0992,No,Low
7998-ZLXWN,0.112,No,Low
6253-WRFHY,0.131,No,Low
9133-AYJZG,0.5089,Yes,Medium
2675-OTVVJ,0.4226,No,Medium
8680-CGLTP,0.0792,No,Low
8430-TWCBX,0.0379,No,Low
5018-GWURO,0.2996,No,Low
6741-QRLUP,0.021,No,Low
4737-HOBAX,0.0366,No,Low
0537-QYZZN,0.2261,No,Low
3340-QBBFM,0.0959,No,Low
8200-KLNYW,0.1975,No,Low
3372-CDXFJ,0.0402,No,Low
4781-ZXYGU,0.3286,No,Low
7632-YUTXB,0.002,No,Low
2718-YSKCS,0.0026,No,Low
9896-UYMIE,0.2,No,Low
0853-NWIFK,0.2391,No,Low
8212-CRQXP,0.3844,No,Low
6980-CDGFC,0.0529,No,Low
7691-XVTZH,0.1183,No,Low
2520-SGTTA,0.077,No,Low
2277-VWCNI,0.5158,Yes,Medium
1088-CNNKB,0.1326,No,Low
1930-BZLHI,0.0069,No,Low
5868-YTYKS,0.2521,No,Low
3525-DVKFN,0.0217,No,Low
1482-OXZSY,0.4233,No,Medium
0377-JBKKT,0.0814,No,Low
5778-BVOFB,0.2396,No,Low
3373-YZZYM,0.2679,No,Low
0228-MAUWC,0.258,No,Low
7663-YJHSN,0.043,No,Low
4915-BFSXL,0.0191,No,Low
3086-RUCRN,0.1337,No,Low
5215-LNLDJ,0.3039,No,Low
7576-JMYWV,0.1068,No,Low
0257-KXZGU,0.0656,No,Low
1307-ATKGB,0.4379,No,Medium
3714-XPXBW,0.1008,No,Low
1850-AKQEP,0.0407,No,Low
2824-DXNKN,0.0196,No,Low
5227-JSCFE,0.0328,No,Low
0848-ZGQIJ,0.5413,Yes,Medium
3621-CHYVB,0.0562,No,Low
8042-RNLKO,0.0629,No,Low
5372-FBKBN,0.0076,No,Low
0420-TXVSG,0.0276,No,Low
6217-TOWGS,0.2248,No,Low
1045-LTCYT,0.0893,No,Low
1544-JJMYL,0.053,No,Low
4636-JGAAI,0.3508,No,Low
6874-SGLHU,0.3085,No,Low
5951-AOFIH,0.1472,No,Low
3059-NGMXB,0.0941,No,Low
8652-YHIYU,0.1524,No,Low
5278-PNYOX,0.0943,No,Low
3486-HOOGQ,0.0087,No,Low
5061-PBXFW,0.0474,No,Low
8630-FJLIB,0.4596,No,Medium
3891-NLXJB,0.0086,No,Low
4749-OJKQU,0.6979,Yes,Medium
0577-WHMEV,0.4164,No,Medium
5453-AXEPF,0.446,No,Medium
3639-XJHKQ,0.1794,No,Low
3716-LRGXK,0.1102,No,Low
2263-SFSQZ,0.0152,No,Low
9950-MTGYX,0.0055,No,Low
3397-AVTKU,0.1074,No,Low
4825-FUREZ,0.0068,No,Low
2672-OJQZP,0.4998,No,Medium
3134-DSHVC,0.057,No,Low
7821-DPRQE,0.1891,No,Low
2001-EWBQU,0.2369,No,Low
1608-GMEWB,0.4511,No,Medium
6695-AMZUF,0.0048,No,Low
8410-BGQXN,0.088,No,Low
1619-YWUBB,0.0125,No,Low
7611-YKYTC,0.1239,No,Low
0365-GXEZS,0.4326,No,Medium
0082-OQIQY,0.4787,No,Medium
3606-SBKRY,0.2079,No,Low
0667-NSRGI,0.1034,No,Low
6893-ODYYE,0.0533,No,Low
8242-JSVBO,0.2991,No,Low
9541-ZPSEA,0.0141,No,Low
2665-NPTGL,0.5571,Yes,Medium
1139-WUOAH,0.0405,No,Low
4693-VWVBO,0.1706,No,Low
6937-GCDGQ,0.0795,No,Low
0988-JRWWP,0.5219,Yes,Medium
5075-JSDKI,0.0159,No,Low
8644-XYTSV,0.1546,No,Low
3873-WOSBC,0.0069,No,Low
7465-ZZRVX,0.757,Yes,High
7975-JMZNT,0.0243,No,Low
7251-XFOIL,0.2705,No,Low
4116-IQRFR,0.087,No,Low
8259-DZLIZ,0.0327,No,Low
0442-ZXKVS,0.2187,No,Low
7853-WNZSY,0.1965,No,Low
3120-FAZKD,0.0058,No,Low
8606-OEGQZ,0.0471,No,Low
0225-ZORZP,0.5536,Yes,Medium
9489-JMTTN,0.0011,No,Low
0575-CUQOV,0.3011,No,Low
0967-BMLBD,0.038,No,Low
2830-LEWOA,0.0482,No,Low
5006-MXVRN,0.011,No,Low
8327-WKMIE,0.0071,No,Low
6917-FIJHC,0.0287,No,Low
5329-KRDTM,0.0402,No,Low
7797-EJMDP,0.1379,No,Low
3530-VWVGU,0.0302,No,Low
6368-NWMCE,0.1202,No,Low
3633-CDBUW,0.081,No,Low
0707-HOVVN,0.0724,No,Low
3956-MGXOG,0.4583,No,Medium
9274-UARKJ,0.4693,No,Medium
4077-HWUYD,0.0015,No,Low
0103-CSITQ,0.2046,No,Low
8671-KKKOS,0.2205,No,Low
7305-ZWMAJ,0.0187,No,Low
9518-XXBXE,0.452,No,Medium
6578-KRMAW,0.2468,No,Low
4860-IJUDE,0.371,No,Low
9688-YGXVR,0.3056,No,Low
0423-UDIJQ,0.2508,No,Low
1945-XISKS,0.0316,No,Low
5360-LJCNJ,0.2045,No,Low
2607-FBDFF,0.4496,No,Medium
1100-DDVRV,0.3596,No,Low
6728-WYQBC,0.2356,No,Low
9029-FEGVJ,0.3397,No,Low
7216-KAOID,0.0046,No,Low
6145-NNPNO,0.45,No,Medium
5339-TJFEK,0.087,No,Low
2074-GUHPQ,0.1544,No,Low
4625-XMOYM,0.007,No,Low
5827-MWCZK,0.04,No,Low
1385-TQOZW,0.102,No,Low
5914-XRFQB,0.0394,No,Low
4329-YPDDQ,0.3832,No,Low
4804-NCPET,0.0054,No,Low
5944-UGLLK,0.0802,No,Low
7787-BNTZM,0.1268,No,Low
2252-ISRNH,0.3367,No,Low
9415-TPKRV,0.1859,No,Low
5322-TEUJK,0.0071,No,Low
1866-DIOQZ,0.0477,No,Low
8375-KVTHK,0.2889,No,Low
2697-NQBPF,0.4634,No,Medium
3709-OIJEA,0.2602,No,Low
1386-ZIKUV,0.0895,No,Low
0599-XNYDO,0.4188,No,Medium
6377-WHAOX,0.4394,No,Medium
6855-VLGOS,0.0074,No,Low
8999-XXGNS,0.1914,No,Low
8746-OQQRW,0.0973,No,Low
3181-MIZBN,0.1263,No,Low
0471-ARVMX,0.2707,No,Low
7766-CLTIC,0.2122,No,Low
5650-YLIBA,0.5142,Yes,Medium
0825-CPPQH,0.0054,No,Low
9084-OAYKL,0.0308,No,Low
6122-LJADA,0.0023,No,Low
2400-XIWIO,0.0101,No,Low
7524-VRLPL,0.0605,No,Low
7569-NMZYQ,0.0238,No,Low
5201-USSQZ,0.3008,No,Low
2105-PHWON,0.3124,No,Low
1494-EJZDW,0.0168,No,Low
4884-TVUQF,0.0651,No,Low
8003-EWNDZ,0.0623,No,Low
1897-RCFUM,0.0097,No,Low
9256-JTBNZ,0.1958,No,Low
2211-RMNHO,0.0053,No,Low
2432-TFSMK,0.2465,No,Low
4929-ROART,0.1763,No,Low
1834-ABKHQ,0.036,No,Low
1741-WTPON,0.0429,No,Low
3932-IJWDZ,0.4126,No,Medium
1240-HCBOH,0.017,No,Low
3594-KADLU,0.3544,No,Low
8065-BVEPF,0.2668,No,Low
3796-ENZGF,0.0299,No,Low
1734-ZMNTZ,0.0206,No,Low
2853-CWQFQ,0.336,No,Low
0813-TAXXS,0.0498,No,Low
2519-TWKFS,0.0405,No,Low
0626-QXNGV,0.0051,No,Low
6723-CEGQI,0.0253,No,Low
4732-RRJZC,0.0347,No,Low
9499-XPZXM,0.0457,No,Low
4338-EYCER,0.2154,No,Low
3007-FDPEA,0.1097,No,Low
6350-XFYGW,0.7276,Yes,Medium
8513-OLYGY,0.032,No,Low
0311-QYWSS,0.4299,No,Medium
8705-DWKTI,0.2615,No,Low
8755-IWJHN,0.2281,No,Low
4480-QQRHC,0.5164,Yes,Medium
0929-PECLO,0.2592,No,Low
3680-CTHUH,0.226,No,Low
1202-KKGFU,0.1785,No,Low
6112-KTHFQ,0.0851,No,Low
1852-XEMDW,0.1367,No,Low
1820-DJFPH,0.0004,No,Low
9426-SXNHE,0.1075,No,Low
9068-FHQHD,0.001,No,Low
1269-FOYWN,0.0032,No,Low
9470-YFUYI,0.0619,No,Low
7402-EYFXX,0.617,Yes,Medium
9895-VFOXH,0.4434,No,Medium
1230-QAJDW,0.2419,No,Low
5701-ZIKJE,0.2363,No,Low
5032-MIYKT,0.7095,Yes,Medium
7396-VJUZB,0.3047,No,Low
9717-QEBGU,0.593,Yes,Medium
5172-RKOCB,0.0461,No,Low
6509-TSGWN,0.0459,No,Low
3178-CIFOT,0.0128,No,Low
4530-NDRKU,0.0376,No,Low
5985-TBABQ,0.0944,No,Low
9800-ONTFE,0.1572,No,Low
6743-HHQPF,0.2067,No,Low
8455-HIRAQ,0.2331,No,Low
6616-AALSR,0.045,No,Low
9415-ZNBSX,0.0023,No,Low
4018-KJYUY,0.0252,No,Low
3884-UEBXB,0.029,No,Low
8780-RSYYU,0.0359,No,Low
5537-UXXVS,0.1273,No,Low
1791-PQHBB,0.2841,No,Low
8701-DGLVH,0.0146,No,Low
8741-LQOBK,0.1469,No,Low
8082-GHXOP,0.1152,No,Low
0980-FEXWF,0.0674,No,Low
3011-WQKSZ,0.1752,No,Low
8218-FFJDS,0.0117,No,Low
1986-PHGZF,0.2158,No,Low
9360-OMDZZ,0.6212,Yes,Medium
0345-XMMUG,0.2076,No,Low
8024-XNAFQ,0.057,No,Low
2988-GBIVW,0.2438,No,Low
2832-SCUCO,0.158,No,Low
7036-ZZKBD,0.1096,No,Low
0265-PSUAE,0.273,No,Low
0463-TXOAK,0.019,No,Low
0594-UFTUL,0.0352,No,Low
9509-MPYOD,0.0055,No,Low
9128-CPXKI,0.2476,No,Low
0129-KPTWJ,0.3525,No,Low
5855-EIBDE,0.1012,No,Low
5365-LLFYV,0.5375,Yes,Medium
5956-YHHRX,0.6321,Yes,Medium
6008-NAIXK,0.2739,No,Low
1928-BXYIV,0.3716,No,Low
5760-FXFVO,0.5587,Yes,Medium
0961-ZWLVI,0.1024,No,Low
5181-OABFK,0.0119,No,Low
4007-NHVHI,0.2702,No,Low
7816-VGHTO,0.1587,No,Low
5871-DGTXZ,0.0061,No,Low
7550-WIQVA,0.0997,No,Low
7544-ZVIKX,0.0942,No,Low
0016-QLJIS,0.0049,No,Low
7508-DQAKK,0.0118,No,Low
5176-OLSKT,0.018,No,Low
9356-AXGMP,0.3494,No,Low
3556-BVQGL,0.0319,No,Low
8979-CAMGB,0.2996,No,Low
7581-EBBOU,0.0988,No,Low
5073-RZGBK,0.0566,No,Low
2192-CKRLV,0.1356,No,Low
3154-HMWUU,0.0138,No,Low
6119-SPUDB,0.0151,No,Low
6522-OIQSX,0.0292,No,Low
7813-ZGGAW,0.3051,No,Low
8748-HFWBO,0.0145,No,Low
1052-QJIBV,0.0011,No,Low
1319-YLZJG,0.5298,Yes,Medium
0723-FDLAY,0.1178,No,Low
3050-RLLXC,0.0167,No,Low
9298-WGMRW,0.0356,No,Low
3088-LHEFH,0.4562,No,Medium
6583-KQJLK,0.6084,Yes,Medium
8544-JNBOX,0.0275,No,Low
6681-ZSEXG,0.0391,No,Low
6139-ZZRBQ,0.0072,No,Low
6116-RFVHN,0.5641,Yes,Medium
8884-FEEWR,0.0188,No,Low
3125-RAHBV,0.0107,No,Low
0373-AIVNJ,0.1817,No,Low
1682-VCOIO,0.0078,No,Low
2072-ZVJJX,0.0057,No,Low
8849-AYPTR,0.4744,No,Medium
9518-IMLHK,0.0862,No,Low
3646-ITDGM,0.0776,No,Low
3569-VLDHH,0.0253,No,Low
8224-KDLKN,0.0004,No,Low
7594-LZNWR,0.285,No,Low
4001-TSBTV,0.085,No,Low
8727-XDPUD,0.1041,No,Low
1043-UXOVO,0.0567,No,Low
1064-FBXNK,0.1817,No,Low
3996-ZNWYK,0.0028,No,Low
2878-DHMIN,0.0128,No,Low
7762-ONLJY,0.0435,No,Low
5795-BKOYE,0.0244,No,Low
7402-PWYJJ,0.2609,No,Low
0018-NYROU,0.5449,Yes,Medium
7501-VTYLJ,0.3305,No,Low
7608-RGIRO,0.0051,No,Low
0480-BIXDE,0.5532,Yes,Medium
5895-QSXOD,0.411,No,Medium
9814-AOUDH,0.0821,No,Low
6175-IRFIT,0.5898,Yes,Medium
8760-ZRHKE,0.028,No,Low
1622-HSHSF,0.4168,No,Medium
6749-UTDVX,0.2666,No,Low
5542-DHSXL,0.2407,No,Low
9102-OXKFY,0.0563,No,Low
5216-WASFJ,0.5511,Yes,Medium
7808-DVWEP,0.1425,No,Low
2284-VFLKH,0.2403,No,Low
0366-NQSHS,0.0829,No,Low
3807-BPOMJ,0.2512,No,Low
3892-NXAZG,0.0048,No,Low
4948-WBBKL,0.3956,No,Low
4182-BGSIQ,0.0716,No,Low
0988-AADSA,0.003,No,Low
9972-NKTFD,0.105,No,Low
3717-LNXKW,0.2836,No,Low
5734-EJKXG,0.1778,No,Low
2207-RYYRL,0.0037,No,Low
6729-FZWSY,0.0463,No,Low
9695-IDRZR,0.0729,No,Low
8144-DGHXP,0.0375,No,Low
7814-LEEVE,0.2814,No,Low
8631-WUXGY,0.1927,No,Low
5906-DVAPM,0.0208,No,Low
6654-QGBZZ,0.3539,No,Low
8348-JLBUG,0.0914,No,Low
5641-DMBFJ,0.0323,No,Low
9200-NLNPD,0.1073,No,Low
2664-XJZNO,0.0291,No,Low
3339-EAQNV,0.2182,No,Low
0921-OHLVP,0.4777,No,Medium
8350-NYMVI,0.1067,No,Low
1600-DILPE,0.261,No,Low
0536-ESJEP,0.035,No,Low
4654-GGUII,0.1126,No,Low
6478-HRRCZ,0.0825,No,Low
8510-BBWMU,0.027,No,Low
6857-TKDJV,0.0004,No,Low
2360-RDGRO,0.283,No,Low
0584-BJQGZ,0.1048,No,Low
1360-XFJMR,0.1916,No,Low
5730-RIITO,0.214,No,Low
9058-MJLZC,0.4956,No,Medium
0902-XKXPN,0.0005,No,Low
5177-RVZNU,0.01,No,Low
0056-EPFBG,0.0682,No,Low
8993-IZEUX,0.3741,No,Low
8190-ZTQFB,0.2605,No,Low
0931-MHTEM,0.2152,No,Low
7515-LODFU,0.0031,No,Low
0440-UEDAI,0.1551,No,Low
1337-BOZWO,0.1048,No,Low
0868-VJRDR,0.1092,No,Low
6344-SFJVH,0.2253,No,Low
3950-VPYJB,0.0108,No,Low
8041-TMEID,0.1483,No,Low
7321-ZNSLA,0.0338,No,Low
6941-KXRRV,0.1516,No,Low
8727-JQFHV,0.0017,No,Low
9475-NNDGC,0.2251,No,Low
1355-KUSBG,0.2586,No,Low
3688-FTHLT,0.3094,No,Low
0899-LIIBW,0.5236,Yes,Medium
1384-RCUXW,0.4598,No,Medium
5825-XJOCM,0.0504,No,Low
6848-YLDFR,0.0353,No,Low
8125-QPFJD,0.0065,No,Low
2320-YKQBO,0.0837,No,Low
4973-RLZVI,0.1499,No,Low
7869-ZYDST,0.1237,No,Low
4501-UYKBC,0.132,No,Low
1215-EXRMO,0.019,No,Low
2305-MRGLV,0.2519,No,Low
8404-VIOMB,0.0065,No,Low
2359-KLTEK,0.1067,No,Low
5304-EFJLP,0.0818,No,Low
2673-ZALNP,0.0577,No,Low
9184-GALIL,0.022,No,Low
4393-RYCRE,0.299,No,Low
9746-MDMBK,0.07,No,Low
3162-ZJZFU,0.081,No,Low
8404-GFGCZ,0.3326,No,Low
8875-AKBYH,0.596,Yes,Medium
0533-UCAAU,0.0646,No,Low
1394-SUIUH,0.2115,No,Low
3521-MNKLV,0.1857,No,Low
2533-TIBIX,0.1353,No,Low
5092-STPKP,0.0557,No,Low
0114-PEGZZ,0.4448,No,Medium
3359-DSRKA,0.0097,No,Low
8639-NHQEI,0.0138,No,Low
7161-DFHUF,0.0217,No,Low
3720-DBRWL,0.0171,No,Low
8565-WUXZU,0.0455,No,Low
4994-OBRSZ,0.0442,No,Low
0562-FGDCR,0.0099,No,Low
2436-QBZFP,0.2209,No,Low
3420-YJLQT,0.6451,Yes,Medium
6040-CGACY,0.081,No,Low
6582-PLFUU,0.0062,No,Low
8242-PDSGJ,0.0321,No,Low
0264-CNITK,0.001,No,Low
0089-IIQKO,0.1005,No,Low
7839-NUIAA,0.0597,No,Low
6075-QMNRR,0.1059,No,Low
5966-EMAZU,0.1739,No,Low
0440-EKDCF,0.0099,No,Low
4774-HHGGS,0.0214,No,Low
2055-BFOCC,0.1022,No,Low
8180-AKMJV,0.5188,Yes,Medium
4298-OYIFC,0.6007,Yes,Medium
5566-SOEZD,0.0623,No,Low
9842-EFSYY,0.3304,No,Low
2272-WUSPA,0.0805,No,Low
4584-LBNMK,0.0226,No,Low
3898-GUYTS,0.2707,No,Low
0930-EHUZA,0.1308,No,Low
9975-SKRNR,0.2862,No,Low
3703-KBKZP,0.4767,No,Medium
4973-MGTON,0.0037,No,Low
3682-YEUWS,0.0486,No,Low
1223-UNPKS,0.0057,No,Low
3446-QDSZF,0.3076,No,Low
5117-IFGPS,0.5575,Yes,Medium
7379-FNIUJ,0.5406,Yes,Medium
1627-AFWVJ,0.0196,No,Low
4486-EFAEB,0.0545,No,Low
0060-FUALY,0.2864,No,Low
6954-OOYZZ,0.2378,No,Low
7088-FBAWU,0.1189,No,Low
8313-AFGBW,0.1271,No,Low
3097-IDVPU,0.1078,No,Low
2197-OMWGI,0.1043,No,Low
2303-PJYHN,0.1677,No,Low
9795-VOWON,0.2902,No,Low
1237-WIYYZ,0.0948,No,Low
1987-AUELQ,0.0037,No,Low
7852-LECYP,0.4173,No,Medium
4822-LPTYJ,0.195,No,Low
8165-CBKXO,0.0259,No,Low
6527-PZFPV,0.0086,No,Low
9593-CVZKR,0.0112,No,Low
8595-SIZNC,0.0584,No,Low
5236-XMZJY,0.1066,No,Low
4827-DPADN,0.0019,No,Low
2694-CIUMO,0.4945,No,Medium
5846-ABOBJ,0.0021,No,Low
1439-LCGVL,0.0203,No,Low
0909-SDHNU,0.1668,No,Low
4647-XXZAM,0.199,No,Low
7740-KKCXF,0.1842,No,Low
5360-XGYAZ,0.0015,No,Low
3557-HTYWR,0.014,No,Low
8920-NAVAY,0.2382,No,Low
1699-TLDLZ,0.0095,No,Low
5600-PDUJF,0.3338,No,Low
0567-XRHCU,0.013,No,Low
2067-QYTCF,0.3025,No,Low
7407-SUJIZ,0.0291,No,Low
9150-KPBJQ,0.0774,No,Low
0052-DCKON,0.2343,No,Low
3654-ARMGP,0.0147,No,Low
9699-UBQFS,0.3908,No,Low
9367-TCUYN,0.0823,No,Low
1261-FWTTE,0.3828,No,Low
3528-HFRIQ,0.1899,No,Low
0708-SJDIS,0.1213,No,Low
2073-QBVBI,0.1708,No,Low
6928-ONTRW,0.0012,No,Low
3320-VEOYC,0.7423,Yes,Medium
5231-FIQPA,0.0198,No,Low
6617-WLBQC,0.0513,No,Low
2599-CIPQE,0.0256,No,Low
8774-GSBUN,0.0093,No,Low
7326-RIGQZ,0.3527,No,Low
1401-FTHFQ,0.0059,No,Low
0254-FNMCI,0.0752,No,Low
1848-LBZHY,0.2618,No,Low
8118-TJAFG,0.3594,No,Low
5429-LWCMV,0.6481,Yes,Medium
7298-IZWLY,0.4205,No,Medium
9758-MFWGD,0.1467,No,Low
3955-JBZZM,0.4607,No,Medium
4815-TUMEQ,0.0475,No,Low
9909-IDLEK,0.1448,No,Low
4092-OFQZS,0.0096,No,Low
1561-BWHIN,0.0153,No,Low
9927-DSWDF,0.4762,No,Medium
9500-LTVBP,0.3229,No,Low
7252-NTGSS,0.5078,Yes,Medium
8149-AIQCG,0.3448,No,Low
1360-JYXKQ,0.2961,No,Low
0899-WZRSD,0.2302,No,Low
3255-GRXMG,0.1329,No,Low
4828-FAZPK,0.2066,No,Low
6094-ZIVKX,0.0681,No,Low
6925-BAYGL,0.0309,No,Low
3262-EIDHV,0.0005,No,Low
7354-OIJLX,0.6302,Yes,Medium
1376-HHBDV,0.0902,No,Low
6133-OZILE,0.3172,No,Low
4135-FRWKJ,0.03,No,Low
6551-ZCOTS,0.0393,No,Low
7191-ADRGF,0.1609,No,Low
5018-LXQQG,0.037,No,Low
6892-BOGQE,0.0121,No,Low
1746-TGTWV,0.5799,Yes,Medium
5995-SNNEW,0.6344,Yes,Medium
8050-WYBND,0.1594,No,Low
2821-WARNZ,0.005,No,Low
4879-GZLFH,0.1269,No,Low
8314-HTWVE,0.0146,No,Low
9402-ROUMJ,0.0465,No,Low
2507-QZPQS,0.4459,No,Medium
7159-NOKYQ,0.165,No,Low
5707-ZMDJP,0.0085,No,Low
8779-YIQQA,0.015,No,Low
7136-IHZJA,0.0537,No,Low
8966-OIQHG,0.0195,No,Low
7074-STDCN,0.1464,No,Low
8739-QOTTN,0.1497,No,Low
1399-OUPJN,0.0026,No,Low
0277-BKSQP,0.2697,No,Low
5774-XZTQC,0.0407,No,Low
2676-SSLTO,0.0461,No,Low
6266-QHOJZ,0.0891,No,Low
7269-JISCY,0.0799,No,Low
0363-SVHYR,0.0016,No,Low
8547-NSBBO,0.175,No,Low
6591-QGOYB,0.2942,No,Low
9070-BCKQP,0.0915,No,Low
6421-SZVEM,0.0649,No,Low
1328-EUZHC,0.0215,No,Low
8878-RYUKI,0.1552,No,Low
9633-DENPU,0.1512,No,Low
7811-JIVPF,0.1842,No,Low
7113-HIPFI,0.0039,No,Low
8541-QVFKM,0.6349,Yes,Medium
9258-CNWAC,0.009,No,Low
5371-VYLSX,0.3445,No,Low
6374-AFWOX,0.0127,No,Low
5317-FLPJF,0.0062,No,Low
7621-VPNET,0.2897,No,Low
6034-YMTOB,0.5602,Yes,Medium
4903-CNOZC,0.0996,No,Low
4353-HYOJD,0.1014,No,Low
7267-FRMJW,0.0014,No,Low
4188-FRABG,0.2575,No,Low
4128-ETESU,0.4431,No,Medium
0620-DLSLK,0.5297,Yes,Medium
3850-OKINF,0.0384,No,Low
1156-ZFYDO,0.3317,No,Low
3295-YVUSR,0.6863,Yes,Medium
8016-NCFVO,0.1687,No,Low
4119-ZYPZY,0.1721,No,Low
5549-ZGHFB,0.0046,No,Low
7577-SWIFR,0.8188,Yes,High
0303-WMMRN,0.0977,No,Low
6408-OTUBZ,0.0951,No,Low
5204-HMGYF,0.0405,No,Low
1078-TDCRN,0.5622,Yes,Medium
3727-OVPRY,0.0223,No,Low
3797-FKOGQ,0.3363,No,Low
7622-NXQZR,0.231,No,Low
6196-HBOBZ,0.1328,No,Low
3970-XGJDU,0.0201,No,Low
7017-VFULY,0.1614,No,Low
5562-YJQGT,0.1129,No,Low
8807-OPMBM,0.0155,No,Low
5439-WIKXB,0.4476,No,Medium
8294-UIMBA,0.234,No,Low
8109-YUOHE,0.1009,No,Low
5840-NVDCG,0.0267,No,Low
8092-NLTGF,0.0064,No,Low
5928-QLDHB,0.627,Yes,Medium
9840-EFJQB,0.6806,Yes,Medium
0696-UKTOX,0.0937,No,Low
4801-KFYKL,0.0637,No,Low
3472-OAOOR,0.1203,No,Low
6135-OZQVA,0.363,No,Low
2252-JHJGE,0.264,No,Low
4188-PCPIG,0.0384,No,Low
7105-BENQF,0.0787,No,Low
7721-DVEKZ,0.3161,No,Low
3566-VVORZ,0.2002,No,Low
9507-HSMMZ,0.0332,No,Low
2480-SQIOB,0.396,No,Low
7813-TKCVO,0.0284,No,Low
0128-MKWSG,0.0641,No,Low
4350-ZTLPI,0.2469,No,Low
0361-HJRDX,0.0167,No,Low
5727-MYATE,0.001,No,Low
3823-KYNQY,0.1054,No,Low
7570-WELNY,0.0514,No,Low
3021-VLNRJ,0.021,No,Low
2080-CAZNM,0.5261,Yes,Medium
1028-FFNJK,0.5599,Yes,Medium
6907-FLBER,0.5295,Yes,Medium
3001-UNBTL,0.2763,No,Low
5982-PSMKW,0.0112,No,Low
3507-GASNP,0.0101,No,Low
7096-ZNBZI,0.0039,No,Low
1676-MQAOA,0.0221,No,Low
0786-IVLAW,0.2095,No,Low
7566-DSRLQ,0.0884,No,Low
7245-JMTTQ,0.3265,No,Low
6050-IJRHS,0.0644,No,Low
6202-JVYEU,0.0483,No,Low
8591-TKMZH,0.0498,No,Low
0734-OXWBT,0.294,No,Low
4282-ACRXS,0.3317,No,Low
0365-TRTPY,0.2519,No,Low
7349-ALMUX,0.0219,No,Low
6502-KUGLL,0.0747,No,Low
1841-YSJGV,0.0417,No,Low
3511-BFTJW,0.0273,No,Low
7668-XCFYV,0.5729,Yes,Medium
5018-HEKFO,0.0732,No,Low
2923-ARZLG,0.1213,No,Low
3976-NLDEZ,0.3655,No,Low
2282-YGNOR,0.0381,No,Low
5336-UFNZP,0.0761,No,Low
6854-EXGSF,0.2079,No,Low
1241-EZFMJ,0.0042,No,Low
9233-PSYHO,0.2718,No,Low
5376-PCKNB,0.0581,No,Low
8044-BGWPI,0.0988,No,Low
4060-LDNLU,0.6909,Yes,Medium
3589-PPVKW,0.2662,No,Low
5887-IKKYO,0.0174,No,Low
1755-RMCXH,0.0817,No,Low
3858-XHYJO,0.2831,No,Low
4299-SIMNS,0.5258,Yes,Medium
7025-IWFHT,0.2558,No,Low
6261-LHRTG,0.1469,No,Low
7841-FCRQD,0.1223,No,Low
2056-EVGZL,0.0684,No,Low
8777-MBMTS,0.097,No,Low
7753-USQYQ,0.0871,No,Low
7661-CPURM,0.2053,No,Low
6233-HXJMX,0.3421,No,Low
5902-WBLSE,0.0012,No,Low
3239-TPHPZ,0.0332,No,Low
5115-GZDEL,0.0036,No,Low
3338-CVVEH,0.6452,Yes,Medium
2615-YVMYX,0.2153,No,Low
2851-STERV,0.2026,No,Low
4393-GEADV,0.0123,No,Low
8486-AYEQH,0.4871,No,Medium
5419-JKZNQ,0.3548,No,Low
2495-KZNFB,0.3987,No,Low
1409-PHXTF,0.159,No,Low
4560-WQAQW,0.0384,No,Low
9591-YVTEB,0.2071,No,Low
9309-BZGNT,0.1144,No,Low
4274-DRSQT,0.1449,No,Low
2027-DNKIV,0.0223,No,Low
8075-GXIUB,0.0706,No,Low
2885-HIJDH,0.0078,No,Low
5424-RLQLC,0.1995,No,Low
6507-DTJZV,0.1262,No,Low
7673-BQGKU,0.001,No,Low
6723-WSNTY,0.1911,No,Low
2725-IWWBA,0.0115,No,Low
1061-PNTHC,0.0638,No,Low
0394-YONDK,0.0082,No,Low
6574-MCOEH,0.0758,No,Low
7399-QHBJS,0.0237,No,Low
0997-YTLNY,0.1053,No,Low
9479-HYNYL,0.0075,No,Low
9708-KFDBY,0.1915,No,Low
3642-GKTCT,0.1461,No,Low
0774-RMNUW,0.0112,No,Low
1334-PDUKM,0.1299,No,Low
0756-MPZRL,0.109,No,Low
2242-MFOTG,0.1382,No,Low
2927-CVULT,0.0324,No,Low
2144-BFDSO,0.2618,No,Low
8745-PVESG,0.0198,No,Low
7647-GYYKX,0.0025,No,Low
5647-FXOTP,0.4276,No,Medium
9700-ISPUP,0.2082,No,Low
9839-ETQOE,0.1066,No,Low
6078-VESFR,0.4368,No,Medium
9027-TMATR,0.0613,No,Low
1941-HOSAM,0.5074,Yes,Medium
9110-HSGTV,0.0078,No,Low
0704-VCUMB,0.0112,No,Low
6171-ZTVYB,0.0548,No,Low
1935-IMVBB,0.353,No,Low
2535-PBCGC,0.0088,No,Low
1470-PSXNM,0.0935,No,Low
2498-XLDZR,0.0134,No,Low
9866-OCCKE,0.0824,No,Low
5338-YHWYT,0.0139,No,Low
7718-UPSKJ,0.2183,No,Low
8731-WBBMB,0.1082,No,Low
1448-CYWKC,0.0663,No,Low
7901-IIDQV,0.0966,No,Low
2690-DVRVK,0.0582,No,Low
1270-XKUCC,0.0026,No,Low
0334-ZFJSR,0.0375,No,Low
5583-EJXRD,0.0093,No,Low
4565-EVZMJ,0.034,No,Low
3327-YBAKM,0.1523,No,Low
9441-QHEVC,0.2837,No,Low
6705-LNMDD,0.1705,No,Low
2580-ASVVY,0.0985,No,Low
3370-GQEAL,0.1473,No,Low
5032-USPKF,0.1202,No,Low
4254-QPEDE,0.0156,No,Low
6283-GITPX,0.0127,No,Low
0771-CHWSK,0.0379,No,Low
9788-HNGUT,0.0448,No,Low
9495-REDIY,0.0928,No,Low
5375-XLDOF,0.0342,No,Low
1172-VIYBP,0.006,No,Low
6559-PDZLR,0.4987,No,Medium
8992-OBVDG,0.149,No,Low
4273-MBHYA,0.6196,Yes,Medium
4724-WXVWF,0.262,No,Low
5701-GUXDC,0.1436,No,Low
1460-UZPRJ,0.0274,No,Low
6082-GLJIX,0.0516,No,Low
2495-TTHBQ,0.0349,No,Low
0485-ZBSLN,0.0034,No,Low
3810-PJUHR,0.0023,No,Low
0847-HGRML,0.0065,No,Low
8232-CTLKO,0.0379,No,Low
9227-YBAXE,0.0159,No,Low
9860-LISIZ,0.0441,No,Low
0112-QAWRZ,0.2033,No,Low
2786-GCDPI,0.4165,No,Medium
4043-MKDTV,0.1273,No,Low
9229-RQABD,0.0389,No,Low
8313-KTIHG,0.2661,No,Low
5320-BRKGK,0.0117,No,Low
6284-KMNUF,0.2827,No,Low
6229-UOLQL,0.0191,No,Low
3137-LUPIX,0.2634,No,Low
6143-JQKEA,0.2968,No,Low
8676-OOQEJ,0.3734,No,Low
9701-CDXHR,0.3056,No,Low
8124-NZVGJ,0.3171,No,Low
2162-FRZAA,0.0218,No,Low
5118-MUEYH,0.3628,No,Low
5627-TVBPP,0.0111,No,Low
3936-QQFLL,0.103,No,Low
2589-AYCRP,0.0299,No,Low
4067-HLYQI,0.38,No,Low
5124-EOGYE,0.0081,No,Low
5057-RKGLH,0.0147,No,Low
0292-WEGCH,0.0537,No,Low
8910-ICHIU,0.1349,No,Low
4097-YODCF,0.0914,No,Low
9715-WZCLW,0.0775,No,Low
9786-YWNHU,0.0039,No,Low
6407-GSJNL,0.0331,No,Low
4049-ZPALD,0.1092,No,Low
3733-UOCWF,0.1307,No,Low
6833-JMZYP,0.533,Yes,Medium
1310-QRITU,0.3332,No,Low
8961-QDZZJ,0.0844,No,Low
9715-SBVSU,0.0433,No,Low
8490-BXHEO,0.3992,No,Low
7173-TETGO,0.0602,No,Low
7929-SKFGK,0.0795,No,Low
2300-RQGOI,0.0105,No,Low
3563-SVYLG,0.009,No,Low
6435-VWCCY,0.0839,No,Low
4998-IKFSE,0.487,No,Medium
8630-QSGXK,0.0366,No,Low
2455-USLMV,0.2954,No,Low
9488-FVZCC,0.0066,No,Low
5995-WWKKG,0.0207,No,Low
7879-CGSFV,0.2268,No,Low
9921-EZKBY,0.1127,No,Low
7432-FFVAR,0.0281,No,Low
7246-ZGQDF,0.3571,No,Low
4456-RHSNB,0.1228,No,Low
2481-SBOYW,0.0099,No,Low
7109-MFBYV,0.2177,No,Low
1833-TCXKK,0.4424,No,Medium
1832-PEUTS,0.0213,No,Low
8660-BUETV,0.3904,No,Low
0580-PIQHM,0.0698,No,Low
5696-CEIQJ,0.0249,No,Low
1696-HXOWK,0.1215,No,Low
3026-ATZYV,0.0403,No,Low
4012-YCFAI,0.0099,No,Low
9970-QBCDA,0.1415,No,Low
9496-IVVRP,0.0929,No,Low
2657-VPXTA,0.3503,No,Low
6551-VLJMV,0.0081,No,Low
1221-GHZEP,0.0119,No,Low
9289-LBQVU,0.1441,No,Low
3458-IDMFK,0.0178,No,Low
6933-FHBZC,0.1099,No,Low
0221-NAUXK,0.0344,No,Low
9770-KXGQU,0.1229,No,Low
6538-POCHL,0.3404,No,Low
6726-NNFWD,0.0835,No,Low
3002-WQZWT,0.4851,No,Medium
4277-UDIEF,0.0678,No,Low
1208-NBVFH,0.1973,No,Low
4912-PIGUY,0.8452,Yes,High
2725-TTRIQ,0.0019,No,Low
3374-TTZTK,0.1339,No,Low
8990-ZXLSU,0.4549,No,Medium
2275-RBYQS,0.5274,Yes,Medium
4419-UJMUS,0.0839,No,Low
7794-JASDG,0.4643,No,Medium
7609-YBPXG,0.0256,No,Low
5519-TEEUH,0.0076,No,Low
7856-GANIL,0.1556,No,Low
0804-XBFBV,0.2426,No,Low
2676-OXPPQ,0.2081,No,Low
3703-TTEPD,0.1088,No,Low
2799-TSLAG,0.0018,No,Low
2208-NKVVH,0.0067,No,Low
7139-JZFVG,0.0058,No,Low
4987-GQWPO,0.2123,No,Low
1757-TCATG,0.0023,No,Low
4776-XSKYQ,0.1299,No,Low
8048-DSDFQ,0.3624,No,Low
5753-QQWPW,0.0756,No,Low
6010-DDPPW,0.0141,No,Low
6693-FRIRW,0.406,No,Medium
6586-MYGKD,0.06,No,Low
3173-NVMPX,0.1513,No,Low
0248-PGHBZ,0.058,No,Low
0623-GDISB,0.4896,No,Medium
2892-GESUL,0.008,No,Low
7472-EQOAV,0.0289,No,Low
2043-WVTQJ,0.3479,No,Low
8034-RYTVV,0.1087,No,Low
3863-QSTYI,0.0949,No,Low
5044-LRQAQ,0.4717,No,Medium
1716-LSAMB,0.0169,No,Low
1333-PBMXB,0.0073,No,Low
6546-OPBBH,0.0128,No,Low
5985-BEHZK,0.1938,No,Low
9127-QRZMH,0.0507,No,Low
5919-VCZYM,0.0962,No,Low
9644-KVCNC,0.1379,No,Low
2137-DQMEV,0.0319,No,Low
8174-LNWMW,0.0374,No,Low
9279-CJEOJ,0.587,Yes,Medium
7964-VEXDG,0.2341,No,Low
2404-JIBFC,0.0096,No,Low
8029-XYPWT,0.0464,No,Low
4632-PAOYU,0.0034,No,Low
2990-OGYTD,0.0169,No,Low
6646-JPPHA,0.3489,No,Low
7658-UYUQS,0.3295,No,Low
7880-XSOJX,0.2877,No,Low
4589-IUAJB,0.0032,No,Low
8746-BFOAJ,0.0248,No,Low
8457-XIGKN,0.0552,No,Low
6072-NUQCB,0.0066,No,Low
8838-GPHZP,0.0249,No,Low
8750-QWZAJ,0.001,No,Low
6918-UMQCG,0.6301,Yes,Medium
0675-NCDYU,0.0113,No,Low
6339-DKLMK,0.3834,No,Low
1346-PJWTK,0.1622,No,Low
5088-QZLRL,0.2748,No,Low
8023-QHAIO,0.2151,No,Low
4397-FRLTA,0.1205,No,Low
3057-VJJQE,0.0321,No,Low
2302-OUZXB,0.0662,No,Low
8133-ANHHJ,0.1349,No,Low
2270-CHBFN,0.1609,No,Low
5982-FPVQN,0.1306,No,Low
9107-UKCKY,0.2071,No,Low
4654-ULTTN,0.0433,No,Low
5546-BYZSM,0.036,No,Low
1492-KGETH,0.0659,No,Low
4163-HFTUK,0.0331,No,Low
8215-NGSPE,0.0004,No,Low
8859-YSTWS,0.0197,No,Low
7601-DHFWZ,0.0225,No,Low
1998-VHJHK,0.0088,No,Low
1707-HABPF,0.1813,No,Low
0487-VVUVK,0.0325,No,Low
5063-IUOKK,0.029,No,Low
4508-OEBEY,0.1374,No,Low
0027-KWYKW,0.2028,No,Low
2308-STERM,0.1105,No,Low
5982-XMDEX,0.0057,No,Low
6051-PTVNS,0.0093,No,Low
2877-VDUER,0.0542,No,Low
9152-AMKAK,0.1471,No,Low
9432-VOFYX,0.4916,No,Medium
8049-WJCLQ,0.1348,No,Low
6586-PSJOX,0.0982,No,Low
9705-ZJBCG,0.0543,No,Low
6847-KJLTS,0.3765,No,Low
9670-BPNXF,0.0603,No,Low
3913-FCUUW,0.0155,No,Low
3301-VKTGC,0.0287,No,Low
9555-SAHUZ,0.0712,No,Low
0816-TSPHQ,0.1127,No,Low
9932-WBWIK,0.0971,No,Low
4619-EVPHY,0.3317,No,Low
5286-YHCVC,0.1989,No,Low
9115-YQHGA,0.1491,No,Low
4462-CYWMH,0.253,No,Low
8963-MQVYN,0.0574,No,Low
2458-EOMRE,0.1329,No,Low
9334-GWGOW,0.7406,Yes,Medium
6542-LWGXJ,0.5086,Yes,Medium
5567-GZKQY,0.0118,No,Low
1222-LRYKO,0.0571,No,Low
2087-QAREY,0.2019,No,Low
4423-JWZJN,0.027,No,Low
6490-FGZAT,0.0869,No,Low
7452-FOLON,0.0254,No,Low
2320-TZRRH,0.0175,No,Low
4942-VZZOM,0.0492,No,Low
7502-BNYGS,0.1422,No,Low
4291-HYEBC,0.1141,No,Low
6147-CBCRA,0.0926,No,Low
6047-SUHPR,0.041,No,Low
9752-ZNQUT,0.5602,Yes,Medium
1576-PFZIW,0.0987,No,Low
5666-MBJPT,0.0138,No,Low
7312-XSBAT,0.4337,No,Medium
3096-GKWEB,0.6089,Yes,Medium
2371-JQHZZ,0.6076,Yes,Medium
0674-GCDXG,0.0355,No,Low
1121-QSIVB,0.0647,No,Low
4396-KLSEH,0.1165,No,Low
2824-MYYBN,0.1747,No,Low
6345-HOVES,0.2196,No,Low
8318-LCNBW,0.1196,No,Low
6469-QJKZW,0.1202,No,Low
0147-ESWWR,0.5272,Yes,Medium
1217-VASWC,0.3084,No,Low
6370-ZVHDV,0.0061,No,Low
5915-DGNVC,0.1069,No,Low
6260-XLACS,0.0536,No,Low
3566-CAAYU,0.0698,No,Low
4983-CCWMC,0.5816,Yes,Medium
9103-CXVOK,0.3162,No,Low
2896-TBNBE,0.2482,No,Low
2522-WLNSF,0.1001,No,Low
3841-CONLJ,0.6121,Yes,Medium
4475-NVTLU,0.0119,No,Low
9386-LDCZR,0.0776,No,Low
9585-KKMFD,0.0019,No,Low
5399-ZIMKF,0.6235,Yes,Medium
0336-KXKFK,0.0049,No,Low
5619-XZZKR,0.0497,No,Low
3948-FVVRP,0.1593,No,Low
5327-XOKKY,0.0817,No,Low
0983-TATYJ,0.0908,No,Low
1813-JYWTO,0.038,No,Low
6719-OXYBR,0.4857,No,Medium
3312-ZWLGF,0.5007,Yes,Medium
6476-YHMGA,0.0888,No,Low
0795-XCCTE,0.0033,No,Low
0168-XZKBB,0.5811,Yes,Medium
3785-NRHYR,0.3556,No,Low
4537-DKTAL,0.4832,No,Medium
7072-MBHEV,0.2842,No,Low
5602-BVFMK,0.031,No,Low
6297-NOOPG,0.1094,No,Low
8204-TIFGJ,0.0417,No,Low
8050-DVOJX,0.0571,No,Low
8903-XEBGX,0.5126,Yes,Medium
8169-SAEJD,0.0515,No,Low
1089-XZWHH,0.009,No,Low
2325-WINES,0.3184,No,Low
6064-ZATLR,0.0507,No,Low
7824-PANSQ,0.1884,No,Low
9648-BCHKM,0.0259,No,Low
2888-ADFAO,0.0006,No,Low
8707-HOEDG,0.0428,No,Low
4072-IPYLT,0.0543,No,Low
7167-PCEYD,0.0385,No,Low
4936-YPJNK,0.0784,No,Low
1580-BMCMR,0.4068,No,Medium
4817-KEQSP,0.0017,No,Low
6408-WHTEF,0.0016,No,Low
9251-AWQGT,0.0004,No,Low
8749-CLJXC,0.3951,No,Low
7989-VCQOH,0.1516,No,Low
4199-QHJNM,0.1237,No,Low
8882-TLVRW,0.021,No,Low
5135-GRQJV,0.0219,No,Low
2384-OVPSA,0.0211,No,Low
1371-WEPDS,0.1489,No,Low
3580-GICBM,0.0064,No,Low
9730-DRTMJ,0.052,No,Low
4686-UXDML,0.5315,Yes,Medium
3349-ANQNH,0.3482,No,Low
0932-YIXYU,0.0118,No,Low
7480-SPLEF,0.0089,No,Low
7636-XUHWW,0.1205,No,Low
1431-CYWMH,0.0354,No,Low
5937-EORGB,0.6349,Yes,Medium
6349-JDHQP,0.0404,No,Low
5539-HIVAK,0.0818,No,Low
5847-MXBEO,0.0104,No,Low
4583-PARNH,0.4983,No,Medium
1116-FRYVH,0.0119,No,Low
1421-HCERK,0.2048,No,Low
9633-XQABV,0.5771,Yes,Medium
0716-BQNDX,0.1059,No,Low
1183-CANVH,0.0855,No,Low
1972-XMUWV,0.0417,No,Low
8679-LZBMD,0.2796,No,Low
3407-JMJQQ,0.0259,No,Low
6252-DFGTK,0.042,No,Low
1539-LNKHM,0.0548,No,Low
8645-KOMJQ,0.0087,No,Low
0289-IVARM,0.1153,No,Low
9761-XUJWD,0.1998,No,Low
4057-FKCZK,0.0391,No,Low
4291-TPNFG,0.0096,No,Low
6087-YPWHO,0.0202,No,Low
3090-QFUVD,0.1715,No,Low
1722-LDZJS,0.0129,No,Low
1818-ESQMW,0.3841,No,Low
7401-RUBNK,0.3824,No,Low
0506-YLVKJ,0.002,No,Low
8661-BOYNW,0.0064,No,Low
4815-GBTCD,0.526,Yes,Medium
2805-AUFQN,0.0371,No,Low
0980-PVMRC,0.1433,No,Low
7233-DRTRF,0.4616,No,Medium
3873-NFTGI,0.2287,No,Low
1162-ECVII,0.0841,No,Low
7048-GXDAY,0.3678,No,Low
8571-ZCMCX,0.0231,No,Low
1169-WCVAK,0.2886,No,Low
7129-CAKJW,0.344,No,Low
8695-ARGXZ,0.5054,Yes,Medium
3570-YUEKJ,0.1797,No,Low
1555-HAPSU,0.0006,No,Low
1697-NVVGY,0.147,No,Low
8464-EETCQ,0.0551,No,Low
2419-FSORS,0.1411,No,Low
8132-YPVBX,0.6846,Yes,Medium
6754-LZUKA,0.0574,No,Low
8099-MZPUJ,0.0507,No,Low
0787-LHDYT,0.11,No,Low
0374-IOEGQ,0.4686,No,Medium
3197-NNYNB,0.1133,No,Low
3396-DKDEL,0.0129,No,Low
1752-OZXFY,0.0528,No,Low
9066-QRSDU,0.0432,No,Low
9112-WSNPU,0.4372,No,Medium
9867-NNXLC,0.0525,No,Low
5321-NTRKC,0.0498,No,Low
3161-GETRM,0.0881,No,Low
0402-OAMEN,0.0007,No,Low
6933-VLYFX,0.0534,No,Low
6754-WKSHP,0.0326,No,Low
4976-LNFVV,0.2836,No,Low
5055-MGMGF,0.2593,No,Low
4641-FROLU,0.0028,No,Low
2862-JVEOY,0.0377,No,Low
2969-QWUBZ,0.5462,Yes,Medium
9822-BIIGN,0.0534,No,Low
2077-MPJQO,0.7317,Yes,Medium
1534-OULXE,0.0233,No,Low
2971-SGAFL,0.3656,No,Low
1480-IVEVR,0.1901,No,Low
2905-KFQUV,0.5663,Yes,Medium
3370-HXOPH,0.6376,Yes,Medium
9391-YZEJW,0.2256,No,Low
9958-MEKUC,0.0081,No,Low
0281-CNTZX,0.0092,No,Low
4118-CEVPF,0.2423,No,Low
9114-VEPUF,0.2121,No,Low
7876-BEUTG,0.2596,No,Low
2338-BQEZT,0.1149,No,Low
9873-MNDKV,0.2381,No,Low
8241-JUIQO,0.0568,No,Low
2194-IIQOF,0.0048,No,Low
9631-RXVJM,0.0352,No,Low
9584-EXCDZ,0.3608,No,Low
5093-FEGLU,0.0303,No,Low
2621-UDNLU,0.1714,No,Low
7526-IVLYU,0.1212,No,Low
2428-HYUNX,0.0186,No,Low
9214-EKVXR,0.4899,No,Medium
3410-MHHUM,0.0816,No,Low
2122-YWVYA,0.4087,No,Medium
2296-DKZFP,0.0298,No,Low
8909-BOLNL,0.0944,No,Low
6603-YRDCJ,0.0142,No,Low
3229-USWAR,0.1694,No,Low
2138-VFAPZ,0.0114,No,Low
6131-JLWZM,0.0689,No,Low
0269-XFESX,0.0122,No,Low
1709-EJDOX,0.0029,No,Low
4316-XCSLJ,0.1226,No,Low
9693-XMUOB,0.3614,No,Low
0383-CLDDA,0.0111,No,Low
2709-UQGNP,0.215,No,Low
3549-ZTMNH,0.0244,No,Low
8033-ATFAS,0.065,No,Low
1635-NZATJ,0.0057,No,Low
0562-HKHML,0.0017,No,Low
8277-RVRSV,0.0128,No,Low
9943-VSZUV,0.234,No,Low
7054-ENNGU,0.1893,No,Low
1455-HFBXA,0.0651,No,Low
9402-CXWPL,0.236,No,Low
1628-BIZYP,0.849,Yes,High
0082-LDZUE,0.4933,No,Medium
5343-SGUBI,0.1588,No,Low
0856-NAOES,0.2169,No,Low
1976-AZZPJ,0.2208,No,Low
6156-UZDLF,0.135,No,Low
3099-OONVS,0.1154,No,Low
9500-WBGRP,0.0629,No,Low
5183-KLYEM,0.0387,No,Low
5144-PQCDZ,0.1066,No,Low
8514-VZHEB,0.0109,No,Low
6625-IUTTT,0.0214,No,Low
9355-NPPFS,0.4619,No,Medium
0068-FIGTF,0.1463,No,Low
5965-GGPRW,0.0239,No,Low
8035-PWSEV,0.6039,Yes,Medium
2236-HILPA,0.0049,No,Low
1840-BIUOG,0.1681,No,Low
1356-MKYSK,0.227,No,Low
6080-LNESI,0.0287,No,Low
1830-IPXVJ,0.0019,No,Low
5828-DWPIL,0.2125,No,Low
8398-TBIYD,0.0536,No,Low
2931-FSOHN,0.2419,No,Low
9418-RUKPH,0.0058,No,Low
9971-ZWPBF,0.1706,No,Low
4712-AUQZO,0.1724,No,Low
9711-FJTBX,0.0354,No,Low
2908-ZTPNF,0.1532,No,Low
8421-WZOOW,0.0475,No,Low
1414-YADCW,0.0486,No,Low
8756-RDDLT,0.1345,No,Low
2862-PFNIK,0.5874,Yes,Medium
5816-QVHRX,0.3713,No,Low
4430-YHXGG,0.0745,No,Low
6888-SBYAI,0.4669,No,Medium
7395-XWZOY,0.1847,No,Low
7169-YWAMK,0.0179,No,Low
6859-RKMZJ,0.2204,No,Low
2729-VNVAP,0.004,No,Low
2957-JIRMN,0.2921,No,Low
2049-BAFNW,0.3785,No,Low
3842-QTGDL,0.3119,No,Low
7163-OCEQI,0.1238,No,Low
9782-LGXMC,0.0307,No,Low
5975-BAICR,0.0441,No,Low
4673-KKSLS,0.2481,No,Low
4853-OITSN,0.59,Yes,Medium
9800-OUIGR,0.0007,No,Low
2324-EFHVG,0.1618,No,Low
7094-MSZAO,0.0575,No,Low
6907-CQGPN,0.1455,No,Low
0780-XNZFN,0.0183,No,Low
0239-OXEXL,0.2226,No,Low
2675-IJRGJ,0.0741,No,Low
7049-GKVZY,0.2073,No,Low
8577-QSOCG,0.0092,No,Low
3721-CNZHX,0.0309,No,Low
0212-ISBBF,0.3163,No,Low
3585-YNADK,0.0607,No,Low
5271-DBYSJ,0.4434,No,Medium
1099-GODLO,0.2008,No,Low
6828-HMKWP,0.0114,No,Low
1472-TNCWL,0.1778,No,Low
2080-GKCWQ,0.5299,Yes,Medium
2193-SFWQW,0.0102,No,Low
5656-JAMLX,0.0181,No,Low
3462-BJQQA,0.76,Yes,High
0442-TDYUO,0.026,No,Low
6733-LRIZX,0.2784,No,Low
9503-XJUME,0.0025,No,Low
4367-NHWMM,0.5336,Yes,Medium
3779-OSWCF,0.0094,No,Low
6736-DHUQI,0.0179,No,Low
3915-ODIYG,0.1112,No,Low
1360-RCYRT,0.1369,No,Low
2724-FJDYW,0.0445,No,Low
4451-RWASJ,0.0263,No,Low
3460-TJBWI,0.0124,No,Low
5917-HBSDW,0.0411,No,Low
5671-UUNXD,0.3106,No,Low
0956-ACVZC,0.243,No,Low
2325-NBPZG,0.5485,Yes,Medium
4482-FTFFX,0.2765,No,Low
8859-DZTGQ,0.0147,No,Low
0440-MOGPM,0.1941,No,Low
0020-JDNXP,0.0263,No,Low
3752-CQSJI,0.0275,No,Low
5025-GOOKI,0.0796,No,Low
4698-KVLLG,0.0134,No,Low
2887-JPYLU,0.0775,No,Low
4770-QAZXN,0.1222,No,Low
4896-CPRPF,0.004,No,Low
9714-EDSUC,0.4922,No,Medium
0282-NVSJS,0.1484,No,Low
7353-YOWFP,0.0647,No,Low
8008-ESFLK,0.2594,No,Low
7537-CBQUZ,0.185,No,Low
3363-EWLGO,0.1072,No,Low
4750-UKWJK,0.0328,No,Low
1689-YQBYY,0.416,No,Medium
4487-ZYJZK,0.0036,No,Low
2959-FENLU,0.5811,Yes,Medium
0708-LGSMF,0.2897,No,Low
7634-HLQJR,0.0013,No,Low
0487-RPVUM,0.1494,No,Low
4079-ULGFR,0.0848,No,Low
2516-XSJKX,0.0311,No,Low
0057-QBUQH,0.0288,No,Low
6599-SFQVE,0.4131,No,Medium
8331-ZXFOE,0.0455,No,Low
4003-FUSHP,0.2409,No,Low
0356-ERHVT,0.2472,No,Low
7325-ENZFI,0.0361,No,Low
4884-ZTHVF,0.6669,Yes,Medium
3920-HIHMQ,0.0833,No,Low
3055-OYMSE,0.2718,No,Low
0613-WUXUM,0.0147,No,Low
4458-KVRBJ,0.0244,No,Low
1397-XKKWR,0.1811,No,Low
8097-OMULG,0.0348,No,Low
6013-BHCAW,0.0155,No,Low
0401-WDBXM,0.0375,No,Low
3387-PLKUI,0.0307,No,Low
6096-EGVTU,0.0175,No,Low
5081-NWSUP,0.1733,No,Low
2580-ATZSQ,0.0251,No,Low
8085-MSNLK,0.0793,No,Low
9691-HKOVS,0.0899,No,Low
9881-VCZEP,0.1427,No,Low
8757-TFHHJ,0.4815,No,Medium
1468-DEFNC,0.0024,No,Low
5119-KEPFY,0.4841,No,Medium
0916-KNFAJ,0.0325,No,Low
8319-QBEHW,0.1142,No,Low
9625-QNLUX,0.0194,No,Low
4024-CSNBY,0.048,No,Low
7110-BDTWG,0.1439,No,Low
7493-GVFIO,0.0124,No,Low
0690-SRQID,0.0993,No,Low
9605-WGJVW,0.7468,Yes,Medium
9114-DPSIA,0.0065,No,Low
4700-UBQMV,0.0745,No,Low
7711-GQBZC,0.0007,No,Low
4627-MIHJH,0.1638,No,Low
9795-NREXC,0.0182,No,Low
8573-CGOCC,0.1091,No,Low
7356-AYNJP,0.0717,No,Low
6286-SUUWT,0.393,No,Low
4819-HJPIW,0.2183,No,Low
8654-DHAOW,0.4441,No,Medium
5438-QMDDL,0.2248,No,Low
9812-GHVRI,0.3556,No,Low
5553-AOINX,0.075,No,Low
1228-ZLNBX,0.3613,No,Low
4226-KKDON,0.2276,No,Low
3831-YCPUO,0.0141,No,Low
7445-WMRBW,0.0785,No,Low
3308-DGHKL,0.0162,No,Low
9924-JPRMC,0.0861,No,Low
0080-EMYVY,0.1558,No,Low
6218-KNUBD,0.2185,No,Low
7337-CINUD,0.0363,No,Low
7609-NRNCA,0.0237,No,Low
0623-EJQEG,0.1147,No,Low
7153-CHRBV,0.013,No,Low
6198-PNNSZ,0.2193,No,Low
3317-VLGQT,0.5716,Yes,Medium
4132-POCZS,0.214,No,Low
5614-DNZCE,0.0239,No,Low
3896-RCYYE,0.1058,No,Low
9638-JIQYA,0.6006,Yes,Medium
3258-SANFR,0.309,No,Low
3726-TBHQT,0.006,No,Low
3190-ITQXP,0.0006,No,Low
4833-QTJNO,0.1678,No,Low
3039-MJSLN,0.0946,No,Low
0178-CIIKR,0.1156,No,Low
5774-QPLTF,0.0031,No,Low
2322-VCZHZ,0.4123,No,Medium
5010-IPEAQ,0.0065,No,Low
6383-ZTSIW,0.2364,No,Low
8990-YOZLV,0.0362,No,Low
3069-SSVSN,0.4443,No,Medium
5222-IMUKT,0.4597,No,Medium
6685-XSHHU,0.0043,No,Low
8901-UPRHR,0.0239,No,Low
0118-JPNOY,0.3193,No,Low
3845-FXCYS,0.1964,No,Low
5857-XRECV,0.0972,No,Low
0725-CXOTM,0.1343,No,Low
4343-EJVQB,0.3951,No,Low
9000-PLFUZ,0.0955,No,Low
3427-GGZZI,0.5635,Yes,Medium
7779-ORAEL,0.061,No,Low
0644-OQMDK,0.6001,Yes,Medium
3154-CFSZG,0.1053,No,Low
2220-IAHLS,0.1445,No,Low
1658-XUHBX,0.0885,No,Low
2378-HTWFW,0.2837,No,Low
4377-VDHYI,0.0981,No,Low
3719-TDVQB,0.0654,No,Low
0201-MIBOL,0.149,No,Low
4937-QPZPO,0.1212,No,Low
2925-VDZHY,0.0012,No,Low
6981-TDRFT,0.0846,No,Low
3413-CSSTH,0.1409,No,Low
8033-VCZGH,0.3523,No,Low
0224-NIJLP,0.0129,No,Low
7542-CYDDM,0.0589,No,Low
4718-WXBGI,0.0039,No,Low
8495-PRWFH,0.1925,No,Low
0439-IFYUN,0.5008,Yes,Medium
5716-LIBJC,0.2447,No,Low
2868-LLSKM,0.0202,No,Low
2988-QRAJY,0.1345,No,Low
0071-NDAFP,0.0231,No,Low
7328-ZJAJO,0.001,No,Low
6458-CYIDZ,0.3928,No,Low
1090-PYKCI,0.0321,No,Low
3058-WQDRE,0.2532,No,Low
2279-AXJJK,0.2521,No,Low
0909-SELIE,0.0234,No,Low
3417-TSCIC,0.1554,No,Low
1042-HFUCW,0.0685,No,Low
6537-OTKMY,0.2996,No,Low
8999-EXMNO,0.0051,No,Low
6725-TPKJO,0.01,No,Low
7162-WPHPM,0.0102,No,Low
1599-MMYRQ,0.0283,No,Low
8821-KVZKQ,0.0397,No,Low
6434-TTGJP,0.0506,No,Low
0042-JVWOJ,0.0108,No,Low
0130-SXOUN,0.2032,No,Low
2330-PQGDQ,0.0277,No,Low
1452-UZOSF,0.0174,No,Low
2097-YVPKN,0.0109,No,Low
8597-CTXVJ,0.0246,No,Low
6631-HMANX,0.0118,No,Low
9962-BFPDU,0.3772,No,Low
6394-HHHZM,0.1146,No,Low
5995-LFTLE,0.029,No,Low
1932-UEDCX,0.4858,No,Medium
5188-HGMLP,0.2572,No,Low
0665-XHDJU,0.2491,No,Low
8265-HKSOW,0.0087,No,Low
3544-FBCAS,0.0148,No,Low
5331-RGMTT,0.4602,No,Medium
4759-PXTAN,0.1341,No,Low
7054-DMVAS,0.024,No,Low
3428-MMGUB,0.2324,No,Low
6549-BTYPG,0.014,No,Low
7823-JSOAG,0.6368,Yes,Medium
3705-RHRFR,0.107,No,Low
9374-YOLBJ,0.3256,No,Low
9074-KGVOX,0.0859,No,Low
6128-DAFVY,0.1969,No,Low
9933-QRGTX,0.1122,No,Low
4476-OSWTN,0.1934,No,Low
5066-GFJMM,0.1578,No,Low
2661-GKBTK,0.0138,No,Low
0458-HEUZG,0.1074,No,Low
7268-WNTCP,0.0004,No,Low
0824-VWDPO,0.1423,No,Low
8409-WQJUX,0.1311,No,Low
2578-JQPHZ,0.1049,No,Low
3278-FSIXX,0.535,Yes,Medium
9746-UGFAC,0.0531,No,Low
2946-KIQSP,0.1398,No,Low
0625-AFOHS,0.0008,No,Low
6726-WEXXK,0.3181,No,Low
4636-OLWOE,0.0365,No,Low
4685-ERGHK,0.3348,No,Low
0885-HMGPY,0.0183,No,Low
5003-OKNNK,0.0404,No,Low
7208-PSIHR,0.1577,No,Low
4012-ZTHBR,0.1734,No,Low
0489-WMEMG,0.1143,No,Low
7435-ZNUYY,0.0444,No,Low
1354-YZFNB,0.0306,No,Low
2985-FMWYF,0.6047,Yes,Medium
2812-ENYMO,0.074,No,Low
2717-HVIZY,0.0534,No,Low
3422-GALYP,0.7424,Yes,Medium
2890-WFBHU,0.1278,No,Low
0327-WFZSY,0.1279,No,Low
7977-HXJKU,0.0102,No,Low
7033-CLAMM,0.0007,No,Low
4023-RTIQM,0.1354,No,Low
0864-FVJNJ,0.0488,No,Low
7356-IWLFW,0.0826,No,Low
9541-PWTWO,0.0232,No,Low
3967-VQOGC,0.0087,No,Low
7872-RDDLZ,0.1666,No,Low
6308-CQRBU,0.1046,No,Low
0186-CAERR,0.2684,No,Low
3043-SUDUA,0.0685,No,Low
5442-BHQNG,0.6384,Yes,Medium
2169-RRLFW,0.0033,No,Low
5872-OEQNH,0.1206,No,Low
3162-KKZXO,0.3825,No,Low
8873-GLDMH,0.6754,Yes,Medium
5696-JVVQY,0.0239,No,Low
8946-BFWSG,0.0006,No,Low
0547-HURJB,0.0682,No,Low
8904-OPDCK,0.1878,No,Low
8845-LWKGE,0.0422,No,Low
0691-NIKRI,0.3097,No,Low
5022-JNQEQ,0.3861,No,Low
3249-VHRIP,0.0698,No,Low
3736-BLEPA,0.1613,No,Low
4701-LKOZD,0.0058,No,Low
6603-QWSPR,0.161,No,Low
9921-QFQUL,0.3964,No,Low
1929-ZCBHE,0.0483,No,Low
4378-MYPGO,0.0329,No,Low
4129-LYCOI,0.083,No,Low
7798-JVXYM,0.3201,No,Low
8647-SDTWQ,0.125,No,Low
2696-ECXKC,0.0565,No,Low
2081-KJSQF,0.3527,No,Low
3323-CPBWR,0.3009,No,Low
3384-CTMSF,0.5249,Yes,Medium
0902-RFHOF,0.0095,No,Low
6048-QBXKL,0.5206,Yes,Medium
7718-RXDGG,0.3973,No,Low
1025-FALIX,0.3119,No,Low
3451-VAWLI,0.0045,No,Low
3407-QGWLG,0.0547,No,Low
2347-WKKAE,0.3922,No,Low
8735-DCXNF,0.1806,No,Low
3214-IYUUQ,0.1127,No,Low
1936-UAFEH,0.1304,No,Low
3587-PMCOY,0.6065,Yes,Medium
1027-LKKQQ,0.002,No,Low
7148-XZPHA,0.0826,No,Low
5309-TAIKL,0.1775,No,Low
6856-RAURS,0.7321,Yes,Medium
8778-LMWTJ,0.5146,Yes,Medium
9717-IOAAF,0.0257,No,Low
2845-KDHVX,0.0309,No,Low
0848-SOMKO,0.0177,No,Low
6734-FQAJX,0.1202,No,Low
1535-VTJOQ,0.1198,No,Low
6368-TZZDT,0.022,No,Low
0943-ZQPXH,0.0987,No,Low
1293-BSEUN,0.0047,No,Low
1302-TPUBN,0.0407,No,Low
2378-VTKDH,0.4256,No,Medium
0927-CNGRH,0.304,No,Low
8608-OZTLB,0.0509,No,Low
2335-GSODA,0.0442,No,Low
1952-DVVSW,0.0737,No,Low
6656-GULJQ,0.0044,No,Low
9853-JFZDU,0.14,No,Low
3777-XROBG,0.0042,No,Low
6994-FGRHH,0.1027,No,Low
4000-VGMQP,0.0435,No,Low
3999-WRNGR,0.1351,No,Low
3466-RITXD,0.3813,No,Low
2680-XKKNJ,0.1019,No,Low
2974-GGUXS,0.4078,No,Medium
7994-XIRTR,0.0861,No,Low
2101-RANCD,0.4359,No,Medium
7921-BEPCI,0.0239,No,Low
8510-TMWYB,0.017,No,Low
3258-ZKPAI,0.0127,No,Low
1428-IEDPR,0.2487,No,Low
5298-GSTLM,0.2306,No,Low
4450-YOOHP,0.2182,No,Low
6728-CZFEI,0.1778,No,Low
3653-NCRDJ,0.0111,No,Low
6121-TNHBO,0.0942,No,Low
5119-NZPTV,0.5485,Yes,Medium
6519-ZHPXP,0.0284,No,Low
3472-QPRCH,0.0077,No,Low
8224-UAXBZ,0.1433,No,Low
9610-WCESF,0.1097,No,Low
2486-WYVVE,0.2271,No,Low
3865-ZYKAD,0.1914,No,Low
1422-DGUBX,0.3248,No,Low
2999-AANRQ,0.0626,No,Low
8668-KNZTI,0.08,No,Low
0480-KYJVA,0.0008,No,Low
9746-YKGXB,0.0335,No,Low
3926-YZVVX,0.0888,No,Low
6000-UKLWI,0.0075,No,Low
6332-FBZRI,0.033,No,Low
2096-XOTMO,0.0424,No,Low
3266-FTKHB,0.0348,No,Low
8221-EQDGL,0.0835,No,Low
2346-LOCWC,0.0022,No,Low
0298-XACET,0.0224,No,Low
7560-QJAVJ,0.0124,No,Low
2995-YWTCD,0.0195,No,Low
9137-UIYPG,0.1516,No,Low
2809-ZMYOQ,0.5541,Yes,Medium
5084-OOVCJ,0.0928,No,Low
0254-WWRKD,0.0491,No,Low
7727-SHVZV,0.1484,No,Low
5339-PXDVH,0.5729,Yes,Medium
2205-LPVGL,0.0249,No,Low
8782-NUUOL,0.1225,No,Low
7601-WFVZV,0.338,No,Low
4609-KNNWG,0.0007,No,Low
4868-AADLV,0.0548,No,Low
9529-OFXHY,0.4441,No,Medium
2669-QVCRG,0.3192,No,Low
2478-EEWWM,0.395,No,Low
9174-IHETN,0.0692,No,Low
2233-TXSIU,0.1031,No,Low
9644-UMGQA,0.3105,No,Low
3256-EZDBI,0.1892,No,Low
0419-YAAPX,0.3177,No,Low
0872-CASZJ,0.038,No,Low
4726-DLWQN,0.1149,No,Low
8164-OCKUJ,0.0044,No,Low
3094-JOJAI,0.4024,No,Medium
9494-MRNYX,0.5445,Yes,Medium
2599-CZABP,0.281,No,Low
7945-PRBVF,0.0179,No,Low
4544-RXFMG,0.1419,No,Low
0859-YGKFW,0.0316,No,Low
1150-FTQGN,0.036,No,Low
7196-LIWRH,0.0459,No,Low
5448-VWNAM,0.1044,No,Low
1177-XZBJL,0.0174,No,Low
3518-FSTWG,0.0698,No,Low
9330-VOFSZ,0.1282,No,Low
0939-EREMR,0.1239,No,Low
9389-ACWBI,0.3405,No,Low
3644-QXEHN,0.2804,No,Low
2911-IJORQ,0.1024,No,Low
5921-NGYRH,0.2172,No,Low
5998-DZLYR,0.0831,No,Low
3985-HOYPM,0.0077,No,Low
9548-LERKT,0.0167,No,Low
6576-FBXOJ,0.236,No,Low
4310-KEDTB,0.1465,No,Low
4062-HBMOS,0.4698,No,Medium
2676-ISHSF,0.2847,No,Low
9236-NDUCW,0.0431,No,Low
4753-PADAS,0.24,No,Low
6103-QCKFX,0.0321,No,Low
7781-EWARA,0.0652,No,Low
7018-FPXHH,0.0065,No,Low
0572-ZJKLT,0.0354,No,Low
5135-RDDQL,0.0165,No,Low
1353-LJWEM,0.1973,No,Low
1794-SWWKL,0.1216,No,Low
6166-YIPFO,0.068,No,Low
9332-GYWLO,0.2581,No,Low
4184-VODJZ,0.0718,No,Low
1092-WPIVQ,0.0215,No,Low
7233-IOQNP,0.1315,No,Low
2834-JKOOW,0.1213,No,Low
2400-FEQME,0.0009,No,Low
4957-SREEC,0.0003,No,Low
0230-UBYPQ,0.0835,No,Low
4923-ADWXJ,0.1278,No,Low
1763-KUAAW,0.1196,No,Low
1104-TNLZA,0.4997,No,Medium
5195-KPUNQ,0.1337,No,Low
3439-GVUSX,0.481,No,Medium
5949-HGVJL,0.2008,No,Low
5203-XEHAX,0.0734,No,Low
1635-HDGFT,0.0106,No,Low
8050-XGRVL,0.0257,No,Low
9828-QHFBK,0.2183,No,Low
3908-MKIMJ,0.1175,No,Low
5012-YSPJJ,0.0455,No,Low
6728-VOIFY,0.287,No,Low
4891-NLUBA,0.0026,No,Low
8969-PRHFK,0.0141,No,Low
0661-KQHNK,0.0542,No,Low
8709-KRDVL,0.56,Yes,Medium
1427-VERSM,0.3188,No,Low
9801-NOSHQ,0.0024,No,Low
6339-YPSAH,0.5444,Yes,Medium
2159-TURXX,0.1177,No,Low
1548-FEHVL,0.2445,No,Low
3795-CAWEX,0.0167,No,Low
6215-NQCPY,0.6727,Yes,Medium
5647-URDKA,0.0118,No,Low
2229-DPMBI,0.009,No,Low
9626-WEQRM,0.3773,No,Low
2188-SXWVT,0.0455,No,Low
6258-PVZWJ,0.01,No,Low
1094-BKOSX,0.0462,No,Low
6969-MVBAI,0.7417,Yes,Medium
2978-XXSOG,0.1086,No,Low
2342-CKIAO,0.1037,No,Low
6953-PBDIN,0.0369,No,Low
3898-BSJYF,0.1385,No,Low
3938-YFPXD,0.0113,No,Low
7696-AMHOD,0.0273,No,Low
2453-SAFNS,0.0803,No,Low
9558-IHEZX,0.1126,No,Low
9617-UDPEU,0.0267,No,Low
6340-DACFT,0.0046,No,Low
4955-VCWBI,0.0036,No,Low
6813-GZQCG,0.0099,No,Low
7426-GSWPO,0.2362,No,Low
3389-KTRXV,0.0155,No,Low
3118-UHVVQ,0.0035,No,Low
3205-MXZRA,0.0845,No,Low
8317-BVKSO,0.0801,No,Low
5702-KVQRD,0.0395,No,Low
0083-PIVIK,0.0903,No,Low
6169-PGNCD,0.028,No,Low
4909-JOUPP,0.0615,No,Low
4657-FWVFY,0.0743,No,Low
2257-BOVXD,0.3007,No,Low
7729-JTEEC,0.414,No,Medium
9696-RMYBA,0.6364,Yes,Medium
8690-UPCZI,0.018,No,Low
9770-LXDBK,0.1165,No,Low
4086-WITJG,0.002,No,Low
8344-WFMFH,0.2395,No,Low
8822-KNBHV,0.0989,No,Low
8404-FYDIB,0.3205,No,Low
2791-SFVEW,0.2083,No,Low
6762-NSODU,0.0013,No,Low
9888-ZCUMM,0.0043,No,Low
1074-WVEVG,0.049,No,Low
9979-RGMZT,0.6434,Yes,Medium
6437-UDQJM,0.0547,No,Low
1226-IENZN,0.5452,Yes,Medium
2108-GLPQB,0.1048,No,Low
5474-LAMUQ,0.0077,No,Low
3468-DRVQJ,0.1222,No,Low
1122-YJBCS,0.0717,No,Low
4990-ALDGW,0.0287,No,Low
4816-OKWNX,0.0784,No,Low
3315-IKYZQ,0.0273,No,Low
4747-LCAQL,0.1255,No,Low
3411-WLRSQ,0.6082,Yes,Medium
0898-XCGTF,0.2486,No,Low
8006-PYCSW,0.1034,No,Low
8249-THVEC,0.005,No,Low
8722-PRFDV,0.0117,No,Low
2164-SOQXL,0.034,No,Low
4020-KIUDI,0.0563,No,Low
5850-BDWCY,0.11,No,Low
2038-YSEZE,0.0534,No,Low
0827-ITJPH,0.0186,No,Low
8799-OXZMD,0.2009,No,Low
1705-GUHPV,0.0141,No,Low
4779-ZGICK,0.0053,No,Low
0048-PIHNL,0.043,No,Low
3967-KXAPS,0.0091,No,Low
3704-IEAXF,0.0205,No,Low
6810-VCAEX,0.032,No,Low
0674-EYYZV,0.6032,Yes,Medium
4480-MBMLB,0.3118,No,Low
1395-OFUWC,0.1817,No,Low
0822-QGCXA,0.2231,No,Low
2832-KJCRD,0.504,Yes,Medium
3588-WSTTJ,0.4697,No,Medium
4075-WKNIU,0.1315,No,Low
5090-EMGTC,0.0899,No,Low
2346-CZYIL,0.0132,No,Low
3798-EPWRR,0.5136,Yes,Medium
6258-NGCNG,0.1149,No,Low
4186-ZBUEW,0.148,No,Low
5274-XHAKY,0.0824,No,Low
1442-BQPVU,0.3357,No,Low
3978-YNKDD,0.0127,No,Low
4940-KHCWD,0.0134,No,Low
9589-ABEPT,0.0669,No,Low
9388-ZEYVT,0.0869,No,Low
0305-SQECB,0.0743,No,Low
7605-SNLQG,0.12,No,Low
4670-TABXH,0.0911,No,Low
0064-SUDOG,0.0393,No,Low
8561-NMTBD,0.04,No,Low
5161-XEUVX,0.1289,No,Low
8292-FRFZQ,0.0329,No,Low
8591-NXRCV,0.1016,No,Low
7895-VONWT,0.2564,No,Low
4526-RMTLL,0.0797,No,Low
6253-GNHWH,0.0108,No,Low
4566-NECEV,0.5829,Yes,Medium
8080-POTJR,0.1083,No,Low
6906-MPARY,0.1734,No,Low
3662-FXJFO,0.0216,No,Low
8107-RZLNV,0.2214,No,Low
0516-OOHAR,0.0921,No,Low
2027-CWDNU,0.2356,No,Low
9912-OMZDS,0.0903,No,Low
3733-ZEECP,0.1827,No,Low
7878-RTCZG,0.3539,No,Low
2452-MRMZF,0.0098,No,Low
7103-IPXPJ,0.2796,No,Low
4342-HFXWS,0.016,No,Low
3545-CNWRG,0.178,No,Low
1785-BPHTP,0.1344,No,Low
4989-LIXVT,0.3256,No,Low
7315-WYOAW,0.5473,Yes,Medium
1173-XZPYF,0.6718,Yes,Medium
2509-TFPJU,0.0067,No,Low
9530-GRMJG,0.0226,No,Low
6898-RBTLU,0.0114,No,Low
5481-NTDOH,0.2077,No,Low
2068-WWXQZ,0.0132,No,Low
2061-VVFST,0.1113,No,Low
0749-IRGQE,0.5014,Yes,Medium
2380-DAMQP,0.0348,No,Low
2256-YLYLP,0.0177,No,Low
1272-ILHFG,0.0154,No,Low
0164-XAIRP,0.03,No,Low
5666-CYCYZ,0.533,Yes,Medium
4011-ARPHK,0.1136,No,Low
6365-HITVU,0.0011,No,Low
7558-IMLMT,0.0042,No,Low
9488-FYQAU,0.1513,No,Low
3590-TCXTB,0.2681,No,Low
6994-KERXL,0.3947,No,Low
1960-UOTYM,0.0341,No,Low
2740-JFBOK,0.0516,No,Low
6500-JVEGC,0.1257,No,Low
5245-VDBUR,0.1121,No,Low
8469-SNFFH,0.0929,No,Low
2144-ESWKO,0.0948,No,Low
1241-FPMOF,0.0271,No,Low
9928-BZVLZ,0.085,No,Low
4114-QMKVN,0.0262,No,Low
2775-SEFEE,0.0743,No,Low
9003-CPATH,0.402,No,Medium
1754-GKYPY,0.48,No,Medium
7956-XQWGU,0.0242,No,Low
1591-MQJTP,0.1943,No,Low
2369-FEVNO,0.467,No,Medium
7471-MQPOS,0.0765,No,Low
5115-SQAAU,0.0029,No,Low
9845-QOMAD,0.0117,No,Low
7672-VFMXZ,0.1283,No,Low
9739-JLPQJ,0.0121,No,Low
9916-AYHTC,0.0101,No,Low
3855-ONCAR,0.4215,No,Medium
1488-SYSFC,0.0312,No,Low
0970-QXPXW,0.3161,No,Low
3259-KNMRR,0.0902,No,Low
6120-RJKLU,0.0431,No,Low
9572-WUKSB,0.4877,No,Medium
5893-KCLGT,0.0139,No,Low
0076-LVEPS,0.062,No,Low
3640-JQGJG,0.1072,No,Low
1596-OQSPS,0.2207,No,Low
9867-XOBQA,0.0294,No,Low
9546-KDTRB,0.0823,No,Low
3174-RKMOW,0.1748,No,Low
1760-CAZHT,0.0078,No,Low
8441-SHIPE,0.0079,No,Low
1320-GVNHT,0.026,No,Low
1047-RNXZV,0.03,No,Low
3541-ZNUHK,0.1007,No,Low
8725-JEDFD,0.3114,No,Low
7562-UXTPG,0.4552,No,Medium
8071-SBTRN,0.0812,No,Low
6668-CNMFP,0.0843,No,Low
5626-MGTUK,0.3701,No,Low
5681-LLOEI,0.0281,No,Low
8212-DJRCH,0.4302,No,Medium
4323-OHFOW,0.2237,No,Low
4933-BSAIP,0.0285,No,Low
2030-BTZRO,0.0522,No,Low
1116-DXXDF,0.22,No,Low
6563-VNPMN,0.1583,No,Low
2267-WTPYD,0.2525,No,Low
0270-THENM,0.0145,No,Low
4707-MAXGU,0.0073,No,Low
2710-WYVXG,0.1484,No,Low
6300-BWMJX,0.2795,No,Low
7009-LGECI,0.3135,No,Low
5022-KVDQT,0.514,Yes,Medium
7976-CICYS,0.1129,No,Low
1036-GUDCL,0.0477,No,Low
2005-DWQZJ,0.0126,No,Low
8148-WOCMK,0.0141,No,Low
7815-PDTHL,0.0296,No,Low
9173-IVZVP,0.0044,No,Low
9129-UXERG,0.4433,No,Medium
3635-JBPSG,0.1596,No,Low
7964-ZRKKG,0.1529,No,Low
6229-LSCKB,0.7088,Yes,Medium
1724-IQWNM,0.301,No,Low
8217-QYOHV,0.2038,No,Low
5546-QUERU,0.0314,No,Low
6897-UUBNU,0.2776,No,Low
6127-IYJOZ,0.6041,Yes,Medium
8930-XOTDP,0.1317,No,Low
5916-QEWPT,0.4091,No,Medium
5060-TQUQN,0.0857,No,Low
0531-XBKMM,0.0145,No,Low
8465-SBRXP,0.0377,No,Low
2408-PSJVE,0.067,No,Low
9700-ZCLOT,0.1953,No,Low
8738-JOKAR,0.0761,No,Low
4534-WGCIR,0.0071,No,Low
1930-WNXSB,0.1301,No,Low
3508-CFVZL,0.0391,No,Low
0657-DOGUM,0.0472,No,Low
8792-AOROI,0.079,No,Low
5146-YYFRZ,0.0157,No,Low
3452-SRFEG,0.3081,No,Low
4070-OKWVH,0.2539,No,Low
5297-MDOIR,0.0968,No,Low
6369-MCAKO,0.0027,No,Low
4926-UMJZD,0.102,No,Low
6848-HJTXY,0.0125,No,Low
6341-AEVKX,0.1791,No,Low
0682-USIXD,0.5358,Yes,Medium
6976-BWGLQ,0.0008,No,Low
7078-NVFAM,0.1469,No,Low
8065-QBYTO,0.1109,No,Low
2133-TSRRM,0.1389,No,Low
2511-ALLCS,0.0011,No,Low
3191-CSNMG,0.427,No,Medium
7952-OBOYL,0.6978,Yes,Medium
7470-DYNOE,0.1033,No,Low
7853-OETYL,0.4181,No,Medium
1545-ACTAS,0.0735,No,Low
5126-RCXYW,0.0242,No,Low
2363-BJLSL,0.0889,No,Low
1956-YIFGE,0.1899,No,Low
7921-LMDFQ,0.258,No,Low
2925-MXLSX,0.1037,No,Low
5820-PTRYM,0.0649,No,Low
9609-BENEA,0.1468,No,Low
6211-WHMYA,0.1627,No,Low
4459-BBGHE,0.1309,No,Low
9945-PSVIP,0.0228,No,Low
9108-EJFJP,0.4345,No,Medium
0530-IJVDB,0.0375,No,Low
0508-SQWPL,0.003,No,Low
2215-ZAFGX,0.7277,Yes,Medium
8213-TAZPM,0.0501,No,Low
1304-SEGFY,0.2129,No,Low
7242-EDTYC,0.011,No,Low
2904-GGUAZ,0.0385,No,Low
5136-GFPMB,0.2606,No,Low
2595-KIWPV,0.0067,No,Low
5243-SAOTC,0.2399,No,Low
9398-MMQTO,0.4561,No,Medium
7619-PLRLP,0.0911,No,Low
6508-NJYRO,0.0369,No,Low
4710-NKCAW,0.1378,No,Low
5306-BVTKJ,0.0374,No,Low
0357-NVCRI,0.0284,No,Low
2371-KFUOG,0.1934,No,Low
0463-ZSDNT,0.2261,No,Low
6257-DTAYD,0.1668,No,Low
4616-ULAOA,0.0294,No,Low
7746-AWNQW,0.1359,No,Low
5996-EBTKM,0.0207,No,Low
2758-RNWXS,0.2266,No,Low
2314-TNDJQ,0.007,No,Low
2405-LBMUW,0.0204,No,Low
3454-JFUBC,0.0061,No,Low
9039-ZVJDC,0.1201,No,Low
9013-AQORL,0.1252,No,Low
2898-MRKPI,0.0693,No,Low
2750-BJLSB,0.286,No,Low
3648-GZPHF,0.0599,No,Low
2075-RMJIK,0.2168,No,Low
9588-YRFHY,0.0121,No,Low
9364-YKUVW,0.1182,No,Low
5392-AKEMH,0.393,No,Low
2451-YMUXS,0.0296,No,Low
3914-FDRHP,0.5236,Yes,Medium
3078-ZKNTS,0.0239,No,Low
1024-KPRBB,0.3071,No,Low
4690-PKDQG,0.476,No,Medium
9547-ITEFG,0.3949,No,Low
1264-FUHCX,0.1387,No,Low
7789-CRUVC,0.1206,No,Low
6598-KELSS,0.0507,No,Low
9972-VAFJJ,0.2047,No,Low
0422-UXFAP,0.3621,No,Low
1904-WAJAA,0.0813,No,Low
5130-YPIRV,0.0224,No,Low
2843-CQMEG,0.1817,No,Low
6439-PKTRR,0.0078,No,Low
5351-QESIO,0.403,No,Medium
5568-DMXZS,0.2014,No,Low
8468-FZTOE,0.0202,No,Low
6633-SYEUS,0.2459,No,Low
6447-GORXK,0.1483,No,Low
6967-PEJLL,0.0599,No,Low
5981-ZVXOT,0.3322,No,Low
1684-FLBGS,0.0403,No,Low
1389-WNUIB,0.0494,No,Low
0376-OIWME,0.3708,No,Low
0218-QNVAS,0.0607,No,Low
0804-YGEQV,0.0026,No,Low
7164-BPTUT,0.0048,No,Low
2523-EWWZL,0.4736,No,Medium
0928-XUTSN,0.5653,Yes,Medium
0052-YNYOT,0.0548,No,Low
9586-JGQKH,0.1141,No,Low
4501-VCPFK,0.1567,No,Low
6075-SLNIL,0.3263,No,Low
9347-AERRL,0.0107,No,Low
2274-XUATA,0.0086,No,Low
6691-CCIHA,0.0248,No,Low
1685-BQULA,0.3637,No,Low
9053-EJUNL,0.4915,No,Medium
0666-UXTJO,0.3427,No,Low
1471-GIQKQ,0.4781,No,Medium
4807-IZYOZ,0.0122,No,Low
9710-NJERN,0.0059,No,Low
9837-FWLCH,0.1397,No,Low
7203-OYKCT,0.2961,No,Low
1035-IPQPU,0.4336,No,Medium
7398-LXGYX,0.2729,No,Low
2823-LKABH,0.3593,No,Low
0550-DCXLH,0.184,No,Low
9281-CEDRU,0.0151,No,Low
2235-DWLJU,0.5672,Yes,Medium
0871-OPBXW,0.1073,No,Low
3605-JISKB,0.0968,No,Low
9767-FFLEM,0.3481,No,Low
8456-QDAVC,0.3757,No,Low
7750-EYXWZ,0.2327,No,Low
2569-WGERO,0.0059,No,Low
6840-RESVB,0.0564,No,Low
2234-XADUH,0.0536,No,Low
4801-JZAZL,0.2089,No,Low
3186-AJIEK,0.1779,No,Low
