"customer_id","tenure_months","contract","paperless_billing","payment_method","monthly_charges","total_charges","cltv"
"3668-QPYBK",2,"Month-to-month",True,"Mailed check","53.85","108.15",3239
"9237-HQITU",2,"Month-to-month",True,"Electronic check","70.70","151.65",2701
"9305-CDSKC",8,"Month-to-month",True,"Electronic check","99.65","820.50",5372
"7892-POOKP",28,"Month-to-month",True,"Electronic check","104.80","3046.05",5003
"0280-XJGEX",49,"Month-to-month",True,"Bank transfer (automatic)","103.70","5036.30",5340
"4190-MFLUW",10,"Month-to-month",False,"Credit card (automatic)","55.20","528.35",5925
"8779-QRDMV",1,"Month-to-month",True,"Electronic check","39.65","39.65",5433
"1066-JKSGK",1,"Month-to-month",False,"Mailed check","20.15","20.15",4832
"6467-CHFZW",47,"Month-to-month",True,"Electronic check","99.35","4749.15",5789
"8665-UTDHZ",1,"Month-to-month",False,"Electronic check","30.20","30.20",2915
"8773-HHUOZ",17,"Month-to-month",True,"Mailed check","64.70","1093.10",3022
"6047-YHPVI",5,"Month-to-month",True,"Electronic check","69.70","316.90",2454
"5380-WJKOV",34,"Month-to-month",True,"Electronic check","106.35","3549.25",2941
"8168-UQWWF",11,"Month-to-month",True,"Bank transfer (automatic)","97.85","1105.40",5674
"7760-OYPDY",2,"Month-to-month",True,"Electronic check","80.65","144.15",5586
"9420-LOJKX",15,"Month-to-month",True,"Credit card (automatic)","99.10","1426.40",2966
"7495-OOKFY",8,"Month-to-month",True,"Credit card (automatic)","80.65","633.30",5302
"1658-BYGOY",18,"Month-to-month",True,"Electronic check","95.45","1752.55",3179
"5698-BQJOH",9,"Month-to-month",False,"Electronic check","94.40","857.25",5571
"5919-TMRGD",1,"Month-to-month",True,"Electronic check","79.35","79.35",2483
"9191-MYQKX",7,"Month-to-month",True,"Bank transfer (automatic)","75.15","496.90",3457
"8637-XJIVR",12,"Month-to-month",True,"Electronic check","78.95","927.35",5806
"0278-YXOOG",5,"Month-to-month",False,"Mailed check","21.05","113.85",2604
"4598-XLKNJ",25,"Month-to-month",True,"Electronic check","98.50","2514.50",5337
"3192-NQECA",68,"Two year",True,"Bank transfer (automatic)","110.00","7611.85",5034
"0486-HECZI",55,"Month-to-month",True,"Electronic check","96.75","5238.90",5154
"4846-WHAFZ",37,"Month-to-month",True,"Electronic check","76.50","2868.15",2793
"5299-RULOA",10,"Month-to-month",True,"Electronic check","100.25","1064.65",5998
"0404-SWRVG",3,"Month-to-month",True,"Electronic check","74.40","229.55",4415
"4412-YLTKF",27,"Month-to-month",True,"Electronic check","78.05","2135.50",4638
"6207-WIOLX",25,"Month-to-month",True,"Credit card (automatic)","58.60","1502.65",4190
"3091-FYHKI",1,"Month-to-month",True,"Electronic check","35.45","35.45",2301
"2372-HWUHI",2,"Month-to-month",False,"Electronic check","44.35","81.25",2570
"0390-DCFDQ",1,"Month-to-month",True,"Mailed check","70.45","70.45",3964
"4080-OGPJL",8,"Month-to-month",False,"Electronic check","71.15","563.65",2662
"2135-RXIHG",1,"Month-to-month",True,"Electronic check","45.65","45.65",2600
"3874-EQOEP",7,"Month-to-month",False,"Mailed check","95.00","655.50",2786
"0867-MKZVY",20,"Month-to-month",False,"Electronic check","82.40","1592.35",5719
"3376-BMGFE",4,"Month-to-month",True,"Bank transfer (automatic)","70.90","273.00",4287
"3445-HXXGF",58,"Month-to-month",True,"Electronic check","45.30","2651.20",5444
"1875-QIVME",2,"Month-to-month",True,"Electronic check","104.40","242.80",4690
"0691-JVSYA",53,"One year",True,"Bank transfer (automatic)","94.85","5000.20",4328
"2656-FMOKZ",15,"Month-to-month",True,"Mailed check","74.45","1145.70",5717
"2070-FNEXE",7,"Month-to-month",False,"Bank transfer (automatic)","76.45","503.60",4419
"6317-YPKDH",1,"Month-to-month",False,"Bank transfer (automatic)","29.95","29.95",4534
"9367-WXLCH",8,"Month-to-month",False,"Bank transfer (automatic)","84.50","662.65",2152
"1918-ZBFQJ",13,"Month-to-month",True,"Electronic check","79.25","1111.65",5142
"1024-GUALD",1,"Month-to-month",True,"Electronic check","24.80","24.80",4851
"2472-OVKUP",6,"Month-to-month",True,"Electronic check","91.00","531.00",2283
"1285-OKIPP",1,"Month-to-month",False,"Electronic check","79.90","79.90",3394
"7825-ECJRF",19,"Month-to-month",True,"Electronic check","106.60","1934.45",3764
"7841-TZDMQ",2,"Month-to-month",True,"Credit card (automatic)","46.00","84.50",2667
"9408-SSNVZ",4,"Month-to-month",True,"Electronic check","70.15","268.35",2227
"0742-MOABM",4,"Month-to-month",False,"Mailed check","50.05","179.35",3394
"2232-DMLXU",1,"Month-to-month",False,"Mailed check","55.20","55.20",3638
"8937-RDTHP",1,"Month-to-month",True,"Mailed check","84.60","84.60",2484
"1251-KRREG",2,"Month-to-month",True,"Mailed check","54.40","114.10",2556
"0094-OIFMO",11,"Month-to-month",True,"Electronic check","95.00","1120.30",5980
"9947-OTFQU",15,"Month-to-month",True,"Electronic check","74.40","1074.30",4616
"0322-YINQP",1,"Month-to-month",True,"Mailed check","48.55","48.55",5687
"4629-NRXKX",2,"Month-to-month",False,"Electronic check","70.40","147.15",5687
"9514-JDSKI",1,"Month-to-month",False,"Electronic check","40.20","40.20",5828
"4959-JOSRX",2,"Month-to-month",True,"Credit card (automatic)","44.60","80.55",4884
"7273-TEFQD",3,"Month-to-month",True,"Electronic check","41.15","132.20",2314
"3606-TWKGI",13,"Month-to-month",True,"Electronic check","106.90","1364.30",2494
"6323-AYBRX",59,"Two year",False,"Mailed check","19.35","1099.60",5084
"4385-GZQXV",16,"Month-to-month",True,"Electronic check","94.45","1511.20",3810
"6366-ZGQGL",1,"Month-to-month",False,"Bank transfer (automatic)","24.80","24.80",5087
"5940-AHUHD",1,"Month-to-month",False,"Mailed check","70.60","70.60",3338
"6432-TWQLB",5,"Month-to-month",True,"Electronic check","85.40","401.10",3676
"4484-GLZOU",52,"Month-to-month",True,"Electronic check","105.05","5624.85",4839
"9512-UIBFX",18,"Month-to-month",False,"Mailed check","95.15","1779.95",4643
"5583-SXDAG",1,"Month-to-month",False,"Electronic check","70.00","70.00",4094
"3488-PGMQJ",8,"Month-to-month",True,"Electronic check","74.50","606.55",4345
"3580-REOAC",10,"Month-to-month",True,"Credit card (automatic)","44.85","435.40",4061
"7534-BFESC",24,"Month-to-month",True,"Electronic check","76.10","1712.70",2018
"6390-DSAZX",1,"Month-to-month",True,"Mailed check","73.60","73.60",2565
"8098-LLAZX",4,"Month-to-month",True,"Electronic check","95.45","396.10",3677
"0265-EDXBD",32,"Month-to-month",True,"Electronic check","74.90","2303.35",4105
"7563-BIUPC",5,"Month-to-month",True,"Electronic check","80.60","415.55",5715
"2321-OMBXY",38,"One year",False,"Credit card (automatic)","80.30","3058.65",2071
"2840-XANRC",24,"Month-to-month",True,"Electronic check","93.15","2231.05",2212
"5020-ZSTTY",54,"One year",False,"Bank transfer (automatic)","82.45","4350.10",4149
"5804-LEPIM",2,"Month-to-month",True,"Electronic check","70.35","139.05",2671
"0122-OAHPZ",7,"Month-to-month",True,"Electronic check","73.85","511.25",2473
"2868-SNELZ",2,"Month-to-month",False,"Mailed check","80.60","155.80",2683
"4322-RCYMT",68,"One year",True,"Bank transfer (automatic)","75.80","5293.95",4903
"6680-NENYN",43,"Two year",True,"Electronic check","104.60","4759.85",5250
"1343-EHPYB",63,"Month-to-month",True,"Electronic check","103.40","6603.00",4352
"2034-GDRCN",2,"Month-to-month",True,"Electronic check","90.40","168.20",4157
"0219-YTZUE",4,"Month-to-month",True,"Bank transfer (automatic)","84.80","371.90",4939
"0623-IIHUG",21,"Month-to-month",True,"Electronic check","41.90","840.10",4778
"4572-DVCGN",10,"Month-to-month",True,"Bank transfer (automatic)","80.25","846.00",3598
"9057-MSWCO",27,"Month-to-month",False,"Credit card (automatic)","30.75","805.10",2927
"1010-DIAUQ",5,"Month-to-month",False,"Bank transfer (automatic)","96.50","492.55",5383
"0259-GBZSH",2,"Month-to-month",True,"Electronic check","85.65","181.50",3878
"9601-BRXPO",25,"Month-to-month",True,"Bank transfer (automatic)","104.95","2566.50",3642
"6905-NIQIN",1,"Month-to-month",False,"Mailed check","50.65","50.65",2431
"5167-ZFFMM",1,"Month-to-month",True,"Credit card (automatic)","90.85","90.85",3424
"4895-TMWIR",11,"Month-to-month",False,"Mailed check","19.95","214.75",5888
"0533-BNWKF",55,"Month-to-month",True,"Electronic check","85.45","4874.70",5502
"6599-CEBNN",34,"Month-to-month",True,"Credit card (automatic)","73.95","2524.45",5795
"0979-PHULV",69,"Month-to-month",True,"Credit card (automatic)","99.45","7007.60",4020
"4800-VHZKI",1,"Month-to-month",True,"Mailed check","19.90","19.90",3351
"7989-CHGTL",1,"Month-to-month",True,"Mailed check","19.60","19.60",3448
"0334-GDDSO",3,"Month-to-month",True,"Electronic check","81.35","233.70",2818
"0578-SKVMF",22,"Month-to-month",False,"Electronic check","83.30","1845.90",3804
"5564-NEMQO",1,"Month-to-month",True,"Bank transfer (automatic)","75.30","75.30",4902
"9063-ZGTUY",61,"Month-to-month",True,"Mailed check","19.40","1182.55",4221
"2957-LOLHO",12,"Month-to-month",True,"Bank transfer (automatic)","45.40","518.90",2887
"7752-XUSCI",60,"Month-to-month",True,"Electronic check","105.90","6396.45",4105
"4110-PFEUZ",1,"Month-to-month",False,"Mailed check","69.55","69.55",2792
"0256-LTHVJ",28,"Month-to-month",True,"Electronic check","81.05","2227.10",5201
"0880-TKATG",4,"Month-to-month",False,"Electronic check","101.15","385.90",4417
"3811-VBYBZ",7,"Month-to-month",True,"Electronic check","99.80","673.25",2031
"4640-UHDOS",13,"Month-to-month",False,"Electronic check","55.95","734.35",4498
"3583-EKAPL",1,"Month-to-month",True,"Electronic check","55.00","55.00",4877
"9399-APLBT",1,"Month-to-month",True,"Electronic check","74.70","74.70",5980
"2359-KMGLI",24,"Month-to-month",True,"Electronic check","80.25","1861.50",4418
"0306-JAELE",5,"Month-to-month",True,"Electronic check","96.10","453.40",4192
"6227-HWPWX",15,"Month-to-month",False,"Bank transfer (automatic)","69.00","994.80",5671
"0447-BEMNG",48,"Month-to-month",True,"Bank transfer (automatic)","45.30","2145.00",4926
"5949-XIKAE",8,"Month-to-month",True,"Electronic check","83.55","680.05",2879
"8372-JUXUI",1,"Month-to-month",True,"Electronic check","74.35","74.35",2814
"0388-EOPEX",2,"Month-to-month",True,"Electronic check","74.40","139.40",4263
"8205-OTCHB",22,"One year",True,"Bank transfer (automatic)","43.75","903.60",3099
"6235-VDHOM",5,"Month-to-month",False,"Electronic check","28.45","131.05",4099
"7783-YKGDV",12,"Month-to-month",True,"Bank transfer (automatic)","99.70","1238.45",2538
"5609-CEBID",20,"Month-to-month",True,"Electronic check","94.10","1782.40",2666
"7218-HKQFK",2,"Month-to-month",True,"Electronic check","94.20","167.50",3715
"4636-QRJKY",6,"Month-to-month",True,"Electronic check","80.50","502.85",5032
"5956-VKDTT",5,"Month-to-month",True,"Electronic check","74.35","334.80",5273
"9412-GHEEC",40,"Month-to-month",False,"Bank transfer (automatic)","104.80","4131.95",3492
"0257-ZESQC",27,"Month-to-month",True,"Bank transfer (automatic)","75.20","1929.35",4517
"6825-UYPFK",23,"Month-to-month",False,"Bank transfer (automatic)","75.60","1758.60",2115
"8397-MVTAZ",34,"Month-to-month",True,"Electronic check","100.05","3480.00",2568
"9282-IZGQK",1,"Month-to-month",True,"Electronic check","85.00","85.00",5679
"1342-JPNKI",10,"Month-to-month",True,"Bank transfer (automatic)","86.05","834.10",2966
"2817-NTQDO",13,"Month-to-month",True,"Credit card (automatic)","45.55","597.00",4856
"6986-IJDHX",39,"Month-to-month",True,"Mailed check","86.30","3266.00",3364
"5301-GAUUY",32,"Month-to-month",True,"Bank transfer (automatic)","80.35","2596.15",5974
"0939-YAPAF",35,"Month-to-month",True,"Electronic check","100.25","3527.60",2744
"4710-FDUIZ",56,"One year",False,"Credit card (automatic)","100.30","5614.45",5170
"1218-VKFPE",12,"Month-to-month",False,"Mailed check","19.00","233.55",3535
"3627-FHKBK",1,"Month-to-month",False,"Mailed check","75.30","75.30",3244
"2865-TCHJW",4,"Month-to-month",True,"Electronic check","89.20","346.20",5808
"5192-EBGOV",1,"Month-to-month",True,"Electronic check","85.70","85.70",4880
"0719-SYFRB",12,"Month-to-month",True,"Mailed check","61.65","713.75",5670
"3419-SNJJD",65,"Month-to-month",False,"Bank transfer (automatic)","105.25","6786.40",4196
"6543-CPZMK",9,"Month-to-month",True,"Electronic check","29.95","248.95",2573
"4765-OXPPD",9,"Month-to-month",False,"Mailed check","65.00","663.05",3983
"1009-IRMNA",7,"Month-to-month",False,"Bank transfer (automatic)","20.00","137.60",4479
"4554-YGZIH",49,"Month-to-month",False,"Credit card (automatic)","90.05","4547.25",5059
"5099-BAILX",43,"Month-to-month",True,"Bank transfer (automatic)","110.75","4687.90",2728
"7207-RMRDB",65,"Month-to-month",True,"Electronic check","105.50","6985.65",5720
"4913-EHYUI",56,"One year",True,"Bank transfer (automatic)","104.55","5794.65",6268
"0195-IESCP",10,"Month-to-month",True,"Electronic check","85.25","855.30",3573
"4580-TMHJU",43,"Month-to-month",False,"Electronic check","56.15","2499.30",2152
"0970-ETWGE",1,"Month-to-month",True,"Electronic check","89.55","89.55",4996
"1626-ERCMM",20,"Month-to-month",True,"Electronic check","94.55","1899.65",5604
"0887-HJGAR",1,"Month-to-month",True,"Mailed check","45.70","45.70",2295
"5644-PDMZC",2,"Month-to-month",False,"Electronic check","89.50","161.50",2065
"9576-ANLXO",3,"Month-to-month",True,"Bank transfer (automatic)","69.55","222.30",2876
"2024-BASKD",1,"Month-to-month",True,"Mailed check","74.60","74.60",3860
"4160-AMJTL",8,"Month-to-month",False,"Electronic check","19.65","164.30",5432
"4464-JCOLN",2,"One year",False,"Mailed check","19.85","35.90",2362
"5650-VDUDS",4,"Month-to-month",True,"Mailed check","24.25","96.05",2038
"7538-GWHML",2,"Month-to-month",False,"Electronic check","69.65","145.15",2323
"3859-CVCET",4,"Month-to-month",False,"Mailed check","45.65","191.05",2864
"3276-HDUEG",1,"Month-to-month",True,"Mailed check","75.05","75.05",4838
"0823-HSCDJ",52,"Month-to-month",True,"Electronic check","49.15","2550.90",5597
"0822-GAVAP",2,"Month-to-month",True,"Electronic check","34.70","62.25",3146
"1448-PWKYE",1,"Month-to-month",False,"Electronic check","80.00","80.00",2046
"0067-DKWBL",2,"Month-to-month",True,"Electronic check","49.25","91.10",3475
"2276-YDAVZ",3,"Month-to-month",True,"Credit card (automatic)","75.10","270.70",4965
"5896-NPFWW",3,"Month-to-month",True,"Electronic check","50.15","168.15",3273
"7133-VBDCG",25,"Month-to-month",True,"Bank transfer (automatic)","79.85","2015.35",4535
"1029-QFBEN",1,"Month-to-month",False,"Mailed check","19.55","19.55",3556
"4952-YSOGZ",4,"Month-to-month",True,"Electronic check","85.95","381.30",5640
"1589-AGTLK",3,"Month-to-month",True,"Electronic check","45.35","141.50",2450
"5244-IRFIH",33,"Month-to-month",True,"Electronic check","94.50","3105.55",4333
"2684-EIWEO",30,"Month-to-month",False,"Credit card (automatic)","91.70","2758.15",2482
"6439-GTPCA",45,"Month-to-month",True,"Electronic check","87.25","3941.70",5269
"5138-WVKYJ",10,"Month-to-month",False,"Electronic check","98.55","1008.55",3658
"6683-VLCTZ",20,"Month-to-month",True,"Electronic check","98.55","1842.80",5444
"2189-WWOEW",15,"Month-to-month",True,"Bank transfer (automatic)","85.90","1269.55",3579
"1894-IGFSG",22,"Month-to-month",False,"Electronic check","89.25","1907.85",3161
"7379-POKDZ",3,"Month-to-month",True,"Electronic check","70.30","208.85",3038
"0236-HFWSV",15,"Month-to-month",True,"Electronic check","93.35","1444.65",5264
"3900-AQPHZ",1,"Month-to-month",False,"Mailed check","19.90","19.90",4248
"5842-POCOP",5,"Month-to-month",True,"Mailed check","88.90","454.15",4356
"2037-XJFUP",33,"One year",True,"Electronic check","95.80","3036.75",4161
"7314-OXENN",2,"Month-to-month",True,"Electronic check","82.00","184.65",3051
"0322-CHQRU",2,"Month-to-month",False,"Electronic check","45.35","89.50",3478
"4678-DVQEO",1,"Month-to-month",True,"Electronic check","52.20","52.20",4138
"0691-IFBQW",46,"One year",True,"Electronic check","110.00","4874.80",2403
"3009-JWMPU",62,"One year",True,"Electronic check","96.75","6125.40",5016
"1450-GALXR",10,"Month-to-month",True,"Electronic check","98.50","1058.25",5184
"3138-BKYAV",6,"Month-to-month",True,"Electronic check","85.35","489.45",4694
"4289-DTDKW",40,"Month-to-month",True,"Electronic check","101.30","4113.10",2576
"1820-TQVEV",1,"Month-to-month",True,"Electronic check","69.55","69.55",3042
"2239-JALAW",58,"One year",True,"Bank transfer (automatic)","103.25","6017.65",6105
"4853-RULSV",70,"Two year",True,"Credit card (automatic)","104.00","7250.15",4544
"6275-YDUVO",2,"Month-to-month",True,"Mailed check","86.20","178.70",2969
"0115-TFERT",21,"Month-to-month",True,"Electronic check","111.20","2317.10",4123
"2311-QYMUQ",16,"Month-to-month",True,"Credit card (automatic)","89.45","1430.25",3696
"3643-AHCFP",7,"Month-to-month",True,"Bank transfer (automatic)","95.60","644.35",3265
"3104-OWCGK",60,"One year",False,"Electronic check","90.95","5453.40",4111
"9101-BWFSS",50,"One year",False,"Electronic check","108.55","5610.70",4274
"9231-ZJYAM",4,"Month-to-month",True,"Electronic check","78.85","292.80",5301
"6982-SSHFK",1,"Month-to-month",False,"Mailed check","44.40","44.40",3522
"0727-BMPLR",55,"One year",True,"Electronic check","100.00","5509.30",5679
"1038-ZAGBI",12,"One year",False,"Bank transfer (automatic)","19.80","229.60",2653
"3027-ZTDHO",1,"Month-to-month",True,"Electronic check","89.90","89.90",5951
"2382-BCKQJ",62,"One year",True,"Electronic check","100.15","6413.65",5600
"2207-NHRJK",1,"Month-to-month",False,"Electronic check","50.80","50.80",3718
"0947-MUGVO",20,"Month-to-month",True,"Electronic check","73.65","1463.50",5849
"9944-HKVVB",3,"Month-to-month",True,"Electronic check","95.10","307.40",5861
"4124-MMETB",22,"Month-to-month",True,"Credit card (automatic)","94.65","2104.55",3665
"3671-SHRSP",4,"Month-to-month",True,"Mailed check","80.60","319.15",3080
"3313-QKNKB",59,"One year",False,"Electronic check","85.55","5084.65",6304
"5073-WXOYN",60,"Month-to-month",True,"Electronic check","50.80","3027.40",4941
"0207-MDKNV",15,"Month-to-month",False,"Electronic check","105.10","1582.75",2122
"9851-KIELU",10,"Month-to-month",True,"Electronic check","110.10","1043.30",5803
"3908-BLSYF",6,"Month-to-month",False,"Electronic check","83.90","497.55",3962
"7549-MYGPK",63,"Month-to-month",True,"Electronic check","100.55","6215.35",5413
"3804-RVTGV",50,"Month-to-month",True,"Bank transfer (automatic)","103.85","5017.90",5812
"9227-LUNBG",1,"Month-to-month",False,"Electronic check","24.60","24.60",5768
"4315-MURBD",12,"Month-to-month",True,"Bank transfer (automatic)","98.90","1120.95",5559
"9734-YWGEX",9,"Month-to-month",False,"Credit card (automatic)","98.30","923.50",2954
"2719-BDAQO",17,"Month-to-month",False,"Electronic check","93.85","1625.65",4940
"0781-LKXBR",9,"Month-to-month",True,"Electronic check","100.50","918.60",4038
"1907-UBQFC",10,"Month-to-month",True,"Electronic check","72.85","688.65",3189
"6513-EECDB",1,"Month-to-month",True,"Electronic check","73.55","73.55",4369
"7074-IEVOJ",3,"Month-to-month",True,"Electronic check","79.40","205.05",3501
"9625-QSTYE",13,"Month-to-month",True,"Electronic check","81.15","952.30",4806
"4750-ZRXIU",4,"Month-to-month",True,"Electronic check","84.60","360.10",2467
"6400-BWQKW",6,"Month-to-month",True,"Electronic check","79.05","434.50",3263
"6680-WKXRZ",3,"Month-to-month",False,"Bank transfer (automatic)","74.40","215.80",2054
"7028-DVOIQ",35,"Month-to-month",True,"Electronic check","99.05","3395.80",2074
"4208-UFFGW",2,"Month-to-month",False,"Mailed check","44.95","85.15",5900
"9448-REEVD",1,"Month-to-month",False,"Credit card (automatic)","44.70","44.70",3700
"9117-SHLZX",1,"Month-to-month",True,"Mailed check","45.70","45.70",3571
"9889-TMAHG",8,"Month-to-month",False,"Credit card (automatic)","100.30","832.35",5084
"4541-RMRLG",7,"Month-to-month",False,"Electronic check","19.25","112.30",4489
"3158-MOERK",2,"Month-to-month",True,"Electronic check","96.00","174.80",3391
"7294-TMAOP",1,"Month-to-month",False,"Electronic check","90.55","90.55",2627
"8919-FYFQZ",44,"Month-to-month",True,"Electronic check","30.35","1359.70",4829
"2834-JRTUA",71,"Two year",True,"Electronic check","108.05","7532.15",5200
"5875-YPQFJ",1,"Month-to-month",True,"Electronic check","69.90","69.90",5367
"6646-QVXLR",62,"One year",True,"Electronic check","103.75","6383.35",5052
"8603-IJWDN",1,"Month-to-month",True,"Electronic check","86.60","86.60",5228
"9369-XFEHK",33,"Month-to-month",True,"Bank transfer (automatic)","80.60","2656.50",3601
"3842-IYKUE",35,"Month-to-month",False,"Credit card (automatic)","85.30","2917.50",2455
"6641-XRPSU",34,"Month-to-month",True,"Credit card (automatic)","70.00","2416.10",2318
"1374-DMZUI",4,"Month-to-month",True,"Electronic check","94.30","424.45",5419
"8357-EQXFO",7,"Month-to-month",True,"Electronic check","95.35","660.90",3077
"1989-PRJHP",27,"Month-to-month",True,"Electronic check","75.50","1893.95",2377
"9524-EGPJC",18,"Month-to-month",True,"Electronic check","90.10","1612.75",4260
"6993-OHLXR",2,"Month-to-month",False,"Electronic check","68.95","119.75",5225
"8818-XYFCQ",32,"Month-to-month",True,"Credit card (automatic)","99.55","3204.65",5026
"4695-VADHF",18,"Month-to-month",False,"Electronic check","57.45","990.85",2989
"3863-IUBJR",12,"One year",False,"Credit card (automatic)","53.65","696.35",2595
"4822-RVYBB",8,"Month-to-month",True,"Electronic check","100.60","819.40",5906
"8436-BJUMM",26,"Month-to-month",True,"Electronic check","83.75","2070.60",2404
"4184-TJFAN",3,"Month-to-month",True,"Mailed check","88.30","273.75",4486
"4145-UQXUQ",8,"Month-to-month",True,"Electronic check","92.10","729.95",5662
"9948-YPTDG",38,"Month-to-month",True,"Electronic check","79.45","3013.05",2405
"1236-WFCDV",14,"Month-to-month",False,"Credit card (automatic)","90.45","1266.10",4777
"4883-QICIH",32,"Month-to-month",True,"Bank transfer (automatic)","69.75","2347.90",2356
"8329-IBCTI",1,"Month-to-month",False,"Mailed check","19.65","19.65",5881
"1271-SJBGZ",12,"Month-to-month",True,"Electronic check","43.65","526.95",2437
"5669-SRAIP",5,"Month-to-month",False,"Electronic check","39.50","210.75",2863
"5981-ITEMU",40,"Month-to-month",True,"Bank transfer (automatic)","97.10","3706.95",3099
"6941-PMGEP",5,"Month-to-month",True,"Electronic check","80.00","412.50",3937
"1624-WOIWJ",10,"Month-to-month",True,"Mailed check","84.70","832.05",5686
"2074-GKOWZ",2,"Month-to-month",True,"Bank transfer (automatic)","89.55","185.55",3851
"0376-YMCJC",23,"Month-to-month",True,"Electronic check","90.60","1943.20",4359
"0634-SZPQA",23,"Month-to-month",True,"Bank transfer (automatic)","90.05","2169.80",4650
"5536-RTPWK",49,"Month-to-month",True,"Bank transfer (automatic)","99.05","4853.75",5157
"6166-ILMNY",2,"Month-to-month",False,"Bank transfer (automatic)","69.75","144.55",5667
"3097-NNSPB",2,"Month-to-month",True,"Credit card (automatic)","49.05","91.10",2960
"0655-RBDUG",7,"Month-to-month",True,"Bank transfer (automatic)","98.05","713.00",2561
"4361-BKAXE",41,"Month-to-month",True,"Bank transfer (automatic)","114.50","4527.45",3038
"9878-TNQGW",2,"Month-to-month",True,"Electronic check","80.95","171.15",3533
"4441-NIHPT",13,"Month-to-month",True,"Electronic check","74.30","940.35",2995
"8999-BOHSE",11,"Month-to-month",False,"Bank transfer (automatic)","89.70","1047.70",2202
"7029-RPUAV",17,"Month-to-month",True,"Credit card (automatic)","100.45","1622.45",5508
"4607-CHPCA",25,"One year",True,"Electronic check","90.40","2178.60",5801
"8824-RWFXJ",3,"Month-to-month",True,"Mailed check","56.15","168.15",2539
"9763-PDTKK",4,"Month-to-month",True,"Bank transfer (automatic)","94.40","387.20",4249
"7627-JKIAZ",37,"Month-to-month",True,"Credit card (automatic)","78.95","2839.65",3982
"4081-DYXAV",19,"One year",True,"Credit card (automatic)","44.85","893.55",5182
"8111-SLLHI",39,"Month-to-month",True,"Electronic check","105.65","4284.80",4687
"0927-LCSMG",7,"Month-to-month",False,"Mailed check","74.65","544.55",3331
"8257-RZAHR",14,"Month-to-month",True,"Bank transfer (automatic)","64.70","941.00",4049
"5293-WXJAK",11,"Month-to-month",True,"Bank transfer (automatic)","104.05","1133.65",4553
"0841-NULXI",1,"Month-to-month",True,"Electronic check","35.55","35.55",3958
"7851-WZEKY",2,"Month-to-month",True,"Electronic check","95.15","196.90",2414
"8844-TONUD",13,"Month-to-month",True,"Mailed check","96.65","1162.85",5295
"4086-YQSNZ",3,"Month-to-month",True,"Electronic check","80.40","224.05",3834
"5868-CZJDR",1,"Month-to-month",True,"Mailed check","31.35","31.35",3605
"0135-NMXAP",12,"Month-to-month",True,"Bank transfer (automatic)","89.75","1052.40",5671
"6270-OMFIW",60,"One year",True,"Electronic check","94.40","5610.25",4990
"6818-WOBHJ",68,"Month-to-month",True,"Bank transfer (automatic)","89.60","6127.60",5651
"0107-WESLM",1,"Month-to-month",True,"Electronic check","19.85","19.85",3874
"3992-YWPKO",6,"Month-to-month",True,"Credit card (automatic)","109.90","669.45",5750
"0125-LZQXK",15,"Month-to-month",True,"Electronic check","101.35","1553.95",3025
"8399-YNDCH",21,"Month-to-month",True,"Bank transfer (automatic)","60.05","1236.15",4716
"5673-FSSMF",1,"Month-to-month",True,"Electronic check","60.15","60.15",4611
"1579-KLYDT",7,"Month-to-month",True,"Electronic check","90.45","593.45",5356
"3927-NLNRY",53,"One year",True,"Bank transfer (automatic)","94.25","4867.95",5414
"6358-LYNGM",1,"Month-to-month",True,"Electronic check","74.90","74.90",2548
"5494-HECPR",1,"Month-to-month",True,"Electronic check","80.25","80.25",2502
"9824-BEMCV",17,"Month-to-month",True,"Electronic check","69.00","1149.65",3368
"1373-ORVIZ",11,"Month-to-month",True,"Electronic check","66.35","740.80",2860
"9866-QEVEE",19,"Month-to-month",True,"Bank transfer (automatic)","86.00","1532.45",4857
"9897-KXHCM",3,"Month-to-month",True,"Electronic check","80.30","250.05",3212
"7979-CORPM",24,"Month-to-month",True,"Credit card (automatic)","90.55","2282.55",5927
"1618-CFHME",2,"Month-to-month",True,"Electronic check","75.90","143.35",2101
"3165-HDOEW",1,"Month-to-month",True,"Mailed check","45.85","45.85",3706
"6581-NQCBA",16,"Month-to-month",True,"Electronic check","49.95","810.20",4840
"1689-MRZQR",34,"Month-to-month",False,"Electronic check","78.30","2564.30",2777
"5835-BEQEU",3,"Month-to-month",True,"Electronic check","76.95","228.40",4428
"5565-FILXA",16,"Month-to-month",True,"Electronic check","96.15","1529.20",5913
"5552-ZNFSJ",1,"Month-to-month",False,"Electronic check","45.30","45.30",4568
"2223-KAGMX",15,"Month-to-month",False,"Bank transfer (automatic)","19.40","289.30",5379
"7321-PKUYW",11,"Month-to-month",False,"Electronic check","90.15","987.95",5250
"2833-SLKDQ",1,"Month-to-month",False,"Mailed check","45.05","45.05",4094
"7595-EUIVN",1,"Month-to-month",False,"Electronic check","75.80","75.80",3940
"2026-TGDHM",7,"Month-to-month",True,"Electronic check","79.30","523.15",3830
"4030-VPZBD",2,"Month-to-month",True,"Electronic check","30.90","59.05",2860
"4187-CINZD",46,"One year",False,"Credit card (automatic)","95.25","4424.20",3180
"2408-TZMJL",59,"One year",True,"Electronic check","110.15","6448.05",4601
"9134-CEQMF",7,"Month-to-month",True,"Electronic check","89.50","676.70",3077
"7993-PYKOF",8,"Month-to-month",False,"Electronic check","75.00","632.95",2587
"5027-XWQHA",6,"Month-to-month",False,"Electronic check","44.75","270.95",2087
"4566-QVRRW",11,"Month-to-month",True,"Electronic check","44.05","483.70",3200
"8519-IMDHU",15,"Month-to-month",True,"Bank transfer (automatic)","85.60","1345.55",4981
"0201-OAMXR",70,"One year",False,"Credit card (automatic)","115.55","8127.60",4838
"3372-KWFBM",16,"Month-to-month",True,"Electronic check","86.60","1281.00",2508
"7831-QGOXH",18,"Month-to-month",True,"Electronic check","85.20","1553.90",3326
"6393-WRYZE",34,"Month-to-month",True,"Electronic check","97.65","3207.55",3979
"6599-RCLCJ",47,"Month-to-month",True,"Electronic check","109.55","5124.55",5863
"9831-BPFRI",39,"One year",True,"Electronic check","89.55","3474.45",3849
"1725-MIMXW",1,"Month-to-month",True,"Mailed check","19.45","19.45",5687
"0031-PVLZI",4,"Month-to-month",False,"Mailed check","20.35","76.35",4133
"7206-GZCDC",1,"Month-to-month",True,"Electronic check","69.25","69.25",4371
"4791-QRGMF",59,"One year",True,"Bank transfer (automatic)","99.50","5961.10",6098
"1768-ZAIFU",1,"Month-to-month",True,"Electronic check","25.20","25.20",5688
"4671-LXRDQ",2,"Month-to-month",True,"Mailed check","45.00","96.45",5704
"1934-SJVJK",1,"Month-to-month",False,"Mailed check","20.15","20.15",4103
"3838-OZURD",66,"Month-to-month",True,"Credit card (automatic)","105.00","7133.25",5723
"9269-CQOOL",3,"Month-to-month",True,"Credit card (automatic)","54.70","169.45",3335
"2845-HSJCY",14,"Month-to-month",True,"Electronic check","87.25","1258.60",4786
"1184-PJVDB",10,"Month-to-month",True,"Electronic check","79.95","857.20",5640
"9415-DPEWS",18,"Month-to-month",True,"Electronic check","88.35","1639.30",5727
"7943-RQCHR",9,"Month-to-month",True,"Electronic check","94.75","889.90",2893
"3793-MMFUH",13,"Month-to-month",True,"Electronic check","95.05","1290.00",2230
"3249-ZPQRG",4,"Month-to-month",False,"Electronic check","78.45","330.05",5048
"2568-BRGYX",4,"Month-to-month",True,"Electronic check","70.20","237.95",5094
"7721-JXEAW",59,"Month-to-month",True,"Bank transfer (automatic)","41.05","2452.70",4324
"7249-WBIYX",10,"Month-to-month",True,"Electronic check","85.60","813.85",5146
"6567-HOOPW",1,"Month-to-month",True,"Electronic check","79.20","79.20",4363
"3164-AALRN",5,"One year",True,"Mailed check","70.00","347.40",2673
"3334-CTHOL",1,"Month-to-month",True,"Bank transfer (automatic)","49.95","49.95",2041
"4704-ERYFC",22,"Month-to-month",True,"Electronic check","69.25","1554.00",2159
"8621-MNIHH",34,"Month-to-month",True,"Electronic check","94.25","3217.55",3369
"0471-LVHGK",41,"One year",True,"Electronic check","73.00","3001.20",2041
"9518-RWHZL",64,"One year",True,"Credit card (automatic)","100.05","6254.20",5452
"5419-CONWX",4,"Month-to-month",True,"Credit card (automatic)","99.80","442.85",2268
"6240-EURKS",18,"Month-to-month",True,"Electronic check","35.00","553.00",2649
"6960-HVYXR",1,"Month-to-month",False,"Electronic check","76.00","76.00",2567
"7024-OHCCK",2,"Month-to-month",True,"Electronic check","93.85","170.85",4193
"7861-UVUFT",15,"Month-to-month",True,"Electronic check","84.30","1308.40",4003
"5357-TZHPP",9,"Month-to-month",True,"Credit card (automatic)","84.40","732.50",5745
"0680-DFNNY",15,"Month-to-month",True,"Electronic check","101.10","1504.05",2055
"7767-UXAGJ",1,"Month-to-month",True,"Electronic check","50.45","50.45",2928
"1571-SAVHK",12,"Month-to-month",True,"Mailed check","99.95","1132.75",5598
"9546-CQJSU",2,"Month-to-month",True,"Electronic check","91.40","193.60",5100
"0506-LVNGN",5,"Month-to-month",True,"Credit card (automatic)","75.55","349.65",4028
"2951-QOQTK",4,"Month-to-month",False,"Credit card (automatic)","80.80","332.45",5436
"3473-XIIIT",16,"Month-to-month",True,"Electronic check","100.00","1534.75",3794
"7893-IXHRQ",1,"Month-to-month",False,"Electronic check","20.55","20.55",5636
"2952-QAYZF",5,"Month-to-month",True,"Electronic check","85.30","424.15",2264
"4763-PGDPO",4,"Month-to-month",False,"Electronic check","70.40","281.00",4494
"5394-SVGJV",37,"Month-to-month",False,"Bank transfer (automatic)","98.80","3475.55",3066
"9283-LZQOH",13,"Month-to-month",True,"Credit card (automatic)","74.40","896.75",3687
"6100-QQHEB",17,"Month-to-month",True,"Electronic check","92.55","1515.10",5775
"7079-QRCBC",24,"Month-to-month",True,"Electronic check","98.75","2407.30",4016
"5469-CTCWN",61,"One year",True,"Electronic check","106.00","6547.70",4334
"9851-QXEEQ",41,"Month-to-month",True,"Electronic check","104.70","4346.40",3316
"9809-IMGCQ",22,"Month-to-month",True,"Electronic check","96.70","2082.95",4458
"5208-HFSBT",2,"Month-to-month",True,"Credit card (automatic)","55.05","102.75",5855
"3254-YRILK",19,"Month-to-month",True,"Electronic check","88.20","1775.80",5683
"2667-WYLWJ",8,"One year",True,"Mailed check","19.75","145.00",2247
"0529-ONKER",15,"Month-to-month",False,"Electronic check","75.65","1146.65",2099
"5240-IJOQT",1,"Month-to-month",True,"Electronic check","74.70","74.70",3348
"1092-GANHU",17,"Month-to-month",True,"Electronic check","76.65","1313.55",3182
"0661-XEYAN",1,"Month-to-month",True,"Mailed check","25.80","25.80",3884
"7881-EVUAD",2,"Month-to-month",True,"Electronic check","42.60","72.40",4648
"5766-XQXMQ",29,"Month-to-month",True,"Bank transfer (automatic)","68.85","1970.50",5449
"3703-VAVCL",2,"Month-to-month",False,"Credit card (automatic)","90.00","190.05",3902
"8519-QJGJD",14,"Month-to-month",False,"Electronic check","75.35","1025.95",4995
"6326-MTTXK",8,"Month-to-month",False,"Electronic check","100.85","819.55",3849
"0330-IVZHA",5,"Month-to-month",False,"Electronic check","69.95","330.15",2969
"2886-KEFUM",63,"One year",True,"Electronic check","107.50","6873.75",6144
"4237-RLAQD",1,"Month-to-month",True,"Mailed check","45.85","45.85",5930
"9651-GTSAQ",53,"One year",True,"Bank transfer (automatic)","106.10","5769.75",4471
"3186-BAXNB",1,"Month-to-month",False,"Electronic check","91.70","91.70",4319
"0637-YLETY",16,"Month-to-month",True,"Credit card (automatic)","95.60","1555.65",5915
"1157-BQCUW",1,"Month-to-month",True,"Electronic check","74.95","74.95",2591
"2660-EMUBI",10,"Month-to-month",True,"Electronic check","95.35","898.35",5353
"7675-OZCZG",3,"Month-to-month",False,"Electronic check","45.00","127.10",4145
"2003-CKLOR",66,"Month-to-month",False,"Electronic check","99.50","6710.50",4001
"9254-RBFON",17,"One year",False,"Bank transfer (automatic)","98.60","1704.95",5160
"1205-WNWPJ",7,"Month-to-month",True,"Mailed check","59.50","415.95",4661
"9391-EOYLI",12,"Month-to-month",True,"Electronic check","80.45","950.20",5374
"8387-MOJJT",42,"Month-to-month",True,"Credit card (automatic)","77.95","3384.00",5396
"2761-OCIAX",2,"Month-to-month",True,"Electronic check","74.70","165.40",2803
"3068-OMWZA",1,"Month-to-month",True,"Electronic check","88.80","88.80",3106
"6032-KRXXO",30,"Month-to-month",True,"Electronic check","90.25","2755.35",5654
"7459-RRWQZ",15,"Month-to-month",True,"Bank transfer (automatic)","64.65","994.55",4780
"4154-AQUGT",13,"Month-to-month",True,"Bank transfer (automatic)","89.05","1169.35",3861
"3092-IGHWF",67,"One year",False,"Electronic check","87.40","5918.80",4421
"8017-LXHFA",23,"Month-to-month",True,"Electronic check","94.75","2293.60",2740
"6352-TWCAU",35,"Month-to-month",True,"Electronic check","86.45","3029.10",5874
"2929-QNSRW",56,"One year",True,"Electronic check","98.25","5508.35",4886
"1262-OPMFY",9,"Month-to-month",True,"Bank transfer (automatic)","75.75","655.90",5105
"4248-QPAVC",17,"Month-to-month",True,"Bank transfer (automatic)","85.35","1463.45",3209
"1899-VXWXM",48,"One year",True,"Credit card (automatic)","106.10","5082.80",5898
"4690-LLKUA",17,"Month-to-month",True,"Electronic check","45.05","770.60",3797
"3331-HQDTW",34,"Month-to-month",True,"Mailed check","109.80","3587.25",3410
"9490-DFPMD",42,"Month-to-month",True,"Electronic check","84.65","3541.35",4871
"5442-XSDCW",11,"Month-to-month",True,"Bank transfer (automatic)","79.50","868.50",3469
"3049-NDXFL",1,"Month-to-month",False,"Mailed check","85.80","85.80",2850
"8580-AECUZ",1,"Month-to-month",True,"Electronic check","79.10","79.10",5001
"7963-GQRMY",3,"Month-to-month",False,"Mailed check","44.30","134.50",4903
"1228-FZFRV",50,"Month-to-month",False,"Credit card (automatic)","105.95","5341.80",5536
"2058-DCJBE",5,"Month-to-month",True,"Electronic check","69.75","324.60",3965
"5364-XYIRR",51,"Month-to-month",True,"Electronic check","94.65","4812.75",4747
"4829-AUOAX",46,"Month-to-month",False,"Bank transfer (automatic)","96.05","4399.50",2712
"5047-LHVLY",1,"Month-to-month",True,"Mailed check","50.15","50.15",3438
"9158-VCTQB",41,"Month-to-month",True,"Bank transfer (automatic)","113.60","4594.95",4963
"6311-UEUME",29,"Month-to-month",True,"Electronic check","78.90","2384.15",3249
"2634-HCZGT",53,"One year",True,"Electronic check","60.05","3229.65",5271
"6839-ITVZJ",26,"Month-to-month",True,"Electronic check","60.05","1616.15",2039
"0375-HVGXO",1,"Month-to-month",True,"Electronic check","34.70","34.70",4476
"8593-WHYHV",3,"Month-to-month",True,"Electronic check","85.30","264.80",4934
"6097-EQISJ",66,"One year",True,"Credit card (automatic)","102.45","6615.15",4688
"4423-YLHDV",21,"Month-to-month",True,"Bank transfer (automatic)","104.40","2200.25",5570
"0107-YHINA",1,"Month-to-month",True,"Electronic check","99.75","99.75",4214
"8640-SDGKB",4,"Month-to-month",True,"Electronic check","74.40","299.70",3633
"4116-TZAQJ",9,"Month-to-month",True,"Credit card (automatic)","74.25","639.65",5393
"3877-JRJIP",1,"Month-to-month",True,"Electronic check","59.85","59.85",4017
"8375-DKEBR",1,"Month-to-month",True,"Electronic check","69.60","69.60",3438
"7511-YMXVQ",9,"Month-to-month",True,"Electronic check","45.40","418.80",5028
"7551-JOHTI",1,"Month-to-month",False,"Mailed check","19.50","19.50",5211
"9804-ICWBG",1,"Month-to-month",True,"Electronic check","69.90","69.90",3349
"5318-IXUZF",2,"Month-to-month",True,"Bank transfer (automatic)","87.15","183.75",4149
"3198-VELRD",3,"Month-to-month",True,"Bank transfer (automatic)","84.75","264.85",2014
"9436-ZBZCT",14,"Month-to-month",True,"Electronic check","89.95","1178.40",5463
"7279-BUYWN",41,"Month-to-month",True,"Electronic check","113.20","4689.50",3380
"7156-MHUGY",13,"Month-to-month",True,"Electronic check","90.50","1201.15",5394
"7198-GLXTC",2,"Month-to-month",False,"Electronic check","79.00","143.65",5239
"0516-VRYBW",18,"One year",False,"Bank transfer (automatic)","20.15","390.85",4931
"8380-PEFPE",1,"Month-to-month",True,"Electronic check","71.65","71.65",2377
"5687-DKDTV",4,"Month-to-month",False,"Mailed check","20.35","77.50",5984
"7530-HDYDS",38,"Month-to-month",True,"Credit card (automatic)","84.25","3264.50",2885
"3096-IZETN",12,"Month-to-month",False,"Bank transfer (automatic)","78.10","947.30",4741
"5922-ABDVO",19,"Month-to-month",False,"Mailed check","89.65","1761.05",3046
"9172-ANCRX",10,"Month-to-month",True,"Electronic check","98.70","973.25",5561
"6910-HADCM",1,"Month-to-month",False,"Electronic check","76.35","76.35",5613
"5948-UJZLF",2,"Month-to-month",False,"Mailed check","49.25","97.00",3805
"4816-LXZYW",23,"Month-to-month",True,"Electronic check","79.15","1676.95",5216
"9606-PBKBQ",32,"Month-to-month",True,"Electronic check","85.00","2642.05",4584
"3536-IQCTX",32,"Month-to-month",False,"Electronic check","85.30","2661.10",2712
"4911-BANWH",31,"Month-to-month",True,"Credit card (automatic)","86.55","2697.40",4198
"8496-EJAUI",19,"Month-to-month",True,"Credit card (automatic)","73.85","1424.50",2251
"3132-TVFDZ",57,"Month-to-month",True,"Electronic check","44.85","2572.95",5172
"8080-DDEMJ",1,"Month-to-month",False,"Electronic check","45.10","45.10",4499
"6365-MTGZX",24,"Month-to-month",True,"Electronic check","96.00","2122.45",3068
"1349-WXNGG",1,"Month-to-month",False,"Bank transfer (automatic)","20.05","20.05",4710
"6990-YNRIO",65,"Two year",False,"Bank transfer (automatic)","108.65","6937.95",6120
"0621-TWIEM",10,"Month-to-month",True,"Electronic check","45.55","402.60",4097
"2485-ITVKB",2,"Month-to-month",True,"Electronic check","35.10","68.75",2643
"3669-OYSJI",1,"Month-to-month",False,"Credit card (automatic)","46.20","46.20",4167
"1612-EOHDH",1,"Month-to-month",False,"Electronic check","45.15","45.15",5828
"6702-OHFWR",1,"Month-to-month",True,"Electronic check","43.30","43.30",4972
"4510-PYUSH",38,"Month-to-month",True,"Credit card (automatic)","57.15","2250.65",3110
"7517-SAWMO",19,"Month-to-month",True,"Electronic check","73.20","1441.10",4718
"4143-HHPMK",52,"Month-to-month",True,"Electronic check","85.35","4338.60",6402
"7054-LGEQW",1,"Month-to-month",False,"Mailed check","45.95","45.95",4888
"0923-PNFUB",3,"Month-to-month",False,"Electronic check","83.75","247.25",4852
"3494-JCHRQ",1,"Month-to-month",True,"Electronic check","70.05","70.05",2699
"6474-FVJLC",2,"Month-to-month",True,"Electronic check","86.00","165.45",4546
"8840-DQLGN",35,"Month-to-month",True,"Bank transfer (automatic)","100.50","3653.35",4745
"4547-LYTDD",16,"Month-to-month",False,"Electronic check","72.65","1194.30",2850
"6770-XUAGN",1,"Month-to-month",True,"Electronic check","21.00","21.00",3753
"4193-ORFCL",1,"Month-to-month",False,"Mailed check","45.10","45.10",2740
"7776-QWNFX",30,"Month-to-month",True,"Bank transfer (automatic)","50.40","1527.50",4795
"6689-TCZHQ",5,"Month-to-month",False,"Electronic check","78.95","378.40",4054
"3143-ILDAL",56,"Month-to-month",True,"Electronic check","94.45","5124.60",4830
"4720-VSTSI",44,"Month-to-month",True,"Bank transfer (automatic)","84.80","3862.55",3997
"3946-MHCZW",1,"Month-to-month",False,"Mailed check","50.90","50.90",5111
"6651-AZVTJ",49,"Month-to-month",True,"Electronic check","99.80","4872.45",6088
"4566-GOLUK",47,"Month-to-month",True,"Bank transfer (automatic)","107.35","5118.95",3620
"2484-DGXPZ",31,"Month-to-month",True,"Mailed check","19.55","658.95",2687
"4587-NUKOX",3,"Month-to-month",True,"Electronic check","79.10","246.50",5339
"0420-BWTPW",8,"Month-to-month",False,"Mailed check","25.50","215.20",5578
"8183-ONMXC",2,"Month-to-month",False,"Electronic check","80.75","159.45",2176
"9614-RMGHA",65,"Month-to-month",True,"Bank transfer (automatic)","91.85","5940.85",5530
"5054-IEXZT",1,"Month-to-month",True,"Electronic check","75.35","75.35",5284
"5834-ASPWA",1,"Month-to-month",True,"Electronic check","75.45","75.45",5518
"3948-XHGNA",24,"Month-to-month",True,"Bank transfer (automatic)","49.55","1210.40",5005
"0565-IYCGT",69,"One year",True,"Credit card (automatic)","78.60","5356.45",6230
"5445-UTODQ",7,"Month-to-month",True,"Electronic check","81.10","576.65",3238
"1024-VRZHF",11,"Month-to-month",True,"Electronic check","74.95","825.70",2044
"9497-QCMMS",1,"Month-to-month",True,"Electronic check","93.55","93.55",5536
"0348-SDKOL",58,"Month-to-month",True,"Credit card (automatic)","102.10","5885.40",4415
"4373-MAVJG",14,"Month-to-month",True,"Bank transfer (automatic)","90.90","1259.00",5148
"8901-HJXTF",12,"Month-to-month",False,"Mailed check","29.20","309.10",3747
"5419-KLXBN",25,"Month-to-month",True,"Bank transfer (automatic)","89.15","2257.75",5853
"3424-NMNBO",58,"One year",True,"Electronic check","108.85","6287.25",4739
"4514-GFCFI",16,"Month-to-month",True,"Electronic check","84.75","1350.15",5136
"9828-AOQLM",1,"Month-to-month",True,"Electronic check","45.70","45.70",3187
"8000-REIQB",1,"Month-to-month",True,"Electronic check","69.95","69.95",3208
"7615-ESMYF",2,"Month-to-month",False,"Electronic check","44.60","97.10",5482
"3858-VOBET",23,"Month-to-month",True,"Electronic check","74.95","1710.45",5897
"1447-PJGGA",57,"Two year",True,"Electronic check","95.25","5464.65",5789
"8565-CLBZW",24,"Month-to-month",True,"Mailed check","89.85","2165.05",2050
"9139-WQQDY",49,"One year",False,"Mailed check","100.45","4941.80",4235
"0224-HJAPT",5,"Month-to-month",False,"Electronic check","47.15","223.15",2857
"8086-OVPWV",2,"Month-to-month",True,"Electronic check","80.20","181.10",2384
"9430-FRQOC",4,"Month-to-month",True,"Mailed check","87.10","341.45",5587
"3074-GQWYX",5,"Month-to-month",True,"Bank transfer (automatic)","75.90","357.75",3520
"6845-RGTYS",47,"Month-to-month",True,"Electronic check","98.75","4533.70",4622
"8861-HGGKB",10,"Month-to-month",False,"Electronic check","86.45","830.85",5699
"7065-YUNRY",1,"Month-to-month",True,"Mailed check","45.30","45.30",3049
"7694-VLBWQ",67,"One year",False,"Electronic check","104.10","7040.85",4857
"4795-KTRTH",5,"Month-to-month",True,"Electronic check","81.00","371.65",4287
"6481-OGDOO",67,"One year",True,"Credit card (automatic)","90.60","6056.15",4394
"3753-TSEMP",15,"Month-to-month",False,"Electronic check","88.15","1390.60",2524
"8305-VHZBZ",1,"Month-to-month",True,"Mailed check","20.20","20.20",4325
"9172-JITSM",26,"Month-to-month",True,"Electronic check","90.80","2361.80",2641
"6298-QDFNH",22,"Month-to-month",True,"Electronic check","79.35","1730.35",4718
"9961-JBNMK",21,"Month-to-month",True,"Bank transfer (automatic)","96.80","2030.30",4317
"6173-ITPWD",47,"Month-to-month",True,"Bank transfer (automatic)","83.35","4065.00",2516
"9734-UYXQI",2,"Month-to-month",True,"Electronic check","49.40","106.55",5115
"2189-UXTKY",22,"Month-to-month",True,"Electronic check","79.20","1742.75",3410
"4958-GZWIY",7,"Month-to-month",False,"Electronic check","48.70","340.25",2984
"6356-ELRKD",1,"Month-to-month",True,"Electronic check","95.60","95.60",4091
"8624-GIOUT",49,"Month-to-month",True,"Credit card (automatic)","59.75","2934.30",6006
"6179-GJPSO",43,"Month-to-month",True,"Credit card (automatic)","108.15","4600.70",2833
"3177-LASXD",1,"Month-to-month",False,"Electronic check","71.35","71.35",2619
"4897-QSUYC",1,"Month-to-month",True,"Mailed check","20.15","20.15",4939
"1084-UQCHV",1,"Month-to-month",False,"Bank transfer (automatic)","69.75","69.75",2901
"8290-YWKHZ",32,"Month-to-month",True,"Electronic check","93.20","2931.00",5247
"2955-BJZHG",17,"Month-to-month",False,"Electronic check","80.85","1400.85",5174
"3806-DXQOM",4,"Month-to-month",True,"Electronic check","33.65","137.85",2563
"9300-RENDD",1,"Month-to-month",True,"Electronic check","79.95","79.95",4815
"0761-AETCS",1,"Month-to-month",False,"Electronic check","19.30","19.30",3236
"2153-MREFK",37,"One year",True,"Electronic check","99.20","3754.60",3599
"3106-ULWFW",8,"Month-to-month",True,"Credit card (automatic)","85.20","627.40",2887
"0925-VYDLG",3,"Month-to-month",False,"Electronic check","75.25","242.00",5898
"4349-GFQHK",1,"Month-to-month",False,"Electronic check","54.35","54.35",4212
"7802-EFKNY",5,"Month-to-month",True,"Electronic check","24.95","100.40",5865
"8035-BUYVG",40,"One year",True,"Electronic check","42.35","1716.45",5422
"9787-XVQIU",1,"Month-to-month",True,"Electronic check","75.30","75.30",3596
"8945-MUQUF",51,"One year",True,"Electronic check","94.80","4837.60",5074
"8051-HJRLT",1,"Month-to-month",True,"Electronic check","70.55","70.55",2146
"3023-GFLBR",33,"Month-to-month",False,"Credit card (automatic)","86.15","2745.70",3336
"0524-IAVZO",30,"Month-to-month",True,"Electronic check","85.00","2624.25",3698
"2737-YNGYW",2,"Month-to-month",False,"Electronic check","80.55","184.10",2856
"5159-YFPKQ",2,"Month-to-month",True,"Electronic check","75.80","160.75",5270
"4021-RQSNY",29,"Month-to-month",True,"Electronic check","98.50","3004.15",5137
"9061-TIHDA",13,"Month-to-month",True,"Electronic check","95.25","1233.65",2982
"8699-ASUFO",7,"Month-to-month",True,"Mailed check","74.40","527.90",4969
"7927-AUXBZ",30,"Month-to-month",False,"Electronic check","85.15","2555.90",4417
"4695-WJZUE",2,"Month-to-month",True,"Electronic check","88.55","179.25",3685
"7619-ODSGN",24,"Month-to-month",False,"Electronic check","54.75","1338.15",5699
"3988-RQIXO",1,"Month-to-month",True,"Electronic check","91.30","91.30",2371
"2514-GINMM",1,"Month-to-month",True,"Electronic check","79.50","79.50",4490
"5931-FLJJF",7,"Month-to-month",True,"Mailed check","70.10","467.55",3669
"2659-VXMWZ",67,"One year",True,"Electronic check","111.30","7482.10",4146
"3207-OYBWH",57,"Month-to-month",True,"Bank transfer (automatic)","95.25","5427.05",6259
"4285-GYRQC",7,"Month-to-month",True,"Electronic check","86.25","587.10",3344
"7216-EWTRS",1,"Month-to-month",True,"Electronic check","100.80","100.80",3128
"8337-MSSXB",14,"Month-to-month",True,"Electronic check","86.30","1180.95",3677
"8182-BJDSI",28,"Month-to-month",True,"Electronic check","89.95","2625.55",2468
"2528-HFYZX",17,"Month-to-month",True,"Electronic check","76.45","1233.40",3266
"2482-CZGBB",10,"Month-to-month",True,"Electronic check","70.00","740.00",3156
"0866-QLSIR",34,"One year",True,"Mailed check","64.40","2088.75",5189
"7181-BQYBV",1,"Month-to-month",True,"Electronic check","102.45","102.45",4811
"6204-IEUXJ",3,"Month-to-month",False,"Credit card (automatic)","80.10","217.55",4330
"4529-CKBCL",2,"Month-to-month",True,"Electronic check","80.20","146.05",4381
"2506-CLAKW",6,"Month-to-month",True,"Bank transfer (automatic)","98.15","567.45",3578
"1583-IHQZE",12,"Month-to-month",True,"Mailed check","112.95","1384.75",3965
"0151-ONTOV",1,"Month-to-month",False,"Mailed check","70.90","70.90",4739
"4140-MUHUG",3,"Month-to-month",True,"Electronic check","86.85","220.95",3561
"0320-JDNQG",23,"Month-to-month",True,"Electronic check","99.85","2331.30",3425
"7180-PISOG",1,"Month-to-month",True,"Electronic check","74.50","74.50",5554
"3571-RFHAR",65,"Month-to-month",True,"Electronic check","109.15","6941.20",6001
"9578-VRMNM",16,"Month-to-month",True,"Credit card (automatic)","65.20","1043.35",4722
"1587-FKLZB",66,"Month-to-month",True,"Credit card (automatic)","99.50","6822.15",4479
"6140-QNRQQ",1,"Month-to-month",True,"Mailed check","71.55","71.55",5739
"4307-KTUMW",53,"Month-to-month",False,"Electronic check","93.90","5029.20",5543
"5440-FLBQG",69,"Two year",True,"Bank transfer (automatic)","108.40","7318.20",4708
"7470-MCQTK",13,"Month-to-month",True,"Bank transfer (automatic)","48.75","633.40",2655
"7488-MXJIV",4,"Month-to-month",True,"Electronic check","85.65","321.65",3223
"2027-FECZV",12,"Month-to-month",True,"Electronic check","106.70","1253.90",2406
"2672-DZUOY",1,"Month-to-month",True,"Electronic check","25.15","25.15",5386
"3870-MQAMG",54,"One year",False,"Electronic check","110.35","5893.15",6189
"4800-CZMPC",48,"One year",True,"Credit card (automatic)","103.25","5037.55",4736
"7377-DMMRI",2,"Month-to-month",True,"Electronic check","47.80","92.45",4134
"8949-JTMAY",29,"Month-to-month",True,"Credit card (automatic)","98.60","2933.20",5144
"2774-LVQUS",15,"Month-to-month",True,"Electronic check","83.05","1258.30",2596
"3211-ILJTT",17,"Month-to-month",True,"Bank transfer (automatic)","70.40","1214.05",4469
"4612-THJBS",56,"One year",True,"Bank transfer (automatic)","104.75","5510.65",5605
"4094-NSEDU",21,"Month-to-month",True,"Electronic check","94.25","1973.75",4819
"5103-MHMHY",1,"Month-to-month",False,"Mailed check","45.95","45.95",4563
"1846-XWOQN",1,"Month-to-month",True,"Electronic check","70.15","70.15",2825
"0235-KGSLC",1,"Month-to-month",True,"Credit card (automatic)","85.55","85.55",3967
"2884-GBPFB",35,"Month-to-month",True,"Electronic check","70.30","2416.55",5413
"3757-NJYBX",32,"Month-to-month",False,"Bank transfer (automatic)","106.35","3520.75",4113
"5136-KCKGI",33,"One year",True,"Mailed check","103.70","3467.00",4461
"3722-WPXTK",1,"Month-to-month",True,"Electronic check","88.35","88.35",4254
"2929-ERCFZ",8,"Month-to-month",True,"Electronic check","94.20","777.30",2939
"7548-SEPYI",5,"Month-to-month",True,"Electronic check","96.25","512.45",5056
"8835-VSDSE",2,"Month-to-month",True,"Electronic check","70.70","141.45",4559
"1623-NLDOT",42,"One year",False,"Mailed check","33.55","1445.30",2044
"9898-KZQDZ",40,"Month-to-month",True,"Credit card (automatic)","94.55","3640.45",5676
"5236-PERKL",57,"Two year",True,"Bank transfer (automatic)","112.95","6465.00",4738
"7854-FOKSF",1,"Month-to-month",False,"Electronic check","35.90","35.90",4747
"2519-FAKOD",38,"Month-to-month",True,"Bank transfer (automatic)","99.25","3777.15",5274
"8263-JQAIK",2,"Month-to-month",True,"Mailed check","24.45","47.50",5573
"7089-IVVAZ",8,"Month-to-month",True,"Bank transfer (automatic)","103.35","847.30",2363
"2205-YMZZJ",7,"Month-to-month",True,"Electronic check","84.80","546.95",2015
"1254-IZEYF",31,"Month-to-month",True,"Electronic check","99.95","3186.65",5362
"9492-TOKRI",18,"Month-to-month",True,"Credit card (automatic)","90.00","1527.35",2708
"9221-OTIVJ",14,"Month-to-month",True,"Electronic check","104.85","1531.40",2292
"3325-FUYCG",28,"One year",False,"Electronic check","106.10","2847.40",3770
"5908-QMGOE",15,"Month-to-month",True,"Credit card (automatic)","74.20","1133.90",4553
"8481-YYXWG",5,"Month-to-month",True,"Electronic check","89.35","461.70",4584
"2609-IAICY",1,"Month-to-month",True,"Electronic check","77.15","77.15",2756
"1740-CSDJP",1,"Month-to-month",True,"Bank transfer (automatic)","35.25","35.25",2548
"2636-OHFMN",4,"Month-to-month",True,"Electronic check","48.55","201.00",3955
"1323-OOEPC",53,"Month-to-month",True,"Credit card (automatic)","98.40","5149.50",6481
"0397-GZBBC",59,"Month-to-month",True,"Bank transfer (automatic)","93.85","5574.75",5390
"7641-EUYET",46,"Month-to-month",True,"Electronic check","100.70","4541.20",5712
"9921-ZVRHG",14,"Month-to-month",True,"Electronic check","80.45","1072.00",4155
"4701-MLJPN",31,"Month-to-month",True,"Electronic check","55.25","1715.65",2933
"9206-GVPEQ",13,"Month-to-month",True,"Electronic check","54.45","706.85",5212
"1596-BBVTG",35,"Month-to-month",False,"Credit card (automatic)","75.35","2636.05",2785
"8433-WXGNA",2,"Month-to-month",True,"Electronic check","75.70","189.20",4676
"3707-GNWHM",1,"Month-to-month",True,"Mailed check","74.25","74.25",4750
"8922-LIEGH",25,"Month-to-month",True,"Electronic check","89.70","2187.55",4078
"8245-UMPYT",16,"Month-to-month",True,"Electronic check","96.40","1581.20",2688
"5186-SAMNZ",1,"Month-to-month",True,"Bank transfer (automatic)","69.50","69.50",3273
"5373-SFODM",36,"Month-to-month",True,"Credit card (automatic)","85.25","3132.75",3041
"5766-ZJYBB",1,"Month-to-month",False,"Mailed check","19.40","19.40",4152
"8931-GJJIQ",9,"Month-to-month",True,"Electronic check","83.30","803.30",3520
"4277-PVRAN",8,"Month-to-month",True,"Bank transfer (automatic)","80.10","679.30",5071
"0022-TCJCI",45,"One year",False,"Credit card (automatic)","62.70","2791.50",2654
"0203-HHYIJ",25,"One year",False,"Bank transfer (automatic)","25.30","676.35",3779
"0952-KMEEH",13,"Month-to-month",False,"Mailed check","98.15","1230.25",5525
"8178-EYZUO",46,"Month-to-month",True,"Electronic check","93.70","4154.80",3378
"5130-IEKQT",25,"Month-to-month",False,"Mailed check","105.95","2655.25",4283
"3230-WYKIR",18,"One year",True,"Credit card (automatic)","82.00","1425.45",3306
"0407-BDJKB",60,"Month-to-month",True,"Electronic check","95.75","5742.90",4129
"9600-UDOPK",30,"Month-to-month",True,"Credit card (automatic)","94.05","2866.45",4095
"4074-SJFFA",1,"Month-to-month",True,"Mailed check","54.75","54.75",2614
"3269-ATYWD",39,"Month-to-month",True,"Bank transfer (automatic)","95.65","3759.05",4892
"4910-GMJOT",1,"Month-to-month",True,"Electronic check","94.60","94.60",4033
"0354-WYROK",31,"Month-to-month",True,"Electronic check","98.90","2911.30",4050
"7576-OYWBN",3,"Month-to-month",True,"Electronic check","76.05","231.80",2930
"5539-TMZLF",1,"Month-to-month",True,"Electronic check","69.75","69.75",5057
"4323-SADQS",7,"Month-to-month",True,"Electronic check","34.50","279.25",3520
"4446-BZKHU",61,"Month-to-month",True,"Electronic check","105.55","6281.45",5011
"5202-IVJNU",39,"Month-to-month",False,"Credit card (automatic)","30.10","1131.30",3106
"5976-JCJRH",10,"Month-to-month",True,"Electronic check","70.30","738.20",2162
"0137-OCGAB",1,"Month-to-month",True,"Mailed check","80.20","80.20",3056
"3351-NQLDI",67,"One year",True,"Credit card (automatic)","94.35","6341.45",4348
"7593-JNWRU",6,"Month-to-month",True,"Bank transfer (automatic)","44.60","260.80",4525
"4588-YBNIB",1,"Month-to-month",True,"Mailed check","19.60","19.60",4205
"3336-JORSO",33,"Month-to-month",True,"Electronic check","110.45","3655.45",3401
"5028-GZLDO",2,"Month-to-month",False,"Credit card (automatic)","70.70","140.70",5317
"6861-XWTWQ",7,"Month-to-month",True,"Electronic check","99.25","665.45",2487
"6877-TJMBR",1,"Month-to-month",True,"Electronic check","84.80","84.80",2627
"6769-DCQLI",52,"One year",True,"Bank transfer (automatic)","105.00","5426.85",4630
"2433-KMEAS",22,"Month-to-month",True,"Electronic check","54.45","1127.35",2445
"2195-ZRVAX",47,"Month-to-month",True,"Electronic check","85.30","4045.65",3631
"3550-SAHFP",33,"Month-to-month",True,"Electronic check","83.35","2757.85",5456
"2011-TRQYE",18,"Month-to-month",True,"Credit card (automatic)","33.50","600.00",5474
"4873-ILOLJ",24,"Month-to-month",True,"Electronic check","90.35","2238.50",5546
"2725-KXXWT",1,"Month-to-month",True,"Electronic check","90.75","90.75",5460
"9565-DJPIB",4,"Month-to-month",False,"Mailed check","89.60","365.65",4689
"8348-HFYIV",2,"Month-to-month",True,"Electronic check","49.25","90.35",5775
"7503-QQRVF",16,"Month-to-month",True,"Credit card (automatic)","74.30","1178.25",2076
"6849-WLEYG",1,"Month-to-month",False,"Mailed check","19.75","19.75",2611
"4659-NZRUF",19,"Month-to-month",True,"Electronic check","95.15","1789.25",5830
"8429-XIBUM",22,"Month-to-month",True,"Bank transfer (automatic)","101.35","2317.10",4694
"2608-BHKFN",4,"Month-to-month",True,"Credit card (automatic)","70.05","266.90",3600
"7341-LXCAF",4,"Month-to-month",True,"Electronic check","74.65","301.40",4013
"9462-MJUAW",4,"Month-to-month",False,"Mailed check","50.40","206.60",4399
"8128-YVJRG",7,"Month-to-month",True,"Mailed check","79.65","604.70",4513
"4283-FUTGF",19,"Month-to-month",True,"Electronic check","79.85","1471.75",3715
"1569-TTNYJ",5,"Month-to-month",True,"Electronic check","78.75","412.10",3401
"2397-BRLOM",8,"Month-to-month",True,"Credit card (automatic)","80.45","583.45",3443
"4749-VFKVB",1,"Month-to-month",True,"Mailed check","50.10","50.10",4778
"7598-UAASY",2,"Month-to-month",False,"Electronic check","76.40","151.80",4340
"7938-OUHIO",3,"Month-to-month",True,"Electronic check","98.70","293.65",3916
"8510-AWCXC",13,"Month-to-month",True,"Electronic check","100.80","1308.10",3269
"0431-APWVY",28,"One year",True,"Bank transfer (automatic)","90.10","2598.95",5958
"3426-NIYYL",15,"Month-to-month",False,"Electronic check","51.55","765.50",2087
"8225-BTJAU",10,"Month-to-month",True,"Electronic check","79.25","793.55",3856
"3387-VATUS",5,"Month-to-month",True,"Bank transfer (automatic)","94.85","462.80",5701
"1143-NMNQJ",2,"Month-to-month",True,"Electronic check","85.70","169.80",2187
"0415-MOSGF",1,"Month-to-month",False,"Mailed check","44.40","44.40",3204
"1724-BQUHA",5,"Month-to-month",True,"Electronic check","89.50","477.70",2718
"4826-XTSOH",1,"Month-to-month",True,"Electronic check","86.05","86.05",4843
"2495-INZWQ",4,"Month-to-month",True,"Electronic check","44.55","174.30",5605
"4139-SUGLD",31,"Month-to-month",False,"Bank transfer (automatic)","35.40","1077.50",2067
"6857-VWJDT",1,"Month-to-month",False,"Mailed check","95.65","95.65",3473
"5624-BQSSA",1,"Month-to-month",False,"Mailed check","20.95","20.95",4285
"2408-WITXK",10,"Month-to-month",True,"Electronic check","34.70","329.80",3244
"5577-OTWWW",15,"Month-to-month",False,"Bank transfer (automatic)","19.75","297.30",2428
"2691-NZETQ",9,"Month-to-month",True,"Electronic check","85.35","758.60",2752
"4404-HIBDJ",25,"One year",False,"Mailed check","74.30","1863.80",5175
"7295-JOMMD",4,"Month-to-month",True,"Bank transfer (automatic)","98.10","396.30",2895
"5013-SBUIH",50,"Two year",True,"Electronic check","109.65","5551.15",5855
"0709-TVGUR",9,"Month-to-month",True,"Electronic check","74.55","622.90",3145
"6023-YEBUP",3,"Month-to-month",True,"Electronic check","100.95","329.95",5351
"7209-JCUDS",10,"Month-to-month",True,"Electronic check","94.90","1048.85",2832
"3001-CBHLQ",32,"Month-to-month",True,"Electronic check","104.90","3351.55",3966
"6158-DWPZT",9,"One year",False,"Bank transfer (automatic)","24.10","259.80",3195
"3763-GCZHZ",66,"One year",True,"Electronic check","104.05","6890.00",5504
"0772-GYEQQ",3,"Month-to-month",True,"Mailed check","88.35","262.05",5202
"4831-EOBFE",29,"Month-to-month",False,"Credit card (automatic)","94.65","2649.15",5150
"4102-OQUPX",1,"Month-to-month",True,"Electronic check","74.40","74.40",5429
"9170-GYZJC",41,"Month-to-month",False,"Credit card (automatic)","79.90","3326.20",4734
"3999-QGRJH",8,"Month-to-month",True,"Electronic check","69.70","560.85",3068
"2454-RPBRZ",12,"Month-to-month",True,"Electronic check","98.10","1060.20",2709
"2002-MZHWP",1,"Month-to-month",False,"Mailed check","20.50","20.50",3820
"2265-CYWIV",4,"Month-to-month",True,"Electronic check","99.60","347.65",4708
"2004-OCQXK",1,"Month-to-month",True,"Electronic check","81.95","81.95",5622
"5027-QPKTE",7,"Month-to-month",True,"Electronic check","69.35","451.10",4292
"2672-HUYVI",6,"Month-to-month",True,"Electronic check","91.10","455.30",2266
"7508-MYBOG",14,"Month-to-month",True,"Electronic check","86.10","1235.55",2177
"0148-DCDOS",25,"Month-to-month",True,"Bank transfer (automatic)","94.70","2362.10",5641
"9992-RRAMN",22,"Month-to-month",True,"Electronic check","85.10","1873.70",5248
"0310-MVLET",61,"Month-to-month",True,"Electronic check","99.15","6010.05",5612
"4550-VBOFE",70,"Month-to-month",True,"Electronic check","102.95","7101.50",5005
"5696-QURRL",1,"Month-to-month",True,"Mailed check","45.05","45.05",2644
"7409-KIUTL",1,"Month-to-month",True,"Electronic check","71.00","71.00",5345
"1732-VHUBQ",47,"Month-to-month",False,"Bank transfer (automatic)","70.55","3309.25",4457
"0495-RVCBF",1,"Month-to-month",True,"Electronic check","79.70","79.70",2066
"7854-EDSSA",22,"Month-to-month",False,"Electronic check","59.00","1254.70",2195
"8869-TORSS",48,"One year",True,"Credit card (automatic)","60.35","2896.40",2681
"0679-IDSTG",1,"Month-to-month",True,"Electronic check","69.25","69.25",4568
"2115-BFTIW",25,"Month-to-month",False,"Mailed check","70.95","1767.35",4881
"0611-DFXKO",20,"Month-to-month",True,"Mailed check","89.00","1820.45",4594
"7780-OTDSO",18,"Month-to-month",True,"Electronic check","99.40","1742.95",2421
"9747-DDZOS",1,"Month-to-month",False,"Bank transfer (automatic)","73.50","73.50",4378
"0564-JJHGS",9,"Month-to-month",True,"Electronic check","95.50","829.10",5007
"3348-CFRNX",28,"Month-to-month",True,"Mailed check","92.35","2602.90",2990
"1428-GTBJJ",11,"Month-to-month",True,"Electronic check","74.55","824.75",4601
"8802-UNOJF",12,"Month-to-month",True,"Mailed check","83.80","1029.75",5565
"6313-GIDIT",53,"Month-to-month",True,"Electronic check","54.45","2854.55",6280
"2845-AFFTX",41,"Month-to-month",True,"Electronic check","99.80","4259.30",4726
"2249-YPRNG",20,"Month-to-month",True,"Bank transfer (automatic)","105.85","2239.65",4223
"7410-YTJIK",7,"Month-to-month",False,"Mailed check","75.45","480.75",2872
"4626-GYCZP",7,"Month-to-month",True,"Electronic check","93.85","635.60",3506
"5590-BYNII",22,"Month-to-month",True,"Electronic check","100.75","2095.00",4152
"3237-AJGEH",3,"Month-to-month",True,"Mailed check","31.00","95.05",5122
"1591-NFNLQ",51,"Month-to-month",False,"Credit card (automatic)","80.00","4242.35",4769
"2815-CPTUL",5,"Month-to-month",True,"Mailed check","70.25","331.90",3684
"0596-BQCEQ",62,"Month-to-month",True,"Electronic check","100.15","6283.30",4120
"1481-ZUWZA",28,"Month-to-month",True,"Credit card (automatic)","94.50","2659.40",5433
"2309-OSFEU",10,"Month-to-month",True,"Mailed check","33.90","298.45",2529
"1891-FZYSA",69,"Month-to-month",True,"Electronic check","89.95","6143.15",6363
"7613-LLQFO",12,"Month-to-month",True,"Electronic check","84.45","1059.55",3330
"2640-PMGFL",27,"Month-to-month",True,"Electronic check","79.50","2180.55",2518
"3801-HMYNL",1,"Month-to-month",False,"Mailed check","89.15","89.15",3123
"9685-WKZGT",14,"Month-to-month",True,"Electronic check","74.95","1036.75",2075
"6022-UGGSO",32,"Month-to-month",True,"Electronic check","74.40","2276.95",2091
"4484-CGXFK",3,"Month-to-month",True,"Electronic check","55.30","196.15",3190
"6214-EDAKZ",22,"Month-to-month",False,"Electronic check","55.15","1206.05",5115
"6127-ISGTU",16,"Month-to-month",True,"Electronic check","84.95","1378.25",3075
"8740-XLHDR",5,"Month-to-month",True,"Mailed check","43.25","219.00",5824
"1208-DNHLN",23,"One year",True,"Credit card (automatic)","48.35","1067.15",4580
"1761-AEZZR",1,"Month-to-month",True,"Electronic check","79.55","79.55",5593
"3923-CSIHK",50,"Month-to-month",True,"Electronic check","71.05","3444.85",5746
"7120-RFMVS",1,"Month-to-month",False,"Electronic check","84.50","84.50",4340
"7317-GGVPB",71,"Two year",True,"Credit card (automatic)","108.60","7690.90",4982
"1322-AGOQM",46,"Month-to-month",False,"Bank transfer (automatic)","30.30","1380.10",2243
"3677-IYRBF",2,"Month-to-month",True,"Electronic check","30.40","78.65",4002
"5692-FPTAH",1,"Month-to-month",True,"Mailed check","45.40","45.40",2168
"1550-LOAHA",32,"Month-to-month",False,"Bank transfer (automatic)","84.15","2585.95",4017
"0268-QKIWO",3,"Month-to-month",False,"Electronic check","19.75","58.85",2647
"0876-WDUUZ",5,"Month-to-month",True,"Credit card (automatic)","85.40","425.90",3716
"0617-FHSGK",49,"Month-to-month",False,"Credit card (automatic)","75.20","3678.30",5283
"2858-MOFSQ",17,"One year",True,"Mailed check","55.85","937.50",5472
"8118-LSUEL",23,"Month-to-month",True,"Electronic check","106.40","2483.50",5507
"7005-CCBKV",6,"Month-to-month",True,"Electronic check","84.40","556.35",4539
"4250-FDVOU",6,"Month-to-month",False,"Electronic check","56.25","389.10",4110
"5277-ZLOOR",2,"Month-to-month",True,"Electronic check","85.55","187.45",5512
"2141-RRYGO",4,"Month-to-month",True,"Bank transfer (automatic)","68.65","261.25",5274
"6376-GAHQE",4,"Month-to-month",False,"Electronic check","77.85","299.20",2140
"5052-PNLOS",3,"Month-to-month",True,"Bank transfer (automatic)","105.35","323.25",3662
"6979-ZNSFF",8,"Month-to-month",True,"Electronic check","87.05","762.10",2545
"2386-LAHRK",1,"Month-to-month",True,"Mailed check","53.50","53.50",5094
"6032-IGALN",1,"Month-to-month",True,"Mailed check","25.10","25.10",4769
"4248-HCETZ",30,"Month-to-month",True,"Mailed check","79.65","2365.15",2174
"0516-WJVXC",5,"Month-to-month",False,"Electronic check","54.20","308.25",5476
"9174-FKWZE",1,"Month-to-month",True,"Electronic check","19.45","19.45",3848
"8809-RIHDD",72,"Two year",True,"Electronic check","103.40","7372.65",5055
"4822-NGOCH",13,"Month-to-month",True,"Electronic check","84.45","1058.60",5801
"5307-DZCVC",32,"Month-to-month",True,"Credit card (automatic)","85.95","2628.60",2431
"8679-JOEVF",16,"Month-to-month",False,"Electronic check","59.40","1023.90",5556
"1432-FPAXX",29,"Month-to-month",True,"Electronic check","30.60","856.35",3615
"4803-AXVYP",38,"Month-to-month",True,"Electronic check","99.55","3734.25",3474
"3884-HCSWG",17,"Month-to-month",True,"Electronic check","70.00","1144.50",4390
"5077-DXTCG",1,"Month-to-month",True,"Electronic check","45.30","45.30",2293
"1142-WACZW",2,"Month-to-month",False,"Bank transfer (automatic)","29.85","75.60",4268
"5649-ANRML",2,"Month-to-month",True,"Credit card (automatic)","95.10","180.25",4486
"4892-VLANZ",1,"Month-to-month",False,"Mailed check","19.80","19.80",5600
"2919-HBCJO",4,"Month-to-month",True,"Bank transfer (automatic)","76.65","333.60",4580
"4236-XPXAV",5,"Month-to-month",True,"Mailed check","99.15","465.05",2283
"3030-YZADT",9,"Month-to-month",False,"Mailed check","44.95","431.00",5023
"7410-KTVFV",18,"Month-to-month",True,"Mailed check","49.55","878.35",2815
"8393-DLHGA",25,"Month-to-month",True,"Electronic check","95.90","2448.75",2241
"7395-IGJOS",17,"Month-to-month",False,"Bank transfer (automatic)","81.50","1329.20",3443
"2834-SPCJV",52,"Month-to-month",False,"Electronic check","84.10","4348.65",6216
"7890-VYYWG",3,"Month-to-month",True,"Mailed check","36.45","93.70",3766
"9907-SWKKF",1,"Month-to-month",False,"Mailed check","25.05","25.05",4842
"0587-DMGBH",8,"Month-to-month",True,"Electronic check","49.85","365.55",2269
"6397-JNZZG",43,"Month-to-month",False,"Credit card (automatic)","55.55","2342.20",2573
"3523-QRQLL",22,"One year",True,"Bank transfer (automatic)","69.50","1498.20",5922
"0895-DQHEW",54,"Month-to-month",True,"Electronic check","104.30","5278.15",4019
"8149-RSOUN",1,"Month-to-month",True,"Electronic check","93.85","93.85",3014
"7250-EQKIY",1,"Month-to-month",False,"Mailed check","50.45","50.45",2426
"4013-UBXWQ",7,"Month-to-month",True,"Electronic check","74.65","521.10",4612
"5519-NPHVG",12,"Month-to-month",True,"Electronic check","94.20","1046.10",3975
"8849-GYOKR",54,"One year",False,"Bank transfer (automatic)","106.55","5763.30",4893
"3148-BLQJT",1,"Month-to-month",False,"Mailed check","20.10","20.10",5747
"0461-CVKMU",23,"Month-to-month",False,"Electronic check","83.80","1900.25",5737
"8806-EAGWC",3,"Month-to-month",False,"Mailed check","55.15","159.15",5698
"7779-LGOVN",10,"Month-to-month",True,"Electronic check","86.65","856.65",4990
"9710-ZUSHQ",37,"Month-to-month",True,"Bank transfer (automatic)","106.75","4056.75",5849
"4183-WCSEP",31,"Month-to-month",True,"Electronic check","78.45","2435.15",3091
"5498-TXHLF",34,"Month-to-month",False,"Electronic check","87.45","2874.15",3358
"9722-UJOJR",29,"Month-to-month",True,"Electronic check","70.75","1974.80",2663
"3902-FOIGH",12,"Month-to-month",True,"Electronic check","101.35","1218.55",3967
"6772-KSATR",1,"Month-to-month",True,"Electronic check","81.70","81.70",5574
"7112-OPOTK",33,"Month-to-month",False,"Electronic check","68.25","2171.15",5647
"4210-QFJMF",4,"Month-to-month",True,"Electronic check","79.15","317.25",5762
"3318-OSATS",35,"Month-to-month",True,"Electronic check","95.45","3474.05",2080
"5828-AVIPD",19,"One year",True,"Electronic check","100.95","1875.55",4072
"1086-LXKFY",1,"Month-to-month",True,"Mailed check","69.10","69.10",4779
"2636-ALXXZ",1,"Month-to-month",True,"Electronic check","69.60","69.60",2151
"7774-OJSXI",31,"One year",True,"Electronic check","103.45","3066.45",5387
"7786-WBJYI",4,"Month-to-month",False,"Bank transfer (automatic)","77.95","305.55",5365
"9885-CSMWE",1,"Month-to-month",False,"Electronic check","78.45","78.45",2139
"5016-ETTFF",10,"Month-to-month",False,"Mailed check","29.50","255.25",3797
"3866-MDTUB",2,"Month-to-month",True,"Electronic check","70.75","146.90",3257
"8058-JMEQO",9,"Month-to-month",True,"Electronic check","84.45","762.50",3543
"0697-ZMSWS",4,"Month-to-month",True,"Electronic check","85.65","338.90",2330
"7657-DYEPJ",38,"One year",True,"Credit card (automatic)","70.15","2497.35",2645
"8276-MQBYC",51,"Month-to-month",True,"Electronic check","97.80","4913.30",6204
"7593-XFKDI",1,"Month-to-month",False,"Mailed check","46.30","46.30",3017
"0337-CNPZE",41,"Month-to-month",True,"Electronic check","106.30","4443.45",5383
"1513-XNPPH",12,"Month-to-month",True,"Electronic check","89.40","1095.65",5047
"6015-VVHHE",5,"Month-to-month",True,"Credit card (automatic)","83.15","446.05",2516
"6347-DCUIK",10,"Month-to-month",True,"Mailed check","74.15","811.80",4231
"0897-FEGMU",11,"Month-to-month",True,"Electronic check","99.50","1056.95",5286
"7663-RGWBC",1,"Month-to-month",True,"Mailed check","44.15","44.15",4773
"1120-BMWUB",16,"Month-to-month",True,"Mailed check","53.90","834.15",5091
"9124-LHCJQ",1,"Month-to-month",True,"Mailed check","85.45","85.45",2318
"2235-ZGKPT",4,"Month-to-month",False,"Mailed check","50.85","239.55",5386
"3891-PUQOD",1,"Month-to-month",False,"Electronic check","59.20","59.20",5020
"0689-NKYLF",13,"Month-to-month",True,"Electronic check","83.20","1060.60",4028
"3658-KIBGF",1,"Month-to-month",True,"Electronic check","54.90","54.90",2833
"5519-YLDGW",21,"Month-to-month",True,"Electronic check","103.90","2254.20",3769
"4946-EDSEW",11,"Month-to-month",True,"Mailed check","19.25","180.30",5638
"2516-VQRRV",2,"Month-to-month",True,"Mailed check","75.45","158.40",3350
"7580-UGXNC",2,"Month-to-month",False,"Mailed check","54.85","104.20",3016
"5178-LMXOP",1,"Month-to-month",True,"Electronic check","95.10","95.10",5795
"8185-UPYBR",6,"Month-to-month",True,"Electronic check","75.50","438.00",5838
"4585-HETAI",4,"Month-to-month",True,"Electronic check","73.75","325.45",5026
"7526-BEZQB",12,"Month-to-month",True,"Electronic check","96.05","1148.10",2577
"4951-UKAAQ",4,"Month-to-month",True,"Electronic check","88.95","355.20",5948
"2108-YKQTY",4,"Month-to-month",False,"Credit card (automatic)","50.70","151.30",4930
"4918-QLLIW",3,"Month-to-month",False,"Credit card (automatic)","53.40","188.70",2755
"7056-IMHCC",53,"Month-to-month",True,"Electronic check","101.90","5549.40",5884
"1625-JAIIY",68,"One year",True,"Electronic check","83.00","5685.80",4714
"2947-DOMLJ",1,"Month-to-month",False,"Mailed check","50.60","50.60",3677
"4112-LUEIZ",10,"Month-to-month",True,"Electronic check","89.50","863.10",4206
"4510-HIMLV",1,"Month-to-month",True,"Electronic check","69.80","69.80",4154
"8749-JMNKX",51,"Month-to-month",True,"Bank transfer (automatic)","93.80","4750.95",4788
"2430-USGXP",24,"Month-to-month",True,"Electronic check","101.05","2391.80",4766
"5955-ERIHD",18,"Month-to-month",True,"Electronic check","94.70","1687.95",2206
"0917-EZOLA",72,"Two year",True,"Bank transfer (automatic)","104.15","7689.95",5925
"5949-EBSQK",4,"Month-to-month",False,"Credit card (automatic)","61.45","229.55",2131
"7274-RTAPZ",1,"Month-to-month",True,"Electronic check","90.55","90.55",3898
"0311-UNPFF",26,"Month-to-month",True,"Bank transfer (automatic)","88.80","2274.35",4910
"3834-XUIFC",7,"Month-to-month",True,"Mailed check","85.20","602.55",3905
"8414-MYSHR",5,"Month-to-month",True,"Electronic check","91.40","449.75",2834
"7599-FKVXZ",42,"Month-to-month",True,"Bank transfer (automatic)","106.15","4512.70",2265
"8229-TNIQA",4,"Month-to-month",True,"Mailed check","45.30","196.95",3443
"6221-AVQYL",2,"Month-to-month",True,"Credit card (automatic)","73.25","131.05",2919
"7743-EXURX",8,"Month-to-month",True,"Electronic check","51.05","415.05",3758
"5569-KGJHX",9,"Month-to-month",True,"Bank transfer (automatic)","85.35","754.65",2445
"4988-IQIGL",1,"Month-to-month",True,"Electronic check","75.35","75.35",4403
"7730-IUTDZ",43,"Month-to-month",True,"Electronic check","75.20","3198.60",4673
"0426-TIRNE",1,"Month-to-month",False,"Mailed check","20.90","20.90",5527
"7587-RZNME",3,"Month-to-month",True,"Electronic check","43.30","123.65",4849
"0748-RDGGM",70,"One year",True,"Bank transfer (automatic)","109.50","7534.65",6136
"4706-AXVKM",11,"Month-to-month",True,"Credit card (automatic)","84.80","906.85",5118
"5889-JTMUL",50,"Month-to-month",True,"Electronic check","95.05","4888.70",5863
"9026-RNUJS",5,"Month-to-month",False,"Electronic check","50.35","237.25",4618
"3746-EUBYR",1,"Month-to-month",True,"Bank transfer (automatic)","74.60","74.60",5861
"2332-EFBJY",16,"Month-to-month",True,"Mailed check","19.70","342.40",3438
"9474-PHLYD",15,"Month-to-month",True,"Electronic check","59.45","892.65",5129
"2165-VOEGB",46,"One year",True,"Bank transfer (automatic)","105.20","4822.85",3322
"2219-MVUSO",8,"Month-to-month",True,"Mailed check","45.15","438.40",3721
"8914-RBTSB",31,"Month-to-month",False,"Electronic check","93.80","3019.50",4115
"0963-ZBDRN",32,"Month-to-month",True,"Electronic check","96.20","3183.40",3606
"7594-RQHXR",1,"Month-to-month",True,"Electronic check","79.60","79.60",3108
"6331-EWIEB",20,"Month-to-month",True,"Electronic check","85.25","1734.50",2414
"5998-VVEJY",26,"Month-to-month",True,"Electronic check","80.50","2088.80",2729
"1624-NALOJ",5,"Month-to-month",True,"Electronic check","89.80","502.60",2960
"4317-VTEOA",1,"Month-to-month",True,"Electronic check","50.75","50.75",5355
"1670-SVOWZ",14,"Month-to-month",True,"Credit card (automatic)","89.65","1208.35",2504
"7541-YLXCL",36,"One year",True,"Mailed check","65.40","2498.40",5220
"0260-ZDLGK",9,"Month-to-month",True,"Mailed check","72.90","651.40",3585
"8722-NGNBH",5,"Month-to-month",False,"Mailed check","40.00","223.45",3125
"6210-KBBPI",9,"Month-to-month",True,"Credit card (automatic)","99.45","919.40",2313
"0133-BMFZO",2,"Month-to-month",True,"Electronic check","86.25","181.65",3529
"6128-CZOMY",1,"Month-to-month",True,"Electronic check","45.65","45.65",4689
"9540-JYROE",8,"Month-to-month",True,"Mailed check","70.10","551.35",2899
"2260-USTRB",2,"Month-to-month",True,"Bank transfer (automatic)","70.20","115.95",2767
"3656-TKRVZ",3,"Month-to-month",False,"Electronic check","55.35","165.20",5787
"8623-TMRBY",51,"Month-to-month",True,"Electronic check","84.20","4146.05",6245
"1501-SGHBW",2,"Month-to-month",False,"Mailed check","45.85","81.00",3843
"3208-YPIOE",39,"Month-to-month",False,"Electronic check","75.25","3017.65",4696
"2612-RANWT",12,"Month-to-month",True,"Bank transfer (automatic)","100.15","1164.30",3682
"6900-PXRMS",26,"Month-to-month",False,"Electronic check","105.75","2710.25",3157
"3346-BRMIS",18,"Month-to-month",True,"Electronic check","48.35","810.70",2167
"2933-FILNV",2,"Month-to-month",True,"Mailed check","24.40","36.55",2635
"9986-BONCE",4,"Month-to-month",False,"Bank transfer (automatic)","20.95","85.50",5822
"2722-JMONI",1,"Month-to-month",True,"Electronic check","49.55","49.55",4989
"4083-EUGRJ",9,"Month-to-month",False,"Mailed check","20.25","178.50",3361
"7579-OOPEC",2,"Month-to-month",False,"Credit card (automatic)","50.15","115.10",5461
"1771-OADNZ",29,"Month-to-month",True,"Electronic check","95.90","2745.20",2151
"0612-RTZZA",1,"Month-to-month",False,"Electronic check","25.25","25.25",4628
"6410-LEFEN",9,"Month-to-month",False,"Electronic check","45.15","416.45",3757
"3194-ORPIK",50,"Month-to-month",True,"Bank transfer (automatic)","84.40","4116.15",5135
"8816-VXNZD",1,"Month-to-month",True,"Electronic check","75.10","75.10",4335
"9378-FXTIZ",54,"One year",True,"Credit card (automatic)","70.15","3715.65",4596
"1723-HKXJQ",42,"Month-to-month",True,"Electronic check","101.75","4273.45",5545
"7825-GKXMW",1,"Month-to-month",False,"Electronic check","45.80","45.80",5973
"1240-KNSEZ",1,"Month-to-month",True,"Mailed check","20.10","20.10",4933
"0836-SEYLU",9,"Month-to-month",False,"Mailed check","40.65","328.95",4800
"4433-JCGCG",46,"Month-to-month",True,"Electronic check","101.00","4680.05",2436
"3716-BDVDB",1,"Month-to-month",True,"Electronic check","69.10","69.10",5795
"5899-MQZZL",13,"Month-to-month",True,"Mailed check","75.00","999.45",2189
"6849-OYAMU",19,"One year",False,"Bank transfer (automatic)","100.00","1888.65",2608
"9488-HGMJH",1,"Month-to-month",True,"Electronic check","71.15","71.15",5287
"6038-GCYEC",24,"Month-to-month",True,"Credit card (automatic)","54.15","1240.25",5153
"1150-WFARN",67,"Two year",True,"Credit card (automatic)","108.75","7156.20",5516
"3144-AUDBS",6,"Month-to-month",True,"Electronic check","49.15","270.80",5271
"5616-PRTNT",20,"Month-to-month",True,"Electronic check","19.40","374.50",3785
"4818-QIUFN",20,"Month-to-month",True,"Electronic check","79.15","1520.90",4997
"6961-VCPMC",46,"Month-to-month",True,"Electronic check","80.40","3605.20",4876
"6688-UZPWD",11,"Month-to-month",True,"Electronic check","102.00","1145.35",5750
"2839-RFSQE",2,"Month-to-month",False,"Mailed check","20.65","38.70",3845
"0968-GSIKN",1,"Month-to-month",True,"Mailed check","70.80","70.80",3901
"1965-DDBWU",16,"Month-to-month",True,"Credit card (automatic)","89.05","1448.60",5953
"9057-SIHCH",3,"Month-to-month",True,"Electronic check","96.60","291.90",3260
"6771-XWBDM",57,"Month-to-month",True,"Credit card (automatic)","104.50","5921.35",4471
"8601-QACRS",5,"Month-to-month",True,"Mailed check","50.60","249.95",2353
"2391-SOORI",4,"Month-to-month",False,"Electronic check","49.35","219.65",5858
"2645-QTLMB",7,"Month-to-month",True,"Electronic check","94.25","669.00",5267
"4806-HIPDW",1,"Month-to-month",True,"Electronic check","68.95","68.95",5644
"4424-TKOPW",2,"Month-to-month",True,"Electronic check","93.85","196.75",4998
"8443-ZRDBZ",4,"Month-to-month",True,"Electronic check","76.05","318.90",3685
"9136-ALYBR",1,"Month-to-month",True,"Mailed check","24.45","24.45",2121
"7479-NITWS",7,"Month-to-month",True,"Credit card (automatic)","89.35","631.85",4154
"2959-MJHIC",4,"Month-to-month",True,"Electronic check","80.35","307.40",4167
"4201-JMNGR",1,"Month-to-month",True,"Electronic check","55.80","55.80",5527
"5960-WPXQM",1,"Month-to-month",True,"Electronic check","79.05","79.05",3555
"0684-AOSIH",1,"Month-to-month",True,"Electronic check","95.00","95.00",4489
"8260-NGFNY",1,"Month-to-month",False,"Mailed check","25.20","25.20",3196
"1866-RZZQS",41,"Month-to-month",True,"Electronic check","98.40","4187.75",2169
"8631-NBHFZ",66,"Two year",False,"Credit card (automatic)","79.40","5154.60",5910
"4958-XCBDQ",35,"Month-to-month",True,"Electronic check","101.40","3496.30",3689
"8337-UPOAQ",10,"Month-to-month",True,"Electronic check","89.80","914.30",5124
"1725-IQNIY",54,"Two year",False,"Bank transfer (automatic)","109.75","6110.20",6274
"6598-RFFVI",2,"One year",False,"Credit card (automatic)","19.30","28.30",2279
"6712-OAWRH",26,"Month-to-month",True,"Electronic check","91.25","2351.80",5154
"8614-VGMMV",15,"Month-to-month",True,"Electronic check","49.10","679.55",5209
"2930-UOTMB",31,"Month-to-month",False,"Credit card (automatic)","65.25","1994.30",4403
"5914-DVBWJ",18,"Month-to-month",True,"Electronic check","85.45","1505.85",5145
"2533-QVMSK",61,"Two year",True,"Electronic check","94.10","5638.30",6295
"8644-XLFBW",1,"Month-to-month",True,"Electronic check","71.65","71.65",5674
"8625-AZYZY",24,"Month-to-month",True,"Electronic check","104.65","2542.45",4734
"9306-CPCBC",3,"Month-to-month",True,"Electronic check","74.25","210.30",3207
"1833-VGRUM",1,"Month-to-month",True,"Electronic check","74.20","74.20",4684
"8374-XGEJJ",43,"Month-to-month",True,"Electronic check","101.00","4388.40",3123
"2656-TABEH",4,"Month-to-month",True,"Electronic check","100.20","420.20",2650
"6946-LMSQS",25,"One year",True,"Electronic check","89.05","2177.45",2673
"2325-ZUSFD",57,"One year",True,"Bank transfer (automatic)","70.10","3913.30",4669
"3932-CMDTD",4,"One year",True,"Electronic check","105.65","443.90",4663
"4039-HEUNW",36,"Month-to-month",True,"Electronic check","96.50","3436.10",4652
"0812-WUPTB",1,"Month-to-month",False,"Mailed check","70.85","70.85",3022
"3594-UVONA",35,"One year",True,"Credit card (automatic)","85.95","3110.10",3833
"0004-TLHLJ",4,"Month-to-month",True,"Electronic check","73.90","280.85",4479
"5089-IFSDP",58,"Two year",True,"Bank transfer (automatic)","109.45","6144.55",6424
"4817-VYYWS",30,"Month-to-month",True,"Electronic check","100.20","2983.80",3598
"1396-QWFBJ",21,"Month-to-month",True,"Bank transfer (automatic)","74.05","1565.70",5630
"5299-SJCZT",3,"Month-to-month",True,"Bank transfer (automatic)","101.55","298.35",4480
"2403-BCASL",41,"One year",True,"Electronic check","111.95","4534.90",3711
"2898-LSJGD",21,"One year",True,"Electronic check","55.95","1157.05",5531
"7359-PTSXY",1,"Month-to-month",False,"Electronic check","45.75","45.75",3531
"4503-BDXBD",11,"Month-to-month",False,"Electronic check","74.95","815.50",4251
"6086-ESGRL",1,"Month-to-month",False,"Credit card (automatic)","80.15","80.15",3947
"3886-CERTZ",72,"One year",True,"Electronic check","109.25","8109.80",4261
"5759-RCVCB",3,"Month-to-month",False,"Credit card (automatic)","35.20","108.95",5450
"6372-RFVNS",1,"Month-to-month",False,"Electronic check","78.80","78.80",5075
"8938-UMKPI",47,"Month-to-month",True,"Electronic check","106.40","5127.95",4804
"0991-BRRFB",18,"Month-to-month",False,"Electronic check","49.40","874.80",4028
"3871-IKPYH",1,"Month-to-month",False,"Electronic check","69.10","69.10",2767
"6319-IEJWJ",20,"Month-to-month",True,"Electronic check","90.20","1776.55",2058
"9025-AOMKI",6,"Month-to-month",True,"Bank transfer (automatic)","93.55","536.40",5617
"5275-SQEIZ",1,"Month-to-month",True,"Mailed check","80.85","80.85",3096
"7716-YTYHG",48,"One year",True,"Mailed check","82.05","4029.95",3365
"3677-TNKIO",14,"Month-to-month",True,"Credit card (automatic)","71.00","914.00",3228
"4390-KYULV",3,"Month-to-month",True,"Credit card (automatic)","20.55","51.15",4115
"1304-NECVQ",2,"Month-to-month",True,"Electronic check","78.55","149.55",5203
"8945-GRKHX",1,"Month-to-month",False,"Electronic check","78.65","78.65",2728
"6959-UWKHF",1,"Month-to-month",True,"Electronic check","42.90","42.90",4895
"3815-SLMEF",3,"Month-to-month",False,"Mailed check","34.25","139.35",2802
"5154-VEKBL",9,"Month-to-month",False,"Mailed check","58.50","539.85",3032
"5655-JSMZM",49,"Month-to-month",True,"Electronic check","96.20","4718.25",5904
"4505-EXZHB",6,"Month-to-month",False,"Electronic check","74.40","434.10",3964
"4587-VVTOX",6,"Month-to-month",True,"Electronic check","105.30","545.20",4163
"4652-NNHNY",16,"Month-to-month",True,"Bank transfer (automatic)","73.85","1284.20",3226
"8972-HJWNV",7,"Month-to-month",True,"Electronic check","84.55","646.85",5245
"8515-OCTJS",25,"Two year",False,"Credit card (automatic)","24.75","692.10",4931
"2860-RANUS",20,"Month-to-month",True,"Credit card (automatic)","85.80","1727.50",3336
"5261-QSHQM",4,"Month-to-month",True,"Electronic check","24.45","86.60",4909
"8868-WOZGU",28,"Month-to-month",True,"Electronic check","105.70","2979.50",2464
"1334-FJSVR",1,"Month-to-month",True,"Electronic check","24.25","24.25",2846
"7625-XCQRH",11,"Month-to-month",True,"Electronic check","76.50","837.95",2291
"1731-TVIUK",4,"Month-to-month",True,"Electronic check","93.50","362.20",4554
"0406-BPDVR",54,"One year",True,"Credit card (automatic)","101.50","5373.10",6405
"0618-XWMSS",28,"Month-to-month",True,"Bank transfer (automatic)","74.90","2068.55",5392
"5276-KQWHG",2,"Month-to-month",True,"Electronic check","69.60","131.65",4596
"2565-JSLRY",1,"Month-to-month",True,"Mailed check","24.05","24.05",3162
"6689-KXGBO",1,"Month-to-month",False,"Electronic check","50.55","50.55",3420
"6615-NGGZJ",14,"Month-to-month",True,"Electronic check","100.55","1415.55",5224
"4255-DDUOU",1,"Month-to-month",True,"Mailed check","20.50","20.50",2398
"2984-MIIZL",4,"Month-to-month",True,"Bank transfer (automatic)","74.80","321.90",5882
"5590-YRFJT",20,"Month-to-month",True,"Electronic check","24.45","482.80",3298
"9667-EQRXU",30,"Month-to-month",True,"Electronic check","40.30","1172.95",3016
"3329-WDIOK",3,"Month-to-month",True,"Electronic check","50.60","155.35",4800
"2873-ZLIWT",40,"Month-to-month",True,"Electronic check","84.85","3303.05",5764
"3415-TAILE",2,"Month-to-month",False,"Mailed check","65.70","134.35",4265
"1915-IOFGU",1,"Month-to-month",False,"Electronic check","70.50","70.50",4123
"3045-XETSH",10,"Month-to-month",True,"Electronic check","94.85","953.45",3074
"7239-HZZCX",1,"Month-to-month",False,"Mailed check","19.75","19.75",4851
"7683-CBDKJ",14,"Month-to-month",True,"Electronic check","65.45","937.60",2881
"0946-CLJTI",58,"Month-to-month",True,"Electronic check","98.70","5812.60",4662
"0628-CNQRM",22,"One year",True,"Bank transfer (automatic)","67.50","1544.05",3378
"7665-TOALD",1,"Month-to-month",True,"Electronic check","69.60","69.60",2412
"0112-QWPNC",49,"One year",False,"Electronic check","84.35","4059.35",6452
"0324-BRPCJ",68,"Month-to-month",True,"Electronic check","100.20","6851.65",4481
"2777-PHDEI",1,"Month-to-month",False,"Electronic check","78.05","78.05",3458
"1196-AMORA",7,"Month-to-month",False,"Electronic check","73.60","520.00",2679
"4282-YMKNA",9,"Month-to-month",True,"Electronic check","74.75","706.60",5003
"5356-RHIPP",1,"Month-to-month",True,"Mailed check","20.20","20.20",5355
"9189-JWSHV",24,"Month-to-month",True,"Electronic check","93.55","2264.05",4937
"0746-JTRFU",2,"Month-to-month",True,"Electronic check","25.05","56.35",4810
"0576-WNXXC",27,"Month-to-month",True,"Electronic check","95.55","2510.20",2999
"4628-CTTLA",57,"Month-to-month",True,"Electronic check","39.30","2111.45",4917
"2876-VBBBL",1,"Month-to-month",True,"Mailed check","20.25","20.25",2783
"6834-NXDCA",13,"Month-to-month",True,"Electronic check","23.90","300.80",2967
"5597-GLBUC",1,"Month-to-month",True,"Electronic check","85.45","85.45",4931
"2748-MYRVK",63,"One year",False,"Bank transfer (automatic)","99.90","6137.00",4776
"4822-YCXMX",25,"Month-to-month",True,"Electronic check","84.80","2043.45",4203
"9821-POOTN",35,"Month-to-month",True,"Electronic check","75.20","2576.20",4639
"6559-ILWKJ",71,"Two year",False,"Electronic check","49.35","3515.25",4879
"4229-CZMLL",6,"Month-to-month",True,"Electronic check","74.90","469.80",4160
"3663-MITLP",15,"Month-to-month",True,"Electronic check","101.25","1457.25",3968
"9025-ZRPVR",9,"Month-to-month",True,"Mailed check","18.95","185.60",5403
"3285-UCQVC",37,"Month-to-month",False,"Credit card (automatic)","28.60","973.55",4429
"5482-PLVPE",2,"Month-to-month",False,"Electronic check","24.35","41.85",3278
"4902-OHLSK",29,"Month-to-month",False,"Electronic check","98.65","2862.75",4235
"0495-ZBNGW",5,"Month-to-month",True,"Bank transfer (automatic)","79.90","343.95",4324
"2357-COQEK",28,"Month-to-month",True,"Electronic check","103.30","2890.65",4136
"3737-GCSPV",11,"Month-to-month",True,"Credit card (automatic)","96.20","1222.05",3101
"4088-YLDSU",55,"One year",True,"Electronic check","104.15","5743.05",4369
"2034-CGRHZ",24,"Month-to-month",True,"Credit card (automatic)","102.95","2496.70",5245
"5797-APWZC",1,"Month-to-month",False,"Electronic check","90.60","90.60",2540
"3683-QKIUE",6,"Month-to-month",True,"Bank transfer (automatic)","50.80","288.05",4713
"4228-ZGYUW",4,"Month-to-month",True,"Electronic check","90.05","368.10",3212
"3519-ZKXGG",3,"Month-to-month",True,"Electronic check","75.85","256.60",4062
"6416-TVAIH",1,"Month-to-month",True,"Electronic check","68.50","68.50",5753
"5108-ADXWO",11,"Month-to-month",True,"Electronic check","73.50","791.75",4509
"3066-RRJIO",1,"Month-to-month",True,"Mailed check","69.95","69.95",5341
"6715-OFDBP",5,"Month-to-month",True,"Electronic check","70.05","346.40",4944
"1567-DSCIC",8,"Month-to-month",True,"Electronic check","94.00","773.65",2632
"2150-UWTFY",22,"Month-to-month",False,"Mailed check","61.15","1422.05",4626
"2683-BPJSO",29,"Month-to-month",True,"Electronic check","84.45","2467.10",2651
"2157-MXBJS",13,"One year",True,"Mailed check","75.30","989.45",4800
"9360-AHGNL",43,"One year",True,"Mailed check","109.55","4830.25",5863
"1087-UDSIH",3,"Month-to-month",True,"Mailed check","19.60","59.75",5000
"5485-WUYWF",2,"Month-to-month",False,"Bank transfer (automatic)","66.40","94.55",4522
"2632-UCGVD",66,"Month-to-month",True,"Credit card (automatic)","100.05","6871.90",4512
"5445-PZWGX",62,"One year",False,"Electronic check","102.00","6529.25",5090
"9170-CCKOU",17,"Month-to-month",False,"Credit card (automatic)","90.20","1454.15",2026
"1043-YCUTE",56,"Two year",True,"Credit card (automatic)","25.15","1327.15",6484
"3814-MLAXC",31,"Month-to-month",True,"Credit card (automatic)","79.85","2404.15",2554
"1226-UDFZR",2,"Month-to-month",True,"Mailed check","49.60","114.70",3599
"6425-YQLLO",66,"One year",True,"Credit card (automatic)","105.95","6975.25",6117
"5442-UTCVD",3,"Month-to-month",False,"Electronic check","91.85","257.05",2704
"7734-DBOAI",1,"Month-to-month",False,"Electronic check","40.10","40.10",5434
"2091-RFFBA",31,"Month-to-month",True,"Electronic check","73.90","2217.15",2560
"2114-MGINA",14,"Month-to-month",True,"Mailed check","89.80","1129.10",4107
"4489-SNOJF",35,"Month-to-month",False,"Electronic check","72.25","2568.55",5898
"6899-PPEEA",37,"Month-to-month",True,"Electronic check","96.55","3580.30",4448
"2187-LZGPL",7,"Month-to-month",True,"Credit card (automatic)","40.10","293.30",4414
"4597-NUCQV",24,"Month-to-month",True,"Electronic check","101.25","2440.15",4287
"9019-QVLZD",1,"Month-to-month",False,"Electronic check","79.55","79.55",5082
"3707-LRWZD",32,"One year",False,"Electronic check","84.05","2781.85",3553
"1455-ESIQH",1,"Month-to-month",True,"Electronic check","89.10","89.10",2905
"2979-SXESE",17,"Month-to-month",False,"Electronic check","94.40","1607.20",4103
"4013-TLDHQ",19,"Month-to-month",True,"Electronic check","78.25","1490.95",3666
"3754-DXMRT",2,"Month-to-month",True,"Electronic check","44.15","92.65",5655
"7130-VTEWQ",8,"Month-to-month",True,"Electronic check","75.75","606.25",4174
"6121-VZNQB",1,"Month-to-month",True,"Mailed check","19.10","19.10",5890
"7903-CMPEY",1,"Month-to-month",True,"Electronic check","80.30","80.30",4138
"6996-KNSML",1,"Month-to-month",True,"Electronic check","74.90","74.90",5919
"1704-NRWYE",9,"Month-to-month",True,"Electronic check","80.85","751.65",5242
"2592-SEIFQ",3,"Month-to-month",False,"Electronic check","24.75","66.95",3503
"7481-ATQQS",49,"Month-to-month",True,"Credit card (automatic)","90.85","4515.85",5651
"8642-GVWRF",2,"Month-to-month",False,"Bank transfer (automatic)","79.70","165.00",3039
"3400-ESFUW",55,"Two year",False,"Bank transfer (automatic)","57.55","3046.40",5463
"2057-ZBLPD",21,"Month-to-month",True,"Electronic check","86.50","1808.70",2036
"5502-RLUYV",69,"Month-to-month",True,"Electronic check","103.95","7446.90",4283
"0023-HGHWL",1,"Month-to-month",True,"Electronic check","25.10","25.10",5437
"9039-RBEEE",39,"Month-to-month",True,"Credit card (automatic)","48.95","1880.85",3080
"8417-FMLZI",6,"Month-to-month",True,"Credit card (automatic)","83.55","477.55",4242
"1792-UXAFY",17,"Month-to-month",True,"Electronic check","89.15","1496.90",5082
"0515-YPMCW",1,"Month-to-month",True,"Mailed check","70.45","70.45",3525
"0378-XSZPU",58,"One year",False,"Credit card (automatic)","60.30","3563.80",4026
"4729-XKASR",1,"Month-to-month",False,"Electronic check","24.75","24.75",3001
"5449-FIBXJ",19,"Month-to-month",False,"Electronic check","103.30","2012.70",2349
"9837-BMCLM",3,"Month-to-month",True,"Electronic check","78.50","242.05",3567
"0137-UDEUO",3,"Month-to-month",False,"Mailed check","19.85","63.75",3398
"6161-UUUTA",3,"Month-to-month",True,"Electronic check","79.90","260.90",4367
"6543-XRMYR",30,"Month-to-month",True,"Electronic check","99.70","2967.35",3548
"4925-LMHOK",15,"Month-to-month",True,"Credit card (automatic)","58.60","939.70",2003
"1455-UGQVH",10,"Month-to-month",True,"Electronic check","98.50","1037.75",4501
"8280-MQRQN",1,"Month-to-month",True,"Mailed check","50.45","50.45",2806
"2037-SGXHH",38,"Month-to-month",True,"Electronic check","94.65","3624.30",3498
"3178-FESZO",1,"Month-to-month",True,"Credit card (automatic)","100.25","100.25",5797
"6087-MVHJH",16,"Month-to-month",True,"Electronic check","88.45","1422.10",5186
"4603-JANFB",1,"Month-to-month",True,"Electronic check","69.85","69.85",4548
"3018-TFTSU",12,"Month-to-month",False,"Bank transfer (automatic)","81.70","858.60",2850
"4806-KEXQR",4,"Month-to-month",True,"Electronic check","79.90","324.30",4669
"7083-YNSKY",15,"Month-to-month",True,"Credit card (automatic)","25.40","399.60",2853
"2479-BRAMR",41,"Month-to-month",True,"Bank transfer (automatic)","83.75","3273.55",4995
"7434-SHXLS",1,"Month-to-month",False,"Mailed check","20.90","20.90",5421
"7908-QCBCA",1,"Month-to-month",True,"Mailed check","69.40","69.40",2404
"6686-YPGHK",47,"Month-to-month",False,"Mailed check","85.50","4042.30",3645
"6711-FLDFB",7,"Month-to-month",True,"Electronic check","74.90","541.15",5159
"3714-JTVOV",42,"Month-to-month",True,"Credit card (automatic)","74.15","3229.40",2322
"4702-IOQDC",1,"Month-to-month",True,"Electronic check","70.10","70.10",2007
"6178-KFNHS",12,"Month-to-month",True,"Electronic check","78.30","909.25",3545
"1264-BYWMS",55,"Month-to-month",True,"Electronic check","96.80","5283.95",4089
"9658-WYUFB",17,"Month-to-month",True,"Electronic check","94.40","1617.50",2825
"2013-SGDXK",1,"Month-to-month",False,"Electronic check","84.30","84.30",2172
"8580-QVLOC",72,"Two year",False,"Credit card (automatic)","92.45","6440.25",5697
"2012-NWRPA",11,"Month-to-month",True,"Electronic check","99.55","1131.20",3172
"8808-ELEHO",8,"Month-to-month",True,"Electronic check","81.25","585.95",3812
"3506-LCJDC",1,"Month-to-month",False,"Bank transfer (automatic)","19.95","19.95",4860
"3934-HXCFZ",23,"Month-to-month",True,"Electronic check","99.25","2186.40",5338
"7666-WKRON",39,"Two year",True,"Electronic check","80.45","3201.55",2224
"4910-AQFFX",9,"Month-to-month",True,"Bank transfer (automatic)","79.35","661.25",4533
"2154-KVJFF",15,"Month-to-month",True,"Electronic check","79.75","1111.85",2813
"9647-ERGBE",30,"Month-to-month",True,"Electronic check","100.05","3046.15",4664
"3428-XZMAZ",1,"Month-to-month",True,"Electronic check","69.35","69.35",5796
"0378-TOVMS",3,"Month-to-month",False,"Electronic check","85.80","272.20",5641
"4355-HBJHH",67,"Two year",True,"Electronic check","79.70","5293.40",6289
"9058-CBREO",1,"Month-to-month",False,"Mailed check","50.55","50.55",3357
"0318-QUUOB",1,"Month-to-month",True,"Electronic check","80.55","80.55",4273
"5520-FVEWJ",12,"Month-to-month",True,"Electronic check","84.50","916.90",4154
"5572-ZDXHY",22,"Month-to-month",True,"Mailed check","84.30","1855.65",5313
"3750-CKVKH",2,"Month-to-month",True,"Electronic check","67.75","116.65",2299
"8063-GBATB",27,"Month-to-month",True,"Electronic check","85.25","2287.25",5172
"4547-KQRTM",10,"Month-to-month",True,"Bank transfer (automatic)","80.05","830.70",3740
"4877-EVATK",1,"Month-to-month",False,"Mailed check","20.00","20.00",3657
"7639-SUPCW",22,"Month-to-month",True,"Credit card (automatic)","48.80","1054.60",2270
"1069-XAIEM",1,"Month-to-month",True,"Electronic check","85.05","85.05",2975
"4658-HCOHW",21,"Month-to-month",True,"Electronic check","102.80","2110.15",3123
"3440-JPSCL",6,"Month-to-month",True,"Mailed check","99.95","547.65",3722
"2889-FPWRM",72,"One year",True,"Bank transfer (automatic)","117.80","8684.80",4432
"6987-XQSJT",54,"Month-to-month",True,"Electronic check","79.50","4370.25",5684
"4290-BSXUX",3,"Month-to-month",True,"Bank transfer (automatic)","79.65","251.75",5036
"0325-XBFAC",8,"Month-to-month",True,"Electronic check","94.70","740.30",5811
"2462-XIIJB",5,"Month-to-month",True,"Electronic check","92.50","452.70",2810
"4760-XOHVN",1,"Month-to-month",False,"Mailed check","19.45","19.45",2865
"7817-BOQPW",2,"Month-to-month",True,"Electronic check","75.55","166.30",4320
"1853-UDXBW",1,"Month-to-month",True,"Electronic check","70.00","70.00",2485
"5458-CQJTA",65,"Two year",True,"Bank transfer (automatic)","74.80","4820.15",5207
"5219-YIPTK",33,"Month-to-month",True,"Electronic check","104.40","3409.60",3185
"3540-RZJYU",15,"Month-to-month",False,"Electronic check","86.20","1270.20",5829
"2091-MJTFX",30,"Month-to-month",False,"Credit card (automatic)","51.20","1561.50",4568
"0883-EIBTI",2,"Month-to-month",False,"Mailed check","19.50","31.55",2484
"0722-TROQR",4,"Month-to-month",True,"Electronic check","74.90","321.75",2122
"7571-YXDAD",2,"Month-to-month",False,"Credit card (automatic)","74.90","147.15",2078
"3393-FMZPV",25,"Month-to-month",True,"Electronic check","100.25","2387.75",2195
"6402-ZFPPI",25,"Month-to-month",True,"Mailed check","102.80","2660.20",4969
"7486-KSRVI",43,"One year",True,"Electronic check","100.00","4211.55",4760
"8443-WVPSS",10,"Month-to-month",True,"Electronic check","99.85","990.90",4243
"3006-XIMLN",2,"Month-to-month",True,"Bank transfer (automatic)","94.20","193.80",5299
"9965-YOKZB",9,"Month-to-month",True,"Electronic check","83.85","790.15",3723
"0504-HHAPI",27,"Month-to-month",False,"Credit card (automatic)","88.30","2467.75",2420
"6305-YLBMM",69,"One year",True,"Bank transfer (automatic)","104.05","7262.00",4254
"3647-GMGDH",22,"Month-to-month",True,"Credit card (automatic)","94.70","1914.90",5615
"3791-LGQCY",56,"Month-to-month",True,"Bank transfer (automatic)","100.65","5688.05",4803
"8166-ZZTFS",66,"Two year",True,"Bank transfer (automatic)","80.55","5265.10",4400
"2956-GGUCQ",24,"Month-to-month",True,"Electronic check","78.85","1772.25",3079
"6595-COKXZ",1,"Month-to-month",True,"Mailed check","44.45","44.45",4879
"0362-ZBZWJ",36,"Month-to-month",True,"Electronic check","84.90","3067.20",2455
"4211-MMAZN",1,"Month-to-month",False,"Mailed check","20.25","20.25",2959
"4274-OWWYO",1,"Month-to-month",True,"Electronic check","74.35","74.35",5633
"1541-ETJZO",1,"Month-to-month",False,"Mailed check","62.05","62.05",2937
"4106-HADHQ",39,"One year",False,"Credit card (automatic)","80.00","3182.95",2704
"2369-UAPKZ",5,"Month-to-month",False,"Mailed check","104.10","541.90",3131
"2778-OCLGR",24,"Month-to-month",False,"Bank transfer (automatic)","39.10","971.30",4591
"0637-KVDLV",2,"Month-to-month",True,"Electronic check","76.50","162.45",5944
"6633-MPWBS",5,"Month-to-month",True,"Electronic check","49.20","216.90",4336
"8785-EPNCG",11,"Month-to-month",False,"Credit card (automatic)","23.15","245.20",5671
"5729-KLZAR",4,"Month-to-month",False,"Electronic check","80.85","302.75",2961
"1582-RAFML",1,"Month-to-month",False,"Mailed check","60.10","60.10",5654
"8740-CRYFY",1,"Month-to-month",True,"Electronic check","78.95","78.95",2038
"2962-XPMCQ",2,"Month-to-month",True,"Electronic check","45.15","98.50",2699
"1678-FYZOW",3,"Month-to-month",True,"Electronic check","79.40","244.65",2448
"8627-EHGIP",44,"One year",True,"Mailed check","53.95","2375.40",3051
"5480-TBGPH",24,"Month-to-month",True,"Credit card (automatic)","99.30","2431.35",4811
"8854-CCVSQ",18,"Month-to-month",True,"Electronic check","80.65","1451.90",3788
"0511-JTEOY",1,"Month-to-month",False,"Mailed check","71.10","71.10",5824
"7067-KSAZT",65,"One year",True,"Electronic check","106.25","6979.80",5965
"6532-YLWSI",53,"One year",False,"Bank transfer (automatic)","20.80","1021.80",4166
"9300-AGZNL",1,"Month-to-month",True,"Electronic check","94.00","94.00",4176
"1112-CUNAO",15,"Month-to-month",False,"Electronic check","89.85","1424.95",2668
"5175-AOBHI",4,"Month-to-month",True,"Mailed check","46.00","193.60",5246
"5174-RNGBH",9,"Month-to-month",False,"Mailed check","66.25","620.55",5515
"7270-BDIOA",22,"Month-to-month",True,"Electronic check","90.00","1993.80",4739
"9565-JSNFM",38,"One year",True,"Bank transfer (automatic)","70.45","2597.60",5437
"0607-DAAHE",53,"Two year",False,"Bank transfer (automatic)","19.75","1052.35",6265
"9732-KPKBW",1,"Month-to-month",True,"Electronic check","53.95","53.95",2771
"3389-YGYAI",8,"Month-to-month",True,"Electronic check","105.50","829.55",5546
"9560-ARGQJ",16,"Month-to-month",True,"Electronic check","81.00","1312.15",2335
"5134-IKDAY",1,"Month-to-month",True,"Electronic check","69.80","69.80",2123
"3070-DVEYC",7,"Month-to-month",False,"Mailed check","73.75","545.15",5638
"5707-ORNDZ",9,"Month-to-month",False,"Electronic check","54.55","494.05",4656
"8696-JKZNU",37,"Month-to-month",True,"Electronic check","76.25","2841.55",5859
"5380-AFSSK",5,"Month-to-month",True,"Mailed check","93.90","486.85",5435
"2055-PDADH",3,"Month-to-month",True,"Electronic check","70.40","204.70",2491
"8714-EUHJO",31,"Month-to-month",True,"Electronic check","91.15","2995.45",5219
"3721-CNEYS",2,"Month-to-month",True,"Electronic check","70.95","137.95",5390
"2568-OIADY",37,"Month-to-month",True,"Electronic check","99.50","3762.00",4233
"1193-RTSLK",38,"Month-to-month",True,"Credit card (automatic)","83.90","3233.60",2157
"2302-ANTDP",48,"Month-to-month",False,"Electronic check","117.45","5438.90",5915
"5923-GXUOC",10,"Month-to-month",True,"Electronic check","104.40","1081.45",5035
"5233-GEEAX",8,"Month-to-month",True,"Electronic check","29.40","221.90",5971
"4432-ADRLB",2,"Month-to-month",False,"Mailed check","44.65","74.90",4655
"8993-PHFWD",3,"Month-to-month",False,"Electronic check","25.25","58.90",2088
"1565-RHDJD",4,"Month-to-month",False,"Bank transfer (automatic)","84.05","333.55",5552
"7137-RYLPP",37,"Month-to-month",True,"Electronic check","85.70","3171.15",4712
"3765-JXVKY",1,"Month-to-month",True,"Electronic check","74.70","74.70",4692
"7330-WZLNC",5,"Month-to-month",True,"Electronic check","90.80","455.50",5090
"3957-LXOLK",28,"Month-to-month",True,"Electronic check","106.15","3152.50",5030
"6635-MYYYZ",30,"One year",False,"Bank transfer (automatic)","85.35","2530.40",2313
"5281-BUZGT",36,"Month-to-month",True,"Electronic check","90.85","3186.70",5692
"5378-IKEEG",1,"Month-to-month",True,"Electronic check","35.75","35.75",3351
"2718-GAXQD",4,"Month-to-month",False,"Electronic check","46.00","181.60",4797
"6413-XKKPU",17,"Month-to-month",True,"Electronic check","89.40","1539.45",2544
"1449-XQEMT",3,"Month-to-month",True,"Mailed check","19.80","58.15",4323
"2626-URJFX",4,"Month-to-month",True,"Electronic check","50.90","225.60",5691
"2612-RRIDN",4,"Month-to-month",True,"Electronic check","81.00","340.85",3591
"4735-ASGMA",26,"Month-to-month",True,"Electronic check","98.35","2515.30",4997
"3669-LVWZB",5,"Month-to-month",True,"Mailed check","51.00","305.95",4630
"6892-EZDTG",4,"Month-to-month",True,"Electronic check","91.65","365.40",2140
"9725-SCPZG",1,"Month-to-month",True,"Electronic check","90.85","90.85",5086
"5884-GCYMI",1,"Month-to-month",False,"Mailed check","69.40","69.40",2847
"3217-FZDMN",8,"Month-to-month",True,"Credit card (automatic)","94.45","742.95",3676
"7853-GVUDZ",1,"Month-to-month",True,"Credit card (automatic)","20.15","20.15",4277
"7480-QNVZJ",50,"Month-to-month",True,"Electronic check","95.70","4816.70",4287
"3943-KDREE",26,"Month-to-month",True,"Bank transfer (automatic)","74.95","1834.95",2934
"9239-ZBZZV",6,"Month-to-month",True,"Electronic check","47.95","305.10",2240
"4398-HSCJH",3,"Month-to-month",True,"Electronic check","63.60","155.65",3155
"4430-UZIPO",3,"Month-to-month",True,"Mailed check","36.85","108.70",5825
"4855-SNKMY",1,"Month-to-month",True,"Electronic check","44.10","44.10",5955
"8008-HAWED",14,"Month-to-month",True,"Electronic check","50.75","712.75",4883
"7124-UGSUR",61,"One year",True,"Credit card (automatic)","104.40","6405.00",4412
"1862-SKORY",40,"Month-to-month",True,"Electronic check","39.30","1637.40",2296
"1502-XFCVR",58,"One year",True,"Electronic check","106.45","6145.85",5902
"9692-TUSXH",18,"Month-to-month",True,"Electronic check","96.05","1740.70",5581
"7912-SYRQT",7,"Month-to-month",True,"Bank transfer (automatic)","75.10","552.95",5514
"4816-JBHOV",2,"Month-to-month",True,"Electronic check","44.70","93.70",4618
"8292-TYSPY",19,"Month-to-month",True,"Credit card (automatic)","55.00","1046.50",4539
"7623-TRNQN",1,"Month-to-month",True,"Mailed check","49.90","49.90",3113
"1867-BDVFH",11,"Month-to-month",True,"Electronic check","74.35","834.20",5075
"2359-QWQUL",39,"One year",True,"Credit card (automatic)","104.70","4134.85",2371
"9103-TCIHJ",15,"Month-to-month",True,"Mailed check","55.70","899.80",4519
"4140-WJAWW",5,"Month-to-month",False,"Credit card (automatic)","19.85","108.05",3799
"6653-CBBOM",1,"Month-to-month",True,"Electronic check","70.30","70.30",5963
"3247-ZVOUO",10,"Month-to-month",False,"Electronic check","85.55","851.75",3336
"6101-IMRMM",6,"Month-to-month",False,"Mailed check","94.50","575.45",3469
"1268-ASBGA",16,"Month-to-month",True,"Credit card (automatic)","85.35","1375.15",5769
"8943-URTMR",2,"Month-to-month",True,"Mailed check","79.65","152.70",5082
"4713-LZDRV",2,"Month-to-month",True,"Electronic check","79.60","195.05",4322
"4325-NFSKC",19,"Month-to-month",True,"Electronic check","90.60","1660.00",2373
"2955-PSXOE",1,"Month-to-month",True,"Bank transfer (automatic)","20.20","20.20",3061
"7762-URZQH",66,"Two year",True,"Credit card (automatic)","106.05","6981.35",5602
"6907-NZZIJ",36,"Month-to-month",True,"Electronic check","99.15","3615.60",4188
"2911-UREFD",39,"Month-to-month",False,"Electronic check","55.90","2184.35",5632
"3744-ZRRDZ",21,"Month-to-month",True,"Electronic check","82.35","1852.85",2902
"5673-TIYIB",2,"Month-to-month",True,"Credit card (automatic)","40.40","77.15",3620
"1602-IJQQE",4,"Month-to-month",False,"Electronic check","75.35","338.10",2220
"4628-WQCQQ",35,"One year",True,"Electronic check","85.15","3030.60",5928
"1644-IRKSF",33,"One year",True,"Electronic check","93.80","3124.50",5080
"3705-PSNGL",45,"One year",True,"Electronic check","20.40","930.45",5398
"6502-HCJTI",7,"Month-to-month",True,"Credit card (automatic)","94.70","673.10",3591
"2606-RMDHZ",6,"Month-to-month",True,"Credit card (automatic)","30.50","208.70",4667
"8258-GSTJK",3,"Month-to-month",True,"Electronic check","77.00","237.75",3128
"6861-OKBCE",11,"Month-to-month",False,"Credit card (automatic)","20.10","221.35",4500
"9940-RHLFB",1,"Month-to-month",False,"Electronic check","75.30","75.30",2176
"2995-UPRYS",40,"One year",True,"Credit card (automatic)","99.20","4062.20",5098
"1383-EZRWL",7,"Month-to-month",False,"Mailed check","20.05","164.85",5595
"4759-TRPLW",1,"Month-to-month",False,"Electronic check","70.40","70.40",4238
"8563-IIOXK",7,"One year",True,"Electronic check","49.75","331.30",5651
"8020-BWHYL",15,"Month-to-month",True,"Credit card (automatic)","75.30","1147.45",4526
"2982-VPSGI",11,"Month-to-month",True,"Electronic check","94.00","1078.90",2120
"8199-ZLLSA",67,"One year",True,"Bank transfer (automatic)","118.35","7804.15",6255
"4625-EWPTF",8,"Month-to-month",True,"Electronic check","30.45","226.45",4549
"5980-NOPLP",44,"Month-to-month",True,"Electronic check","96.10","4364.10",5606
"6892-XPFPU",24,"Month-to-month",True,"Electronic check","104.25","2433.90",2104
"8010-EZLOU",15,"Month-to-month",True,"Electronic check","80.20","1217.25",4958
"9874-QLCLH",17,"Month-to-month",True,"Electronic check","104.20","1743.50",2365
"8062-YBDOE",1,"Month-to-month",True,"Electronic check","69.65","69.65",5844
"6000-APYLU",9,"Month-to-month",True,"Electronic check","80.80","713.10",3890
"0947-IDHRQ",7,"Month-to-month",True,"Mailed check","80.30","526.70",3949
"3672-YITQD",36,"Month-to-month",True,"Electronic check","84.10","3021.60",2987
"9048-JVYVF",3,"Month-to-month",True,"Electronic check","69.35","191.35",3520
"8988-ECPJR",34,"Month-to-month",True,"Mailed check","79.60","2718.30",3980
"3776-EKTKM",1,"Month-to-month",True,"Electronic check","36.45","36.45",5303
"1902-XBTFB",22,"Month-to-month",True,"Electronic check","89.40","2001.50",5438
"0643-OKLRP",47,"Month-to-month",False,"Electronic check","80.35","3825.85",5915
"9381-NDKME",24,"Month-to-month",True,"Credit card (automatic)","40.65","933.30",3843
"2794-XIMMO",53,"One year",True,"Electronic check","60.45","3184.25",5650
"8382-SHQEH",8,"Month-to-month",True,"Electronic check","84.90","764.95",2656
"2983-ZANRP",2,"Month-to-month",True,"Bank transfer (automatic)","73.55","145.40",5799
"7845-URHJN",8,"Month-to-month",False,"Bank transfer (automatic)","20.15","156.25",4785
"3034-ZBEQN",48,"One year",False,"Mailed check","34.70","1604.50",5995
"8327-LZKAS",43,"One year",True,"Electronic check","107.55","4533.90",4423
"3714-NTNFO",49,"Month-to-month",True,"Electronic check","84.50","3906.70",6434
"1075-BGWOH",16,"Month-to-month",True,"Electronic check","98.75","1587.55",3392
"0302-JOIVN",8,"Month-to-month",False,"Electronic check","101.15","842.90",2750
"5366-IJEQJ",20,"Month-to-month",True,"Electronic check","88.70","1761.45",4115
"1981-INRFU",2,"Month-to-month",True,"Electronic check","79.75","164.50",5172
"4971-PUYQO",27,"Month-to-month",True,"Mailed check","94.55","2724.60",4464
"8485-GJCDN",5,"Month-to-month",True,"Mailed check","69.05","318.50",3368
"1527-SXDPN",52,"Two year",True,"Bank transfer (automatic)","96.25","4990.25",4751
"6029-WTIPC",37,"Month-to-month",True,"Electronic check","101.10","3744.05",4424
"8634-CILSZ",69,"One year",True,"Bank transfer (automatic)","104.70","7220.35",6350
"6682-QJDGB",40,"Month-to-month",True,"Mailed check","55.25","2139.20",2810
"8780-IXSTS",6,"Month-to-month",True,"Electronic check","90.10","521.30",5656
"9530-EHPOH",11,"Month-to-month",False,"Electronic check","53.75","608.00",3407
"0345-HKJVM",6,"Month-to-month",False,"Electronic check","89.30","577.60",5800
"3049-SOLAY",3,"Month-to-month",True,"Electronic check","95.20","292.85",4176
"3317-HRTNN",5,"Month-to-month",False,"Electronic check","45.70","198.00",3561
"3235-ETOOB",8,"Month-to-month",True,"Electronic check","74.50","609.90",3683
"8058-INTPH",1,"Month-to-month",True,"Electronic check","79.65","79.65",2119
"5569-OUICF",28,"Month-to-month",True,"Credit card (automatic)","101.30","2812.20",4994
"8821-XNHVZ",1,"Month-to-month",True,"Mailed check","80.05","80.05",2943
"2082-OJVTK",29,"Month-to-month",True,"Electronic check","89.20","2698.35",5292
"5940-NFXKV",19,"Month-to-month",True,"Electronic check","83.65","1465.75",3427
"8053-WWDRO",6,"Month-to-month",False,"Bank transfer (automatic)","19.50","146.30",5579
"9564-KCLHR",1,"Month-to-month",False,"Mailed check","51.25","51.25",2180
"2082-CEFLT",1,"Month-to-month",True,"Electronic check","45.60","45.60",3037
"1213-NGCUN",6,"Month-to-month",True,"Bank transfer (automatic)","49.65","267.35",4248
"5688-KZTSN",15,"Month-to-month",True,"Electronic check","20.00","288.05",4672
"2894-QOJRX",25,"Month-to-month",True,"Bank transfer (automatic)","34.00","853.00",5024
"5747-PMBSQ",10,"Month-to-month",True,"Mailed check","92.50","934.10",2415
"3143-JQEGI",13,"Month-to-month",False,"Electronic check","88.35","1222.80",3740
"6386-SZZKH",49,"Two year",True,"Bank transfer (automatic)","107.95","5293.20",5785
"2982-IHMFT",1,"Month-to-month",True,"Mailed check","74.45","74.45",4291
"3521-SYVOR",37,"Month-to-month",True,"Electronic check","64.75","2345.20",5554
"9526-JAWYF",26,"Month-to-month",False,"Electronic check","89.80","2335.30",3452
"5649-VUKMC",12,"One year",False,"Mailed check","95.50","1115.15",3538
"5143-EGQFK",10,"Month-to-month",True,"Electronic check","29.65","291.40",5702
"4919-IKATY",5,"Month-to-month",True,"Electronic check","84.50","453.75",5141
"9050-QLROH",18,"Month-to-month",True,"Credit card (automatic)","90.70","1597.25",2931
"6168-WFVVF",3,"Month-to-month",True,"Electronic check","70.30","235.50",5165
"0877-SDMBN",54,"One year",True,"Bank transfer (automatic)","103.95","5639.05",6117
"8065-YKXKD",10,"Month-to-month",True,"Electronic check","74.75","799.65",5578
"9637-EIHEQ",1,"Month-to-month",True,"Electronic check","50.80","50.80",4535
"9689-PTNPG",2,"Month-to-month",True,"Electronic check","80.25","144.55",5055
"9465-RWMXL",32,"Month-to-month",True,"Electronic check","78.90","2447.95",5949
"2362-IBOOY",36,"Month-to-month",True,"Electronic check","84.75","3050.15",5272
"0843-WTBXE",53,"Month-to-month",False,"Bank transfer (automatic)","85.45","4517.25",4753
"5515-IDEJJ",1,"Month-to-month",False,"Mailed check","19.90","19.90",5441
"7450-NWRTR",12,"Month-to-month",True,"Electronic check","99.45","1200.15",2819
"5376-DEQCP",1,"Month-to-month",True,"Electronic check","70.60","70.60",4063
"9095-HFAFX",5,"Month-to-month",True,"Credit card (automatic)","81.00","389.60",3718
"2379-ENZGV",6,"Month-to-month",True,"Electronic check","84.85","523.50",3420
"6005-OBZPH",26,"Month-to-month",True,"Electronic check","89.15","2277.65",4074
"7932-WPTDS",1,"Month-to-month",True,"Electronic check","24.80","24.80",5377
"2722-VOJQL",64,"One year",True,"Credit card (automatic)","105.65","6903.10",4870
"5228-EXCET",13,"Month-to-month",True,"Electronic check","80.85","1008.70",5964
"7394-FKDNK",9,"Month-to-month",False,"Electronic check","89.45","853.10",4971
"6331-LWDTQ",10,"Month-to-month",True,"Credit card (automatic)","72.15","794.25",2457
"1597-FZREH",2,"Month-to-month",False,"Electronic check","76.40","160.80",3005
"7000-WCEVQ",20,"Month-to-month",True,"Mailed check","61.60","1174.35",3866
"0727-IWKVK",9,"Month-to-month",True,"Electronic check","79.90","741.70",4748
"5959-BELXA",32,"Month-to-month",True,"Credit card (automatic)","96.15","3019.25",2246
"3512-IZIKN",70,"Two year",False,"Credit card (automatic)","65.30","4759.75",5591
"6141-OOXUQ",1,"Month-to-month",False,"Mailed check","19.65","19.65",5717
"7503-ZGUZJ",1,"Month-to-month",True,"Mailed check","84.65","84.65",4261
"2506-TNFCO",1,"Month-to-month",True,"Electronic check","69.55","69.55",5948
"8718-PTMEZ",13,"Month-to-month",True,"Electronic check","31.05","347.25",5131
"2207-OBZNX",7,"Month-to-month",True,"Mailed check","51.00","354.05",3736
"6142-VSJQO",1,"Month-to-month",True,"Bank transfer (automatic)","44.35","44.35",4599
"6437-UKHMV",7,"Month-to-month",True,"Electronic check","79.70","586.05",3109
"1114-CENIM",54,"Month-to-month",True,"Credit card (automatic)","55.00","3092.65",5282
"6060-DRTNL",5,"Month-to-month",True,"Mailed check","84.85","415.55",3305
"8473-VUVJN",1,"Month-to-month",True,"Electronic check","73.65","73.65",5443
"6289-CPNLD",33,"One year",True,"Mailed check","73.90","2405.05",5374
"5536-SLHPM",55,"Month-to-month",True,"Electronic check","77.75","4458.15",4398
"0196-VULGZ",6,"Month-to-month",True,"Electronic check","84.35","474.90",5721
"8837-VVWLQ",8,"Month-to-month",False,"Electronic check","84.95","668.40",4437
"2696-NARTR",11,"Month-to-month",True,"Electronic check","73.85","926.25",3634
"7614-QVWQL",49,"One year",True,"Bank transfer (automatic)","51.80","2541.25",5375
"1976-CFOCS",1,"Month-to-month",False,"Electronic check","46.00","46.00",4531
"4631-OACRM",15,"Month-to-month",True,"Electronic check","79.40","1156.10",3621
"3755-JBMNH",16,"Month-to-month",True,"Bank transfer (automatic)","71.80","1167.80",3327
"6345-ULYRW",44,"One year",False,"Mailed check","88.40","3912.90",2674
"1809-DMJHQ",5,"Month-to-month",False,"Mailed check","46.00","221.70",4846
"6923-EFPNL",4,"Month-to-month",False,"Credit card (automatic)","51.75","201.10",3865
"9574-RKJIF",30,"Month-to-month",True,"Electronic check","94.40","2838.70",2792
"2619-WFQWU",1,"Month-to-month",True,"Mailed check","70.15","70.15",3208
"0778-NELLA",9,"Month-to-month",True,"Credit card (automatic)","34.70","296.10",5352
"4614-NUVZD",1,"Month-to-month",True,"Electronic check","81.10","81.10",2075
"3803-KMQFW",1,"Month-to-month",False,"Mailed check","20.55","20.55",3797
"6804-GDMOI",61,"Two year",True,"Electronic check","106.60","6428.40",4183
"9572-MTILT",59,"Month-to-month",True,"Electronic check","106.75","6252.90",4508
"9611-CTWIH",3,"Month-to-month",True,"Electronic check","89.45","240.45",3591
"0329-GTIAJ",3,"Month-to-month",True,"Electronic check","97.90","315.30",4330
"6629-CZTTH",1,"Month-to-month",True,"Mailed check","55.70","55.70",4629
"5364-EVNIB",13,"Month-to-month",True,"Electronic check","79.80","973.45",5067
"5087-SUURX",18,"Month-to-month",True,"Electronic check","39.05","669.85",2601
"0013-EXCHZ",3,"Month-to-month",True,"Mailed check","83.90","267.40",3464
"5550-VFRLC",1,"Month-to-month",True,"Electronic check","69.85","69.85",5056
"4929-BSTRX",1,"Month-to-month",True,"Mailed check","53.55","53.55",2326
"2225-ZRGSG",70,"Two year",False,"Bank transfer (automatic)","93.90","6579.05",6173
"5271-YNWVR",68,"Two year",True,"Electronic check","113.15","7856.00",4610
"2657-ALMWY",26,"Month-to-month",False,"Electronic check","84.95","2169.75",4316
"6330-JKLPC",11,"Month-to-month",True,"Bank transfer (automatic)","80.50","896.90",5119
"4667-OHGKG",1,"Month-to-month",True,"Mailed check","19.30","19.30",4266
"1660-HSOOQ",1,"Month-to-month",True,"Mailed check","49.65","49.65",5338
"7253-UVNDW",46,"Two year",False,"Credit card (automatic)","54.35","2460.15",2793
"7228-OMTPN",4,"Month-to-month",True,"Electronic check","88.45","370.65",2456
"6284-AHOOQ",22,"Month-to-month",True,"Bank transfer (automatic)","90.50","1910.60",5014
"2344-JMOGN",9,"Month-to-month",True,"Mailed check","94.85","890.60",3016
"3799-ISUZQ",7,"Month-to-month",True,"Bank transfer (automatic)","69.95","529.50",3296
"1794-HBQTJ",1,"Month-to-month",True,"Credit card (automatic)","48.60","48.60",4207
"2460-FPSYH",40,"Month-to-month",True,"Electronic check","55.80","2109.35",4272
"4818-DRBQT",29,"Month-to-month",True,"Bank transfer (automatic)","80.15","2265.25",5189
"1320-HTRDR",3,"Month-to-month",True,"Electronic check","75.50","220.60",5948
"1493-AMTIE",1,"Month-to-month",True,"Bank transfer (automatic)","20.20","20.20",5394
"6424-ELEYH",3,"Month-to-month",True,"Credit card (automatic)","74.75","229.50",3972
"4391-RESHN",23,"Month-to-month",True,"Mailed check","104.05","2470.10",5963
"6821-BUXUX",13,"Month-to-month",True,"Electronic check","96.65","1244.50",2110
"5028-HTLJB",1,"Month-to-month",False,"Mailed check","20.05","20.05",3491
"9801-GDWGV",39,"Month-to-month",True,"Electronic check","103.45","3994.45",4811
"2320-JRSDE",1,"Month-to-month",True,"Electronic check","19.90","19.90",4633
"0601-WZHJF",14,"Month-to-month",False,"Electronic check","46.35","667.70",5360
"5143-WMWOG",1,"Month-to-month",False,"Electronic check","19.95","19.95",2051
"5393-RXQSZ",1,"Month-to-month",False,"Electronic check","79.60","79.60",2199
"0231-LXVAP",1,"Month-to-month",True,"Electronic check","75.90","75.90",3389
"9444-JTXHZ",1,"Month-to-month",False,"Electronic check","76.20","76.20",5973
"5510-BOIUJ",1,"Month-to-month",False,"Mailed check","19.25","19.25",5437
"4471-KXAUH",42,"Month-to-month",True,"Electronic check","84.30","3588.40",2514
"7638-QVMVY",7,"Month-to-month",True,"Electronic check","79.00","522.95",3735
"3244-DCJWY",1,"Month-to-month",True,"Electronic check","70.25","70.25",4133
"0875-CABNR",10,"Month-to-month",True,"Credit card (automatic)","84.60","865.55",3320
"7812-FZHPE",17,"Month-to-month",False,"Mailed check","24.10","409.90",4648
"4797-AXPXK",1,"Month-to-month",True,"Electronic check","60.00","60.00",4531
"5229-PRWKT",8,"Month-to-month",True,"Electronic check","86.55","649.65",4193
"6982-UQZLY",1,"Month-to-month",True,"Mailed check","20.85","20.85",3817
"5057-LCOUI",39,"Month-to-month",True,"Electronic check","50.75","2011.40",4119
"0193-ESZXP",58,"One year",True,"Credit card (automatic)","105.50","6205.50",5067
"4369-HTUIF",6,"Month-to-month",True,"Bank transfer (automatic)","85.15","503.60",5831
"0156-FVPTA",22,"Month-to-month",True,"Electronic check","54.20","1152.70",5102
"1984-FCOWB",70,"One year",True,"Electronic check","109.50","7674.55",4191
"0654-HMSHN",21,"Month-to-month",False,"Electronic check","104.40","2157.95",3796
"5287-QWLKY",71,"Month-to-month",True,"Credit card (automatic)","105.10","7548.10",5725
"5196-SGOAK",1,"Month-to-month",True,"Electronic check","75.70","75.70",4884
"1891-UAWWU",20,"Month-to-month",False,"Electronic check","90.80","1951.00",2312
"6108-OQZDQ",4,"Month-to-month",True,"Electronic check","97.95","384.50",2570
"0363-QJVFX",32,"Month-to-month",True,"Credit card (automatic)","108.15","3432.90",2541
"9840-DVNDC",6,"Month-to-month",True,"Credit card (automatic)","80.50","463.05",2181
"3096-JRDSO",27,"Month-to-month",True,"Bank transfer (automatic)","104.30","2867.75",3444
"8042-JVNFH",1,"Month-to-month",True,"Mailed check","71.35","71.35",5730
"3374-LXDEV",13,"Month-to-month",False,"Electronic check","89.40","1132.35",2226
"5049-GLYVG",1,"Month-to-month",False,"Mailed check","20.60","20.60",3618
"5883-GTGVD",19,"Month-to-month",True,"Electronic check","99.95","1931.75",3670
"4817-QRJSX",10,"Month-to-month",True,"Credit card (automatic)","81.00","818.05",2946
"2398-YPMUR",13,"Month-to-month",True,"Electronic check","70.15","916.75",5101
"9985-MWVIX",1,"Month-to-month",True,"Mailed check","70.15","70.15",5773
"1265-XTECC",68,"One year",True,"Credit card (automatic)","96.55","6581.90",5957
"2237-ZFSMY",39,"One year",True,"Electronic check","95.55","3692.85",2767
"4871-JTKJF",1,"Month-to-month",True,"Electronic check","69.65","69.65",4741
"1415-YFWLT",1,"Month-to-month",True,"Electronic check","89.30","89.30",3067
"6711-VTNRE",36,"Month-to-month",True,"Electronic check","87.55","3078.10",2558
"3500-RMZLT",15,"Month-to-month",True,"Mailed check","96.30","1426.75",2933
"4548-SDBKE",5,"Month-to-month",True,"Electronic check","85.20","474.80",4109
"8066-POXGX",13,"Month-to-month",True,"Electronic check","35.10","446.10",3104
"4143-OOBWZ",5,"Month-to-month",True,"Electronic check","81.30","416.30",3819
"7854-EKTJL",2,"Month-to-month",True,"Electronic check","19.60","35.85",2843
"9102-IAYHT",17,"Month-to-month",True,"Electronic check","85.45","1451.60",3670
"3422-LYEPQ",1,"Month-to-month",True,"Electronic check","71.00","71.00",4207
"2642-DTVCO",9,"Month-to-month",True,"Electronic check","85.05","746.50",5095
"4361-JEIVL",1,"Month-to-month",True,"Electronic check","44.40","44.40",4067
"1363-TXLSL",1,"Month-to-month",True,"Electronic check","70.30","70.30",4962
"9507-EXLTT",1,"Month-to-month",True,"Bank transfer (automatic)","79.35","79.35",3492
"9846-GKXAS",9,"Month-to-month",True,"Bank transfer (automatic)","90.80","809.75",2578
"6017-PPLPX",20,"Month-to-month",True,"Electronic check","70.45","1470.95",4773
"7136-RVDTZ",70,"One year",True,"Electronic check","45.25","3264.45",5824
"4581-SSPWD",3,"Month-to-month",True,"Electronic check","75.80","246.30",5475
"6927-WTFIV",20,"Month-to-month",False,"Credit card (automatic)","71.30","1389.20",3684
"3398-ZOUAA",21,"Month-to-month",True,"Electronic check","69.10","1474.75",3853
"0378-NHQXU",17,"Month-to-month",False,"Electronic check","88.25","1460.65",4041
"4512-ZUIYL",2,"Month-to-month",False,"Bank transfer (automatic)","70.00","153.05",2928
"7969-AULMZ",21,"Month-to-month",True,"Electronic check","97.35","2119.50",4321
"0568-ONFPC",5,"Month-to-month",True,"Bank transfer (automatic)","25.90","135.00",2102
"0733-VUNUW",24,"Month-to-month",True,"Bank transfer (automatic)","55.65","1400.55",4126
"4550-EVXNY",1,"Month-to-month",True,"Electronic check","69.65","69.65",2418
"2968-SSGAA",10,"Month-to-month",True,"Electronic check","100.60","1060.20",4001
"4844-JJWUY",1,"Month-to-month",True,"Electronic check","86.00","86.00",5359
"6777-TGHTM",53,"One year",True,"Credit card (automatic)","106.95","5785.50",5550
"3538-WZPHD",3,"Month-to-month",True,"Electronic check","29.60","79.45",2734
"4785-QRJHC",46,"One year",True,"Bank transfer (automatic)","59.90","2816.65",4011
"8610-WFCJF",49,"Month-to-month",True,"Electronic check","95.60","4783.50",5732
"4905-JEFDW",11,"One year",True,"Electronic check","41.60","470.60",3119
"7881-INRLC",45,"Month-to-month",True,"Credit card (automatic)","100.85","4740.00",4898
"0117-LFRMW",37,"Month-to-month",False,"Bank transfer (automatic)","40.20","1448.80",3627
"6172-FECYY",49,"Month-to-month",False,"Electronic check","84.50","4254.85",4639
"1965-AKTSX",14,"Month-to-month",True,"Electronic check","78.95","1101.85",5203
"4786-UKSNZ",1,"Month-to-month",False,"Mailed check","20.20","20.20",5418
"7248-VZQLC",47,"Month-to-month",True,"Bank transfer (automatic)","85.20","3969.35",4661
"0011-IGKFF",13,"Month-to-month",True,"Electronic check","98.00","1237.85",3714
"4192-GORJT",5,"Month-to-month",True,"Electronic check","94.45","498.10",4580
"6496-SLWHQ",3,"Month-to-month",True,"Electronic check","105.00","294.45",5960
"9912-GVSEQ",26,"Month-to-month",True,"Electronic check","93.85","2381.55",2591
"5383-MMTWC",8,"Month-to-month",True,"Electronic check","84.00","613.40",4819
"7240-ETPTR",9,"Month-to-month",True,"Electronic check","48.75","442.20",4359
"2202-CUYXZ",1,"Month-to-month",True,"Electronic check","84.85","84.85",3086
"5995-OIGLP",12,"Month-to-month",False,"Mailed check","56.65","654.85",3043
"6261-RCVNS",42,"One year",False,"Credit card (automatic)","73.90","3160.55",2774
"7951-QKZPL",33,"Two year",True,"Mailed check","24.50","740.30",5194
"3640-PHQXK",31,"Month-to-month",True,"Electronic check","89.90","2806.90",2031
"6877-LGWXO",18,"Month-to-month",False,"Electronic check","78.55","1422.65",3521
"8019-ENHXU",42,"Month-to-month",True,"Electronic check","99.45","4138.05",4624
"5167-GBFRE",4,"Month-to-month",True,"Bank transfer (automatic)","25.20","102.50",4694
"9033-EOXWV",12,"One year",False,"Mailed check","74.05","872.65",4149
"1324-NLTJE",15,"Month-to-month",False,"Credit card (automatic)","55.00","757.10",3167
"1522-VVDMG",7,"Month-to-month",True,"Electronic check","89.75","608.80",3807
"9185-TQCVP",14,"Month-to-month",True,"Electronic check","85.15","1139.20",4550
"5567-WSELE",3,"Month-to-month",True,"Electronic check","94.60","279.55",3019
"8063-RJYNF",16,"Month-to-month",True,"Electronic check","94.25","1483.25",2827
"0687-ZVTHB",65,"One year",False,"Credit card (automatic)","72.45","4653.85",4415
"9661-ACXBS",42,"Month-to-month",True,"Electronic check","105.20","4400.75",2317
"3727-RJMEO",6,"Month-to-month",True,"Electronic check","82.85","460.25",4458
"6646-VRFOL",53,"Month-to-month",True,"Electronic check","103.85","5485.50",5860
"5685-IIXLY",5,"Month-to-month",True,"Electronic check","83.60","404.20",4565
"4250-ZBWLV",68,"One year",False,"Electronic check","108.45","7176.55",4454
"5095-AESKG",3,"Month-to-month",True,"Credit card (automatic)","91.50","242.95",5646
"1871-MOWRM",12,"Month-to-month",False,"Bank transfer (automatic)","80.85","866.45",4306
"2027-OAQQC",43,"Month-to-month",True,"Bank transfer (automatic)","49.05","2076.20",4044
"9090-SGQXL",68,"Month-to-month",True,"Electronic check","105.30","7299.65",6284
"6595-YGXIT",25,"Month-to-month",True,"Electronic check","88.95","2291.20",3878
"9835-ZIITK",66,"One year",True,"Electronic check","110.85","7491.75",4281
"1555-DJEQW",70,"Two year",True,"Bank transfer (automatic)","114.20","7723.90",5947
"5649-TJHOV",27,"Month-to-month",False,"Bank transfer (automatic)","36.50","1032.00",4564
"0519-XUZJU",1,"Month-to-month",False,"Mailed check","70.75","70.75",3963
"6338-AVWCY",3,"Month-to-month",True,"Mailed check","40.15","130.75",4710
"9253-QXKBE",29,"Month-to-month",True,"Electronic check","94.45","2653.65",2233
"9445-SZLCH",36,"Month-to-month",True,"Bank transfer (automatic)","97.35","3457.90",4544
"7568-PODML",1,"Month-to-month",True,"Mailed check","45.30","45.30",4954
"5349-IECLD",2,"Month-to-month",False,"Electronic check","94.95","178.10",4493
"3945-GFWQL",12,"Month-to-month",True,"Electronic check","44.55","480.60",4162
"3797-VTIDR",1,"Month-to-month",True,"Electronic check","23.45","23.45",4517
"9526-BIHHD",1,"Month-to-month",False,"Mailed check","29.70","29.70",3383
"4523-WXCEF",59,"Month-to-month",False,"Electronic check","101.10","6039.90",4160
"8364-TRMMK",3,"Month-to-month",True,"Mailed check","50.65","151.30",2876
"3063-QFSZL",1,"Month-to-month",True,"Electronic check","55.40","55.40",2294
"8775-LHDJH",1,"Month-to-month",True,"Electronic check","90.60","90.60",2905
"3097-NQYSN",2,"Month-to-month",True,"Mailed check","86.85","156.35",5204
"3565-UNOCC",29,"Month-to-month",True,"Bank transfer (automatic)","99.05","2952.85",3179
"9249-FXSCK",52,"One year",True,"Credit card (automatic)","111.25","5916.45",4861
"5493-SDRDQ",2,"Month-to-month",True,"Mailed check","55.10","113.35",4235
"0871-URUWO",13,"Month-to-month",True,"Credit card (automatic)","102.25","1359.00",2003
"9190-MFJLN",19,"Month-to-month",True,"Credit card (automatic)","95.90","1777.90",2851
"1095-JUDTC",47,"Month-to-month",True,"Electronic check","95.05","4504.55",5214
"0870-VEMYL",5,"Month-to-month",False,"Credit card (automatic)","53.85","259.80",5435
"5385-SUIRI",52,"Month-to-month",True,"Electronic check","104.20","5568.35",5648
"3982-XWFZQ",42,"Month-to-month",True,"Electronic check","50.25","2203.65",4873
"4009-ALQFH",25,"Month-to-month",True,"Electronic check","99.50","2369.05",5932
"3627-FCRDW",9,"Month-to-month",False,"Electronic check","71.00","672.55",2236
"7562-GSUHK",16,"Month-to-month",True,"Credit card (automatic)","93.20","1573.70",5497
"4903-UYAVB",5,"Month-to-month",False,"Mailed check","19.35","126.05",3864
"6776-TLWOI",3,"Month-to-month",False,"Mailed check","19.85","64.55",2158
"4077-CROMM",31,"Month-to-month",True,"Electronic check","104.20","3243.45",5000
"2868-MZAGQ",1,"Month-to-month",True,"Electronic check","79.25","79.25",5533
"4847-QNOKA",1,"Month-to-month",True,"Bank transfer (automatic)","44.90","44.90",2632
"6379-RXJRQ",10,"Month-to-month",True,"Electronic check","70.10","659.65",2457
"8650-RHRKE",4,"Month-to-month",True,"Electronic check","29.65","118.50",4207
"0475-RIJEP",43,"Month-to-month",True,"Electronic check","77.85","3365.85",5107
"1260-TTRXI",4,"Month-to-month",False,"Electronic check","54.30","195.30",5834
"6328-ZPBGN",11,"Month-to-month",True,"Bank transfer (automatic)","95.15","997.65",4074
"4789-KWMXN",47,"One year",True,"Credit card (automatic)","110.85","5275.80",3344
"2867-UIMSS",1,"Month-to-month",False,"Electronic check","80.50","80.50",2734
"8111-RKSPX",4,"Month-to-month",True,"Bank transfer (automatic)","72.20","305.55",5668
"1585-MQSSU",17,"Month-to-month",False,"Mailed check","51.50","900.50",5659
"2856-NNASM",43,"Month-to-month",True,"Mailed check","89.55","3856.75",3802
"8559-CIZFV",21,"One year",False,"Mailed check","77.50","1625.00",5353
"7547-EKNFS",42,"Month-to-month",True,"Bank transfer (automatic)","95.25","3959.35",2075
"6769-DYBQN",46,"Month-to-month",False,"Electronic check","85.00","3969.40",2097
"4439-JMPMT",5,"Month-to-month",True,"Electronic check","85.75","470.95",3608
"2446-BEGGB",6,"Month-to-month",True,"Electronic check","98.25","560.60",3330
"1496-GGSUK",1,"Month-to-month",True,"Mailed check","25.70","25.70",4095
"2575-GFSOE",7,"Month-to-month",True,"Electronic check","69.00","506.90",5672
"2842-JTCCU",2,"Month-to-month",False,"Bank transfer (automatic)","46.05","80.35",4662
"3296-SILRA",1,"Month-to-month",True,"Mailed check","76.40","76.40",2426
"9681-OXGVC",5,"Month-to-month",True,"Electronic check","100.50","514.00",5180
"5180-UCIIQ",22,"Month-to-month",False,"Mailed check","40.05","880.20",2061
"7153-OANIO",1,"Month-to-month",False,"Electronic check","69.95","69.95",5066
"6521-YYTYI",1,"Month-to-month",True,"Electronic check","93.30","93.30",2578
"8878-HMWBV",3,"Month-to-month",True,"Electronic check","49.15","169.05",5598
"3751-KTZEL",1,"Month-to-month",False,"Mailed check","35.05","35.05",3706
"1977-STDKI",1,"Month-to-month",True,"Electronic check","73.00","73.00",4116
"5813-UECBU",33,"Month-to-month",True,"Credit card (automatic)","83.85","2716.30",2583
"0328-GRPMV",1,"Month-to-month",True,"Electronic check","70.10","70.10",3706
"4342-HENTK",2,"Month-to-month",True,"Electronic check","70.65","142.35",2189
"4195-SMMNX",2,"Month-to-month",False,"Mailed check","20.35","33.20",5627
"6956-SMUCM",3,"Month-to-month",True,"Credit card (automatic)","99.00","287.40",5236
"3223-WZWJM",26,"Month-to-month",True,"Electronic check","83.95","2254.20",5869
"9053-JZFKV",67,"Two year",False,"Credit card (automatic)","116.20","7752.30",4495
"2530-ENDWQ",71,"Two year",True,"Bank transfer (automatic)","93.70","6585.35",4296
"6615-ZGEDR",1,"Month-to-month",False,"Mailed check","19.70","19.70",5707
"9250-WYPLL",5,"Month-to-month",False,"Electronic check","75.55","413.65",4600
"2754-XBHTB",9,"Month-to-month",True,"Bank transfer (automatic)","77.65","714.15",3847
"1597-LHYNC",26,"Month-to-month",True,"Electronic check","95.00","2497.20",4232
"7055-VKGDA",54,"One year",True,"Credit card (automatic)","105.40","5643.40",4406
"0754-UKWQP",2,"Month-to-month",True,"Electronic check","95.85","197.70",3790
"7493-TPUWZ",1,"Month-to-month",True,"Electronic check","79.15","79.15",4243
"1577-HKTFG",30,"Month-to-month",False,"Bank transfer (automatic)","19.65","655.85",2486
"8752-STIVR",4,"Month-to-month",True,"Electronic check","79.00","303.15",2085
"4558-FANTW",17,"Month-to-month",False,"Electronic check","91.85","1574.45",5643
"8651-ENBZX",60,"One year",True,"Electronic check","106.00","6441.40",5507
"9330-IJWIO",13,"Month-to-month",True,"Electronic check","100.35","1358.85",2008
"9286-DOJGF",38,"Month-to-month",True,"Bank transfer (automatic)","74.95","2869.85",5165
"9661-MHUMO",1,"Month-to-month",True,"Credit card (automatic)","49.25","49.25",4478
"1842-EZJMK",50,"Month-to-month",False,"Electronic check","103.70","5071.05",5897
"8079-XRJRS",65,"One year",False,"Electronic check","89.75","5769.60",6110
"8073-IJDCM",1,"Month-to-month",True,"Mailed check","20.30","20.30",3830
"8884-ADFVN",7,"Month-to-month",True,"Electronic check","101.95","700.85",2016
"2720-WGKHP",2,"Month-to-month",True,"Electronic check","94.00","181.70",5569
"2869-ADAWR",45,"Month-to-month",True,"Credit card (automatic)","89.30","4016.85",4880
"9894-EZEWG",1,"Month-to-month",True,"Credit card (automatic)","74.30","74.30",5996
"7851-FLGGQ",1,"Month-to-month",True,"Mailed check","44.65","44.65",3704
"0637-UBJRP",13,"Month-to-month",False,"Electronic check","84.05","1095.30",4745
"0940-OUQEC",10,"Month-to-month",True,"Bank transfer (automatic)","80.70","788.80",3492
"0702-PGIBZ",4,"Month-to-month",True,"Electronic check","101.70","364.55",2777
"1963-VAUKV",1,"Month-to-month",False,"Mailed check","20.40","20.40",3663
"3058-HJCUY",41,"One year",True,"Electronic check","102.60","4213.35",2098
"3259-FDWOY",71,"Two year",True,"Bank transfer (automatic)","106.00","7723.70",4072
"0807-ZABDG",3,"Month-to-month",True,"Mailed check","55.10","154.65",4412
"5748-RNCJT",69,"Two year",True,"Bank transfer (automatic)","106.50","7348.80",4859
"7739-LAXOG",32,"Month-to-month",True,"Bank transfer (automatic)","91.05","2954.50",3590
"9776-CLUJA",51,"Month-to-month",True,"Electronic check","77.50","3807.35",5748
"6034-ZRYCV",72,"Two year",True,"Electronic check","54.20","3937.45",4481
"2079-FBMZK",6,"Month-to-month",True,"Mailed check","69.25","418.40",5816
"6608-QQLVK",1,"Month-to-month",True,"Electronic check","50.50","50.50",2077
"3551-HUAZH",1,"Month-to-month",True,"Electronic check","74.40","74.40",3429
"6302-JGYRJ",31,"One year",True,"Mailed check","79.45","2587.70",2872
"3685-YLCMQ",58,"One year",True,"Electronic check","104.65","6219.60",5411
"8634-MPHTR",47,"Month-to-month",True,"Electronic check","100.05","4871.05",5166
"8761-NSOBC",44,"Month-to-month",False,"Electronic check","100.55","4398.15",3486
"8413-VONUO",2,"Month-to-month",False,"Electronic check","95.65","167.30",5332
"9223-UCPVT",1,"Month-to-month",False,"Electronic check","94.40","94.40",5764
"4351-QLCSU",1,"Month-to-month",True,"Credit card (automatic)","55.00","55.00",3809
"5419-JPRRN",1,"Month-to-month",True,"Electronic check","101.45","101.45",4390
"2100-BDNSN",5,"Month-to-month",False,"Bank transfer (automatic)","67.95","350.30",3889
"0488-GSLFR",1,"Month-to-month",True,"Electronic check","69.50","69.50",3365
"9318-NKNFC",1,"Month-to-month",True,"Mailed check","18.85","18.85",4132
"9728-FTTVZ",1,"Month-to-month",True,"Electronic check","69.20","69.20",4073
"7254-IQWOZ",1,"Month-to-month",True,"Electronic check","69.65","69.65",5258
"2474-BRUCM",40,"Month-to-month",False,"Electronic check","101.85","4086.30",2837
"0742-NXBGR",1,"Month-to-month",True,"Electronic check","82.30","82.30",4278
"6110-OHIHY",3,"Month-to-month",False,"Electronic check","79.25","267.60",4183
"5889-LFOLL",13,"Month-to-month",True,"Electronic check","84.60","1115.20",2659
"5708-EVONK",58,"Month-to-month",True,"Bank transfer (automatic)","93.40","5435.60",5989
"8708-XPXHZ",42,"Month-to-month",True,"Electronic check","94.20","4186.30",5458
"0616-ATFGB",1,"Month-to-month",False,"Electronic check","25.05","25.05",2119
"7016-BPGEU",29,"Month-to-month",True,"Credit card (automatic)","25.10","712.85",2796
"6876-ADESB",1,"Month-to-month",False,"Electronic check","48.95","48.95",3913
"1963-SVUCV",1,"Month-to-month",False,"Electronic check","45.30","45.30",5774
"0220-EBGCE",2,"Month-to-month",True,"Electronic check","85.85","167.30",3273
"2754-VDLTR",10,"Month-to-month",False,"Electronic check","95.20","930.40",4922
"3190-XFANI",49,"One year",True,"Bank transfer (automatic)","100.60","5069.65",5585
"7551-DACSP",6,"Month-to-month",True,"Mailed check","55.30","324.25",3878
"7235-NXZCP",2,"Month-to-month",True,"Mailed check","74.85","156.40",5378
"0520-FDVVT",35,"One year",True,"Bank transfer (automatic)","102.35","3626.10",2473
"1444-VVSGW",70,"One year",False,"Credit card (automatic)","115.65","7968.85",5563
"5712-PTIWW",2,"Month-to-month",True,"Electronic check","79.85","152.45",3280
"3315-TOTBP",15,"Month-to-month",True,"Mailed check","76.00","1130.85",4938
"6661-HBGWL",42,"Month-to-month",True,"Bank transfer (automatic)","104.75","4323.45",2984
"1518-VOWAV",9,"Month-to-month",True,"Electronic check","74.65","703.55",5900
"5909-ECHUI",1,"Month-to-month",True,"Electronic check","56.25","56.25",3065
"1309-BXVOQ",21,"Month-to-month",True,"Electronic check","106.10","2249.95",3584
"9317-WZPGV",2,"Month-to-month",True,"Bank transfer (automatic)","79.75","159.40",4038
"2856-HYAPG",1,"Month-to-month",False,"Electronic check","68.65","68.65",3052
"4488-PSYCG",16,"Month-to-month",False,"Bank transfer (automatic)","20.25","327.45",4327
"3621-CEOVK",14,"Month-to-month",True,"Electronic check","100.20","1369.80",3369
"6906-ANDWJ",15,"Month-to-month",True,"Bank transfer (automatic)","74.90","1107.25",2510
"1031-IIDEO",1,"Month-to-month",True,"Electronic check","70.85","70.85",2874
"5832-XKAES",2,"Month-to-month",True,"Credit card (automatic)","69.80","134.70",2320
"4701-AHWMW",55,"Month-to-month",True,"Bank transfer (automatic)","54.55","2978.30",6041
"9210-IAHGH",7,"Month-to-month",True,"Credit card (automatic)","70.75","450.80",2248
"0023-XUOPT",13,"Month-to-month",False,"Electronic check","94.10","1215.60",2973
"4592-IWTJI",3,"Month-to-month",False,"Credit card (automatic)","29.70","91.70",2613
"7632-MNYOY",66,"One year",False,"Credit card (automatic)","110.90","7432.05",4389
"6518-LGAOV",38,"Month-to-month",True,"Electronic check","105.00","4026.40",2341
"7242-QZLXF",1,"Month-to-month",True,"Electronic check","25.30","25.30",5421
"4576-CSAJH",22,"One year",True,"Credit card (automatic)","55.15","1193.05",5866
"1000-AJSLD",1,"Month-to-month",True,"Mailed check","20.10","20.10",4389
"1062-LHZOD",1,"Month-to-month",True,"Mailed check","69.90","69.90",2100
"9600-NAXZN",43,"Month-to-month",True,"Electronic check","101.40","4528.00",3370
"6457-USBER",1,"Month-to-month",True,"Electronic check","80.80","80.80",4424
"4662-EKDPQ",2,"Month-to-month",False,"Bank transfer (automatic)","62.05","118.30",5344
"9248-OJYKK",1,"Month-to-month",True,"Electronic check","76.45","76.45",3763
"3398-FSHON",12,"Month-to-month",True,"Electronic check","91.30","1094.50",4703
"3319-DWOEP",6,"Month-to-month",True,"Electronic check","95.75","573.75",5750
"9259-PACGQ",34,"Month-to-month",False,"Electronic check","62.65","2274.90",3918
"4415-IJZTP",1,"Month-to-month",True,"Electronic check","74.50","74.50",2016
"1465-VINDH",10,"Month-to-month",True,"Credit card (automatic)","102.10","1068.85",3596
"2810-FTLEM",16,"Month-to-month",True,"Electronic check","50.15","762.25",4254
"1925-TIBLE",7,"Month-to-month",True,"Electronic check","86.50","582.50",3887
"0818-OCPZO",27,"Month-to-month",True,"Electronic check","81.45","2122.05",2571
"1447-GIQMR",1,"Month-to-month",True,"Electronic check","69.15","69.15",4179
"0872-NXJYS",9,"Month-to-month",True,"Electronic check","79.55","723.40",3246
"9412-ARGBX",48,"Two year",True,"Mailed check","95.50","4627.85",2459
"1389-CXMLU",3,"Month-to-month",False,"Electronic check","91.05","289.10",2194
"5561-NWEVX",2,"Month-to-month",False,"Electronic check","79.20","172.85",4225
"2737-WFVYW",2,"Month-to-month",True,"Electronic check","45.25","85.50",4566
"2272-QAGFO",14,"Month-to-month",True,"Electronic check","74.30","1096.25",5342
"9850-OWRHQ",3,"Month-to-month",True,"Credit card (automatic)","74.10","228.00",5657
"3768-NLUBH",57,"Month-to-month",False,"Electronic check","100.60","5746.15",5247
"8676-TRMJS",3,"Month-to-month",False,"Mailed check","75.00","209.10",3190
"7359-SSBJK",64,"Two year",True,"Credit card (automatic)","70.20","4481.00",6080
"0685-MLYYM",2,"Month-to-month",False,"Electronic check","70.75","154.85",4407
"8182-PNAGI",12,"Month-to-month",False,"Bank transfer (automatic)","50.25","593.75",3624
"7957-RYHQD",40,"Month-to-month",True,"Credit card (automatic)","79.20","3233.85",3207
"2180-DXNEG",12,"Month-to-month",True,"Electronic check","96.00","1062.10",5239
"5515-AKOAJ",54,"Month-to-month",True,"Electronic check","100.10","5440.90",5763
"8976-OQHGT",4,"Month-to-month",False,"Mailed check","56.50","235.10",5758
"6230-BSUXY",1,"Month-to-month",True,"Electronic check","85.00","85.00",2650
"5294-CDGWY",51,"One year",False,"Electronic check","59.30","3014.65",5633
"5295-PCJOO",4,"Month-to-month",True,"Electronic check","49.40","184.40",4455
"9863-JZAIC",35,"Month-to-month",False,"Mailed check","55.00","2010.55",2220
"7660-HDPJV",1,"Month-to-month",True,"Electronic check","69.20","69.20",2637
"7931-PXHFC",38,"One year",True,"Mailed check","62.30","2354.80",3818
"3990-QYKBE",37,"Month-to-month",True,"Electronic check","92.50","3473.40",4127
"4919-MOAVT",3,"Month-to-month",False,"Electronic check","69.65","220.10",2421
"3090-HAWSU",61,"Two year",True,"Credit card (automatic)","111.60","6876.05",4495
"9820-RMCQV",11,"Month-to-month",False,"Credit card (automatic)","48.55","501.00",4444
"7839-QRKXN",1,"Month-to-month",True,"Mailed check","20.20","20.20",4197
"5204-QZXPU",19,"Month-to-month",True,"Electronic check","39.65","733.35",2933
"4597-ELFTS",56,"One year",False,"Electronic check","24.90","1334.00",5327
"8450-JOVAH",2,"Month-to-month",False,"Mailed check","56.70","113.55",5560
"1113-IUJYX",14,"One year",False,"Mailed check","105.95","1348.90",5887
"9274-CNFMO",4,"Month-to-month",False,"Electronic check","74.95","308.70",3716
"7758-XKCBS",15,"Month-to-month",True,"Electronic check","29.70","438.25",5518
"8992-JQYUN",1,"Month-to-month",True,"Electronic check","50.35","50.35",4526
"0617-AQNWT",64,"Two year",False,"Electronic check","47.85","3147.50",6347
"2446-PLQVO",1,"Month-to-month",True,"Electronic check","70.30","70.30",4512
"3005-NFMTA",55,"Month-to-month",True,"Electronic check","98.80","5617.75",5543
"8784-CGILN",18,"Month-to-month",True,"Bank transfer (automatic)","99.85","1776.95",3068
"5389-FFVKB",32,"Month-to-month",True,"Credit card (automatic)","80.30","2483.05",5365
"8444-WRIDW",66,"Month-to-month",True,"Credit card (automatic)","80.45","5224.35",5011
"9451-LPGOO",7,"Month-to-month",True,"Electronic check","86.80","620.35",3780
"5868-YWPDW",6,"Month-to-month",True,"Electronic check","84.20","519.15",5834
"2025-JKFWI",13,"Month-to-month",True,"Mailed check","99.00","1301.70",3493
"4078-SAYYN",11,"Month-to-month",True,"Electronic check","100.75","1129.75",2229
"9940-HPQPG",9,"Month-to-month",False,"Bank transfer (automatic)","91.75","865.80",4176
"6618-RYATB",1,"Month-to-month",True,"Mailed check","79.55","79.55",5571
"9079-YEXQJ",54,"Month-to-month",False,"Electronic check","111.10","6014.85",5527
"2685-SREOM",25,"Month-to-month",True,"Electronic check","89.10","2368.40",4793
"0402-CQAJN",37,"Month-to-month",True,"Bank transfer (automatic)","101.90","3545.35",4437
"6692-UDPJC",14,"Month-to-month",True,"Electronic check","91.65","1301.00",4304
"1273-MTETI",4,"Month-to-month",True,"Electronic check","88.85","372.45",2754
"5480-HPRRX",3,"Month-to-month",False,"Electronic check","25.30","77.75",3542
"0295-PPHDO",1,"Month-to-month",True,"Electronic check","95.45","95.45",5962
"1195-OIYEJ",13,"Month-to-month",True,"Electronic check","91.10","1135.70",5347
"5906-CVLHP",45,"One year",True,"Credit card (automatic)","54.15","2319.80",2761
"4501-EQDRN",1,"Month-to-month",False,"Bank transfer (automatic)","69.70","69.70",4620
"2990-HWIML",6,"Month-to-month",True,"Electronic check","89.50","573.30",2898
"7384-GHBPI",3,"Month-to-month",True,"Electronic check","35.15","99.75",2987
"7603-USHJS",12,"Month-to-month",True,"Credit card (automatic)","73.75","871.40",2010
"7234-FECYN",8,"Month-to-month",False,"Electronic check","101.35","780.50",5546
"5876-HZVZM",6,"Month-to-month",False,"Credit card (automatic)","55.90","365.35",4914
"1400-MMYXY",3,"Month-to-month",True,"Electronic check","105.90","334.65",2715
"3085-QUOZK",1,"Month-to-month",False,"Mailed check","43.95","43.95",3238
"3926-CUQZX",1,"Month-to-month",True,"Bank transfer (automatic)","45.10","45.10",4884
"1041-RXHRA",41,"Month-to-month",False,"Bank transfer (automatic)","70.25","2868.05",3407
"1750-CSKKM",9,"Month-to-month",False,"Electronic check","55.35","449.75",2688
"7142-HVGBG",43,"Month-to-month",True,"Electronic check","103.00","4414.30",2505
"8267-ZNYVZ",33,"One year",True,"Electronic check","103.75","3361.05",3824
"6457-GIRWB",1,"Month-to-month",True,"Electronic check","69.35","69.35",2843
"1450-SKCVI",56,"Month-to-month",True,"Electronic check","73.85","4092.85",5276
"5570-PTWEH",3,"Month-to-month",True,"Credit card (automatic)","75.15","216.75",2270
"6502-MJQAE",1,"Month-to-month",True,"Electronic check","69.60","69.60",2072
"7693-LCKZL",5,"Month-to-month",True,"Electronic check","80.15","385.00",5124
"0032-PGELS",1,"Month-to-month",False,"Bank transfer (automatic)","30.50","30.50",5171
"6797-LNAQX",70,"Two year",False,"Bank transfer (automatic)","98.30","6859.50",4794
"6394-MFYNG",48,"Month-to-month",True,"Bank transfer (automatic)","107.40","5121.30",4956
"1564-NTYXF",13,"Month-to-month",True,"Electronic check","82.00","1127.20",3363
"8155-IBNHG",24,"Month-to-month",True,"Credit card (automatic)","75.40","1747.85",2325
"0886-QGENL",27,"Month-to-month",True,"Electronic check","101.25","2754.45",4853
"8739-WWKDU",25,"Month-to-month",True,"Electronic check","89.50","2196.15",4849
"8685-WHQPW",22,"Month-to-month",True,"Bank transfer (automatic)","74.40","1692.60",2407
"4745-LSPLO",1,"Month-to-month",False,"Mailed check","20.50","20.50",3731
"8083-YTZES",4,"Month-to-month",True,"Electronic check","74.35","265.35",3622
"7240-FQLHE",18,"Month-to-month",False,"Bank transfer (automatic)","99.75","1836.25",5857
"6664-FPDAC",56,"One year",True,"Electronic check","111.95","6418.90",4060
"0786-VSSUD",16,"Month-to-month",True,"Mailed check","39.00","679.85",5692
"3976-BWUCK",30,"Month-to-month",True,"Credit card (automatic)","94.10","2804.45",5255
"3585-ISXZP",8,"Month-to-month",False,"Bank transfer (automatic)","95.65","778.10",5335
"6583-QGCSI",50,"Month-to-month",True,"Electronic check","88.05","4367.35",5813
"4174-LPGTI",41,"One year",True,"Bank transfer (automatic)","66.50","2728.60",2517
"2108-XWMPY",3,"Month-to-month",True,"Mailed check","35.45","106.85",2095
"6304-IJFSQ",3,"Month-to-month",True,"Mailed check","49.90","130.10",5585
"0093-XWZFY",40,"Month-to-month",True,"Credit card (automatic)","104.50","4036.85",2832
"1980-KXVPM",3,"Month-to-month",True,"Credit card (automatic)","75.05","256.25",3553
"7703-ZEKEF",23,"Month-to-month",True,"Electronic check","81.00","1917.10",5701
"0723-DRCLG",1,"Month-to-month",True,"Electronic check","74.45","74.45",2394
"5482-NUPNA",4,"Month-to-month",True,"Mailed check","60.40","272.15",5730
"1122-JWTJW",1,"Month-to-month",True,"Mailed check","70.65","70.65",3463
"1699-HPSBG",12,"One year",True,"Electronic check","59.80","727.80",4581
"8775-CEBBJ",9,"Month-to-month",True,"Bank transfer (automatic)","44.20","403.35",2029
"6894-LFHLY",1,"Month-to-month",True,"Electronic check","75.75","75.75",5571
"0639-TSIQW",67,"Month-to-month",True,"Credit card (automatic)","102.95","6886.25",5620
"8361-LTMKD",4,"Month-to-month",True,"Mailed check","74.40","306.60",5839
"7590-VHVEG",1,"Month-to-month",True,"Electronic check","29.85","29.85",3964
"5575-GNVDE",34,"One year",False,"Mailed check","56.95","1889.50",3441
"7795-CFOCW",45,"One year",False,"Bank transfer (automatic)","42.30","1840.75",4307
"1452-KIOVK",22,"Month-to-month",True,"Credit card (automatic)","89.10","1949.40",4459
"6713-OKOMC",10,"Month-to-month",False,"Mailed check","29.75","301.90",2013
"6388-TABGU",62,"One year",False,"Bank transfer (automatic)","56.15","3487.95",4529
"9763-GRSKD",13,"Month-to-month",True,"Mailed check","49.95","587.45",5764
"7469-LKBCI",16,"Two year",False,"Credit card (automatic)","18.95","326.80",4726
"8091-TTVAX",58,"One year",False,"Credit card (automatic)","100.35","5681.10",6432
"5129-JLPIS",25,"Month-to-month",True,"Electronic check","105.50","2686.05",5822
"3655-SNQYZ",69,"Two year",False,"Credit card (automatic)","113.25","7895.15",5141
"8191-XWSZG",52,"One year",False,"Mailed check","20.65","1022.95",5186
"9959-WOFKT",71,"Two year",False,"Bank transfer (automatic)","106.70","7382.25",4479
"4183-MYFRB",21,"Month-to-month",True,"Electronic check","90.05","1862.90",5982
"1680-VDCWW",12,"One year",False,"Bank transfer (automatic)","19.80","202.25",5279
"3638-WEABW",58,"Two year",True,"Credit card (automatic)","59.90","3505.10",6407
"6322-HRPFA",49,"Month-to-month",False,"Credit card (automatic)","59.60","2970.30",4986
"6865-JZNKO",30,"Month-to-month",True,"Bank transfer (automatic)","55.30","1530.60",2725
"5248-YGIJN",72,"Two year",True,"Credit card (automatic)","90.25","6369.45",5974
"3841-NFECX",71,"Two year",True,"Credit card (automatic)","96.35","6766.95",5309
"4929-XIHVW",2,"Month-to-month",True,"Credit card (automatic)","95.50","181.65",4449
"6827-IEAUQ",27,"One year",False,"Mailed check","66.15","1874.45",3213
"7310-EGVHZ",1,"Month-to-month",False,"Bank transfer (automatic)","20.20","20.20",5526
"3413-BMNZE",1,"Month-to-month",False,"Bank transfer (automatic)","45.25","45.25",3144
"6234-RAAPL",72,"Two year",False,"Bank transfer (automatic)","99.90","7251.70",5915
"6572-ADKRS",46,"Month-to-month",True,"Credit card (automatic)","74.80","3548.30",3395
"8865-TNMNX",10,"One year",False,"Mailed check","49.55","475.70",2392
"9489-DEDVP",70,"Two year",True,"Credit card (automatic)","69.20","4872.35",4715
"9867-JCZSP",17,"One year",False,"Mailed check","20.75","418.25",3646
"4671-VJLCL",63,"Two year",True,"Credit card (automatic)","79.85","4861.45",4595
"4080-IIARD",13,"Month-to-month",True,"Electronic check","76.20","981.45",2569
"7639-LIAYI",52,"Two year",True,"Credit card (automatic)","79.75","4217.80",4142
"2954-PIBKO",69,"Two year",True,"Credit card (automatic)","64.15","4254.10",5128
"8012-SOUDQ",43,"Month-to-month",True,"Electronic check","90.25","3838.75",2223
"6575-SUVOI",25,"Month-to-month",True,"Credit card (automatic)","69.50","1752.65",3154
"4667-QONEA",60,"One year",True,"Credit card (automatic)","74.85","4456.35",5153
"8769-KKTPH",63,"One year",True,"Credit card (automatic)","99.65","6311.20",4572
"5067-XJQFU",66,"One year",True,"Electronic check","108.45","7076.35",4582
"3957-SQXML",34,"Two year",False,"Credit card (automatic)","24.95","894.30",5408
"5954-BDFSG",72,"Two year",True,"Credit card (automatic)","107.50","7853.70",4708
"0434-CSFON",47,"Month-to-month",True,"Electronic check","100.50","4707.10",4488
"1215-FIGMP",60,"Month-to-month",True,"Bank transfer (automatic)","89.90","5450.70",6292
"0526-SXDJP",72,"Two year",False,"Bank transfer (automatic)","42.10","2962.00",6091
"0557-ASKVU",18,"One year",True,"Credit card (automatic)","54.40","957.10",4948
"5122-CYFXA",3,"Month-to-month",True,"Electronic check","75.30","244.10",5387
"8627-ZYGSZ",47,"One year",True,"Electronic check","78.90","3650.35",3817
"3410-YOQBQ",31,"Two year",False,"Mailed check","79.20","2497.20",4984
"3170-NMYVV",50,"Two year",False,"Bank transfer (automatic)","20.15","930.90",5849
"7410-OIEDU",10,"Month-to-month",True,"Mailed check","79.85","887.35",5983
"2273-QCKXA",1,"Month-to-month",False,"Mailed check","49.05","49.05",3178
"0731-EBJQB",52,"One year",True,"Electronic check","20.40","1090.65",5482
"1891-QRQSA",64,"Two year",True,"Bank transfer (automatic)","111.60","7099.00",4881
"8028-PNXHQ",62,"Two year",True,"Bank transfer (automatic)","24.25","1424.60",4444
"5630-AHZIL",3,"Month-to-month",True,"Bank transfer (automatic)","64.50","177.40",5613
"2673-CXQEU",56,"One year",False,"Electronic check","110.50","6139.50",4463
"6416-JNVRK",46,"One year",False,"Credit card (automatic)","55.65","2688.85",2867
"5590-ZSKRV",8,"Month-to-month",False,"Mailed check","54.65","482.25",5614
"0191-ZHSKZ",30,"Month-to-month",True,"Electronic check","74.75","2111.30",3033
"3887-PBQAO",45,"One year",True,"Credit card (automatic)","25.90","1216.60",5741
"8108-UXRQN",11,"Month-to-month",False,"Electronic check","50.55","565.35",3443
"9919-YLNNG",42,"Month-to-month",True,"Bank transfer (automatic)","103.80","4327.50",4005
"0318-ZOPWS",49,"Two year",True,"Bank transfer (automatic)","20.15","973.35",5422
"4445-ZJNMU",9,"Month-to-month",True,"Credit card (automatic)","99.30","918.75",3540
"4808-YNLEU",35,"One year",True,"Bank transfer (automatic)","62.15","2215.45",5255
"1862-QRWPE",48,"Two year",False,"Bank transfer (automatic)","20.65","1057.00",4124
"2796-NNUFI",46,"Two year",True,"Mailed check","19.95","927.10",5480
"3016-KSVCP",29,"Month-to-month",False,"Mailed check","33.75","1009.25",3664
"4767-HZZHQ",30,"Month-to-month",False,"Bank transfer (automatic)","82.05","2570.20",5036
"2424-WVHPL",1,"Month-to-month",False,"Electronic check","74.70","74.70",4182
"7233-PAHHL",66,"Two year",True,"Mailed check","84.00","5714.25",5825
"6067-NGCEU",65,"Month-to-month",True,"Credit card (automatic)","111.05","7107.00",5261
"9848-JQJTX",72,"Two year",True,"Bank transfer (automatic)","100.90","7459.05",5781
"9803-FTJCG",71,"One year",True,"Credit card (automatic)","66.85","4748.70",4117
"3212-KXOCR",52,"Two year",False,"Bank transfer (automatic)","21.00","1107.20",4158
"6380-ARCEH",1,"Month-to-month",False,"Mailed check","20.20","20.20",2710
"3679-XASPY",1,"Month-to-month",False,"Electronic check","19.45","19.45",5612
"7123-WQUHX",38,"One year",False,"Bank transfer (automatic)","95.00","3605.60",4741
"5386-THSLQ",66,"One year",False,"Bank transfer (automatic)","45.55","3027.25",6238
"6180-YBIQI",5,"Month-to-month",False,"Mailed check","24.30","100.20",4015
"6728-DKUCO",72,"One year",True,"Electronic check","104.15","7303.05",4594
"9750-BOOHV",32,"One year",False,"Mailed check","30.15","927.65",3585
"8597-CWYHH",43,"One year",False,"Mailed check","94.35","3921.30",5845
"2848-YXSMW",72,"Two year",False,"Credit card (automatic)","19.40","1363.25",5234
"4549-ZDQYY",52,"One year",False,"Credit card (automatic)","57.95","3042.25",6078
"5712-AHQNN",43,"Month-to-month",True,"Electronic check","91.65","3954.10",3826
"5256-SKJGO",64,"Two year",True,"Electronic check","54.60","3423.50",4850
"3071-VBYPO",3,"Month-to-month",False,"Electronic check","89.85","248.40",4648
"9560-BBZXK",36,"Two year",False,"Bank transfer (automatic)","31.05","1126.35",4871
"8402-OOOHJ",41,"Two year",False,"Mailed check","20.65","835.15",5918
"9445-ZUEQE",27,"Month-to-month",True,"Credit card (automatic)","85.20","2151.60",3796
"1091-SOZGA",56,"One year",True,"Credit card (automatic)","99.80","5515.45",4606
"2928-HLDBA",6,"Month-to-month",False,"Mailed check","20.70","112.75",5346
"6497-TILVL",7,"Month-to-month",False,"Mailed check","50.70","350.35",3097
"7219-TLZHO",4,"Month-to-month",False,"Mailed check","20.85","62.90",3172
"4622-YNKIJ",33,"Two year",True,"Electronic check","88.95","3027.65",5087
"6734-PSBAW",72,"Two year",True,"Bank transfer (automatic)","23.55","1723.95",5901
"3930-ZGWVE",1,"Month-to-month",False,"Mailed check","19.75","19.75",2484
"2639-UGMAZ",71,"One year",True,"Electronic check","56.45","3985.35",5372
"2876-GZYZC",13,"Month-to-month",True,"Electronic check","85.95","1215.65",5886
"8587-XYZSF",67,"Two year",False,"Bank transfer (automatic)","50.55","3260.10",6064
"7799-LGRDP",43,"Two year",True,"Credit card (automatic)","25.70","1188.20",2017
"7850-VWJUU",23,"Month-to-month",True,"Bank transfer (automatic)","75.00","1778.50",2221
"3774-VBNXY",64,"Two year",False,"Mailed check","20.20","1277.75",4557
"6217-KDYWC",57,"Two year",True,"Mailed check","19.60","1170.55",4393
"3146-MSEGF",72,"Two year",True,"Credit card (automatic)","88.05","6425.65",6102
"1095-WGNGG",61,"Two year",True,"Bank transfer (automatic)","101.05","5971.25",6311
"2636-SJDOU",64,"One year",True,"Credit card (automatic)","84.30","5289.05",5044
"1131-QQZEB",71,"Two year",False,"Bank transfer (automatic)","23.95","1756.20",4329
"5716-EZXZN",65,"Two year",True,"Credit card (automatic)","99.05","6416.70",5878
"6837-BJYDQ",3,"One year",False,"Mailed check","19.60","61.35",2543
"6440-DKQGE",30,"One year",False,"Credit card (automatic)","64.50","1929.95",4320
"3466-BYAVD",15,"Month-to-month",True,"Mailed check","69.50","1071.40",3128
"3780-YVMFA",8,"Month-to-month",True,"Electronic check","68.55","564.35",3123
"1679-JRFBR",70,"One year",True,"Credit card (automatic)","108.15","7930.55",5192
"9073-ZZIAY",62,"Two year",False,"Electronic check","86.10","5215.25",5769
"3077-RSNTJ",6,"Month-to-month",False,"Mailed check","19.70","113.50",4293
"6551-GNYDG",14,"Month-to-month",True,"Bank transfer (automatic)","80.90","1152.80",2563
"9167-APMXZ",22,"Month-to-month",True,"Bank transfer (automatic)","84.15","1821.95",3549
"2749-CTKAJ",22,"One year",False,"Mailed check","20.15","419.90",2173
"6371-NZYEG",16,"Two year",False,"Mailed check","64.25","1024.00",5511
"7554-NEWDD",10,"Two year",False,"Bank transfer (automatic)","25.70","251.60",3611
"8992-VONJD",13,"Month-to-month",True,"Electronic check","56.00","764.55",5156
"4482-EWFMI",2,"Month-to-month",True,"Electronic check","69.70","135.20",3056
"4648-YPBTM",53,"Two year",True,"Bank transfer (automatic)","73.90","3958.25",5644
"2907-ILJBN",11,"One year",False,"Mailed check","20.60","233.90",4047
"6345-FZOQH",69,"Two year",False,"Mailed check","19.90","1363.45",5570
"5997-OPVFA",72,"Two year",True,"Bank transfer (automatic)","89.05","6254.45",6212
"1159-WFSGR",16,"Month-to-month",False,"Electronic check","20.40","321.40",3990
"7654-YWJUF",43,"One year",True,"Bank transfer (automatic)","84.25","3539.25",4382
"6727-IOTLZ",14,"Two year",False,"Mailed check","81.95","1181.75",2564
"5918-VUKWP",32,"One year",False,"Bank transfer (automatic)","20.55","654.55",5358
"1744-JHKYS",34,"Month-to-month",False,"Electronic check","24.70","780.20",3421
"5947-SGKCL",15,"Month-to-month",True,"Bank transfer (automatic)","105.35","1559.25",2721
"3712-PKXZA",61,"One year",True,"Credit card (automatic)","20.55","1252.00",5110
"6582-OIVSP",1,"Month-to-month",False,"Mailed check","45.30","45.30",3575
"5524-KHNJP",33,"One year",False,"Credit card (automatic)","74.75","2453.30",5344
"4827-USJHP",20,"Month-to-month",True,"Mailed check","51.80","1023.85",2764
"8167-GJLRN",3,"Month-to-month",False,"Electronic check","30.40","82.15",3108
"0956-SYCWG",13,"One year",False,"Electronic check","19.65","244.80",2024
"8017-UVSZU",40,"Month-to-month",False,"Credit card (automatic)","56.60","2379.10",3359
"7100-FQPRV",43,"One year",True,"Credit card (automatic)","71.90","3173.35",4106
"2984-RGEYA",69,"Two year",False,"Bank transfer (automatic)","19.75","1375.40",5325
"9680-NIAUV",72,"Two year",False,"Credit card (automatic)","109.70","8129.30",5945
"2146-EGVDT",59,"Two year",False,"Credit card (automatic)","19.30","1192.70",4149
"2604-IJPDU",20,"Month-to-month",True,"Electronic check","96.55","1901.65",4382
"9178-JHUVJ",24,"Two year",True,"Bank transfer (automatic)","24.10","587.40",4634
"6168-YBYNP",59,"Month-to-month",True,"Electronic check","111.35","6519.75",6047
"7255-SSFBC",72,"Two year",True,"Bank transfer (automatic)","112.25","8041.65",4099
"3645-DEYGF",1,"Month-to-month",False,"Mailed check","20.75","20.75",3358
"9323-HGFWY",27,"One year",True,"Credit card (automatic)","101.90","2681.15",3795
"8544-GOQSH",14,"Month-to-month",True,"Credit card (automatic)","80.05","1112.30",4400
"3363-DTIVD",71,"Two year",False,"Electronic check","105.55","7405.50",5010
"7018-WBJNK",13,"Month-to-month",True,"Credit card (automatic)","78.30","1033.95",5566
"9142-KZXOP",44,"Month-to-month",False,"Credit card (automatic)","68.85","2958.95",2053
"7674-YTAFD",33,"One year",True,"Bank transfer (automatic)","79.95","2684.85",3118
"6348-SNFUS",72,"Two year",True,"Credit card (automatic)","55.45","4179.20",4556
"1347-KTTTA",64,"One year",True,"Credit card (automatic)","102.45","6654.10",6398
"4195-NZGTA",1,"Month-to-month",False,"Electronic check","25.25","25.25",5858
"7157-SMCFK",61,"Two year",False,"Mailed check","19.75","1124.20",5411
"4709-LKHYG",29,"One year",False,"Electronic check","20.00","540.05",3800
"2504-DSHIH",23,"Month-to-month",False,"Electronic check","86.80","1975.85",5788
"0699-NDKJM",57,"Month-to-month",True,"Bank transfer (automatic)","58.75","3437.45",4115
"9286-BHDQG",72,"Two year",False,"Credit card (automatic)","45.25","3139.80",5041
"0230-WEQUW",66,"Two year",True,"Bank transfer (automatic)","56.60","3789.20",5500
"2040-LDIWQ",65,"Two year",True,"Bank transfer (automatic)","84.20","5324.50",5256
"6496-JDSSB",8,"Month-to-month",True,"Bank transfer (automatic)","80.00","624.60",2165
"4443-EMBNA",71,"Two year",False,"Bank transfer (automatic)","24.75","1836.90",4642
"6469-MRVET",1,"One year",True,"Electronic check","20.20","20.20",4160
"5961-VUSRV",12,"One year",True,"Bank transfer (automatic)","19.35","219.35",4451
"6778-JFCMK",24,"One year",True,"Mailed check","50.60","1288.75",4806
"6341-JVQGF",31,"One year",True,"Mailed check","81.15","2545.75",5643
"4811-JBUVU",30,"Month-to-month",True,"Credit card (automatic)","89.90","2723.15",3233
"0945-TSONX",47,"Two year",True,"Credit card (automatic)","85.30","4107.25",5698
"2651-ZCBXV",54,"Two year",True,"Credit card (automatic)","108.00","5760.65",6370
"3316-UWXUY",50,"Month-to-month",True,"Credit card (automatic)","93.50","4747.50",6367
"7083-MIOPC",72,"Two year",False,"Credit card (automatic)","20.25","1566.90",5733
"1984-GPTEH",29,"Month-to-month",False,"Electronic check","25.15","702.00",5491
"0621-JFHOL",10,"Two year",True,"Mailed check","29.60","299.05",3180
"9903-LYSAB",18,"Month-to-month",True,"Electronic check","73.15","1305.95",4283
"9227-UAQFT",16,"Two year",False,"Mailed check","19.75","284.35",4272
"7301-ABVAD",72,"Two year",False,"Bank transfer (automatic)","86.60","6350.50",4530
"6614-FHDBO",72,"Two year",False,"Bank transfer (automatic)","109.20","7878.30",4551
"7576-ASEJU",41,"One year",True,"Credit card (automatic)","74.70","3187.65",5246
"9058-HRZSV",65,"Month-to-month",False,"Electronic check","94.40","6126.15",5348
"4522-AKYLR",13,"Month-to-month",True,"Electronic check","54.80","731.30",5557
"0221-WMXNQ",4,"Month-to-month",False,"Electronic check","75.35","273.40",4033
"0303-UNCIP",41,"One year",False,"Mailed check","65.00","2531.80",5043
"0959-WHOKV",42,"One year",True,"Electronic check","99.00","4298.45",2887
"4075-JFPGR",51,"One year",True,"Electronic check","93.50","4619.55",5561
"3282-ZISZV",32,"One year",False,"Credit card (automatic)","83.70","2633.30",3945
"3675-YDUPJ",10,"Month-to-month",True,"Mailed check","19.85","193.05",3768
"4111-BNXIF",67,"Two year",True,"Electronic check","59.55","4103.90",4478
"7017-VFHAY",61,"Two year",False,"Credit card (automatic)","115.10","7008.15",6090
"6655-LHBYW",50,"One year",False,"Credit card (automatic)","114.35","5791.10",5068
"5046-NUHWD",29,"Month-to-month",True,"Electronic check","45.00","1228.65",3094
"7529-ZDFXI",57,"Month-to-month",True,"Electronic check","89.85","4925.35",4429
"7605-BDWDC",31,"Two year",True,"Bank transfer (automatic)","49.85","1520.10",2539
"1950-KSVVJ",45,"One year",False,"Mailed check","113.30","5032.25",4885
"0123-CRBRT",61,"Two year",False,"Mailed check","88.10","5526.75",5152
"6292-TOSSS",50,"Two year",False,"Bank transfer (automatic)","24.90","1195.25",4297
"3197-ARFOY",19,"Month-to-month",True,"Mailed check","105.00","2007.25",3524
"7014-ZZXAW",71,"Two year",True,"Credit card (automatic)","24.25","1732.95",5409
"7633-MVPUY",57,"Two year",True,"Electronic check","59.75","3450.15",4012
"4716-HHKQH",20,"Month-to-month",False,"Electronic check","107.05","2172.05",5328
"3179-GBRWV",21,"Month-to-month",True,"Bank transfer (automatic)","64.95","1339.80",4604
"8645-KWHJO",14,"Month-to-month",True,"Electronic check","55.00","771.95",4900
"4130-MZLCC",5,"Month-to-month",False,"Bank transfer (automatic)","50.55","244.75",2739
"0314-TKOSI",6,"Month-to-month",False,"Mailed check","55.15","322.90",5377
"8229-MYEJZ",10,"Month-to-month",False,"Electronic check","51.20","498.25",5765
"2080-SRCDE",1,"Month-to-month",False,"Mailed check","25.40","25.40",4556
"9577-WJVCQ",68,"Month-to-month",False,"Mailed check","54.45","3687.75",5310
"6202-DYYFX",22,"One year",True,"Credit card (automatic)","76.00","1783.60",2031
"3808-HFKDE",20,"Month-to-month",True,"Electronic check","44.35","927.15",3460
"3727-OWVYD",35,"One year",False,"Mailed check","61.20","2021.20",2075
"2294-SALNE",23,"One year",False,"Mailed check","86.80","1940.80",3200
"4847-TAJYI",6,"Month-to-month",True,"Electronic check","89.35","567.80",2578
"1563-IWQEX",12,"Month-to-month",False,"Mailed check","19.70","220.35",5715
"8203-XJZRC",1,"Month-to-month",False,"Mailed check","20.25","20.25",5384
"6556-DBKZF",71,"Two year",False,"Electronic check","76.05","5436.45",5841
"6851-WEFYX",35,"Month-to-month",True,"Electronic check","100.80","3437.50",3318
"2985-JUUBZ",40,"Month-to-month",True,"Electronic check","74.55","3015.75",3718
"0895-LMRSF",23,"One year",True,"Bank transfer (automatic)","64.90","1509.80",3314
"8266-VBFQL",4,"Month-to-month",True,"Electronic check","90.40","356.65",3314
"8181-YHCMF",68,"Two year",False,"Credit card (automatic)","60.30","4109.00",4864
"2240-HSJQD",38,"Month-to-month",True,"Mailed check","81.85","3141.70",3571
"1248-DYXUB",52,"Two year",False,"Mailed check","24.80","1229.10",5320
"4115-BNPJY",29,"Two year",False,"Mailed check","75.55","2054.40",5625
"3167-SNQPL",38,"Month-to-month",False,"Electronic check","101.15","3741.85",4036
"4091-TVOCN",48,"One year",True,"Credit card (automatic)","78.75","3682.45",2257
"1098-TDVUQ",1,"Month-to-month",True,"Bank transfer (automatic)","19.25","19.25",4745
"7277-OZCGZ",22,"Month-to-month",True,"Electronic check","89.05","1886.25",5479
"1557-EMYVT",43,"Two year",False,"Credit card (automatic)","115.05","4895.10",4115
"2799-ARNLO",5,"Month-to-month",True,"Electronic check","69.35","341.60",5437
"5027-YOCXN",51,"One year",False,"Credit card (automatic)","110.05","5686.40",5604
"3973-SKMLN",71,"Two year",True,"Credit card (automatic)","19.90","1355.10",5308
"6745-JEFZB",35,"Month-to-month",True,"Credit card (automatic)","91.50","3236.35",3617
"9880-TDQAC",72,"Two year",True,"Electronic check","60.00","4264.00",5471
"8705-WZCYL",1,"Month-to-month",True,"Electronic check","44.80","44.80",2269
"7102-JJVTX",9,"One year",False,"Mailed check","48.60","422.30",4562
"8626-PTQGE",69,"Two year",True,"Bank transfer (automatic)","60.05","4176.70",5388
"4983-CLMLV",52,"Month-to-month",True,"Credit card (automatic)","102.70","5138.10",4044
"5701-YVSVF",11,"Month-to-month",True,"Electronic check","82.90","880.05",4413
"5697-GOMBF",28,"Month-to-month",True,"Electronic check","35.90","973.65",5444
"2739-CACDQ",17,"Month-to-month",True,"Credit card (automatic)","82.65","1470.05",3754
"9385-EHGDO",35,"Two year",True,"Mailed check","19.85","739.35",4177
"9498-FIMXL",8,"One year",True,"Mailed check","19.20","161.95",5272
"2379-GYFLQ",46,"One year",True,"Credit card (automatic)","94.90","4422.95",5316
"2088-IEBAU",68,"Two year",True,"Electronic check","88.15","6148.45",5531
"7982-VCELR",36,"Month-to-month",True,"Credit card (automatic)","94.80","3565.65",2807
"6035-BXTTY",32,"Month-to-month",False,"Bank transfer (automatic)","54.65","1830.10",4045
"6885-PKOAM",71,"Two year",False,"Credit card (automatic)","85.75","6223.80",4487
"7520-HQWJU",66,"Month-to-month",True,"Bank transfer (automatic)","67.45","4508.65",4172
"9639-BUJXT",63,"One year",False,"Mailed check","20.50","1328.15",5997
"5924-SNGKP",41,"One year",True,"Credit card (automatic)","20.25","865.00",3972
"0021-IKXGC",1,"Month-to-month",True,"Electronic check","72.10","72.10",4432
"8966-SNIZF",70,"Two year",False,"Bank transfer (automatic)","19.45","1303.50",5540
"6243-OZGFH",23,"Month-to-month",True,"Electronic check","44.95","996.85",3248
"4654-DLAMQ",64,"One year",False,"Bank transfer (automatic)","97.00","6430.90",4053
"0513-RBGPE",37,"Two year",True,"Credit card (automatic)","62.80","2278.75",5229
"5160-UXJED",17,"One year",False,"Mailed check","44.60","681.40",2130
"4115-NZRKS",7,"Month-to-month",True,"Electronic check","89.15","574.35",2415
"3351-NGXYI",16,"Month-to-month",True,"Electronic check","54.10","889.00",2276
"8984-EYLLL",64,"Two year",True,"Electronic check","105.25","6823.40",5682
"9833-TGFHX",42,"One year",False,"Electronic check","97.10","4016.75",2170
"9294-TDIPC",5,"Month-to-month",False,"Mailed check","20.20","83.75",5169
"5229-DTFYB",41,"Two year",True,"Bank transfer (automatic)","98.80","3959.15",5584
"0104-PPXDV",58,"One year",False,"Credit card (automatic)","50.30","2878.55",5232
"5176-LMJXE",47,"Two year",True,"Mailed check","20.55","945.70",5404
"3583-KRKMD",18,"Month-to-month",True,"Bank transfer (automatic)","75.90","1373.05",4668
"9069-LGEUL",23,"Month-to-month",True,"Bank transfer (automatic)","59.95","1406.00",5379
"7302-ZHMHP",1,"Month-to-month",False,"Mailed check","19.15","19.15",2577
"9571-EDEBV",71,"One year",True,"Credit card (automatic)","98.65","6962.85",5101
"3520-FJGCV",72,"Two year",True,"Credit card (automatic)","112.60","8126.65",6486
"6563-VRERX",33,"One year",False,"Mailed check","20.60","690.25",5212
"6122-EFVKN",24,"Two year",False,"Mailed check","35.75","830.80",5531
"2805-EDJPQ",56,"One year",True,"Credit card (automatic)","99.75","5608.40",5926
"6862-CQUMB",37,"Month-to-month",True,"Credit card (automatic)","96.10","3646.80",2640
"7156-MXBJE",43,"One year",False,"Credit card (automatic)","85.10","3662.25",2319
"6158-HDPXZ",1,"Month-to-month",False,"Mailed check","25.35","25.35",4193
"2863-IMQDR",61,"Two year",False,"Electronic check","89.65","5308.70",6149
"5686-CMAWK",17,"One year",False,"Electronic check","86.75","1410.25",5863
"5651-CRHKQ",41,"One year",True,"Bank transfer (automatic)","86.20","3339.05",5325
"8204-YJCLA",72,"Two year",True,"Bank transfer (automatic)","64.80","4732.35",4886
"6583-SZVGP",48,"Two year",True,"Bank transfer (automatic)","108.10","5067.45",5994
"1708-PBBOA",42,"One year",True,"Electronic check","54.75","2348.45",3179
"8782-LKFPK",44,"Month-to-month",True,"Mailed check","90.40","4063.00",4751
"5522-JBWMO",1,"Month-to-month",False,"Electronic check","44.00","44.00",4020
"3597-MVHJT",27,"Month-to-month",True,"Bank transfer (automatic)","95.60","2595.25",2026
"9774-NRNAU",27,"Month-to-month",True,"Bank transfer (automatic)","84.80","2309.55",5352
"0224-RLWWD",2,"Month-to-month",True,"Electronic check","44.30","89.30",3805
"9967-ATRFS",19,"Month-to-month",False,"Mailed check","19.90","367.55",3245
"3951-NJCVI",42,"Month-to-month",True,"Electronic check","95.05","3944.50",2677
"2977-CEBSX",66,"Two year",True,"Credit card (automatic)","90.05","5965.95",5813
"0177-PXBAT",33,"Month-to-month",True,"Bank transfer (automatic)","109.90","3694.70",5655
"2519-ERQOJ",33,"Month-to-month",True,"Electronic check","54.60","1803.70",5322
"5876-QMYLD",23,"One year",False,"Mailed check","20.05","415.10",3742
"2277-AXSDC",32,"One year",False,"Bank transfer (automatic)","19.75","624.15",4691
"9442-JTWDL",11,"One year",False,"Credit card (automatic)","20.05","237.70",5355
"3067-SVMTC",68,"One year",False,"Bank transfer (automatic)","55.90","3848.80",5160
"5495-GPSRW",20,"Two year",True,"Mailed check","19.70","419.40",2120
"7606-BPHHN",72,"Two year",True,"Credit card (automatic)","19.80","1468.75",5368
"4742-DRORA",60,"One year",True,"Bank transfer (automatic)","95.40","5812.00",4149
"0111-KLBQG",32,"Month-to-month",True,"Mailed check","93.95","2861.45",2844
"4163-NCJAK",46,"One year",True,"Bank transfer (automatic)","24.45","1066.15",2438
"5233-AOZUF",29,"Month-to-month",True,"Electronic check","74.95","2149.05",3483
"5973-EJGDP",51,"Month-to-month",True,"Electronic check","87.35","4473.00",4899
"1996-DBMUS",48,"Month-to-month",True,"Bank transfer (automatic)","70.65","3545.05",5523
"7916-VCCPB",16,"Month-to-month",False,"Bank transfer (automatic)","73.25","1195.75",3624
"4686-GEFRM",70,"Two year",True,"Bank transfer (automatic)","98.70","6858.90",5582
"5249-QYHEX",40,"Two year",True,"Mailed check","24.80","1024.70",3021
"2233-FAGXV",5,"Month-to-month",True,"Mailed check","24.30","132.25",3181
"5605-IYGFG",7,"Month-to-month",True,"Bank transfer (automatic)","69.85","515.45",5501
"7663-ZTEGJ",29,"One year",False,"Credit card (automatic)","100.55","2830.45",3055
"3935-TBRZZ",44,"One year",False,"Mailed check","25.70","1110.50",3037
"8111-BKVDS",10,"Month-to-month",False,"Bank transfer (automatic)","40.70","449.30",2164
"2055-SIFSS",55,"Month-to-month",False,"Bank transfer (automatic)","51.65","2838.55",4763
"2806-MLNTI",52,"One year",True,"Bank transfer (automatic)","105.10","5376.40",4621
"8734-DKSTZ",10,"Month-to-month",False,"Electronic check","85.95","858.60",4922
"4360-PNRQB",18,"Month-to-month",True,"Bank transfer (automatic)","75.60","1395.05",4030
"6152-ONASV",68,"One year",False,"Bank transfer (automatic)","58.25","3975.70",4620
"7781-HVGMK",72,"Two year",True,"Credit card (automatic)","65.20","4784.45",5092
"2181-UAESM",2,"Month-to-month",False,"Electronic check","53.45","119.50",3477
"6048-NJXHX",41,"Two year",True,"Electronic check","19.75","899.45",2011
"2320-SLKMB",26,"Month-to-month",True,"Credit card (automatic)","44.45","1183.80",3080
"4980-URKXC",36,"One year",False,"Bank transfer (automatic)","20.85","720.05",5744
"4376-KFVRS",72,"Two year",True,"Credit card (automatic)","114.05","8468.20",4842
"5886-VLQVU",35,"Month-to-month",True,"Bank transfer (automatic)","89.85","3161.20",4945
"3577-AMVUX",1,"Month-to-month",False,"Mailed check","55.05","55.05",2962
"0771-WLCLA",16,"Month-to-month",True,"Electronic check","112.95","1882.55",2683
"5628-RKIFK",49,"Month-to-month",False,"Credit card (automatic)","101.55","5070.40",5348
"0206-TBWLC",54,"One year",True,"Mailed check","114.65","6049.50",4488
"2937-FTHUR",18,"Month-to-month",False,"Electronic check","64.80","1166.70",2466
"1910-FMXJM",36,"Month-to-month",False,"Electronic check","80.40","2937.65",5544
"0732-OCQOC",52,"Two year",True,"Bank transfer (automatic)","25.05","1270.25",5674
"5168-MSWXT",8,"Month-to-month",True,"Electronic check","94.75","759.55",5505
"1090-ESELR",72,"Two year",False,"Bank transfer (automatic)","105.50","7611.55",5534
"8592-PLTMQ",64,"One year",False,"Mailed check","24.70","1642.75",5655
"5760-WRAHC",22,"Month-to-month",True,"Mailed check","69.75","1545.40",3509
"8847-GEOOQ",60,"Month-to-month",True,"Bank transfer (automatic)","60.20","3582.40",5359
"4785-FCIFB",61,"Two year",False,"Mailed check","24.40","1417.90",4900
"8313-NDOIA",24,"Month-to-month",True,"Electronic check","104.15","2494.65",5813
"5149-CUZUJ",28,"One year",False,"Bank transfer (automatic)","92.90","2768.35",2037
"0942-KOWSM",30,"Two year",False,"Bank transfer (automatic)","80.80","2369.30",4274
"4237-CLSMM",2,"Month-to-month",False,"Mailed check","20.00","38.00",4823
"1452-VOQCH",1,"Month-to-month",True,"Electronic check","75.10","75.10",4120
"4719-UMSIY",6,"Month-to-month",False,"Mailed check","19.65","100.90",2231
"6614-VBEGU",24,"Month-to-month",True,"Bank transfer (automatic)","69.45","1614.05",4208
"1480-BKXGA",72,"Two year",True,"Bank transfer (automatic)","116.05","8404.90",4404
"2996-XAUVF",70,"Two year",True,"Mailed check","40.05","2799.75",5055
"9076-AXYIK",64,"Two year",False,"Electronic check","102.10","6538.45",6270
"5968-XQIVE",72,"One year",True,"Electronic check","89.70","6588.95",6016
"8896-RAZCR",44,"Two year",False,"Mailed check","19.90","868.10",2809
"4933-IKULF",17,"One year",False,"Mailed check","20.65","330.60",4086
"1304-BCCFO",9,"Month-to-month",True,"Mailed check","70.05","564.40",4900
"4104-PVRPS",24,"Month-to-month",False,"Mailed check","53.60","1315.35",2977
"3780-DDGSE",35,"Month-to-month",True,"Electronic check","76.05","2747.20",5479
"4431-EDMIQ",7,"Month-to-month",True,"Electronic check","75.70","554.05",2950
"0486-LGCCH",11,"Two year",False,"Mailed check","19.65","225.75",3372
"4612-SSVHJ",20,"Month-to-month",True,"Electronic check","81.45","1671.60",2416
"5168-MQQCA",72,"One year",True,"Bank transfer (automatic)","108.50","8003.80",6288
"7971-HLVXI",72,"Two year",True,"Credit card (automatic)","84.50","6130.85",6202
"9094-AZPHK",15,"Month-to-month",True,"Electronic check","100.15","1415.00",2565
"3649-JPUGY",72,"Two year",True,"Bank transfer (automatic)","88.60","6201.95",5842
"4472-LVYGI",0,"Two year",True,"Bank transfer (automatic)","52.55",NULL,2578
"3552-CTCYF",63,"Two year",True,"Bank transfer (automatic)","104.80","6597.25",4046
"6778-YSNIH",2,"Month-to-month",True,"Electronic check","59.00","114.15",5810
"5756-OZRIO",61,"One year",False,"Bank transfer (automatic)","64.05","3902.60",4001
"6579-JPICP",1,"Month-to-month",False,"Mailed check","20.40","20.40",2968
"4134-BSXLX",28,"Month-to-month",False,"Mailed check","60.90","1785.65",3851
"0505-SPOOW",70,"Two year",False,"Bank transfer (automatic)","19.80","1397.65",4500
"4374-YMUSQ",34,"One year",False,"Credit card (automatic)","116.25","3899.05",4022
"4513-CXYIX",71,"Two year",True,"Credit card (automatic)","80.70","5676.00",4583
"3957-HHLMR",70,"One year",False,"Bank transfer (automatic)","65.20","4543.15",6316
"7803-XOCCZ",52,"Month-to-month",True,"Bank transfer (automatic)","84.05","4326.80",6099
"5736-YEJAX",69,"Two year",True,"Credit card (automatic)","79.45","5502.55",5189
"8981-FJGLA",11,"Month-to-month",True,"Mailed check","78.00","851.80",4886
"1135-LMECX",1,"Month-to-month",False,"Mailed check","19.85","19.85",4905
"4332-MUOEZ",20,"One year",False,"Credit card (automatic)","94.30","1818.30",2574
"8535-SFUTN",61,"Month-to-month",True,"Electronic check","106.45","6300.15",4842
"8677-HDZEE",56,"Month-to-month",True,"Bank transfer (automatic)","105.45","5916.95",4212
"2475-MROZF",30,"Month-to-month",True,"Credit card (automatic)","95.00","2852.40",3597
"3482-ABPKK",28,"One year",False,"Mailed check","54.30","1546.30",5271
"6705-LXORM",5,"Month-to-month",False,"Electronic check","70.05","302.60",2064
"7531-GQHME",12,"Month-to-month",False,"Credit card (automatic)","20.05","265.45",4996
"5174-ITUMV",67,"One year",True,"Electronic check","105.40","6989.45",5666
"4109-CYRBD",29,"Month-to-month",True,"Electronic check","51.60","1442.00",5495
"0913-XWSCN",55,"Month-to-month",False,"Bank transfer (automatic)","85.50","4713.40",6411
"0750-EBAIU",52,"One year",False,"Electronic check","91.25","4738.30",4770
"8606-CIQUL",72,"Two year",True,"Credit card (automatic)","115.75","8399.15",5168
"3571-DPYUH",58,"One year",True,"Credit card (automatic)","94.70","5430.35",5653
"7601-GNDYK",35,"Two year",False,"Mailed check","19.60","686.95",3764
"0356-OBMAC",56,"Two year",True,"Bank transfer (automatic)","99.90","5706.30",5840
"8067-NIOYM",24,"Two year",True,"Credit card (automatic)","21.10","490.65",4368
"1403-GYAFU",70,"Two year",False,"Credit card (automatic)","20.05","1360.25",4485
"4234-XTNEA",2,"Month-to-month",True,"Electronic check","79.95","174.45",5213
"1297-VQDRP",68,"One year",True,"Credit card (automatic)","107.15","7379.80",4324
"5348-CAGXB",12,"Month-to-month",True,"Electronic check","89.55","1021.75",2325
"0621-HJWXJ",63,"Month-to-month",True,"Bank transfer (automatic)","81.55","5029.05",4980
"5844-QVTAT",33,"One year",True,"Mailed check","58.45","1955.40",4276
"8905-IAZPF",69,"One year",True,"Credit card (automatic)","95.65","6744.20",5251
"5394-MEITZ",60,"Two year",True,"Bank transfer (automatic)","80.60","4946.70",5667
"6859-QNXIQ",72,"Two year",True,"Bank transfer (automatic)","113.10","8248.50",5308
"2782-LFZVW",11,"Month-to-month",True,"Mailed check","58.95","601.60",3880
"2866-IKBTM",1,"Month-to-month",False,"Mailed check","19.55","19.55",3968
"7129-AZJDE",34,"One year",True,"Bank transfer (automatic)","78.95","2647.20",2074
"2560-PPCHE",65,"One year",True,"Bank transfer (automatic)","105.05","6744.25",5742
"4676-MQUEA",50,"One year",True,"Bank transfer (automatic)","101.90","5265.50",4184
"8138-EALND",15,"Month-to-month",False,"Mailed check","19.75","311.60",4123
"3580-HYCSP",72,"Two year",True,"Bank transfer (automatic)","110.30","7966.90",5780
"1352-HNSAW",72,"Two year",True,"Bank transfer (automatic)","115.60","8220.40",5633
"2075-PUEPR",55,"Two year",False,"Bank transfer (automatic)","19.35","1153.25",5248
"1982-FEBTD",23,"Two year",True,"Credit card (automatic)","25.60","514.75",5939
"5791-KAJFD",56,"One year",True,"Bank transfer (automatic)","68.75","3808.00",6198
"2654-VBVPB",1,"Month-to-month",False,"Bank transfer (automatic)","19.90","19.90",2010
"1154-HYWWO",38,"One year",False,"Mailed check","70.60","2708.20",4993
"2501-XWWTZ",11,"Month-to-month",False,"Electronic check","70.20","760.05",2535
"3716-UVSPD",1,"Month-to-month",True,"Electronic check","49.30","49.30",4209
"6815-ABQFQ",56,"One year",True,"Electronic check","107.25","6033.30",5800
"7343-EOBEU",3,"Month-to-month",True,"Mailed check","23.60","89.05",5587
"3701-SFMUH",7,"Month-to-month",False,"Credit card (automatic)","69.70","516.15",4326
"6103-LIANB",59,"Two year",True,"Credit card (automatic)","99.50","5861.75",4583
"7319-VENRZ",7,"Month-to-month",False,"Bank transfer (automatic)","64.30","445.95",4010
"5846-NEQVZ",71,"Two year",True,"Credit card (automatic)","70.85","4973.40",5328
"6967-QIQRV",15,"One year",False,"Electronic check","101.90","1667.25",3707
"5781-RFZRP",71,"Two year",False,"Credit card (automatic)","73.50","5357.75",5431
"0308-IVGOK",11,"One year",True,"Credit card (automatic)","40.40","422.60",2133
"7293-LSCDV",60,"Two year",True,"Credit card (automatic)","19.25","1103.25",6134
"7025-WCBNE",47,"Two year",False,"Bank transfer (automatic)","59.60","2754.00",3155
"5756-JYOJT",11,"One year",False,"Credit card (automatic)","64.90","697.25",3206
"6030-REHUX",28,"Month-to-month",True,"Electronic check","110.85","3204.40",3906
"9548-LIGTA",61,"Two year",True,"Mailed check","81.05","4747.65",4072
"5150-LJNSR",31,"One year",False,"Bank transfer (automatic)","98.05","3082.10",4524
"8270-RKSAP",9,"Month-to-month",True,"Electronic check","70.50","597.90",3198
"6522-YRBXD",35,"Month-to-month",True,"Electronic check","94.55","3365.40",2631
"2640-LYMOV",2,"Month-to-month",True,"Mailed check","19.65","38.80",3007
"1423-BMPBQ",1,"Month-to-month",True,"Mailed check","19.00","19.00",2400
"2393-DIVAI",3,"Month-to-month",True,"Mailed check","20.00","61.70",5575
"4568-KNYWR",52,"Two year",True,"Credit card (automatic)","63.25","3342.45",6471
"8752-IMQOS",5,"One year",False,"Mailed check","20.10","85.10",2894
"0742-LAFQK",72,"Two year",True,"Electronic check","99.15","7422.10",5152
"0795-LAFGP",71,"Two year",False,"Electronic check","90.40","6668.05",5633
"0619-OLYUR",72,"Two year",True,"Credit card (automatic)","111.90","8071.05",6437
"5512-IDZEI",46,"One year",False,"Electronic check","24.90","1174.80",2026
"0459-SPZHJ",63,"Two year",False,"Credit card (automatic)","83.50","5435.00",4652
"0215-BQKGS",30,"Month-to-month",True,"Credit card (automatic)","84.30","2438.60",5393
"9244-ZVAPM",1,"Month-to-month",False,"Mailed check","45.60","45.60",2352
"8208-EUMTE",16,"Two year",False,"Mailed check","54.85","916.15",2136
"5172-MIGPM",4,"Month-to-month",False,"Mailed check","65.55","237.20",5707
"1710-RCXUS",51,"One year",True,"Credit card (automatic)","90.35","4614.55",4965
"0374-FIUCA",65,"Two year",True,"Credit card (automatic)","20.40","1414.45",5368
"5839-SUYVZ",16,"Month-to-month",True,"Credit card (automatic)","74.55","1170.50",2893
"5173-ZXXXL",2,"One year",False,"Mailed check","19.95","47.70",3488
"1096-ADRUX",66,"One year",True,"Bank transfer (automatic)","74.25","4859.25",4395
"2001-MCUUW",46,"Two year",False,"Electronic check","108.65","4903.20",4210
"2731-GJRDG",32,"One year",True,"Bank transfer (automatic)","109.55","3608.00",5076
"4723-BEGSG",72,"Two year",False,"Credit card (automatic)","86.65","6094.25",5483
"6516-NKQBO",38,"Two year",False,"Credit card (automatic)","81.00","3084.90",3067
"8672-OAUPW",51,"One year",False,"Credit card (automatic)","47.85","2356.75",4138
"8207-DMRVL",72,"Two year",False,"Bank transfer (automatic)","114.55","8306.05",6158
"2804-ETQDK",66,"Two year",False,"Mailed check","20.55","1357.10",4101
"6689-VRRTK",44,"One year",True,"Credit card (automatic)","109.80","4860.35",5720
"7138-GIRSH",50,"Two year",False,"Bank transfer (automatic)","69.50","3418.20",4145
"9396-ZSFLL",15,"Month-to-month",False,"Mailed check","48.85","631.40",3762
"6464-KEXXH",8,"Month-to-month",True,"Credit card (automatic)","25.25","186.30",2372
"7134-MJPDY",66,"One year",True,"Credit card (automatic)","102.85","6976.75",5569
"5240-CAOYT",57,"Month-to-month",True,"Bank transfer (automatic)","87.55","4884.85",4882
"4059-IIEBK",7,"Month-to-month",True,"Bank transfer (automatic)","78.55","522.95",4025
"4881-JVQOD",10,"Month-to-month",True,"Bank transfer (automatic)","34.55","362.60",5248
"0516-UXRMT",62,"One year",True,"Electronic check","92.05","5755.80",5801
"4851-BQDNX",40,"One year",True,"Electronic check","85.05","3355.65",5904
"5148-HKFIR",20,"Two year",False,"Mailed check","19.70","406.95",4404
"3003-CMDUU",25,"Month-to-month",True,"Electronic check","95.15","2395.70",3273
"5016-IBERQ",23,"Month-to-month",False,"Electronic check","84.25","1968.10",2781
"6797-UCJHZ",66,"One year",False,"Credit card (automatic)","104.60","6819.45",5722
"2469-DTSGX",72,"Two year",False,"Electronic check","111.65","7943.45",5388
"9931-KGHOA",46,"Month-to-month",False,"Bank transfer (automatic)","55.00","2473.95",5928
"1775-KWJKQ",72,"Two year",False,"Credit card (automatic)","89.85","6562.90",6046
"7665-VIGUD",10,"One year",False,"Mailed check","20.35","176.30",4745
"9411-TPQQV",40,"One year",True,"Bank transfer (automatic)","54.55","2236.20",3533
"7954-MLBUN",31,"Two year",False,"Bank transfer (automatic)","99.45","3109.90",2021
"2077-DDHJK",68,"Two year",False,"Credit card (automatic)","70.90","4911.35",4114
"9574-BOSMD",68,"Two year",False,"Bank transfer (automatic)","25.40","1620.20",5668
"4908-XAXAY",49,"One year",True,"Bank transfer (automatic)","89.85","4287.20",5982
"8404-VLQFB",15,"Month-to-month",True,"Electronic check","25.25","394.85",4667
"2391-IPLOP",50,"One year",True,"Electronic check","69.65","3442.15",4706
"3509-GWQGF",24,"Month-to-month",False,"Credit card (automatic)","70.00","1732.60",5242
"5845-BZZIB",35,"Two year",False,"Mailed check","20.10","655.30",4517
"1140-UKVZG",17,"Month-to-month",False,"Mailed check","24.80","475.25",5208
"5183-SNMJQ",10,"Month-to-month",True,"Credit card (automatic)","95.10","865.10",5787
"8100-PNJMH",68,"Two year",True,"Credit card (automatic)","88.85","6132.70",5228
"7838-LAZFO",45,"One year",False,"Bank transfer (automatic)","78.80","3597.50",4192
"2085-JVGAD",37,"Month-to-month",False,"Bank transfer (automatic)","20.35","697.65",3078
"8095-WANWK",10,"Month-to-month",False,"Mailed check","45.25","428.70",5369
"3030-ZKIWL",1,"Month-to-month",False,"Mailed check","20.05","20.05",2798
"9565-FLVCG",65,"Two year",True,"Mailed check","69.55","4459.15",5420
"8755-OGKNA",57,"Two year",False,"Bank transfer (automatic)","19.50","1167.60",5864
"2800-VEQXM",3,"Month-to-month",True,"Mailed check","74.75","238.10",3319
"5533-RJFTJ",49,"Month-to-month",True,"Bank transfer (automatic)","30.20","1453.10",5214
"0214-JHPFW",70,"Two year",False,"Bank transfer (automatic)","57.80","4039.30",5640
"5642-MHDQT",53,"One year",True,"Bank transfer (automatic)","19.85","1039.45",4836
"3088-FVYWK",53,"Two year",False,"Credit card (automatic)","25.55","1336.10",5794
"9092-GDZKO",22,"Month-to-month",True,"Credit card (automatic)","24.85","493.40",3534
"3729-OWRVL",65,"Two year",True,"Electronic check","110.35","7246.15",4295
"2324-AALNO",48,"One year",False,"Bank transfer (automatic)","24.55","1203.95",5517
"5760-IFJOZ",3,"Month-to-month",False,"Mailed check","107.95","313.60",3449
"2826-UWHIS",45,"Month-to-month",False,"Bank transfer (automatic)","81.40","3775.85",5602
"7501-IWUNG",61,"Two year",True,"Bank transfer (automatic)","73.80","4616.05",6301
"4957-TREIR",3,"Month-to-month",True,"Credit card (automatic)","64.40","195.65",5645
"7251-LJBQN",40,"One year",True,"Credit card (automatic)","103.75","4188.40",3568
"8040-MNRTF",1,"Month-to-month",False,"Mailed check","71.10","71.10",3029
"1536-HBSWP",1,"Month-to-month",True,"Electronic check","49.90","49.90",4667
"5313-FPXWG",51,"One year",True,"Bank transfer (automatic)","24.60","1266.40",4886
"0946-FKYTX",52,"One year",False,"Mailed check","30.10","1623.40",6290
"5076-YVXCM",51,"Month-to-month",False,"Bank transfer (automatic)","83.40","4149.45",4191
"8262-COGGB",1,"Month-to-month",True,"Mailed check","20.45","20.45",5384
"6663-JOCQO",31,"One year",True,"Bank transfer (automatic)","75.25","2344.50",4258
"9620-QJREV",47,"One year",False,"Credit card (automatic)","20.55","1013.05",3313
"2682-KEVRP",22,"One year",True,"Mailed check","20.05","417.00",4327
"2480-JZOSN",1,"Month-to-month",True,"Mailed check","20.65","20.65",4517
"0078-XZMHT",72,"Two year",True,"Bank transfer (automatic)","85.15","6316.20",6322
"9978-HYCIN",47,"One year",True,"Bank transfer (automatic)","84.95","4018.05",3384
"8338-QIUNR",72,"Two year",True,"Credit card (automatic)","66.50","4811.60",4397
"1525-LNLOJ",66,"Two year",True,"Bank transfer (automatic)","63.30","4189.70",4186
"9450-TRJUU",35,"Month-to-month",False,"Electronic check","83.15","2848.45",2332
"1766-GKNMI",29,"Month-to-month",True,"Electronic check","84.90","2516.20",4388
"6942-LBFDP",2,"Month-to-month",True,"Mailed check","20.55","33.60",5629
"1456-TWCGB",4,"Month-to-month",False,"Mailed check","49.25","208.45",3272
"7596-ZYWBB",65,"Two year",True,"Mailed check","59.60","3739.80",4372
"8329-UTMVM",27,"One year",True,"Bank transfer (automatic)","104.65","2964.00",3104
"3014-WJKSM",29,"Month-to-month",True,"Credit card (automatic)","75.30","2263.40",4910
"3347-YJZZE",29,"Month-to-month",False,"Credit card (automatic)","80.10","2211.80",4558
"7929-DMBCV",20,"Month-to-month",True,"Mailed check","81.00","1683.70",4741
"9661-JALZV",58,"Two year",True,"Credit card (automatic)","24.70","1519.00",5138
"5433-KYGHE",14,"Month-to-month",True,"Mailed check","86.00","1164.05",5494
"4312-KFRXN",72,"Two year",False,"Mailed check","25.40","1710.90",5512
"5575-TPIZQ",46,"Month-to-month",True,"Credit card (automatic)","89.15","4245.55",5593
"0114-IGABW",71,"Two year",False,"Bank transfer (automatic)","58.25","4145.90",5224
"9944-AEXBM",32,"Month-to-month",True,"Bank transfer (automatic)","85.65","2664.30",2383
"1853-ARAAQ",26,"Month-to-month",True,"Credit card (automatic)","50.35","1277.50",2510
"6952-OMNWB",68,"Month-to-month",True,"Credit card (automatic)","80.35","5589.30",5581
"4697-LUPSU",2,"One year",False,"Mailed check","20.20","34.75",3866
"8434-VGEQQ",61,"Two year",False,"Credit card (automatic)","20.55","1305.95",4446
"6549-YMFAW",9,"Month-to-month",True,"Mailed check","21.25","204.55",2302
"4950-HKQTE",22,"Two year",False,"Mailed check","26.25","605.90",5676
"6786-OBWQR",5,"Month-to-month",True,"Electronic check","80.85","356.10",5109
"2753-JMMCV",65,"Two year",True,"Credit card (automatic)","74.20","4805.65",4774
"6621-YOBKI",5,"Month-to-month",False,"Mailed check","20.35","92.75",2303
"1216-JWVUX",25,"Month-to-month",True,"Electronic check","75.50","1901.05",5985
"7564-GHCVB",72,"Two year",False,"Bank transfer (automatic)","79.05","5730.70",4689
"1173-NOEYG",27,"Month-to-month",False,"Bank transfer (automatic)","90.15","2423.40",5750
"7595-EHCDL",32,"Month-to-month",False,"Credit card (automatic)","50.60","1653.45",3087
"6647-ZEDXT",30,"One year",False,"Credit card (automatic)","110.45","3327.05",4983
"2521-NPUZR",70,"Two year",False,"Credit card (automatic)","101.00","7085.50",5025
"1307-TVUFB",42,"Month-to-month",True,"Bank transfer (automatic)","79.35","3344.10",2399
"7503-MIOGA",72,"Two year",True,"Bank transfer (automatic)","89.85","6697.35",5881
"4381-MHQDC",47,"Two year",True,"Mailed check","65.00","2879.90",3286
"6923-JHPMP",2,"Month-to-month",True,"Electronic check","80.45","137.10",5602
"4018-PPNDW",61,"Two year",True,"Mailed check","24.10","1551.60",5970
"1635-FJFCC",5,"Month-to-month",True,"Credit card (automatic)","44.05","202.15",5846
"2499-AJYUA",72,"Two year",True,"Credit card (automatic)","110.80","7882.25",5933
"6919-ELBGL",72,"Two year",True,"Bank transfer (automatic)","114.95","8196.40",6268
"3966-HRMZA",3,"Month-to-month",False,"Mailed check","75.05","202.90",3545
"6425-JWTDV",48,"Two year",False,"Mailed check","19.25","855.10",2282
"8405-IGQFX",63,"One year",True,"Credit card (automatic)","90.05","5817.00",4039
"8224-IVVPA",27,"Month-to-month",True,"Mailed check","56.70","1652.95",4472
"9477-LGWQI",70,"Two year",True,"Credit card (automatic)","80.15","5600.15",5715
"1410-RSCMR",7,"Month-to-month",True,"Credit card (automatic)","71.35","515.75",3459
"3115-CZMZD",0,"Two year",False,"Mailed check","20.25",NULL,5504
"0139-IVFJG",2,"Month-to-month",False,"Electronic check","90.35","190.50",5361
"5730-DBDSI",66,"Two year",False,"Bank transfer (automatic)","19.70","1253.80",4601
"0030-FNXPP",3,"Month-to-month",False,"Mailed check","19.85","57.20",5634
"5684-FJVYR",72,"Two year",True,"Bank transfer (automatic)","90.35","6563.40",5794
"4013-GUXND",1,"Month-to-month",False,"Mailed check","20.80","20.80",3678
"1266-NZYUI",72,"Two year",False,"Bank transfer (automatic)","66.85","4758.80",6264
"7969-FFOWG",65,"Two year",False,"Mailed check","19.90","1292.60",6312
"4718-DHSMV",11,"Month-to-month",True,"Mailed check","35.80","363.15",2534
"5175-WLYXL",22,"Month-to-month",True,"Mailed check","78.85","1600.25",2444
"7817-OMJNA",14,"One year",False,"Bank transfer (automatic)","20.40","275.70",5068
"8728-SKJLR",41,"Month-to-month",True,"Electronic check","74.25","3089.10",3277
"3137-NYQQI",17,"One year",False,"Mailed check","64.80","1175.60",3546
"7706-DZNKK",11,"Month-to-month",True,"Credit card (automatic)","20.45","237.30",2642
"8823-RLPWL",72,"Two year",True,"Credit card (automatic)","110.65","8065.65",4259
"9505-SQFSW",3,"Month-to-month",False,"Mailed check","40.30","92.50",5651
"3758-CKOQL",59,"One year",True,"Credit card (automatic)","107.00","6152.30",4620
"5676-CFLYY",71,"Two year",True,"Credit card (automatic)","73.35","5154.50",5124
"7521-AFHAB",5,"Month-to-month",False,"Mailed check","44.80","220.45",2492
"0285-INHLN",27,"Month-to-month",True,"Credit card (automatic)","54.75","1510.30",3519
"5125-CNDSP",63,"One year",True,"Bank transfer (automatic)","40.60","2588.95",6406
"4992-LTJNE",72,"Two year",False,"Bank transfer (automatic)","55.30","3983.60",6259
"2202-OUTMO",34,"Month-to-month",True,"Bank transfer (automatic)","60.85","2003.60",3012
"0810-BDHAW",24,"One year",False,"Electronic check","78.40","1832.40",2506
"0229-LFJAF",72,"Two year",False,"Bank transfer (automatic)","69.65","4908.25",4262
"7131-ZQZNK",60,"Two year",False,"Credit card (automatic)","59.85","3590.20",5790
"3442-ZHHCC",68,"One year",True,"Credit card (automatic)","76.90","5023.00",5355
"5726-CVNYA",8,"Two year",True,"Mailed check","19.85","146.60",3260
"9871-ELEYA",34,"Two year",False,"Credit card (automatic)","67.65","2339.30",4263
"4257-GAESD",6,"Month-to-month",False,"Credit card (automatic)","45.00","298.70",2270
"5173-WXOQV",2,"Month-to-month",True,"Mailed check","64.20","143.65",4369
"2040-OBMLJ",31,"One year",False,"Credit card (automatic)","81.70","2548.65",4850
"6286-ZHAOK",20,"Month-to-month",True,"Bank transfer (automatic)","25.55","507.40",3235
"3807-XHCJH",1,"Month-to-month",False,"Electronic check","20.00","20.00",2358
"5671-RQRLP",70,"Two year",True,"Credit card (automatic)","75.65","5411.40",4181
"8859-AXJZP",39,"Two year",True,"Mailed check","23.80","903.80",3970
"3174-AKMAS",46,"Two year",True,"Credit card (automatic)","64.20","3009.50",4699
"9926-PJHDQ",72,"Two year",True,"Bank transfer (automatic)","76.80","5468.45",5120
"7382-DFJTU",18,"Month-to-month",False,"Credit card (automatic)","55.20","1058.10",2110
"2798-NYLMZ",71,"Two year",True,"Credit card (automatic)","108.55","7616.00",4111
"8098-TDCBU",42,"Two year",False,"Electronic check","25.25","1108.20",3052
"3551-GAEGL",34,"One year",False,"Bank transfer (automatic)","30.40","938.65",4697
"4785-NKHCX",5,"Month-to-month",False,"Bank transfer (automatic)","20.05","94.15",2154
"3196-NVXLZ",25,"Month-to-month",True,"Mailed check","84.60","2088.05",4874
"0036-IHMOT",55,"One year",True,"Bank transfer (automatic)","103.70","5656.75",5892
"4178-EGMON",70,"Two year",True,"Credit card (automatic)","88.00","5986.45",4867
"4220-TINQT",61,"Month-to-month",True,"Electronic check","106.35","6751.35",5632
"5318-YKDPV",43,"Two year",True,"Credit card (automatic)","79.15","3566.60",3716
"7975-TZMLR",47,"One year",True,"Electronic check","103.10","4889.30",5029
"0295-QVKPB",5,"Month-to-month",True,"Credit card (automatic)","63.95","318.10",3099
"4335-BSMJS",62,"Two year",True,"Credit card (automatic)","25.80","1563.95",6201
"9146-JRIOX",14,"Month-to-month",False,"Mailed check","25.55","372.45",2080
"5337-IIWKZ",34,"Month-to-month",True,"Electronic check","44.85","1442.60",5569
"9650-VBUOG",38,"Two year",False,"Credit card (automatic)","25.05","963.95",3772
"3487-EARAT",70,"One year",False,"Credit card (automatic)","74.10","5222.30",6325
"2672-TGEFF",37,"Month-to-month",True,"Electronic check","88.80","3340.55",3746
"4250-WAROZ",60,"Month-to-month",True,"Electronic check","93.25","5774.55",4353
"8184-WMOFI",62,"One year",False,"Credit card (automatic)","71.40","4487.30",5327
"6092-QZVPP",36,"Month-to-month",True,"Credit card (automatic)","79.20","2854.95",4830
"4625-LAMOB",44,"Two year",False,"Credit card (automatic)","20.40","905.55",2404
"0392-BZIUW",72,"Two year",True,"Credit card (automatic)","105.00","7589.80",5678
"6549-NNDYT",13,"Month-to-month",True,"Bank transfer (automatic)","30.85","394.10",2444
"0422-OHQHQ",15,"One year",False,"Mailed check","20.55","295.95",3009
"6916-HIJSE",65,"Two year",True,"Bank transfer (automatic)","84.85","5459.20",5434
"2316-ESMLS",12,"One year",False,"Credit card (automatic)","33.15","444.75",3882
"9778-OGKQZ",72,"Two year",True,"Credit card (automatic)","92.00","6782.15",5883
"7408-OFWXJ",72,"Two year",False,"Credit card (automatic)","89.80","6510.45",5762
"6007-TCTST",72,"Two year",True,"Bank transfer (automatic)","115.80","8476.50",5841
"2252-NKNSI",52,"Two year",True,"Mailed check","85.15","4461.85",4322
"8713-IGZSO",2,"Month-to-month",False,"Mailed check","24.85","62.00",5983
"7905-TVXTA",5,"Month-to-month",True,"Electronic check","64.35","352.65",4771
"7695-PKLCZ",68,"Two year",False,"Credit card (automatic)","20.50","1424.90",4201
"8374-UULRV",72,"Two year",False,"Credit card (automatic)","86.05","6309.65",5965
"3224-DFQNQ",66,"One year",False,"Electronic check","89.00","5898.60",4488
"5275-PMFUT",72,"Two year",True,"Credit card (automatic)","64.80","4719.75",4036
"4795-UXVCJ",26,"One year",False,"Credit card (automatic)","19.80","457.30",5823
"9777-IQHWP",64,"Two year",False,"Bank transfer (automatic)","93.40","5822.30",6249
"0979-MOZQI",62,"Two year",True,"Bank transfer (automatic)","39.00","2337.45",4987
"2732-ISEZX",5,"Month-to-month",True,"Mailed check","20.50","104.30",5263
"0323-XWWTN",3,"Two year",True,"Mailed check","26.40","121.25",4315
"1937-OTUKY",72,"Two year",True,"Bank transfer (automatic)","98.20","7015.90",4332
"1573-LGXBA",57,"One year",True,"Credit card (automatic)","97.55","5598.00",5833
"1764-VUUMT",66,"Two year",False,"Credit card (automatic)","19.95","1269.10",6382
"4713-ZBURT",45,"Two year",False,"Bank transfer (automatic)","99.70","4634.35",3333
"3050-GBUSH",3,"Month-to-month",True,"Credit card (automatic)","34.80","113.95",2496
"7876-AEHIG",51,"One year",False,"Bank transfer (automatic)","60.15","3077.00",5404
"7945-HLKEA",60,"One year",False,"Electronic check","64.75","4039.50",6408
"9342-VNIMQ",33,"Month-to-month",True,"Bank transfer (automatic)","54.65","1665.20",5201
"3523-BRGUW",26,"One year",False,"Credit card (automatic)","19.30","504.20",2269
"3199-NPKCN",67,"One year",True,"Electronic check","111.25","7511.65",5649
"5170-PTRKA",49,"One year",True,"Credit card (automatic)","35.80","1782.00",4865
"4661-NJEUX",1,"Month-to-month",True,"Mailed check","20.05","20.05",5368
"2123-AGEEN",7,"Month-to-month",True,"Electronic check","84.35","609.65",2107
"1258-YMZNM",27,"One year",True,"Bank transfer (automatic)","110.50","2857.60",4997
"0048-LUMLS",37,"One year",False,"Credit card (automatic)","91.20","3247.55",5263
"5898-IGSLP",31,"Month-to-month",False,"Electronic check","89.30","2823.00",2132
"6259-WJQLC",32,"Month-to-month",True,"Credit card (automatic)","81.10","2619.25",2143
"7997-EASSD",63,"One year",True,"Credit card (automatic)","81.20","4965.10",6063
"0730-KOAVE",30,"Month-to-month",True,"Credit card (automatic)","94.30","2679.70",4219
"8975-SKGRX",71,"Two year",True,"Bank transfer (automatic)","116.10","8310.55",5027
"0678-RLHVP",53,"Two year",False,"Electronic check","105.55","5682.25",5731
"2267-FPIMA",50,"Month-to-month",True,"Credit card (automatic)","94.40","4914.90",5548
"1051-GEJLJ",2,"Month-to-month",False,"Mailed check","19.50","27.55",4836
"5285-MVEHD",56,"One year",True,"Credit card (automatic)","105.60","6068.65",4196
"0379-DJQHR",67,"Two year",False,"Credit card (automatic)","81.35","5398.60",4219
"5543-QDCRY",4,"Month-to-month",True,"Electronic check","56.40","234.85",5344
"0297-RBCSG",19,"One year",True,"Bank transfer (automatic)","65.35","1231.85",2051
"4694-PHWFW",8,"Month-to-month",False,"Mailed check","19.95","170.90",5919
"0835-JKADZ",71,"Two year",True,"Electronic check","111.25","7984.15",4361
"7508-SMHXL",15,"Month-to-month",False,"Credit card (automatic)","89.00","1288.30",4452
"3865-YIOTT",72,"One year",True,"Bank transfer (automatic)","106.10","7848.50",6283
"5993-BQHEA",12,"One year",False,"Credit card (automatic)","20.05","267.00",4018
"6024-RUGGH",72,"Two year",True,"Bank transfer (automatic)","25.20","1798.90",6499
"3956-CJUST",23,"Month-to-month",True,"Bank transfer (automatic)","75.40","1643.55",2491
"4079-WWQQQ",72,"Two year",True,"Bank transfer (automatic)","65.55","4807.45",4266
"6103-BOCOU",26,"Month-to-month",True,"Electronic check","80.70","2193.00",4501
"5149-TGWDZ",21,"One year",True,"Mailed check","104.55","2239.40",3471
"7471-WNSUF",60,"One year",False,"Bank transfer (automatic)","24.15","1505.90",4501
"8942-DBMHZ",12,"Month-to-month",False,"Mailed check","20.45","255.35",4883
"4301-VVZKA",16,"Month-to-month",True,"Electronic check","75.40","1189.40",5432
"9199-PWQVC",63,"One year",True,"Credit card (automatic)","79.70","4786.15",4010
"4824-GUCBY",22,"Month-to-month",False,"Electronic check","81.70","1820.90",5602
"5393-HJZSM",32,"Month-to-month",False,"Bank transfer (automatic)","76.30","2404.15",5324
"0862-PRCBS",68,"Two year",True,"Credit card (automatic)","103.75","7039.45",4121
"8812-ZRHFP",30,"One year",False,"Electronic check","86.45","2538.05",2923
"5146-CBVOE",16,"Month-to-month",False,"Bank transfer (automatic)","75.10","1212.85",5176
"0454-OKRCT",33,"Two year",False,"Bank transfer (automatic)","80.60","2651.10",5542
"5787-KXGIY",72,"Two year",False,"Credit card (automatic)","19.30","1304.80",4035
"4198-VFOEA",12,"One year",True,"Mailed check","33.60","435.45",2990
"6630-UJZMY",4,"Month-to-month",True,"Electronic check","83.25","308.05",5251
"5709-LVOEQ",0,"Two year",False,"Mailed check","80.85",NULL,2048
"2692-AQCPF",65,"One year",True,"Credit card (automatic)","108.05","7118.90",6047
"0347-UBKUZ",15,"Month-to-month",False,"Mailed check","19.90","320.45",3366
"0835-DUUIQ",24,"One year",False,"Bank transfer (automatic)","21.05","531.55",2050
"0811-GSDTP",13,"Month-to-month",False,"Electronic check","30.15","382.20",3540
"7567-ECMCM",24,"Month-to-month",True,"Credit card (automatic)","79.85","2001.00",5128
"6115-ZTBFQ",72,"Two year",False,"Bank transfer (automatic)","65.50","4919.70",4119
"6353-BRMMA",54,"Month-to-month",True,"Bank transfer (automatic)","104.10","5645.80",5795
"6231-WFGFH",4,"Month-to-month",True,"Mailed check","20.50","77.60",5053
"9904-EHEVJ",32,"Month-to-month",True,"Mailed check","91.35","2896.55",2965
"6169-PPETC",35,"Two year",False,"Bank transfer (automatic)","20.50","759.35",2009
"8584-KMVXD",8,"Month-to-month",False,"Electronic check","75.60","535.55",2934
"8467-WYNSR",22,"Month-to-month",False,"Mailed check","55.10","1253.15",2729
"0851-DFJKB",15,"Month-to-month",False,"Electronic check","58.95","955.15",4497
"5382-SOYZL",22,"Month-to-month",True,"Electronic check","95.10","2162.60",3729
"3261-CQXOL",71,"Two year",False,"Bank transfer (automatic)","25.45","1813.35",4993
"8388-FYNPZ",4,"Month-to-month",False,"Electronic check","56.75","245.15",2401
"4002-BQWPQ",25,"Month-to-month",False,"Bank transfer (automatic)","81.75","2028.80",5917
"5651-YLPRD",32,"Month-to-month",True,"Electronic check","86.10","2723.75",4970
"2826-DXLQO",7,"Month-to-month",False,"Bank transfer (automatic)","29.80","220.45",2587
"4378-BZYFP",17,"One year",True,"Mailed check","20.50","365.80",2259
"9489-UTFKA",8,"Month-to-month",False,"Bank transfer (automatic)","60.90","551.95",2136
"4849-PYRLQ",56,"Two year",False,"Bank transfer (automatic)","73.25","4054.20",4011
"7764-BDPEE",3,"Month-to-month",False,"Mailed check","20.85","60.65",5868
"3429-IFLEM",71,"Two year",False,"Credit card (automatic)","77.35","5550.10",4846
"5002-GCQFH",49,"Month-to-month",True,"Bank transfer (automatic)","93.85","4733.10",5698
"0556-FJEGU",58,"Two year",False,"Bank transfer (automatic)","70.10","4048.95",4474
"0604-THJFP",59,"Two year",True,"Credit card (automatic)","75.95","4542.35",5446
"5879-SESNB",11,"Month-to-month",False,"Electronic check","75.25","888.65",5902
"6461-PPAXN",35,"One year",True,"Bank transfer (automatic)","54.95","1916.00",4858
"3318-ISQFQ",20,"Month-to-month",True,"Bank transfer (automatic)","19.50","413.00",5409
"1106-HRLKZ",40,"Two year",False,"Mailed check","19.60","808.95",2630
"2483-XSSMZ",39,"One year",True,"Electronic check","47.85","1886.40",5531
"8165-ZJRNM",72,"Two year",False,"Bank transfer (automatic)","23.75","1679.25",4923
"2604-XVDAM",12,"Month-to-month",False,"Bank transfer (automatic)","43.80","540.95",5706
"3717-OFRTN",1,"Month-to-month",False,"Bank transfer (automatic)","19.75","19.75",3595
"9046-JBFWA",27,"Month-to-month",False,"Mailed check","19.15","537.35",4004
"3280-NMUVX",34,"One year",False,"Credit card (automatic)","19.60","678.80",4669
"1206-EHBDD",56,"Two year",False,"Bank transfer (automatic)","80.30","4513.65",6203
"1352-VHKAJ",27,"Month-to-month",False,"Bank transfer (automatic)","71.60","1957.10",3773
"8361-LBRDI",58,"Two year",False,"Credit card (automatic)","24.35","1423.85",6190
"4883-KCPZJ",22,"Two year",False,"Credit card (automatic)","25.25","555.40",4386
"9108-EQPNQ",10,"Two year",False,"Credit card (automatic)","26.10","225.55",3179
"7277-KAMWT",13,"Two year",False,"Credit card (automatic)","20.00","268.45",3037
"2545-LXYVJ",72,"Two year",False,"Bank transfer (automatic)","20.70","1492.10",6317
"3234-VKACU",2,"Month-to-month",False,"Electronic check","70.30","132.40",4799
"8120-JDCAM",4,"Month-to-month",True,"Mailed check","69.55","284.90",3708
"8917-FAEMR",37,"Two year",False,"Mailed check","19.85","784.25",3408
"7047-YXDMZ",21,"Month-to-month",False,"Mailed check","20.00","417.70",2366
"2858-EIMXH",53,"One year",True,"Credit card (automatic)","95.85","5016.25",5325
"6419-ZTTLE",23,"One year",True,"Electronic check","20.75","485.20",3418
"0929-HYQEW",3,"Month-to-month",True,"Mailed check","50.15","160.85",2085
"6614-YOLAC",71,"Two year",False,"Mailed check","58.65","4145.25",4151
"7426-RHZGU",9,"Month-to-month",True,"Bank transfer (automatic)","95.90","827.45",5017
"4065-JJAVA",1,"Month-to-month",False,"Electronic check","49.50","49.50",5262
"7649-SIJJF",71,"Two year",True,"Mailed check","80.10","5585.40",6045
"9361-YNQWJ",64,"One year",True,"Bank transfer (automatic)","24.40","1601.20",5887
"3748-FVMZZ",4,"Month-to-month",True,"Electronic check","40.05","162.45",2664
"9391-TTOYH",23,"Month-to-month",True,"Mailed check","19.50","470.20",5652
"1452-XRSJV",39,"Month-to-month",False,"Credit card (automatic)","51.05","2066.00",3154
"3422-WJOYD",28,"One year",False,"Mailed check","54.35","1426.45",5105
"8242-SOQUO",5,"Month-to-month",True,"Electronic check","84.70","392.50",2660
"7460-ITWWP",45,"Month-to-month",True,"Electronic check","86.10","3861.45",2701
"7147-AYBAA",37,"Month-to-month",True,"Mailed check","70.35","2552.90",5402
"7868-TMWMZ",60,"Two year",True,"Bank transfer (automatic)","110.00","6668.35",4953
"6732-FZUGP",47,"One year",False,"Credit card (automatic)","94.90","4615.25",4510
"8329-GWVPJ",50,"Month-to-month",True,"Bank transfer (automatic)","69.75","3557.70",4539
"2632-TACXW",62,"Two year",False,"Bank transfer (automatic)","23.65","1416.75",4671
"8146-QQKZH",71,"Two year",False,"Bank transfer (automatic)","81.85","5924.40",4090
"1767-CJKBA",66,"Two year",False,"Mailed check","25.10","1697.70",6025
"6445-TNRXS",68,"Two year",True,"Bank transfer (automatic)","114.70","7849.85",5671
"4581-LNWUM",13,"Month-to-month",False,"Electronic check","49.15","649.40",3000
"4869-EPIUS",56,"One year",True,"Electronic check","80.90","4557.50",5344
"1915-OAKWD",16,"One year",True,"Bank transfer (automatic)","19.30","360.35",2870
"7296-PIXQY",14,"Month-to-month",False,"Electronic check","70.20","1046.50",5819
"3354-OADJP",8,"One year",False,"Bank transfer (automatic)","54.25","447.75",2237
"3524-WQDSG",43,"Month-to-month",True,"Bank transfer (automatic)","99.30","4209.95",3280
"0810-DHDBD",52,"One year",False,"Credit card (automatic)","74.00","3877.65",5806
"4026-SKKHW",3,"Month-to-month",True,"Mailed check","50.25","152.30",2166
"2829-HYVZP",29,"One year",True,"Mailed check","19.80","572.20",5696
"3845-JHAMY",16,"Month-to-month",True,"Credit card (automatic)","35.50","552.70",2069
"7013-PSXHK",40,"One year",True,"Mailed check","80.75","3208.65",2047
"3486-NPGST",36,"One year",False,"Mailed check","19.55","620.75",2691
"6100-FJZDG",26,"One year",True,"Bank transfer (automatic)","20.05","505.90",2403
"4829-ZLJTK",72,"Two year",True,"Electronic check","112.40","8046.85",6144
"1730-VFMWO",34,"Month-to-month",False,"Bank transfer (automatic)","50.20","1815.30",4352
"7143-BQIBA",10,"Month-to-month",False,"Bank transfer (automatic)","62.25","612.95",3415
"3800-LYTRK",14,"One year",False,"Mailed check","55.70","795.15",4978
"9646-NMHXE",47,"Two year",False,"Mailed check","19.65","973.10",2021
"7030-NJVDP",24,"Month-to-month",True,"Electronic check","89.25","2210.20",5436
"8883-GRDWQ",20,"One year",False,"Mailed check","54.00","1055.90",5090
"7771-ZONAT",22,"Two year",False,"Bank transfer (automatic)","56.75","1304.85",4574
"2111-DWYHN",1,"Month-to-month",False,"Mailed check","21.10","21.10",2810
"4194-WHFCB",59,"Month-to-month",True,"Bank transfer (automatic)","96.65","5580.80",5266
"4121-AGSIN",58,"One year",True,"Credit card (automatic)","24.50","1497.90",4455
"9845-PEEKO",59,"Two year",True,"Credit card (automatic)","79.20","4590.35",5400
"0455-XFASS",3,"Month-to-month",True,"Electronic check","69.55","200.20",5998
"0301-KOBTQ",32,"Two year",True,"Bank transfer (automatic)","20.05","614.45",3398
"1751-NCDLI",46,"Month-to-month",True,"Electronic check","98.85","4564.90",2641
"4367-NUYAO",0,"Two year",False,"Mailed check","25.75",NULL,4950
"9170-ARBTB",52,"One year",False,"Credit card (automatic)","19.60","1012.40",4848
"7241-AJHFS",32,"Month-to-month",False,"Bank transfer (automatic)","87.65","2766.40",2426
"4546-FOKWR",16,"Month-to-month",True,"Credit card (automatic)","74.75","1129.35",3574
"9036-CSKBW",51,"One year",False,"Bank transfer (automatic)","107.45","5680.90",5446
"5832-TRLPB",29,"One year",True,"Bank transfer (automatic)","75.35","2243.90",4422
"8590-YFFQO",70,"Two year",False,"Credit card (automatic)","64.95","4523.25",5669
"8659-IOOPU",71,"Two year",False,"Electronic check","100.45","7159.70",6171
"1338-CECEE",41,"One year",False,"Bank transfer (automatic)","68.50","2839.95",3877
"7439-DKZTW",1,"Month-to-month",True,"Electronic check","80.55","80.55",3154
"4646-QZXTF",7,"Month-to-month",False,"Bank transfer (automatic)","81.25","580.10",5928
"9742-XOKTS",67,"One year",False,"Electronic check","89.55","6038.55",6194
"6921-OZMFH",5,"Month-to-month",True,"Mailed check","55.70","259.40",3598
"9578-FOMUK",15,"Month-to-month",True,"Electronic check","24.80","324.15",3965
"4712-UYOOI",20,"Month-to-month",False,"Electronic check","20.00","417.65",3402
"7722-CVFXN",54,"One year",True,"Electronic check","105.20","5637.85",5546
"8717-VCTXJ",42,"One year",True,"Mailed check","19.55","839.40",5293
"7363-QTBIW",9,"Month-to-month",True,"Electronic check","79.75","769.10",4654
"4159-NAAIX",63,"Two year",False,"Bank transfer (automatic)","97.45","6253.00",4769
"0971-QIFJK",69,"Two year",False,"Bank transfer (automatic)","24.25","1641.80",4884
"9397-TZSHA",69,"Two year",False,"Credit card (automatic)","24.60","1678.05",5294
"3391-JSQEW",40,"Month-to-month",True,"Mailed check","50.15","2058.50",2454
"0343-QLUZP",60,"Two year",False,"Bank transfer (automatic)","39.60","2424.50",5544
"2176-LVPNX",71,"Two year",False,"Mailed check","89.85","6293.45",4994
"3312-UUMZW",32,"Month-to-month",True,"Credit card (automatic)","98.85","3145.90",3981
"1271-UODNO",39,"Two year",True,"Credit card (automatic)","53.85","2200.70",2380
"8461-EFQYM",38,"One year",True,"Electronic check","24.25","914.40",2997
"6900-RBKER",52,"Two year",True,"Credit card (automatic)","89.45","4577.75",5386
"6891-JPYFF",48,"Month-to-month",True,"Credit card (automatic)","105.25","4997.50",4275
"1459-QNFQT",70,"Two year",False,"Bank transfer (automatic)","59.50","4144.80",4031
"1047-NNCBF",20,"Month-to-month",False,"Credit card (automatic)","70.55","1493.55",5790
"3696-XRIEN",50,"One year",True,"Credit card (automatic)","82.50","4179.10",5258
"0074-HDKDG",25,"One year",True,"Bank transfer (automatic)","61.60","1611.00",3807
"8791-GFXLZ",12,"Month-to-month",True,"Bank transfer (automatic)","49.05","593.05",4244
"9330-DHBFL",23,"One year",True,"Mailed check","66.25","1533.80",2072
"0098-BOWSO",27,"Month-to-month",True,"Electronic check","19.40","529.80",3792
"3452-ABWRL",47,"Month-to-month",True,"Credit card (automatic)","86.05","3865.60",5527
"5859-HZYLF",26,"Two year",True,"Credit card (automatic)","19.15","515.75",4347
"3156-QLHBO",2,"Month-to-month",False,"Mailed check","19.25","48.35",4725
"2208-NQBCT",26,"Month-to-month",False,"Electronic check","81.95","2070.05",2817
"1779-PWPMG",72,"Two year",True,"Bank transfer (automatic)","114.65","8333.95",5408
"6621-NRZAK",63,"Two year",False,"Credit card (automatic)","20.00","1209.25",5975
"0831-JNISG",71,"Two year",False,"Mailed check","19.80","1396.25",5406
"0774-IFUVM",11,"Month-to-month",True,"Bank transfer (automatic)","65.15","723.35",5942
"3082-WQRVY",14,"One year",False,"Mailed check","19.65","228.65",2962
"9553-DLCLU",13,"Two year",False,"Credit card (automatic)","88.95","1161.75",5407
"1641-BYBTK",6,"Month-to-month",True,"Mailed check","20.20","98.35",3478
"2460-NGXBJ",11,"Month-to-month",True,"Credit card (automatic)","75.20","775.30",5193
"2446-ZKVAF",18,"Month-to-month",False,"Credit card (automatic)","56.80","1074.65",5558
"3522-CDKHF",32,"Month-to-month",True,"Bank transfer (automatic)","75.50","2324.70",3131
"1430-SFQSA",29,"One year",False,"Mailed check","35.60","1072.60",3898
"0411-EZJZE",3,"Month-to-month",True,"Electronic check","60.25","170.50",4830
"8807-ARQET",41,"Month-to-month",True,"Electronic check","40.35","1677.85",2454
"8992-CEUEN",1,"Month-to-month",False,"Electronic check","18.85","18.85",5084
"4320-QMLLA",7,"Month-to-month",False,"Mailed check","54.85","370.40",3481
"8777-PVYGU",52,"One year",True,"Mailed check","64.30","3410.60",4405
"8292-ITGYJ",45,"Two year",True,"Bank transfer (automatic)","24.65","1138.80",3043
"6870-ZWMNX",70,"Two year",False,"Credit card (automatic)","76.10","5264.25",5115
"0621-CXBKL",53,"Two year",False,"Mailed check","18.70","1005.70",4116
"5268-DSMNQ",62,"One year",True,"Credit card (automatic)","97.95","5936.55",5428
"5334-JLAXU",60,"Month-to-month",True,"Credit card (automatic)","94.10","5475.90",5267
"6242-MBHPK",23,"Month-to-month",True,"Electronic check","95.10","2326.05",4025
"9359-UGBTK",67,"One year",True,"Bank transfer (automatic)","72.35","4991.50",4910
"4782-OSFXZ",71,"Two year",True,"Bank transfer (automatic)","82.70","5831.20",5089
"6479-OAUSD",25,"One year",False,"Credit card (automatic)","19.90","510.80",2130
"7129-ACFOG",5,"Month-to-month",True,"Electronic check","53.80","283.95",2182
"4189-NAKJS",26,"One year",True,"Credit card (automatic)","51.55","1295.40",3130
"5562-BETPV",1,"One year",False,"Mailed check","19.65","19.65",2539
"1282-IHQAC",70,"One year",True,"Credit card (automatic)","44.05","3011.65",4022
"9127-FHJBZ",72,"Two year",True,"Electronic check","114.00","8093.15",4558
"1641-RQDAY",32,"Month-to-month",True,"Electronic check","100.40","3217.65",4848
"6994-ORCWG",14,"One year",True,"Mailed check","54.25","773.20",4423
"1346-UFHAX",13,"Month-to-month",True,"Credit card (automatic)","80.00","1029.35",5577
"2933-XEUJM",46,"Two year",False,"Mailed check","79.20","3593.80",2007
"5461-QKNTN",43,"Month-to-month",True,"Electronic check","94.30","3953.15",2040
"4835-YSJMR",39,"Two year",True,"Bank transfer (automatic)","49.80","1971.15",2202
"3164-YAXFY",57,"Month-to-month",True,"Electronic check","53.75","3196.00",5594
"0887-WBJVH",53,"One year",True,"Electronic check","93.45","4872.20",4700
"4660-IRIBM",18,"Month-to-month",True,"Mailed check","87.90","1500.50",5192
"7670-ZBPOQ",58,"One year",True,"Bank transfer (automatic)","61.05","3478.75",4411
"8089-UZWLX",71,"Two year",False,"Bank transfer (automatic)","104.05","7413.55",4113
"0080-OROZO",35,"One year",True,"Electronic check","99.25","3532.00",3244
"3916-NRPAP",3,"Month-to-month",False,"Credit card (automatic)","85.70","256.75",5806
"6807-SIWJI",38,"One year",True,"Electronic check","104.85","3887.25",2709
"8221-HVAYI",35,"Two year",True,"Credit card (automatic)","69.15","2490.15",3945
"5232-NXPAY",47,"Two year",False,"Mailed check","74.45","3510.30",3459
"8967-SZQAS",14,"Month-to-month",False,"Electronic check","50.45","765.45",3185
"4468-KAZHE",20,"Month-to-month",True,"Electronic check","60.00","1259.35",2399
"0455-ENTCR",66,"Two year",False,"Electronic check","85.25","5538.35",5012
"8944-AILEF",15,"Month-to-month",True,"Credit card (automatic)","19.45","340.85",2483
"5542-NKVRU",42,"Two year",True,"Bank transfer (automatic)","20.75","844.45",2574
"7126-RBHSD",17,"Month-to-month",False,"Electronic check","78.90","1348.95",2362
"5370-IIVVL",37,"One year",True,"Credit card (automatic)","104.50","3778.00",4812
"6789-HJBWG",12,"Month-to-month",True,"Electronic check","49.40","611.65",5007
"9087-EYCPR",60,"Two year",False,"Mailed check","25.00","1505.05",6355
"6791-YBNAK",18,"Month-to-month",False,"Credit card (automatic)","25.55","467.85",4134
"6077-BDPXA",3,"Month-to-month",True,"Electronic check","70.15","194.20",2228
"0013-MHZWF",9,"Month-to-month",True,"Credit card (automatic)","69.40","571.45",5108
"8268-YDIXR",56,"One year",True,"Electronic check","93.15","5253.95",4778
"4291-SHSBH",7,"Month-to-month",True,"Electronic check","69.55","521.35",4704
"6980-IMXXE",69,"Two year",False,"Bank transfer (automatic)","20.20","1412.65",5267
"0040-HALCW",54,"Two year",False,"Credit card (automatic)","20.40","1090.60",6393
"0784-GTUUK",62,"One year",True,"Credit card (automatic)","23.75","1446.80",4811
"2294-DMMUS",62,"Month-to-month",True,"Credit card (automatic)","70.45","4300.45",5057
"0872-JCPIB",17,"Month-to-month",False,"Bank transfer (automatic)","65.75","1111.20",3921
"3055-MJDSB",9,"Month-to-month",True,"Mailed check","24.60","190.10",2323
"9091-WTUUY",64,"Two year",False,"Mailed check","69.25","4447.75",4226
"7115-IRDHS",72,"Two year",False,"Bank transfer (automatic)","24.65","1830.05",5065
"8496-DMZUK",30,"One year",False,"Bank transfer (automatic)","90.40","2820.65",3171
"2040-VZIKE",49,"Month-to-month",True,"Mailed check","100.85","4847.35",5417
"9068-VPWQQ",61,"Two year",False,"Credit card (automatic)","75.35","4729.30",6466
"0178-SZBHO",47,"Month-to-month",False,"Electronic check","87.20","4017.45",3760
"0384-RVBPI",20,"Month-to-month",False,"Credit card (automatic)","64.40","1398.60",2120
"1299-AURJA",70,"Two year",False,"Bank transfer (automatic)","24.70","1685.90",5907
"4525-VZCZG",54,"One year",True,"Electronic check","105.85","5826.65",5915
"1543-LLLFT",61,"One year",True,"Mailed check","98.30","6066.55",5413
"2788-CJQAQ",13,"One year",False,"Mailed check","19.45","270.20",3799
"0319-QZTCO",3,"Month-to-month",True,"Credit card (automatic)","58.70","168.60",3654
"2120-SMPEX",25,"Month-to-month",True,"Mailed check","20.15","536.35",3848
"0096-FCPUF",30,"Month-to-month",True,"Mailed check","64.50","1888.45",5039
"0668-OGMHD",21,"Month-to-month",False,"Electronic check","28.50","629.35",3766
"6507-ZJSUR",23,"Month-to-month",True,"Electronic check","90.45","2117.25",5272
"9408-HRXRK",45,"Month-to-month",True,"Electronic check","105.15","4730.90",5915
"5593-SUAOO",24,"One year",False,"Bank transfer (automatic)","83.15","2033.05",2404
"6766-HFKLA",56,"Two year",False,"Bank transfer (automatic)","103.20","5744.35",4534
"7617-EYGLW",1,"Month-to-month",False,"Electronic check","19.45","19.45",5820
"9220-ZNKJI",55,"Two year",False,"Credit card (automatic)","88.80","4805.30",4291
"2226-ICFDO",72,"Two year",True,"Credit card (automatic)","85.90","6110.75",6361
"0723-VSOBE",45,"One year",False,"Electronic check","34.20","1596.60",5715
"5529-GIBVH",47,"Two year",False,"Mailed check","20.15","1046.20",2618
"9992-UJOEL",2,"Month-to-month",True,"Mailed check","50.30","92.75",5870
"4741-WWJQZ",2,"Month-to-month",True,"Electronic check","80.15","194.55",5251
"6625-UTXEW",12,"Month-to-month",True,"Electronic check","51.25","612.10",3097
"6244-BESBM",69,"Two year",True,"Credit card (automatic)","95.20","6671.70",6166
"1004-NOZNR",56,"One year",False,"Credit card (automatic)","94.80","5264.30",5693
"1251-STYSZ",4,"Month-to-month",True,"Electronic check","80.25","303.70",3828
"2612-PHGOX",64,"Two year",True,"Bank transfer (automatic)","76.10","4818.80",4222
"8480-PPONV",62,"Two year",False,"Bank transfer (automatic)","115.55","7159.05",6349
"8780-IHCRN",63,"Two year",False,"Credit card (automatic)","24.65","1574.50",4392
"4598-ZADCK",53,"One year",True,"Electronic check","53.60","2879.20",5183
"1257-SXUXQ",5,"Month-to-month",False,"Mailed check","19.45","86.05",4573
"9681-KYGYB",49,"Month-to-month",True,"Electronic check","88.20","4159.45",5987
"7182-OVLBJ",62,"Two year",True,"Bank transfer (automatic)","101.15","6638.35",5735
"5095-ETBRJ",55,"Two year",False,"Mailed check","56.80","3112.05",4702
"7005-CYUIL",71,"Two year",True,"Electronic check","99.40","7168.25",4964
"4821-WQOYN",72,"Two year",True,"Credit card (automatic)","20.10","1326.25",4603
"4730-AWNAU",36,"One year",False,"Credit card (automatic)","60.70","2234.55",3671
"3452-FLHYD",25,"One year",True,"Bank transfer (automatic)","20.95","495.15",5682
"2388-LAESQ",72,"Two year",True,"Bank transfer (automatic)","114.85","8317.95",4796
"9531-NSBMR",36,"One year",True,"Bank transfer (automatic)","19.25","679.80",4904
"6260-ONULR",1,"Month-to-month",True,"Mailed check","62.80","62.80",2438
"4389-UEFCZ",72,"Two year",True,"Electronic check","105.50","7544.00",5551
"8711-LOBKY",59,"Two year",False,"Mailed check","19.85","1188.25",6144
"8985-OOPOS",1,"One year",False,"Credit card (automatic)","74.10","74.10",2900
"8800-ZKRFW",30,"Month-to-month",True,"Electronic check","107.50","3242.50",3094
"2616-FLVQC",64,"Two year",False,"Mailed check","19.55","1240.15",6036
"9968-FFVVH",63,"One year",False,"Bank transfer (automatic)","68.80","4111.35",5082
"3108-PCCGG",72,"Two year",False,"Credit card (automatic)","84.45","5899.85",5856
"8390-FESFV",62,"Two year",False,"Bank transfer (automatic)","84.50","5193.20",5466
"3022-BEXHZ",67,"Two year",True,"Bank transfer (automatic)","111.20","7530.80",6060
"6248-TKCQV",70,"Two year",True,"Bank transfer (automatic)","80.60","5460.20",5880
"6729-GDNGC",20,"Month-to-month",False,"Bank transfer (automatic)","80.70","1614.20",3111
"6198-ZFIOJ",5,"Month-to-month",False,"Electronic check","75.60","402.50",3469
"5989-OMNJE",24,"One year",False,"Electronic check","57.60","1367.75",5623
"1291-CUOCY",72,"Two year",True,"Credit card (automatic)","110.60","7962.20",5444
"9795-SHUHB",66,"Two year",True,"Credit card (automatic)","58.20","3810.80",5313
"3230-IUALN",45,"Two year",True,"Mailed check","81.00","3533.60",2934
"3070-BDOQC",60,"Two year",True,"Electronic check","99.65","5941.05",4616
"0042-RLHYP",69,"Two year",False,"Bank transfer (automatic)","19.70","1396.90",4131
"4945-RVMTE",28,"Month-to-month",True,"Bank transfer (automatic)","59.55","1646.45",3354
"1866-NXPSP",36,"One year",True,"Mailed check","75.55","2680.15",3235
"3941-XTSKM",42,"One year",True,"Credit card (automatic)","45.10","2049.05",3844
"1661-CZBAU",48,"One year",True,"Bank transfer (automatic)","70.95","3629.20",2667
"5158-RIVOP",11,"Two year",False,"Credit card (automatic)","20.90","202.30",5359
"9788-YTFGE",7,"Month-to-month",True,"Mailed check","19.95","147.50",3331
"9277-JOOMO",3,"Month-to-month",False,"Mailed check","24.60","86.35",5756
"1907-YLNYW",8,"Month-to-month",True,"Electronic check","66.70","579.00",4490
"8947-YRTDV",32,"One year",False,"Mailed check","94.80","3131.55",5288
"3161-ONRWK",60,"One year",True,"Bank transfer (automatic)","65.85","3928.30",4053
"0114-RSRRW",10,"Month-to-month",True,"Bank transfer (automatic)","19.95","187.75",3831
"4565-NLZBV",71,"Two year",True,"Bank transfer (automatic)","24.65","1710.15",4015
"6682-VCIXC",43,"One year",True,"Bank transfer (automatic)","51.25","2151.60",5656
"6475-VHUIZ",23,"Month-to-month",False,"Electronic check","54.25","1221.55",5140
"3910-MRQOY",72,"Two year",False,"Bank transfer (automatic)","19.40","1496.45",5398
"0661-WCQNQ",22,"One year",True,"Credit card (automatic)","56.25","1292.20",3733
"7537-RBWEA",1,"Month-to-month",True,"Mailed check","25.15","25.15",3513
"4656-CAURT",69,"Two year",False,"Bank transfer (automatic)","23.95","1713.10",6059
"0121-SNYRK",50,"One year",True,"Mailed check","35.40","1748.90",5052
"3733-LSYCE",15,"Month-to-month",False,"Bank transfer (automatic)","75.35","1114.55",4891
"6265-FRMTQ",31,"Two year",False,"Bank transfer (automatic)","20.40","609.10",5363
"1371-DWPAZ",0,"Two year",False,"Credit card (automatic)","56.05",NULL,4740
"2017-CCBLH",8,"Two year",False,"Mailed check","20.00","141.60",3087
"7690-KPNCU",64,"One year",True,"Credit card (automatic)","73.05","4688.65",4515
"0536-BGFMZ",28,"Month-to-month",False,"Mailed check","20.50","563.05",5145
"2293-IJWPS",57,"One year",True,"Credit card (automatic)","100.75","5985.00",6354
"5469-NUJUR",19,"Two year",True,"Mailed check","19.95","373.50",2831
"2625-TRCZQ",51,"Month-to-month",True,"Electronic check","49.65","2553.35",5528
"4102-HLENU",67,"Two year",False,"Mailed check","65.65","4322.85",5441
"7266-GSSJX",11,"Month-to-month",True,"Electronic check","20.45","250.80",2606
"7722-VJRQD",72,"Two year",False,"Bank transfer (automatic)","60.95","4549.05",4147
"7073-QETQY",66,"One year",True,"Electronic check","20.35","1359.50",4845
"5624-RYAMH",9,"Month-to-month",True,"Electronic check","19.50","178.85",4283
"0196-JTUQI",9,"Month-to-month",True,"Credit card (automatic)","75.20","633.85",5841
"7130-YXBRO",48,"Month-to-month",True,"Bank transfer (automatic)","111.45","5315.10",2319
"9272-LSVYH",10,"Month-to-month",False,"Mailed check","70.15","735.50",3963
"3084-DOWLE",72,"Two year",False,"Bank transfer (automatic)","92.00","6474.40",6434
"1084-MNSMJ",51,"Two year",False,"Credit card (automatic)","85.50","4421.95",6261
"4238-HFHSN",61,"Month-to-month",True,"Electronic check","82.15","4904.85",4250
"6250-CGGUN",54,"One year",False,"Electronic check","84.40","4484.05",4154
"5478-JJVZK",33,"Month-to-month",True,"Mailed check","60.90","2033.85",3009
"7596-IIWYC",27,"Two year",True,"Bank transfer (automatic)","20.25","538.20",5250
"9793-WECQC",23,"Month-to-month",False,"Mailed check","95.30","2192.90",5029
"4291-HPAXL",1,"Month-to-month",False,"Mailed check","19.85","19.85",4840
"8999-YPYBV",45,"Two year",True,"Mailed check","84.35","3858.05",3403
"1839-FBNFR",39,"Two year",True,"Bank transfer (automatic)","19.85","854.80",3032
"3071-MVJCD",72,"Two year",False,"Bank transfer (automatic)","82.30","5815.15",4162
"1697-BCSHV",58,"Month-to-month",True,"Bank transfer (automatic)","66.80","3970.40",6433
"0562-KBDVM",70,"Two year",True,"Bank transfer (automatic)","44.60","3058.15",4442
"1131-SUEKT",61,"One year",True,"Bank transfer (automatic)","98.45","6145.20",4000
"3717-OEAUQ",2,"Month-to-month",False,"Mailed check","70.70","129.20",2388
"4538-WNTMJ",46,"One year",False,"Mailed check","24.95","1165.90",3979
"9432-RUVSL",48,"Two year",True,"Credit card (automatic)","102.50","4904.25",3262
"8060-HIWJJ",64,"Two year",False,"Credit card (automatic)","86.55","5632.55",4934
"7684-XSZIY",72,"Two year",False,"Bank transfer (automatic)","24.30","1643.25",5160
"9089-UOWJG",12,"Month-to-month",True,"Credit card (automatic)","58.35","740.55",5068
"8039-ACLPL",72,"Two year",False,"Credit card (automatic)","68.75","4888.20",4505
"9885-AIBVB",29,"Month-to-month",True,"Electronic check","85.80","2440.25",2568
"1934-MKPXS",33,"One year",False,"Credit card (automatic)","20.10","620.55",3636
"2592-YKDIF",1,"Month-to-month",False,"Mailed check","20.35","20.35",5774
"2272-JKMSI",62,"One year",True,"Electronic check","110.80","6840.95",4306
"8714-CTZJW",4,"Month-to-month",True,"Credit card (automatic)","82.85","319.60",3154
"3569-EDBPQ",24,"Month-to-month",True,"Electronic check","84.35","1938.05",2198
"3131-NWVFJ",14,"One year",False,"Mailed check","19.55","294.50",5620
"7521-YXVZY",3,"Month-to-month",False,"Mailed check","19.95","58.30",4430
"2373-NTKOD",8,"Month-to-month",True,"Electronic check","66.25","546.45",3026
"1970-KKFWL",35,"Two year",False,"Bank transfer (automatic)","23.30","797.10",2416
"9337-SRRNI",66,"Two year",True,"Credit card (automatic)","25.30","1673.80",6019
"0895-UADGO",8,"Two year",True,"Mailed check","44.55","343.45",5489
"5678-VFNEQ",71,"One year",True,"Credit card (automatic)","104.10","7412.25",4695
"5977-CKHON",43,"Month-to-month",True,"Bank transfer (automatic)","92.55","4039.00",3853
"2692-BUCFV",29,"Month-to-month",True,"Bank transfer (automatic)","101.45","2948.60",5285
"1830-GGFNM",65,"Two year",False,"Credit card (automatic)","94.55","6078.75",4603
"5302-BDJNT",35,"Month-to-month",False,"Electronic check","95.50","3418.20",3715
"5223-UZAVK",64,"One year",True,"Credit card (automatic)","100.30","6603.80",4986
"4859-ZSRDZ",58,"Two year",True,"Credit card (automatic)","55.50","3166.90",4080
"5651-WYIPH",18,"Month-to-month",True,"Credit card (automatic)","49.85","865.75",3283
"9350-VLHMB",67,"Month-to-month",True,"Bank transfer (automatic)","89.55","6373.10",6111
"3498-LZGQZ",63,"Two year",True,"Mailed check","19.15","1177.05",6373
"8785-CJSHH",60,"Month-to-month",True,"Electronic check","99.80","5985.75",6213
"3870-SPZSI",70,"Two year",True,"Credit card (automatic)","113.05","7869.05",4203
"6234-PFPXL",22,"Month-to-month",False,"Credit card (automatic)","95.90","2234.95",3207
"7560-QRBXH",48,"One year",False,"Mailed check","19.95","936.70",3396
"7077-XJMET",12,"Month-to-month",True,"Electronic check","74.15","741.40",5426
"8752-GHJFU",71,"One year",True,"Electronic check","92.00","6585.20",4322
"6896-SRVYQ",44,"Month-to-month",False,"Electronic check","73.85","3122.40",4374
"4652-ODEVH",45,"Two year",False,"Mailed check","24.45","1088.25",3586
"6510-UPNKS",23,"One year",False,"Credit card (automatic)","24.80","615.35",4402
"6718-BDGHG",43,"One year",True,"Bank transfer (automatic)","64.85","2908.20",4000
"9046-DQMTP",35,"Month-to-month",False,"Bank transfer (automatic)","20.75","739.90",5876
"6439-LAJXL",9,"Month-to-month",True,"Mailed check","68.95","593.85",2452
"9052-VKDUW",65,"Month-to-month",True,"Credit card (automatic)","109.40","7227.45",4452
"1666-JZPZT",27,"Month-to-month",False,"Mailed check","49.00","1291.35",5428
"5777-KJIRB",40,"One year",True,"Mailed check","50.25","2023.55",2449
"7677-SJJJK",8,"One year",False,"Credit card (automatic)","19.90","153.95",3152
"2480-EJWYP",58,"One year",True,"Bank transfer (automatic)","97.80","5458.80",6019
"3253-HKOKL",52,"One year",False,"Electronic check","100.30","5244.45",4811
"7055-HNEOJ",3,"Month-to-month",True,"Mailed check","55.80","154.55",2662
"5514-YQENT",41,"Two year",True,"Electronic check","111.15","4507.15",5038
"3211-AAPKX",20,"Month-to-month",True,"Mailed check","98.55","2031.95",3300
"8445-DNBAE",1,"Month-to-month",True,"Electronic check","50.05","50.05",5523
"2958-NHPPS",23,"Month-to-month",False,"Electronic check","20.85","473.90",4263
"6806-YDEUL",6,"Month-to-month",False,"Bank transfer (automatic)","19.50","106.80",3288
"1735-XMJVH",8,"Month-to-month",True,"Mailed check","19.35","152.60",5416
"6890-PFRQX",18,"Month-to-month",False,"Mailed check","69.50","1199.40",4466
"0222-CNVPT",52,"Month-to-month",True,"Credit card (automatic)","48.80","2555.05",4865
"5899-OUVKV",31,"Month-to-month",True,"Electronic check","94.50","2979.20",3949
"8681-ICONS",29,"Month-to-month",True,"Mailed check","20.65","654.85",4667
"1621-YNCJH",36,"Two year",True,"Credit card (automatic)","106.05","3834.40",4505
"6362-QHAFM",42,"One year",True,"Electronic check","108.30","4586.15",5106
"9824-QCJPK",36,"One year",False,"Mailed check","20.00","666.75",4175
"4283-IVYCI",9,"Month-to-month",False,"Mailed check","64.95","547.80",3013
"1866-OBPNR",1,"Month-to-month",False,"Credit card (automatic)","74.60","74.60",5494
"8205-MQUGY",12,"Month-to-month",True,"Electronic check","49.20","571.15",3582
"8970-ANWXO",23,"One year",True,"Mailed check","73.75","1756.60",3483
"9480-BQJEI",62,"One year",True,"Bank transfer (automatic)","92.30","5731.45",6468
"6979-TNDEU",8,"Month-to-month",False,"Mailed check","19.20","156.85",2879
"9777-WJJPR",31,"Month-to-month",False,"Credit card (automatic)","88.65","2683.20",4821
"9495-SKLKD",45,"Month-to-month",True,"Bank transfer (automatic)","95.95","4456.65",5322
"6048-UWKAL",69,"Two year",False,"Credit card (automatic)","105.40","6998.95",5467
"5067-DGXLL",2,"Month-to-month",False,"Mailed check","20.25","36.80",5736
"6281-FKEWS",44,"One year",True,"Electronic check","49.05","2265.00",3910
"8898-KASCD",39,"One year",False,"Mailed check","35.55","1309.15",3752
"9242-TKFSV",72,"Two year",True,"Credit card (automatic)","65.10","4754.30",4969
"9290-SHCMB",13,"Month-to-month",True,"Electronic check","96.85","1235.55",3098
"0743-HNPFG",51,"One year",True,"Credit card (automatic)","69.75","3562.50",5628
"2277-BKJKN",71,"Two year",True,"Electronic check","99.20","7213.75",4951
"5035-PGZXH",56,"One year",True,"Electronic check","106.80","5914.40",6161
"8695-WDYEA",1,"Month-to-month",False,"Mailed check","51.25","51.25",4483
"6543-JXSOO",23,"One year",True,"Mailed check","57.75","1282.85",3794
"8016-ZMGMO",66,"One year",True,"Bank transfer (automatic)","70.85","4738.85",5572
"8605-ITULD",1,"Month-to-month",False,"Mailed check","19.55","19.55",5750
"6416-YJTTB",11,"Month-to-month",True,"Bank transfer (automatic)","79.50","795.65",2278
"4472-VESGY",52,"Month-to-month",False,"Bank transfer (automatic)","98.15","4993.40",5123
"3195-TQDZX",3,"Month-to-month",True,"Electronic check","20.25","61.45",4050
"3128-YOVTD",51,"Month-to-month",True,"Bank transfer (automatic)","79.15","4018.55",6321
"1728-CXQBE",64,"Month-to-month",True,"Electronic check","94.25","6081.40",6020
"7041-TXQJH",37,"Month-to-month",True,"Credit card (automatic)","40.20","1478.85",5924
"5014-GSOUQ",13,"Two year",False,"Mailed check","19.95","243.65",2884
"5724-BIDBU",49,"One year",True,"Electronic check","55.35","2633.95",5601
"0481-SUMCB",45,"One year",True,"Bank transfer (automatic)","102.15","4735.35",5391
"1769-GRUIK",18,"Month-to-month",True,"Electronic check","71.10","1247.75",4911
"8819-WFGGJ",68,"Two year",True,"Bank transfer (automatic)","54.10","3794.50",4601
"7427-AUFPY",54,"Two year",False,"Credit card (automatic)","19.65","1008.70",5708
"2811-POVEX",23,"Month-to-month",True,"Bank transfer (automatic)","88.45","2130.55",3937
"7898-PDWQE",71,"Two year",False,"Credit card (automatic)","80.40","5727.15",5228
"9972-EWRJS",67,"Two year",True,"Bank transfer (automatic)","19.25","1372.90",5154
"9314-IJWSQ",14,"Month-to-month",True,"Electronic check","84.80","1203.90",2452
"5799-JRCZO",63,"Two year",False,"Credit card (automatic)","19.50","1215.10",4370
"1921-KYSAY",41,"One year",True,"Electronic check","68.60","2877.05",4572
"6198-RTPMF",17,"Month-to-month",False,"Electronic check","92.60","1579.70",4756
"2924-KHUVI",56,"One year",True,"Electronic check","100.55","5514.95",4847
"1925-GMVBW",5,"Month-to-month",False,"Credit card (automatic)","20.55","96.10",5967
"6184-DYUOB",3,"Month-to-month",True,"Mailed check","19.60","55.25",2941
"9207-ZPANB",37,"One year",False,"Electronic check","67.45","2443.30",5042
"9327-QSDED",8,"Month-to-month",False,"Mailed check","43.55","335.40",3266
"1656-DRSMG",63,"Month-to-month",True,"Credit card (automatic)","109.85","7002.95",5775
"3012-VFFMN",7,"Month-to-month",False,"Mailed check","20.65","158.95",4058
"2984-AFWNC",3,"Month-to-month",False,"Electronic check","95.40","293.15",2813
"0640-YJTPY",72,"Two year",False,"Bank transfer (automatic)","21.00","1493.75",4974
"8096-LOIST",19,"Month-to-month",True,"Electronic check","56.20","1093.40",3384
"9764-REAFF",59,"Two year",False,"Bank transfer (automatic)","18.40","1057.85",4375
"7107-UBYKY",35,"Month-to-month",True,"Electronic check","25.75","882.55",4194
"4881-GQJTW",14,"Month-to-month",False,"Credit card (automatic)","19.60","300.40",2847
"7876-DNYAP",69,"Two year",False,"Credit card (automatic)","19.80","1436.95",5423
"7905-NJMXS",7,"Month-to-month",False,"Electronic check","64.20","475.00",5116
"2882-WDTBA",69,"Two year",True,"Bank transfer (automatic)","75.75","5388.15",5839
"2091-GPPIQ",72,"Two year",True,"Electronic check","78.95","5730.15",5050
"5071-FBJFS",4,"Month-to-month",False,"Electronic check","50.30","217.10",3147
"2796-UUZZO",63,"Month-to-month",True,"Credit card (automatic)","80.30","4896.35",5157
"2429-AYKKO",72,"Two year",False,"Bank transfer (automatic)","19.85","1434.10",4790
"9798-OPFEM",46,"Two year",True,"Electronic check","21.10","937.10",4791
"3794-NFNCH",30,"Month-to-month",True,"Mailed check","50.00","1474.90",4715
"5193-QLVZB",63,"Two year",True,"Bank transfer (automatic)","104.75","6536.50",5882
"7114-AEOZE",60,"Two year",False,"Bank transfer (automatic)","19.85","1128.10",6213
"5522-NYKPB",25,"Month-to-month",False,"Electronic check","85.90","2199.05",3153
"9957-YODKZ",6,"Month-to-month",True,"Electronic check","80.80","457.10",5611
"6518-KZXCB",22,"Two year",False,"Mailed check","25.25","566.50",3403
"2245-ADZFJ",31,"Two year",False,"Bank transfer (automatic)","80.55","2471.60",3491
"7776-QGYJC",39,"Month-to-month",True,"Bank transfer (automatic)","81.50","3107.30",2042
"9313-QOLTZ",26,"Month-to-month",False,"Mailed check","20.90","518.30",5895
"4672-FOTSD",12,"Month-to-month",True,"Electronic check","67.25","832.30",4334
"9818-XQCUV",2,"Month-to-month",False,"Mailed check","20.35","45.30",5994
"7338-ERIVA",39,"One year",False,"Bank transfer (automatic)","45.05","1790.60",4003
"8259-NFJTV",7,"Month-to-month",False,"Mailed check","34.65","246.60",5996
"3223-DWFIO",4,"Month-to-month",False,"Electronic check","69.35","261.65",4140
"6968-GMKPR",55,"Month-to-month",True,"Electronic check","81.55","4509.50",5167
"4751-ERMAN",72,"Two year",True,"Bank transfer (automatic)","75.40","5480.25",4171
"1436-ZMJAN",10,"Month-to-month",True,"Credit card (automatic)","67.80","653.15",2709
"3292-PBZEJ",11,"Month-to-month",True,"Electronic check","111.40","1183.05",3175
"0799-DDIHE",15,"Month-to-month",False,"Electronic check","46.30","639.45",3103
"3070-FNFZQ",23,"Two year",False,"Bank transfer (automatic)","20.40","478.75",4698
"2812-SFXMJ",1,"Month-to-month",False,"Mailed check","20.05","20.05",4221
"5014-WUQMG",47,"One year",True,"Electronic check","96.10","4391.45",5793
"5312-TSZVC",15,"One year",False,"Mailed check","19.65","270.60",4818
"0993-OSGPT",68,"One year",True,"Bank transfer (automatic)","60.65","3975.90",6418
"7108-DGVUU",21,"One year",False,"Bank transfer (automatic)","71.70","1497.05",2784
"2782-JEEBU",21,"Month-to-month",True,"Mailed check","36.00","780.15",3378
"5127-BZENZ",56,"One year",False,"Bank transfer (automatic)","65.20","3512.15",4775
"2720-FVBQP",6,"Month-to-month",True,"Credit card (automatic)","48.95","273.25",3061
"9906-NHHVC",65,"Two year",True,"Bank transfer (automatic)","53.50","3517.90",5693
"4522-XRWWI",42,"One year",False,"Credit card (automatic)","80.45","3375.90",4397
"3766-EJLFL",68,"Two year",True,"Bank transfer (automatic)","109.05","7508.55",6391
"5939-SXWHM",48,"Two year",False,"Bank transfer (automatic)","26.30","1245.05",2111
"8152-UOBNY",50,"One year",True,"Electronic check","106.80","5347.95",5746
"7351-KYHQH",7,"Month-to-month",True,"Electronic check","64.95","493.65",4615
"7643-RCHXS",63,"Two year",False,"Electronic check","19.35","1263.85",4566
"8246-SHFGA",17,"Month-to-month",False,"Credit card (automatic)","21.10","385.55",2842
"0620-XEFWH",4,"Month-to-month",False,"Mailed check","18.85","84.20",5279
"6485-QXWWE",62,"Two year",False,"Bank transfer (automatic)","26.00","1638.70",4535
"7321-VGNKU",2,"Month-to-month",True,"Electronic check","70.35","120.25",4917
"5327-CNLUQ",48,"Two year",True,"Bank transfer (automatic)","96.90","4473.45",2613
"7552-KEYGT",27,"Two year",False,"Bank transfer (automatic)","19.55","520.55",4430
"5816-JMLGY",70,"Two year",True,"Bank transfer (automatic)","80.40","5717.85",6367
"2927-QRRQV",46,"One year",True,"Electronic check","94.65","4312.50",4120
"6265-SXWBU",69,"One year",False,"Credit card (automatic)","95.75","6511.25",5561
"7941-RCJOW",65,"Two year",True,"Credit card (automatic)","19.55","1218.65",4309
"6374-NTQLP",72,"Two year",True,"Credit card (automatic)","104.10","7447.70",5092
"2387-KDZQY",17,"One year",True,"Mailed check","20.10","279.50",2185
"3584-WKTTW",51,"One year",True,"Electronic check","111.55","5720.35",4053
"3399-BMLVW",51,"Two year",False,"Credit card (automatic)","60.50","3121.45",4994
"1971-DTCZB",72,"Two year",True,"Bank transfer (automatic)","90.95","6468.60",6091
"3374-PZLXD",34,"Month-to-month",False,"Mailed check","19.70","675.60",4136
"3813-DHBBB",67,"Two year",True,"Bank transfer (automatic)","50.95","3521.70",6395
"2812-REYAT",49,"One year",True,"Bank transfer (automatic)","20.05","923.10",5579
"6518-PPLMZ",53,"Two year",True,"Mailed check","19.40","1110.35",4497
"4939-KYYPY",27,"Month-to-month",False,"Electronic check","59.45","1611.65",4818
"5930-GBIWP",69,"Two year",True,"Credit card (automatic)","81.50","5553.25",5286
"6022-KOUQO",2,"Month-to-month",False,"Bank transfer (automatic)","29.05","44.75",4998
"2361-UPSND",46,"One year",False,"Mailed check","70.60","3231.05",5433
"6035-RIIOM",54,"Two year",True,"Bank transfer (automatic)","97.20","5129.45",4971
"9504-DSHWM",20,"Month-to-month",False,"Bank transfer (automatic)","59.20","1191.20",5924
"5035-BVCXS",11,"Month-to-month",True,"Mailed check","75.90","866.40",4278
"6267-DCFFZ",30,"Month-to-month",True,"Electronic check","90.05","2627.20",3792
"3533-UVMOM",68,"Two year",False,"Bank transfer (automatic)","70.95","4741.45",5036
"2439-LYPMQ",38,"Month-to-month",True,"Electronic check","102.60","4009.20",5469
"1478-VPOAD",1,"Month-to-month",False,"Electronic check","43.80","43.80",4633
"9995-HOTOH",63,"Two year",False,"Electronic check","59.00","3707.60",5639
"2988-PLAHS",3,"One year",True,"Electronic check","69.95","220.45",2754
"1371-OJCEK",48,"One year",False,"Bank transfer (automatic)","24.35","1133.70",4200
"4999-IEZLT",66,"One year",False,"Credit card (automatic)","29.45","1983.15",5112
"8883-ANODQ",68,"Two year",True,"Credit card (automatic)","84.40","5746.75",5045
"2351-RRBUE",7,"One year",False,"Mailed check","20.65","134.05",3575
"5980-BDHPY",72,"Two year",True,"Bank transfer (automatic)","87.10","6230.10",5993
"1498-DQNRX",29,"Month-to-month",False,"Mailed check","19.85","573.05",2712
"9469-WEJBT",37,"Month-to-month",True,"Electronic check","90.35","3419.30",3347
"2581-VKIRT",59,"One year",False,"Mailed check","65.50","3801.30",5631
"7426-WEIJX",60,"Month-to-month",True,"Electronic check","80.95","4859.10",6214
"2851-MMUTZ",27,"Month-to-month",True,"Mailed check","56.15","1439.35",3056
"3307-TLCUD",17,"Month-to-month",False,"Mailed check","34.40","592.75",4207
"6625-FLENO",58,"Two year",False,"Mailed check","20.75","1185.95",4927
"2967-MXRAV",1,"One year",False,"Mailed check","18.80","18.80",5160
"8189-HBVRW",53,"Month-to-month",False,"Electronic check","90.80","4921.20",5249
"4163-KIUHY",35,"Month-to-month",True,"Electronic check","25.60","901.25",2980
"3500-NSDOA",68,"Two year",False,"Credit card (automatic)","70.80","4859.95",5540
"1171-TYKUR",47,"Month-to-month",False,"Electronic check","25.40","1139.20",3159
"3761-FLYZI",65,"Month-to-month",True,"Bank transfer (automatic)","108.80","7082.45",5225
"1219-NNDDO",9,"Month-to-month",True,"Electronic check","76.85","663.55",4834
"8388-DMKAE",8,"Two year",False,"Mailed check","20.25","174.65",2653
"4403-BWPAY",14,"One year",True,"Credit card (automatic)","24.80","321.70",4527
"9659-QEQSY",45,"Month-to-month",True,"Electronic check","115.65","5125.50",3974
"5405-ZMYXQ",8,"Month-to-month",True,"Credit card (automatic)","74.60","548.90",2142
"1442-OKRJE",66,"One year",True,"Bank transfer (automatic)","103.15","7031.30",4663
"4737-AQCPU",72,"Two year",False,"Credit card (automatic)","72.10","5016.65",4658
"2808-CHTDM",23,"Two year",False,"Mailed check","25.10","611.45",2267
"0793-TWELN",4,"Month-to-month",True,"Electronic check","80.15","319.85",2841
"3283-WCWXT",6,"Two year",False,"Mailed check","25.40","153.30",2882
"1060-ENTOF",67,"One year",True,"Credit card (automatic)","105.40","7035.60",5703
"0999-QXNSA",7,"Month-to-month",True,"Mailed check","45.75","344.20",3779
"5451-MHQOF",56,"One year",True,"Mailed check","24.45","1431.65",5623
"4836-WNFNO",72,"Two year",False,"Credit card (automatic)","25.00","1849.20",6126
"9225-BZLNZ",72,"Two year",True,"Electronic check","85.25","6083.10",6275
"0354-VXMJC",23,"Two year",False,"Credit card (automatic)","19.60","426.65",4617
"4422-QVIJA",35,"Month-to-month",False,"Mailed check","50.15","1655.35",5879
"9365-SRSZE",27,"Month-to-month",True,"Electronic check","70.55","1943.90",2534
"8332-OSJDW",12,"One year",False,"Mailed check","26.40","314.95",3277
"4735-BJKOU",40,"Two year",False,"Mailed check","20.15","804.85",3915
"0274-JKUJR",7,"Month-to-month",False,"Mailed check","58.85","465.70",3332
"5740-YHGTW",70,"Month-to-month",True,"Credit card (automatic)","97.55","6669.05",4551
"8917-SZTTJ",60,"Two year",False,"Credit card (automatic)","19.65","1161.75",6315
"1696-MZVAU",39,"One year",True,"Credit card (automatic)","25.25","947.75",4259
"7359-WWYJV",72,"Two year",False,"Credit card (automatic)","114.45","8375.05",6274
"4906-ZHGPK",54,"One year",True,"Electronic check","70.70","3770.00",5276
"3795-GWTRD",63,"Two year",False,"Credit card (automatic)","75.55","4707.85",4626
"1298-PHBTI",71,"Two year",True,"Electronic check","84.80","6152.40",5952
"6223-DHJGV",42,"One year",True,"Mailed check","20.65","958.10",5956
"6961-MJKBO",47,"Two year",False,"Bank transfer (automatic)","20.45","943.00",4342
"8158-WPEZG",11,"Month-to-month",True,"Electronic check","35.65","425.10",4986
"4918-FYJNT",55,"Month-to-month",False,"Electronic check","90.45","5044.80",5140
"0727-BNRLG",69,"Two year",True,"Credit card (automatic)","97.65","6743.55",5709
"4854-CIDCF",3,"Month-to-month",False,"Electronic check","73.85","196.40",2868
"3280-MRDOF",30,"Two year",True,"Credit card (automatic)","69.10","2093.90",3415
"6435-SRWBJ",5,"Month-to-month",True,"Electronic check","82.75","417.75",5269
"9964-WBQDJ",71,"Two year",True,"Credit card (automatic)","24.40","1725.40",4412
"6303-KFWSL",29,"One year",True,"Electronic check","55.25","1620.20",5481
"1702-CCFNJ",52,"Month-to-month",False,"Bank transfer (automatic)","61.35","3169.55",4729
"8932-CZHRQ",68,"One year",False,"Credit card (automatic)","76.75","5233.25",5395
"0386-CWRGM",46,"Two year",False,"Mailed check","19.40","967.85",2320
"5515-RUGKN",8,"Month-to-month",True,"Credit card (automatic)","54.75","438.05",5317
"0404-AHASP",72,"Two year",False,"Credit card (automatic)","19.70","1421.90",6436
"7279-NMVJC",17,"One year",False,"Bank transfer (automatic)","19.90","323.15",2093
"2081-VEYEH",3,"Month-to-month",True,"Electronic check","107.95","318.60",5653
"6407-UTSLV",2,"Month-to-month",True,"Bank transfer (automatic)","83.80","163.70",2885
"9060-HJJRW",51,"One year",True,"Credit card (automatic)","56.40","2928.50",4380
"2587-YNLES",6,"Two year",False,"Mailed check","20.10","100.35",5874
"7398-SKNQZ",3,"Month-to-month",False,"Electronic check","94.90","273.20",2330
"5935-FCCNB",17,"Month-to-month",True,"Electronic check","94.20","1608.15",4425
"1958-RNRKS",30,"Month-to-month",False,"Electronic check","49.90","1441.95",3712
"5136-RGMZO",31,"Month-to-month",True,"Electronic check","71.05","2168.15",4443
"8345-MVDYC",45,"Two year",False,"Bank transfer (automatic)","81.65","3618.70",5937
"8226-BXGES",64,"One year",False,"Bank transfer (automatic)","89.45","5692.65",5519
"9705-IOVQQ",61,"One year",False,"Electronic check","99.00","5969.30",5177
"1015-OWJKI",1,"Month-to-month",False,"Mailed check","19.05","19.05",5279
"2040-XBAVJ",72,"Two year",False,"Bank transfer (automatic)","114.45","8100.55",4700
"8887-IPQNC",7,"Month-to-month",True,"Mailed check","44.25","313.45",5014
"8646-JCOMS",66,"One year",True,"Bank transfer (automatic)","90.55","6130.95",4958
"1222-KJNZD",40,"Month-to-month",True,"Bank transfer (automatic)","20.40","745.30",5918
"0106-GHRQR",16,"Month-to-month",True,"Bank transfer (automatic)","71.40","1212.10",3360
"3768-VHXQO",67,"Two year",False,"Credit card (automatic)","24.85","1583.50",4833
"8952-WCVCD",41,"One year",True,"Bank transfer (automatic)","104.45","4162.05",2719
"2418-TPEUN",56,"Two year",True,"Credit card (automatic)","19.80","1119.90",4681
"3963-RYFNS",72,"Two year",True,"Bank transfer (automatic)","116.45","8013.55",5567
"8540-ZQGEA",54,"Two year",False,"Credit card (automatic)","20.05","1102.40",4212
"1320-REHCS",52,"Month-to-month",True,"Electronic check","110.75","5832.00",4993
"4137-JOPHL",50,"Two year",True,"Bank transfer (automatic)","89.70","4304.50",5306
"7801-CEDNV",27,"One year",False,"Credit card (automatic)","48.70","1421.75",3560
"2057-BOYKM",72,"Two year",True,"Bank transfer (automatic)","96.60","6827.50",5153
"3658-QQJYD",62,"One year",True,"Credit card (automatic)","74.30","4698.05",5974
"1803-BGNBD",12,"Month-to-month",True,"Electronic check","54.30","654.50",3854
"0134-XWXCE",44,"One year",False,"Bank transfer (automatic)","74.85","3268.05",3253
"6950-TWMYB",54,"Two year",True,"Bank transfer (automatic)","79.95","4362.05",4387
"5848-FHRFC",68,"Two year",False,"Bank transfer (automatic)","20.05","1386.90",5740
"2243-FNMMI",20,"Month-to-month",False,"Mailed check","19.40","415.40",4958
"2511-MORQY",50,"One year",False,"Bank transfer (automatic)","54.90","2614.10",4322
"5356-KZCKT",58,"Two year",True,"Credit card (automatic)","24.45","1513.60",6490
"9470-XCCEM",35,"Month-to-month",True,"Bank transfer (automatic)","89.65","3161.60",2622
"6519-CFDBX",2,"Month-to-month",True,"Electronic check","45.40","80.95",4964
"3902-MIVLE",63,"Two year",False,"Mailed check","75.70","4676.70",5113
"0409-WTMPL",58,"One year",True,"Credit card (automatic)","110.65","6526.65",4761
"8763-KIAFH",27,"One year",True,"Mailed check","20.55","583.30",2269
"3669-WHAFY",71,"Two year",True,"Credit card (automatic)","115.15","8078.10",4144
"3055-VTCGS",63,"One year",False,"Credit card (automatic)","58.55","3503.50",6312
"3144-KMTWZ",71,"Month-to-month",True,"Bank transfer (automatic)","93.25","6669.45",6035
"2007-QVGAW",68,"Two year",True,"Bank transfer (automatic)","19.35","1292.65",6303
"5207-PLSTK",1,"Month-to-month",True,"Mailed check","48.75","48.75",5068
"2307-FYNNL",65,"Two year",True,"Electronic check","109.05","7108.20",5692
"5605-XNWEN",72,"Two year",True,"Bank transfer (automatic)","25.00","1802.55",4055
"2155-AMQRX",28,"Month-to-month",True,"Credit card (automatic)","54.90","1505.15",2885
"6181-AXXYF",72,"Two year",False,"Credit card (automatic)","24.75","1859.10",4185
"5091-HFAZW",2,"Month-to-month",True,"Electronic check","91.15","168.50",2686
"2519-LBNQL",60,"One year",True,"Electronic check","104.35","6339.45",4040
"8623-ULFNQ",26,"Month-to-month",True,"Electronic check","66.05","1652.40",3225
"1568-LJSZU",68,"Two year",True,"Credit card (automatic)","92.20","6392.85",4451
"7789-HKSBS",42,"One year",True,"Bank transfer (automatic)","105.20","4599.15",5573
"7416-CKTEP",57,"Two year",True,"Bank transfer (automatic)","19.60","1134.25",6064
"2586-CWXVV",54,"Month-to-month",False,"Electronic check","30.40","1621.35",4778
"2348-KCJLT",44,"One year",True,"Mailed check","61.50","2722.20",2059
"8401-EMUWF",42,"Month-to-month",True,"Bank transfer (automatic)","69.40","3058.30",4701
"4193-IBKSW",72,"Two year",False,"Bank transfer (automatic)","24.75","1769.60",6232
"5377-NDTOU",71,"Two year",False,"Mailed check","91.05","6293.75",4644
"2474-LCNUE",23,"Month-to-month",True,"Credit card (automatic)","73.65","1642.75",2590
"0839-QNXME",30,"Two year",False,"Credit card (automatic)","19.40","578.50",3986
"3506-OVLKD",35,"One year",False,"Bank transfer (automatic)","26.20","954.90",4419
"6650-VJONK",1,"Month-to-month",True,"Bank transfer (automatic)","43.85","43.85",5913
"2178-PMGCJ",22,"Month-to-month",True,"Mailed check","69.70","1490.40",4838
"7492-TAFJD",7,"Two year",False,"Mailed check","38.55","280.00",3345
"2773-MADBQ",36,"Two year",True,"Mailed check","53.10","1901.25",2751
"6016-LVTJQ",34,"Month-to-month",False,"Mailed check","20.65","716.40",5099
"7860-KSUGX",72,"Two year",False,"Credit card (automatic)","64.45","4720.00",6330
"8966-KZXXA",36,"Two year",False,"Credit card (automatic)","25.10","930.95",3040
"5149-QYTTU",71,"One year",True,"Credit card (automatic)","95.15","6770.85",5647
"2070-XYMFH",23,"Month-to-month",True,"Mailed check","79.35","1835.30",3558
"2085-BOJKI",17,"One year",True,"Bank transfer (automatic)","96.65","1588.25",5228
"0817-HSUSE",1,"Month-to-month",True,"Electronic check","75.50","75.50",2954
"5442-PPTJY",12,"Two year",False,"Mailed check","19.70","258.35",5104
"1927-QEWMY",72,"Two year",False,"Credit card (automatic)","20.50","1502.25",6302
"1663-MHLHE",1,"Month-to-month",False,"Mailed check","19.20","19.20",4629
"5663-QBGIS",72,"Two year",False,"Bank transfer (automatic)","98.35","6929.40",6120
"4450-MDZFX",60,"Month-to-month",False,"Bank transfer (automatic)","74.35","4453.30",5100
"6701-DHKWQ",61,"Two year",False,"Credit card (automatic)","51.35","3244.40",4159
"7554-AKDQF",6,"Month-to-month",False,"Mailed check","45.65","323.45",4227
"0794-YVSGE",72,"Two year",False,"Bank transfer (automatic)","20.30","1401.15",5265
"5423-BHIXO",32,"Month-to-month",True,"Electronic check","54.20","1739.60",4454
"6908-VVYHM",65,"Month-to-month",True,"Electronic check","90.65","5931.00",6358
"2959-EEXWB",45,"Month-to-month",True,"Bank transfer (automatic)","50.90","2333.85",3937
"1839-UMACK",42,"One year",False,"Electronic check","25.05","949.85",3756
"3030-YDNRM",8,"Month-to-month",True,"Electronic check","74.85","572.45",5514
"7321-KKSDU",32,"Two year",False,"Mailed check","20.50","696.80",3114
"3402-XRIUO",22,"Month-to-month",True,"Mailed check","63.55","1381.80",2136
"8286-AFUYI",1,"Month-to-month",False,"Electronic check","47.95","47.95",5092
"8356-WUAOJ",1,"Month-to-month",True,"Electronic check","45.00","45.00",5669
"8058-DMYRU",54,"Month-to-month",True,"Electronic check","90.05","4931.80",5232
"9350-ZXYJC",4,"Two year",True,"Credit card (automatic)","25.30","116.95",3808
"8958-JPTRR",56,"One year",False,"Electronic check","24.30","1261.70",5052
"6959-GQEGV",45,"Month-to-month",True,"Electronic check","75.95","3273.80",2185
"3173-WSSUE",71,"Two year",False,"Credit card (automatic)","19.70","1415.85",5921
"1265-HVPZB",59,"One year",False,"Credit card (automatic)","66.40","3958.20",6432
"4115-UMJFQ",69,"One year",True,"Bank transfer (automatic)","35.75","2492.25",4043
"7369-TRPFD",19,"One year",False,"Mailed check","18.80","279.20",2916
"1098-KFQEC",55,"Two year",False,"Credit card (automatic)","19.40","1083.00",5366
"7190-XHTWJ",38,"One year",False,"Mailed check","19.30","755.50",4705
"3537-RYBHH",47,"Month-to-month",True,"Credit card (automatic)","67.45","3252.00",4074
"5296-BFCYD",46,"Two year",True,"Mailed check","20.10","936.85",3392
"9359-JANWS",65,"Two year",False,"Credit card (automatic)","58.90","3857.10",5657
"3279-DYZQM",71,"Two year",False,"Mailed check","19.45","1378.45",5497
"0523-VNGTF",52,"Month-to-month",True,"Electronic check","50.50","2566.30",5185
"9575-IWCAZ",6,"One year",False,"Mailed check","25.10","171.00",5161
"7105-MXJLL",26,"One year",False,"Mailed check","60.70","1597.40",2502
"7064-FRRSW",48,"One year",True,"Electronic check","99.00","4744.35",3061
"7940-UQQUG",64,"One year",True,"Bank transfer (automatic)","104.40","6721.60",5133
"3961-SXAXY",1,"Month-to-month",True,"Bank transfer (automatic)","44.05","44.05",5925
"7010-BRBUU",72,"Two year",False,"Credit card (automatic)","24.10","1734.65",4264
"3566-HJGPK",1,"Month-to-month",True,"Mailed check","45.55","45.55",3173
"3062-ICYZQ",51,"Month-to-month",True,"Electronic check","93.80","4539.35",5457
"9938-PRCVK",41,"Two year",False,"Bank transfer (automatic)","19.70","804.25",2902
"0973-KYVNF",72,"Two year",True,"Credit card (automatic)","70.65","5011.15",5176
"5129-HHMZC",43,"Two year",False,"Credit card (automatic)","86.45","3574.50",3110
"9637-CDTKZ",72,"Two year",True,"Credit card (automatic)","114.10","8086.40",4965
"3946-JEWRQ",47,"One year",True,"Credit card (automatic)","95.20","4563.00",4977
"7873-CVMAW",72,"Two year",False,"Credit card (automatic)","88.55","6362.35",6468
"0463-WZZKO",3,"Month-to-month",True,"Credit card (automatic)","20.75","67.10",2406
"4524-QCSSM",26,"Month-to-month",True,"Bank transfer (automatic)","44.65","1156.55",4512
"5832-EXGTT",29,"Month-to-month",True,"Mailed check","60.20","1834.15",5517
"2039-JONDJ",27,"One year",False,"Bank transfer (automatic)","55.45","1477.65",3616
"7217-JYHOQ",24,"Month-to-month",True,"Credit card (automatic)","70.30","1706.45",3359
"6695-FRVEC",67,"Two year",True,"Bank transfer (automatic)","60.40","3953.70",5356
"9894-QMIMJ",23,"One year",False,"Bank transfer (automatic)","55.80","1327.85",2499
"8069-YQQAJ",14,"Month-to-month",True,"Mailed check","31.10","419.70",3448
"1636-NTNCO",4,"Month-to-month",True,"Credit card (automatic)","50.95","207.35",2104
"3466-WAESX",16,"Month-to-month",True,"Electronic check","69.10","1083.70",5172
"9281-PKKZE",46,"Month-to-month",True,"Electronic check","43.95","2007.85",4818
"3638-VBZTA",68,"Two year",True,"Bank transfer (automatic)","86.50","5882.75",4280
"7459-IMVYU",38,"Month-to-month",False,"Electronic check","69.95","2657.55",5858
"8563-OYMQY",17,"Month-to-month",True,"Credit card (automatic)","90.95","1612.20",5687
"0754-EEBDC",4,"Two year",False,"Mailed check","19.90","76.65",2347
"5777-ZPQNC",12,"One year",False,"Electronic check","20.15","260.70",4628
"1951-IEYXM",72,"Two year",True,"Credit card (automatic)","90.60","6441.85",4528
"3318-NMQXL",3,"Month-to-month",True,"Electronic check","92.00","266.80",4345
"1022-RKXDR",41,"One year",True,"Mailed check","24.85","962.25",3089
"2361-FJWNO",40,"One year",False,"Credit card (automatic)","36.00","1382.90",5323
"2272-UOINI",7,"Month-to-month",True,"Electronic check","78.50","571.05",3601
"8232-UTFOZ",69,"Two year",False,"Credit card (automatic)","19.95","1399.35",4328
"3750-YHRYO",7,"One year",False,"Mailed check","20.65","150.00",2874
"6637-KYRCV",5,"Month-to-month",True,"Electronic check","30.50","167.20",5973
"5668-MEISB",72,"Two year",False,"Credit card (automatic)","106.10","7657.40",5146
"0129-QMPDR",44,"One year",True,"Bank transfer (automatic)","20.50","865.05",3093
"7188-CBBBA",65,"One year",True,"Electronic check","95.50","6153.85",6153
"5356-CSVSQ",3,"Month-to-month",False,"Electronic check","64.60","174.20",5277
"3221-CJMSG",24,"Month-to-month",True,"Credit card (automatic)","51.10","1269.60",2515
"3219-JQRSL",72,"Two year",False,"Credit card (automatic)","89.10","6352.40",4627
"2801-NISEI",24,"Month-to-month",False,"Electronic check","54.95","1348.50",3407
"4623-ZKHLY",22,"Month-to-month",True,"Bank transfer (automatic)","20.45","471.55",3727
"6732-VAILE",70,"Two year",True,"Credit card (automatic)","85.95","5931.75",6354
"8201-AAXCB",25,"Month-to-month",False,"Electronic check","60.35","1404.65",3192
"7696-CFTAT",37,"Two year",False,"Bank transfer (automatic)","19.80","726.10",2745
"1845-CSBRZ",22,"Month-to-month",False,"Bank transfer (automatic)","85.35","1961.60",2656
"2123-VSCOT",59,"Two year",True,"Bank transfer (automatic)","72.10","4194.85",6225
"2018-QKYGT",1,"Month-to-month",True,"Electronic check","81.05","81.05",4396
"2792-VPPET",3,"Month-to-month",True,"Electronic check","20.50","76.95",5296
"7409-JURKQ",53,"One year",True,"Bank transfer (automatic)","111.80","5809.75",5713
"3247-MHJKM",1,"Month-to-month",False,"Mailed check","20.20","20.20",3586
"1964-SVLEA",20,"One year",True,"Mailed check","19.70","415.90",2860
"7297-DVYGA",51,"One year",True,"Bank transfer (automatic)","19.85","996.95",5089
"2239-CGBUZ",51,"One year",True,"Bank transfer (automatic)","60.50","3145.15",4207
"0854-UYHZD",13,"Two year",False,"Mailed check","19.55","265.30",2816
"7243-LCGGZ",1,"Month-to-month",False,"Mailed check","20.90","20.90",3901
"8267-KFGYD",1,"Month-to-month",True,"Mailed check","21.05","21.05",3389
"4890-VMUAV",63,"One year",False,"Electronic check","71.50","4576.30",5342
"9261-WDCAF",3,"Month-to-month",False,"Mailed check","54.65","189.10",2168
"3764-MNMOI",46,"Two year",False,"Credit card (automatic)","19.20","908.15",2776
"7442-YGZFK",1,"Month-to-month",True,"Credit card (automatic)","49.80","49.80",4796
"8229-BUJHX",71,"Two year",False,"Bank transfer (automatic)","20.50","1500.95",4941
"7449-HVPIV",55,"Month-to-month",True,"Credit card (automatic)","90.40","5099.15",4603
"5504-WSIUR",70,"One year",True,"Bank transfer (automatic)","90.25","6385.95",5327
"8466-PZBLH",67,"Two year",False,"Bank transfer (automatic)","104.60","6885.75",4743
"8735-IJJEG",14,"Month-to-month",False,"Credit card (automatic)","50.20","668.85",4253
"0564-MUUQK",20,"Month-to-month",True,"Bank transfer (automatic)","95.50","1916.20",3186
"0701-RFGFI",49,"Month-to-month",True,"Bank transfer (automatic)","95.40","4613.95",6136
"0019-EFAEP",72,"Two year",True,"Bank transfer (automatic)","101.30","7261.25",5513
"5619-PTMIK",46,"Month-to-month",False,"Electronic check","53.10","2459.80",3358
"3737-XBQDD",24,"Month-to-month",True,"Bank transfer (automatic)","84.85","2048.80",2941
"5882-CMAZQ",5,"Month-to-month",False,"Electronic check","34.25","163.55",5100
"5846-QFDFI",33,"Month-to-month",False,"Credit card (automatic)","88.60","2888.70",3648
"4445-KWOKW",42,"One year",True,"Bank transfer (automatic)","60.15","2421.60",5988
"3511-APPBJ",23,"One year",True,"Credit card (automatic)","99.95","2292.75",3515
"7967-HYCDE",8,"Month-to-month",False,"Bank transfer (automatic)","70.70","553.40",4946
"2430-RRYUW",66,"One year",True,"Mailed check","54.80","3465.70",4621
"3723-BFBGR",24,"Month-to-month",False,"Credit card (automatic)","54.80","1291.30",4330
"5447-WZAFP",53,"One year",True,"Mailed check","100.30","5200.80",5377
"5110-CHOPY",60,"Two year",False,"Electronic check","53.60","3237.05",4173
"4425-OWHWB",20,"One year",True,"Credit card (automatic)","19.35","433.75",5811
"7892-QVYKW",23,"Month-to-month",False,"Electronic check","85.60","1868.40",3513
"9675-ICXCT",72,"Two year",True,"Electronic check","80.80","5728.55",4689
"4703-MQYKT",21,"Two year",False,"Mailed check","19.60","390.40",4562
"5692-ICXLW",31,"Month-to-month",True,"Electronic check","90.70","2845.15",3493
"0602-DDUML",57,"Two year",False,"Mailed check","69.75","3894.40",4487
"2208-MPXIO",45,"Two year",True,"Bank transfer (automatic)","20.00","886.40",5169
"1960-UYCNN",10,"Month-to-month",True,"Electronic check","95.25","1021.55",4810
"3190-FZATL",14,"Month-to-month",False,"Mailed check","19.95","268.40",5770
"7336-RLLRH",27,"One year",False,"Mailed check","80.85","2204.35",4732
"7710-JSYOA",69,"Two year",True,"Bank transfer (automatic)","93.30","6398.05",5205
"9885-MFVSU",35,"Two year",True,"Credit card (automatic)","46.35","1662.05",4577
"0607-MVMGC",45,"One year",False,"Credit card (automatic)","78.75","3600.65",2595
"3365-SAIGS",17,"Month-to-month",True,"Electronic check","83.55","1329.15",5564
"8022-BECSI",22,"One year",False,"Mailed check","19.60","422.50",2203
"9993-LHIEB",67,"Two year",False,"Mailed check","67.85","4627.65",4792
"0266-CLZKZ",67,"Two year",True,"Bank transfer (automatic)","105.65","6717.90",6383
"7020-OZKXZ",9,"Month-to-month",False,"Credit card (automatic)","75.50","637.40",3021
"3977-QCRSL",5,"Month-to-month",False,"Mailed check","20.15","117.95",5020
"0017-DINOC",54,"Two year",False,"Credit card (automatic)","45.20","2460.55",5435
"7639-OPLNG",70,"Two year",True,"Bank transfer (automatic)","79.25","5731.85",5085
"1492-QGCLU",53,"Month-to-month",False,"Electronic check","85.70","4616.10",5957
"7328-OWMOM",31,"One year",False,"Credit card (automatic)","20.10","589.25",3086
"4418-LZMSV",13,"Month-to-month",False,"Bank transfer (automatic)","61.80","750.10",4749
"5155-AZQPB",28,"Month-to-month",False,"Mailed check","49.90","1410.25",5250
"1087-GRUYI",38,"Two year",False,"Bank transfer (automatic)","20.40","743.50",3756
"2546-KZAAT",52,"One year",True,"Mailed check","75.40","3865.45",5211
"0181-RITDD",62,"Two year",False,"Mailed check","108.15","6825.65",5298
"5989-PGKJB",16,"Month-to-month",True,"Electronic check","86.25","1340.10",3511
"8272-ONJLV",12,"One year",False,"Electronic check","95.70","1184.00",5527
"1488-PBLJN",72,"Two year",True,"Bank transfer (automatic)","116.85","8477.70",4055
"0308-GIQJT",71,"One year",False,"Bank transfer (automatic)","105.75","7382.85",4921
"3778-FOAQW",24,"One year",False,"Mailed check","20.15","456.85",3573
"4452-ROHMO",15,"Two year",False,"Mailed check","19.60","331.60",2722
"3090-LETTY",2,"Month-to-month",False,"Bank transfer (automatic)","60.95","134.60",3172
"5349-AZPEW",5,"Month-to-month",False,"Mailed check","25.05","125.50",2071
"9720-JJJOR",41,"One year",True,"Bank transfer (automatic)","60.30","2511.30",4565
"8100-HZZLJ",43,"Month-to-month",True,"Electronic check","63.95","2737.05",4205
"8775-ERLNB",1,"Month-to-month",False,"Electronic check","74.30","74.30",2968
"8309-IEYJD",1,"Month-to-month",True,"Mailed check","70.60","70.60",2576
"7398-HPYZQ",71,"Two year",False,"Bank transfer (automatic)","90.55","6404.00",5007
"3546-GHEAE",7,"Two year",False,"Mailed check","19.45","165.35",2600
"7361-YPXFS",28,"Month-to-month",False,"Bank transfer (automatic)","64.45","1867.60",3820
"6557-BZXLQ",16,"Month-to-month",False,"Electronic check","69.65","1043.30",5610
"2550-QHZGP",7,"One year",False,"Mailed check","19.50","128.60",4271
"7519-JTWQH",69,"Two year",True,"Bank transfer (automatic)","110.50","7455.45",4803
"2538-OIMXF",1,"Month-to-month",False,"Mailed check","24.70","24.70",3065
"8543-MSDMF",3,"Month-to-month",True,"Electronic check","77.40","206.15",5528
"1170-SASML",69,"Month-to-month",True,"Bank transfer (automatic)","85.40","5869.40",5976
"4872-JCVCA",71,"Two year",True,"Bank transfer (automatic)","47.60","3377.80",4795
"5346-BZCHP",69,"Two year",False,"Mailed check","19.40","1346.20",6408
"2038-LLMLM",48,"Month-to-month",True,"Electronic check","103.85","4946.05",4304
"1216-BGTSP",45,"Month-to-month",True,"Credit card (automatic)","108.45","4964.70",5093
"4138-NAXED",51,"Month-to-month",False,"Bank transfer (automatic)","81.00","4085.75",4121
"0744-BIKKF",72,"Two year",False,"Bank transfer (automatic)","86.65","6224.80",4621
"7483-IQWIB",37,"Month-to-month",True,"Electronic check","92.95","3415.25",3462
"5248-KWLAR",71,"Two year",False,"Electronic check","90.35","6325.25",6483
"7996-MHXLW",66,"Two year",True,"Credit card (automatic)","25.15","1683.60",6141
"7833-PKIHD",51,"One year",True,"Bank transfer (automatic)","76.40","3966.30",6385
"7061-OVMIM",30,"One year",False,"Bank transfer (automatic)","19.55","608.50",5203
"5153-RTHKF",34,"Month-to-month",False,"Electronic check","85.35","2896.60",3818
"1852-QSWCD",64,"Two year",True,"Mailed check","24.80","1514.85",6281
"4832-VRBMR",65,"One year",True,"Bank transfer (automatic)","103.15","6792.45",6441
"9079-LWTFD",47,"Month-to-month",False,"Mailed check","100.75","4669.20",2508
"3392-EHMNK",67,"Two year",False,"Credit card (automatic)","94.10","6302.80",4803
"5986-WWXDV",39,"One year",False,"Bank transfer (automatic)","19.35","779.20",2607
"3061-BCKYI",14,"Month-to-month",False,"Mailed check","19.90","283.75",3854
"7901-TBKJX",56,"Month-to-month",True,"Electronic check","101.05","5594.00",5514
"7228-PAQPD",14,"One year",False,"Credit card (automatic)","59.10","772.85",5718
"7746-QYVCO",16,"One year",True,"Mailed check","55.85","857.80",2464
"5804-HYIEZ",70,"Month-to-month",True,"Electronic check","106.05","7554.05",4583
"9919-FZDED",72,"Two year",True,"Credit card (automatic)","84.10","5981.65",4671
"5934-TSSAU",23,"Month-to-month",True,"Credit card (automatic)","75.30","1702.90",5903
"3486-KHMLI",21,"Month-to-month",False,"Mailed check","24.70","467.15",5403
"6784-XYJAE",36,"One year",False,"Electronic check","55.80","1941.50",4770
"3933-DQPWX",50,"Two year",False,"Credit card (automatic)","39.70","1932.75",5174
"6661-EIPZC",48,"Month-to-month",True,"Credit card (automatic)","29.50","1423.05",3194
"8957-THMOA",50,"Two year",False,"Credit card (automatic)","20.15","970.85",4263
"2251-PYLPB",72,"Two year",False,"Credit card (automatic)","79.55","5810.90",4766
"5555-RNPGT",10,"Month-to-month",False,"Credit card (automatic)","24.80","223.90",5212
"1057-FOGLZ",18,"Month-to-month",False,"Mailed check","19.65","391.70",4333
"8087-LGYHQ",9,"Month-to-month",True,"Electronic check","94.05","811.65",3475
"4137-BTIKL",2,"Month-to-month",False,"Mailed check","90.75","174.75",4766
"2190-BCXEC",40,"Month-to-month",True,"Credit card (automatic)","78.85","3126.85",5257
"6227-FBDXH",69,"One year",False,"Bank transfer (automatic)","99.50","6841.45",4237
"2911-WDXMV",18,"Month-to-month",True,"Credit card (automatic)","80.55","1406.65",5334
"7206-PQBBZ",11,"Month-to-month",True,"Electronic check","70.20","834.70",2848
"4547-FZJWE",55,"One year",False,"Credit card (automatic)","59.45","3157.00",5712
"7422-WNBTY",33,"Month-to-month",True,"Electronic check","93.35","3092.00",3348
"0842-IWYCP",46,"Month-to-month",False,"Bank transfer (automatic)","44.95","2168.90",2626
"3521-HTQTV",34,"Two year",False,"Bank transfer (automatic)","26.10","980.35",2026
"3744-ZBHON",3,"Month-to-month",False,"Electronic check","20.20","65.95",4369
"3373-DIUUN",30,"Two year",False,"Mailed check","21.25","711.90",3047
"8383-SGHJU",33,"One year",False,"Electronic check","59.40","1952.80",2853
"7607-QKKTJ",45,"One year",True,"Credit card (automatic)","95.00","4368.85",2719
"7707-PYBBH",40,"Month-to-month",True,"Mailed check","61.90","2647.10",2520
"8984-HPEMB",71,"Two year",True,"Electronic check","118.65","8477.60",4296
"4139-DETXS",72,"Two year",False,"Bank transfer (automatic)","64.45","4528.00",5265
"9779-DPNEJ",22,"Month-to-month",True,"Electronic check","80.15","1790.65",4732
"9805-FILKB",46,"One year",True,"Bank transfer (automatic)","20.20","845.60",2325
"5793-YOLJN",55,"Two year",False,"Mailed check","21.00","1210.30",5046
"0673-IGUQO",1,"Month-to-month",False,"Mailed check","20.45","20.45",4845
"4123-FCVCB",12,"One year",True,"Mailed check","75.85","854.45",5942
"8819-IMISP",31,"Month-to-month",True,"Electronic check","80.45","2429.10",4684
"8311-UEUAB",67,"Two year",True,"Electronic check","75.50","5229.45",5420
"5858-EAFCZ",1,"Month-to-month",False,"Mailed check","44.45","44.45",3498
"1163-ONYEY",41,"Month-to-month",True,"Credit card (automatic)","74.55","3023.55",2748
"5656-MJEFC",42,"Two year",False,"Credit card (automatic)","48.15","2032.30",2673
"6082-OQFBA",23,"One year",False,"Mailed check","19.65","436.90",5460
"8974-OVACP",1,"Month-to-month",False,"Mailed check","20.15","20.15",3167
"4010-YLMVT",56,"Month-to-month",True,"Credit card (automatic)","106.60","5893.95",5056
"1379-FRVEB",15,"Month-to-month",True,"Electronic check","91.00","1430.05",4602
"8612-GXIDD",12,"Two year",True,"Bank transfer (automatic)","25.40","313.00",2219
"6288-CHQJB",54,"Two year",False,"Bank transfer (automatic)","69.95","3871.85",5077
"8160-HOWOX",7,"Month-to-month",True,"Electronic check","66.85","458.10",4858
"6648-INWPS",16,"Month-to-month",False,"Electronic check","20.15","341.35",5271
"4223-BKEOR",21,"One year",False,"Mailed check","64.85","1336.80",3302
"4079-VTGLK",30,"Two year",False,"Electronic check","74.85","2181.75",5610
"1763-WQFUK",3,"Month-to-month",True,"Mailed check","50.50","147.75",5258
"1391-UBDAR",11,"Month-to-month",False,"Electronic check","72.90","818.45",3042
"8894-JVDCV",62,"One year",True,"Credit card (automatic)","115.05","7133.45",6494
"2023-VQFDL",18,"Month-to-month",False,"Electronic check","19.00","348.80",5379
"1345-GKDZZ",6,"Month-to-month",False,"Mailed check","19.55","128.60",2309
"2014-MKGMH",46,"One year",True,"Electronic check","101.10","4674.40",4883
"5628-FCGYG",21,"Month-to-month",True,"Electronic check","84.10","1737.45",4649
"2560-WBWXF",68,"Two year",True,"Bank transfer (automatic)","24.15","1498.85",5987
"0248-IPDFW",1,"Month-to-month",True,"Electronic check","50.10","50.10",5617
"7978-DKUQH",25,"Month-to-month",True,"Electronic check","74.60","1797.75",4591
"4335-UPJSI",24,"Two year",False,"Mailed check","19.75","498.10",2639
"1784-EZDKJ",51,"One year",True,"Bank transfer (automatic)","106.80","5498.80",4640
"9297-FVVDH",57,"Two year",True,"Electronic check","84.50","4845.40",5928
"8007-YYPWD",15,"Two year",False,"Bank transfer (automatic)","25.05","369.10",5218
"7101-HRBLJ",72,"Two year",True,"Bank transfer (automatic)","83.70","6096.90",4592
"6635-CPNUN",28,"Month-to-month",False,"Credit card (automatic)","96.60","2684.35",5530
"5453-YBTWV",70,"Two year",True,"Credit card (automatic)","101.10","6994.80",4226
"5039-LZRQT",13,"One year",False,"Mailed check","20.20","273.25",2953
"2931-VUVJN",59,"One year",True,"Electronic check","94.05","5483.90",5061
"6418-PIQSP",62,"Two year",False,"Mailed check","81.00","4985.90",4684
"8220-OCUFY",21,"One year",True,"Electronic check","60.25","1258.35",4870
"3995-WFCSM",2,"Month-to-month",False,"Electronic check","60.85","111.40",3796
"1895-QTKDO",1,"Month-to-month",False,"Credit card (automatic)","43.95","43.95",5684
"2038-OEQZH",4,"Month-to-month",False,"Electronic check","86.05","308.10",3653
"1178-PZGAB",19,"One year",False,"Credit card (automatic)","20.25","383.65",5586
"2626-VEEWG",67,"Two year",True,"Credit card (automatic)","19.40","1284.20",4890
"2878-RMWXY",72,"Two year",True,"Credit card (automatic)","102.65","7550.30",4680
"1657-DYMBM",53,"Two year",False,"Credit card (automatic)","19.90","1110.05",4157
"7311-MQJCH",5,"One year",False,"Electronic check","19.55","99.60",2575
"7375-WMVMT",71,"Two year",True,"Credit card (automatic)","95.50","6707.15",6412
"1136-XGEQU",50,"One year",True,"Credit card (automatic)","84.15","4164.40",4625
"2530-FMFXO",56,"Two year",True,"Electronic check","103.20","5873.75",4478
"6844-DZKRF",2,"Month-to-month",True,"Credit card (automatic)","50.20","109.25",4697
"5970-GHJAW",46,"Two year",False,"Credit card (automatic)","19.95","862.40",3574
"8879-XUAHX",71,"Two year",True,"Electronic check","116.25","8564.75",6124
"3689-MOZGR",29,"Month-to-month",True,"Electronic check","31.20","926.20",4761
"4195-PNGZS",69,"Two year",False,"Bank transfer (automatic)","24.45","1718.20",5295
"5003-XZWWO",71,"Two year",False,"Credit card (automatic)","84.20","5956.85",4753
"7622-FWGEW",56,"Two year",True,"Bank transfer (automatic)","85.65","4824.45",6500
"6922-NCEDI",56,"One year",True,"Mailed check","21.20","1238.65",6473
"9891-NQDBD",28,"One year",False,"Mailed check","25.55","672.20",3493
"6131-IUNXN",19,"Month-to-month",False,"Mailed check","20.20","382.20",3636
"8548-AWOFC",66,"Month-to-month",False,"Electronic check","63.85","4264.60",5956
"9798-DRYDS",17,"One year",True,"Mailed check","61.95","1070.70",4759
"8532-UEFWH",52,"Two year",False,"Mailed check","25.75","1345.85",4676
"6296-DDOOR",19,"One year",False,"Electronic check","58.20","1045.25",4033
"7951-VRDVK",36,"One year",False,"Bank transfer (automatic)","85.85","3003.55",4898
"4815-YOSUK",72,"One year",True,"Credit card (automatic)","104.90","7537.50",4927
"0380-NEAVX",34,"One year",True,"Electronic check","99.85","3343.15",5626
"4365-MSDYN",8,"Month-to-month",True,"Bank transfer (automatic)","19.55","161.15",4909
"7036-TYDEC",69,"Two year",False,"Electronic check","104.00","7028.50",5902
"5802-ADBRC",50,"One year",True,"Mailed check","104.40","5232.90",6100
"8076-FEZKJ",10,"One year",False,"Mailed check","19.50","225.85",5039
"5197-YPYBZ",12,"Two year",False,"Credit card (automatic)","25.25","274.70",2646
"4312-GVYNH",70,"Two year",True,"Bank transfer (automatic)","49.85","3370.20",5460
"8495-LJDFO",64,"Month-to-month",True,"Bank transfer (automatic)","108.95","7111.30",5780
"0839-JTCUD",66,"Two year",False,"Credit card (automatic)","89.90","5958.85",4082
"5494-WOZRZ",71,"Two year",True,"Credit card (automatic)","82.00","5999.85",5770
"1302-UHBDD",20,"Month-to-month",False,"Electronic check","89.95","1648.45",4812
"2234-EOFPT",72,"Two year",True,"Bank transfer (automatic)","79.35","5753.25",4278
"8619-IJNDK",71,"Two year",False,"Credit card (automatic)","64.05","4492.90",4374
"8378-LKJAF",38,"Month-to-month",True,"Credit card (automatic)","101.15","3956.70",3738
"1153-GNOLC",33,"One year",True,"Electronic check","39.10","1309.00",2855
"3298-QEICA",23,"Two year",False,"Mailed check","34.60","813.45",4445
"0788-DXBFY",58,"One year",True,"Electronic check","19.55","1108.80",4801
"3597-YASZG",70,"Two year",True,"Bank transfer (automatic)","104.45","7349.35",5004
"3496-LFSZU",4,"Month-to-month",False,"Electronic check","70.50","294.20",2896
"5242-UOWHD",45,"Two year",False,"Mailed check","20.35","929.20",4210
"6479-SZPLM",36,"Two year",False,"Credit card (automatic)","19.45","754.50",5745
"8097-VBQTZ",54,"Month-to-month",True,"Mailed check","69.90","3883.30",6092
"4500-HKANN",23,"Two year",False,"Mailed check","59.70","1414.20",3464
"9917-KWRBE",41,"One year",True,"Credit card (automatic)","78.35","3211.20",2894
"3420-ZDBMA",5,"Month-to-month",True,"Mailed check","71.45","371.60",5171
"2212-LYASK",27,"One year",True,"Credit card (automatic)","45.85","1246.40",2068
"1393-IMKZG",1,"Month-to-month",True,"Electronic check","95.85","95.85",3270
"8069-RHUXK",67,"Two year",False,"Credit card (automatic)","35.70","2545.70",5655
"3398-GCPMU",72,"Two year",True,"Credit card (automatic)","89.55","6448.85",4993
"2908-WGAXL",56,"Two year",True,"Credit card (automatic)","24.95","1468.90",5243
"3378-AJRAO",44,"One year",False,"Electronic check","24.85","1013.60",5331
"1013-QCWAM",66,"Month-to-month",True,"Electronic check","100.80","6690.75",5469
"6050-FFXES",69,"Two year",False,"Bank transfer (automatic)","105.35","7240.65",5268
"0362-RAOQO",40,"Two year",False,"Credit card (automatic)","19.65","830.25",3878
"9554-DFKIC",30,"Month-to-month",True,"Bank transfer (automatic)","54.45","1588.70",2613
"5527-ACHSO",11,"Month-to-month",False,"Mailed check","70.50","829.30",5541
"0829-DDVLK",15,"One year",False,"Credit card (automatic)","20.10","302.45",4359
"1399-UBQIU",11,"Month-to-month",True,"Electronic check","69.35","712.25",2288
"1813-JLKWR",64,"One year",False,"Bank transfer (automatic)","19.80","1336.65",5384
"0336-PIKEI",72,"Two year",False,"Bank transfer (automatic)","74.40","5360.75",5590
"7322-OCWHC",72,"Two year",True,"Bank transfer (automatic)","93.05","6735.05",4988
"9537-VHDTA",1,"Month-to-month",False,"Mailed check","51.20","51.20",3699
"4957-TIALW",15,"One year",False,"Credit card (automatic)","65.60","1010.00",2976
"2054-PJOCK",60,"One year",False,"Credit card (automatic)","80.55","4847.05",4159
"9150-HEPMB",56,"One year",False,"Mailed check","52.70","3019.70",4753
"9030-QGZNL",8,"Two year",False,"Mailed check","20.85","161.65",4249
"3126-WQMGH",49,"Month-to-month",True,"Credit card (automatic)","52.15","2583.75",5224
"7176-WRTNX",70,"Two year",True,"Bank transfer (automatic)","114.95","7711.25",4511
"5732-IKGQH",52,"One year",True,"Bank transfer (automatic)","104.45","5481.25",5490
"9239-GZHZE",72,"Two year",True,"Credit card (automatic)","113.65","8124.20",6469
"7205-BAIAD",40,"Two year",True,"Bank transfer (automatic)","20.60","827.30",3091
"0093-EXYQL",40,"Month-to-month",True,"Electronic check","91.55","3673.60",5742
"8064-RAVOH",1,"Month-to-month",True,"Electronic check","49.85","49.85",5323
"0219-QAERP",30,"One year",False,"Credit card (automatic)","19.80","576.65",4006
"9168-INPSZ",44,"Month-to-month",False,"Electronic check","104.15","4495.65",2944
"0015-UOCOJ",7,"Month-to-month",True,"Electronic check","48.20","340.35",5525
"5334-AFQJB",72,"Two year",True,"Credit card (automatic)","25.10","1789.90",5751
"2754-SDJRD",8,"Month-to-month",True,"Credit card (automatic)","100.15","908.55",5157
"8963-JLGJT",3,"Month-to-month",False,"Mailed check","55.90","157.55",4648
"1465-LNTLJ",8,"Month-to-month",True,"Credit card (automatic)","64.40","581.70",4537
"2135-DQWAQ",5,"Month-to-month",True,"Mailed check","85.30","420.45",2689
"4056-QHXHZ",72,"Two year",False,"Mailed check","107.45","7576.70",5246
"7401-JIXNM",54,"Two year",False,"Credit card (automatic)","91.30","4965.00",5907
"9339-FIIJL",72,"Two year",False,"Bank transfer (automatic)","85.95","6151.90",6450
"4706-DGAHW",1,"Month-to-month",False,"Electronic check","45.20","45.20",4576
"6670-MFRPK",69,"Two year",True,"Credit card (automatic)","79.20","5420.65",4072
"6177-PEVRA",48,"Two year",False,"Credit card (automatic)","55.50","2627.35",4975
"4813-HQMGZ",8,"Month-to-month",True,"Electronic check","90.25","743.75",4969
"7579-KKLOE",71,"Two year",True,"Mailed check","91.25","6589.60",5529
"8402-EIVQS",67,"One year",True,"Credit card (automatic)","100.90","6733.15",4078
"4947-DSMXK",34,"Month-to-month",True,"Bank transfer (automatic)","97.70","3410.00",5789
"7245-NIIWQ",3,"Month-to-month",True,"Electronic check","69.85","199.85",4764
"0002-ORFBO",9,"One year",True,"Mailed check","65.60","593.30",2205
"3324-OIRTO",71,"One year",True,"Bank transfer (automatic)","104.65","7288.40",6101
"5414-OFQCB",57,"Two year",True,"Credit card (automatic)","90.45","5229.80",5076
"4967-WPNCF",72,"Two year",True,"Bank transfer (automatic)","63.70","4464.80",4921
"8552-OBVRU",48,"Month-to-month",True,"Electronic check","104.50","5068.05",3847
"8499-BRXTD",18,"One year",False,"Mailed check","20.10","401.85",5586
"9154-QDGTH",43,"One year",True,"Credit card (automatic)","104.30","4451.85",3927
"8197-BFWVU",72,"Two year",True,"Bank transfer (automatic)","93.25","6688.95",5197
"2577-GVSIL",35,"One year",True,"Bank transfer (automatic)","73.45","2661.10",4719
"9367-OIUXP",4,"Month-to-month",False,"Mailed check","20.70","73.05",4676
"6770-UAYGJ",49,"Two year",False,"Mailed check","25.25","1211.65",5616
"6463-HHXJR",71,"Two year",False,"Bank transfer (automatic)","100.50","7030.65",4080
"7928-VJYAB",11,"Month-to-month",False,"Electronic check","90.60","1020.20",2004
"1187-WILMM",63,"Two year",True,"Credit card (automatic)","89.40","5597.65",5004
"9776-OJUZI",65,"Month-to-month",True,"Bank transfer (automatic)","95.45","6223.30",4168
"1306-RPWXZ",49,"Two year",False,"Credit card (automatic)","20.45","1024.65",4784
"3097-PYWXL",4,"Month-to-month",True,"Electronic check","19.95","82.90",2951
"2266-SJNAT",72,"One year",False,"Credit card (automatic)","109.15","7789.60",4807
"0869-PAPRP",26,"Month-to-month",True,"Credit card (automatic)","85.70","2067.00",3935
"4238-JSSWH",35,"Month-to-month",False,"Bank transfer (automatic)","102.05","3452.55",3199
"2972-YDYUW",57,"One year",False,"Electronic check","94.70","5468.95",4507
"1104-FEJAM",28,"Month-to-month",False,"Electronic check","64.40","1802.15",2434
"2809-ILCYT",25,"One year",True,"Mailed check","26.80","733.55",3428
"5499-ECUTN",47,"One year",True,"Credit card (automatic)","66.05","3021.45",3404
"4981-FLTMF",57,"Month-to-month",False,"Bank transfer (automatic)","65.20","3687.85",4491
"9121-PHQSR",16,"Month-to-month",True,"Credit card (automatic)","85.05","1391.15",3739
"3113-IWHLC",5,"Month-to-month",True,"Mailed check","55.80","274.35",2612
"4277-BWBML",72,"Two year",False,"Bank transfer (automatic)","19.95","1322.85",5092
"0234-TEVTT",48,"One year",False,"Credit card (automatic)","45.00","2196.30",5269
"4304-TSPVK",68,"Two year",False,"Bank transfer (automatic)","114.90","7843.55",5782
"1552-AAGRX",30,"Month-to-month",False,"Bank transfer (automatic)","106.40","3211.90",5503
"2637-FKFSY",3,"Month-to-month",True,"Mailed check","46.10","130.15",4047
"9796-MVYXX",14,"Two year",False,"Mailed check","39.70","692.35",3162
"7874-ECPQJ",4,"Month-to-month",True,"Bank transfer (automatic)","20.05","85.50",4462
"0020-INWCK",71,"Two year",True,"Credit card (automatic)","95.75","6849.40",4865
"7089-RKVSZ",8,"One year",False,"Mailed check","24.40","203.95",2028
"2683-JXWQQ",61,"Month-to-month",False,"Bank transfer (automatic)","33.60","2117.20",6495
"9548-ZMVTX",72,"Two year",False,"Bank transfer (automatic)","90.45","6565.85",4461
"8739-XNIKG",5,"Month-to-month",True,"Electronic check","84.00","424.75",4456
"9755-JHNMN",49,"Two year",False,"Bank transfer (automatic)","67.40","3306.85",5075
"3981-QSVQI",8,"Month-to-month",True,"Bank transfer (automatic)","19.70","168.90",5498
"2789-HQBOU",3,"Month-to-month",True,"Electronic check","80.35","253.80",4203
"9424-CMPOG",9,"Two year",False,"Mailed check","19.60","197.40",4406
"5067-WJEUN",67,"Two year",True,"Bank transfer (automatic)","54.20","3838.20",6005
"3450-WXOAT",46,"Month-to-month",True,"Credit card (automatic)","45.20","2065.15",3150
"9251-WNSOD",67,"One year",False,"Mailed check","75.10","5064.45",4931
"6974-DAFLI",55,"One year",False,"Electronic check","19.70","1140.05",4888
"2616-UUTFK",33,"Month-to-month",True,"Bank transfer (automatic)","72.75","2447.45",4959
"7064-JHXCE",62,"Two year",False,"Credit card (automatic)","20.05","1263.90",6444
"7989-AWGEH",49,"Month-to-month",True,"Electronic check","39.20","1838.15",4810
"4373-VVHQL",1,"Month-to-month",True,"Electronic check","44.75","44.75",5479
"4559-UWIHT",14,"Month-to-month",True,"Electronic check","82.65","1185.00",4965
"7268-IGMFD",18,"Month-to-month",False,"Bank transfer (automatic)","93.90","1743.90",3728
"6650-BWFRT",72,"Two year",True,"Credit card (automatic)","117.15","8529.50",4743
"9570-KYEUA",64,"Two year",False,"Credit card (automatic)","99.25","6549.45",5213
"6993-YGFJV",69,"Two year",True,"Bank transfer (automatic)","112.55","7806.50",5532
"2712-SYWAY",1,"Month-to-month",True,"Electronic check","25.70","25.70",5249
"0730-BGQGF",71,"Two year",False,"Credit card (automatic)","90.30","6287.30",6291
"5498-IBWPI",66,"One year",True,"Credit card (automatic)","49.40","3251.85",5232
"9101-NTIXF",2,"Month-to-month",False,"Mailed check","19.40","50.60",3954
"0013-SMEOE",71,"Two year",True,"Bank transfer (automatic)","109.70","7904.25",5011
"9314-QDMDW",11,"One year",True,"Electronic check","61.25","729.95",2738
"9308-ANMVE",47,"Month-to-month",True,"Electronic check","55.30","2654.05",5491
"3413-DHLPB",60,"Month-to-month",True,"Bank transfer (automatic)","103.75","5969.95",6237
"7649-PHJVR",11,"One year",False,"Mailed check","19.50","226.80",5825
"6114-TCFID",29,"One year",False,"Credit card (automatic)","39.50","1082.75",5103
"3787-TRIAL",21,"Month-to-month",True,"Electronic check","26.05","565.75",4302
"2573-GYRUU",48,"Month-to-month",True,"Credit card (automatic)","91.05","4370.75",3594
"5156-UMKOW",3,"Month-to-month",False,"Mailed check","29.65","90.05",5880
"1247-QBVSH",43,"Month-to-month",False,"Mailed check","50.20","2169.40",5284
"6734-GMPVK",5,"Month-to-month",False,"Electronic check","105.30","550.60",4024
"9822-OAOVB",1,"Month-to-month",True,"Electronic check","55.45","55.45",5286
"6161-ERDGD",71,"One year",False,"Electronic check","85.45","6300.85",5280
"1226-JZNKR",8,"One year",False,"Electronic check","19.80","160.05",5698
"7318-EIVKO",8,"Month-to-month",True,"Electronic check","59.25","436.60",3003
"3771-PZOBW",20,"Month-to-month",True,"Credit card (automatic)","90.70","1781.35",2927
"8231-BSWXX",71,"One year",True,"Credit card (automatic)","79.05","5552.50",5466
"6486-LHTMA",31,"One year",True,"Electronic check","90.70","2835.50",2364
"4083-BFNYK",38,"One year",False,"Credit card (automatic)","95.00","3591.25",5148
"7389-KBFIT",2,"Month-to-month",True,"Mailed check","30.25","63.75",4387
"7176-WIONM",12,"Month-to-month",True,"Bank transfer (automatic)","49.85","617.15",2873
"5141-ZUVBH",9,"Month-to-month",False,"Bank transfer (automatic)","93.00","870.25",2267
"1089-HDMKP",11,"Month-to-month",True,"Electronic check","54.55","601.25",4143
"7623-HKYRK",6,"Month-to-month",False,"Mailed check","19.70","111.65",2276
"0310-SUCIN",71,"One year",True,"Bank transfer (automatic)","84.80","6046.10",5643
"5197-PYEPU",42,"One year",True,"Credit card (automatic)","94.45","3923.80",5643
"6619-RPLQZ",45,"Two year",False,"Mailed check","20.85","892.15",2844
"3275-RHRNE",28,"One year",True,"Credit card (automatic)","60.00","1682.05",2797
"3503-TYDAY",43,"Month-to-month",False,"Electronic check","80.45","3398.90",5357
"6901-GOGZG",60,"Two year",True,"Electronic check","84.95","4984.85",4104
"7021-XSNYE",7,"Two year",False,"Credit card (automatic)","49.65","305.55",2750
"9621-OUPYD",25,"One year",True,"Bank transfer (automatic)","20.20","507.90",4129
"8982-NHAVY",27,"One year",True,"Bank transfer (automatic)","100.50","2673.45",5939
"4307-KWMXE",10,"Month-to-month",False,"Electronic check","35.75","389.80",2263
"0141-YEAYS",27,"Month-to-month",True,"Bank transfer (automatic)","86.45","2401.05",5990
"2450-ZKEED",11,"One year",False,"Bank transfer (automatic)","53.80","651.55",5899
"3694-DELSO",4,"Month-to-month",False,"Credit card (automatic)","38.55","156.10",3824
"3893-JRNFS",68,"Month-to-month",True,"Bank transfer (automatic)","39.90","2796.35",6270
"9603-OAIHC",1,"Month-to-month",True,"Electronic check","70.05","70.05",2469
"1133-KXCGE",18,"One year",False,"Mailed check","20.10","407.05",2910
"0142-GVYSN",26,"Month-to-month",True,"Electronic check","20.30","511.25",5712
"1049-FYSYG",17,"Month-to-month",True,"Credit card (automatic)","35.65","646.05",5977
"8406-LNMHF",59,"One year",True,"Credit card (automatic)","82.95","4903.15",5295
"1821-BUCWY",30,"Two year",True,"Mailed check","55.65","1653.85",5445
"0023-UYUPN",50,"One year",False,"Electronic check","25.20","1306.30",4015
"8314-DPQHL",9,"One year",False,"Mailed check","50.80","463.60",5535
"1465-WCZVT",3,"Month-to-month",False,"Mailed check","19.65","60.65",4943
"9481-SFCQY",14,"Month-to-month",True,"Credit card (automatic)","59.80","824.85",5962
"6360-SVNWV",31,"Month-to-month",True,"Credit card (automatic)","73.55","2094.65",2057
"0567-GGCAC",7,"Month-to-month",False,"Electronic check","61.40","438.90",2845
"8884-MRNSU",17,"One year",False,"Bank transfer (automatic)","19.90","329.75",3526
"2171-UDMFD",32,"Month-to-month",True,"Credit card (automatic)","19.45","674.55",4363
"9050-IKDZA",2,"Month-to-month",False,"Mailed check","81.50","162.55",4267
"9802-CAQUT",72,"Two year",False,"Credit card (automatic)","109.55","7887.25",5723
"0187-WZNAB",27,"Month-to-month",False,"Mailed check","74.40","1972.35",4331
"1475-VWVDO",7,"Month-to-month",True,"Electronic check","74.90","490.55",5335
"1357-MVDOZ",11,"Month-to-month",True,"Bank transfer (automatic)","59.65","683.25",2136
"7602-MVRMB",72,"Two year",True,"Bank transfer (automatic)","110.45","8058.85",4754
"1197-BVMVG",4,"Month-to-month",True,"Electronic check","74.45","294.45",4093
"5406-KGRMX",71,"Two year",False,"Electronic check","24.55","1719.15",4555
"5968-HYJRZ",47,"Two year",False,"Mailed check","24.55","1160.45",3629
"5198-EFNBM",57,"One year",True,"Electronic check","90.65","5199.80",5636
"7516-GMHUV",50,"Two year",True,"Credit card (automatic)","105.05","5163.30",5324
"7140-ADSMJ",8,"Month-to-month",True,"Credit card (automatic)","20.45","162.30",5624
"2230-XTUWL",48,"Two year",False,"Mailed check","19.55","883.35",5461
"7706-YLMQA",70,"One year",False,"Bank transfer (automatic)","19.70","1341.50",6072
"2585-KTFRE",1,"Month-to-month",True,"Bank transfer (automatic)","70.45","70.45",2706
"7994-UYIVZ",8,"Month-to-month",True,"Bank transfer (automatic)","85.65","659.45",2512
"7717-BICXI",60,"Two year",False,"Mailed check","20.55","1205.05",4020
"6559-RAKOZ",49,"One year",True,"Electronic check","97.95","4917.90",4301
"4716-MRVEN",29,"One year",False,"Mailed check","20.00","599.30",4128
"2143-LJULT",67,"Two year",True,"Credit card (automatic)","25.25","1733.15",5887
"3200-MNQTF",67,"Two year",False,"Credit card (automatic)","70.90","4677.10",4361
"6164-HXUGH",6,"Month-to-month",False,"Mailed check","19.85","119.30",5060
"5630-IXDXV",47,"Month-to-month",True,"Electronic check","106.35","4849.10",3723
"0320-DWVTU",53,"Two year",False,"Mailed check","99.50","5424.25",4754
"9135-MGVPY",69,"Two year",True,"Mailed check","84.70","5878.90",5345
"1212-GLHMD",3,"Month-to-month",True,"Mailed check","86.05","244.85",2500
"7878-JGDKK",4,"Month-to-month",False,"Mailed check","44.55","220.75",2124
"1088-AUUZZ",56,"Two year",True,"Credit card (automatic)","75.85","4261.20",5314
"6614-YWYSC",61,"Two year",False,"Bank transfer (automatic)","25.00","1501.75",6421
"9588-OZDMQ",2,"Month-to-month",True,"Electronic check","45.00","89.75",5225
"6476-EPYZR",12,"Month-to-month",False,"Mailed check","20.50","255.50",2891
"1174-FGIFN",28,"One year",True,"Electronic check","90.45","2509.25",5823
"6620-HVDUJ",24,"Month-to-month",False,"Bank transfer (automatic)","60.45","1440.75",5095
"1032-MAELW",68,"One year",True,"Electronic check","78.45","5333.35",5071
"7641-TQFHN",39,"Two year",False,"Mailed check","100.55","3895.35",3124
"1552-TKMXS",42,"Month-to-month",False,"Credit card (automatic)","20.35","869.90",2127
"8622-ZLFKO",6,"Month-to-month",True,"Electronic check","90.75","512.25",4297
"6188-UXBBR",38,"One year",True,"Credit card (automatic)","20.25","814.75",4411
"2333-KWEWW",18,"Two year",False,"Credit card (automatic)","20.05","388.60",2782
"5702-SKUOB",4,"Month-to-month",False,"Mailed check","19.60","93.45",4580
"1134-YWTYF",27,"Month-to-month",True,"Electronic check","53.80","1389.85",2563
"6061-GWWAV",41,"One year",False,"Mailed check","70.20","2894.55",5365
"0679-TDGAK",50,"One year",False,"Electronic check","75.50","4025.60",5141
"6585-WCEWR",72,"Two year",False,"Electronic check","20.35","1354.40",4949
"9067-YGSCA",70,"One year",False,"Credit card (automatic)","26.05","1856.40",4467
"9067-SQTNS",44,"One year",False,"Bank transfer (automatic)","20.60","926.00",2471
"1776-SPBWV",34,"One year",True,"Bank transfer (automatic)","20.10","682.10",2272
"8735-SDUFN",72,"Two year",False,"Bank transfer (automatic)","24.30","1778.70",4397
"9668-PUGNU",71,"Two year",True,"Electronic check","24.50","1816.20",4058
"9405-GPBBG",64,"Two year",True,"Credit card (automatic)","110.50","7069.25",5718
"1926-QUZNN",72,"Two year",True,"Bank transfer (automatic)","25.25","1841.20",4551
"7016-NVRIC",29,"One year",False,"Bank transfer (automatic)","90.10","2656.70",3553
"5829-NVSQN",23,"One year",True,"Bank transfer (automatic)","68.75","1689.45",3519
"9565-AXSMR",52,"Two year",False,"Mailed check","19.20","1054.75",4203
"8869-LIHMK",64,"Two year",True,"Bank transfer (automatic)","115.10","7334.05",5213
"0447-RXSGD",24,"Month-to-month",True,"Bank transfer (automatic)","99.65","2404.85",5207
"4927-WWOOZ",2,"Month-to-month",True,"Electronic check","91.45","171.45",4889
"5788-YPOEG",34,"Two year",False,"Mailed check","84.75","2839.45",2020
"0661-KBKPA",53,"One year",True,"Mailed check","78.75","3942.45",5052
"9081-WWXKP",47,"Two year",False,"Credit card (automatic)","20.25","873.40",2070
"0784-ZQJZX",72,"Two year",False,"Credit card (automatic)","19.90","1529.65",5730
"3133-PZNSR",72,"Two year",True,"Credit card (automatic)","97.75","6991.60",4054
"0722-SVSFK",7,"Month-to-month",True,"Electronic check","100.40","715.00",5041
"3612-YVGSJ",71,"Two year",True,"Credit card (automatic)","24.45","1681.60",4742
"9825-YCXWZ",41,"One year",True,"Bank transfer (automatic)","101.10","4016.20",2227
"5397-NSKQG",67,"Two year",False,"Credit card (automatic)","50.90","3281.65",5281
"8565-HBFNN",69,"One year",True,"Credit card (automatic)","107.20","7317.10",5935
"2000-DHJUY",70,"Two year",True,"Bank transfer (automatic)","92.20","6474.45",5264
"8670-ERCJH",72,"Two year",False,"Bank transfer (automatic)","113.40","8164.10",6347
"7758-UJWYS",34,"Two year",True,"Electronic check","40.55","1325.85",3897
"2050-ONYDQ",65,"Two year",False,"Credit card (automatic)","26.00","1654.85",5352
"7055-JCGNI",70,"Two year",True,"Credit card (automatic)","111.95","7795.95",4182
"0739-UUAJR",72,"Two year",True,"Credit card (automatic)","53.80","3952.45",4954
"4826-DXMUP",35,"One year",True,"Mailed check","72.10","2495.15",5510
"7285-KLOTR",12,"One year",False,"Electronic check","78.85","876.75",2495
"0654-PQKDW",62,"One year",True,"Bank transfer (automatic)","70.75","4263.45",4133
"7175-NTIXE",25,"Month-to-month",True,"Credit card (automatic)","76.15","1992.95",3955
"7963-SHNDT",52,"Two year",False,"Mailed check","39.10","1982.10",4247
"9796-BPKIW",8,"Month-to-month",True,"Credit card (automatic)","69.95","562.70",2939
"0188-GWFLE",2,"Month-to-month",False,"Mailed check","20.05","33.70",4978
"8129-GMVGI",56,"Two year",False,"Mailed check","20.05","1090.10",5172
"2882-DDZPG",12,"Month-to-month",False,"Bank transfer (automatic)","19.45","227.45",4862
"3547-LQRIK",47,"One year",False,"Electronic check","26.90","1250.85",2382
"9137-NOQKA",2,"Month-to-month",False,"Electronic check","19.20","37.20",4577
"5843-TTHGI",18,"Month-to-month",True,"Mailed check","50.00","892.70",4952
"1849-RJYIG",8,"Month-to-month",True,"Electronic check","60.00","487.75",5862
"8868-GAGIO",45,"Month-to-month",True,"Mailed check","84.55","3713.95",3289
"4061-UKJWL",3,"Month-to-month",False,"Mailed check","45.45","141.70",3666
"5380-XPJNZ",38,"One year",False,"Mailed check","20.05","678.20",4539
"8263-QMNTJ",72,"Two year",True,"Electronic check","115.55","8425.30",5890
"3230-JCNZS",71,"Two year",True,"Credit card (automatic)","99.00","7061.65",4305
"0277-ORXQS",66,"Two year",False,"Bank transfer (automatic)","50.55","3364.55",4652
"7996-BPXHY",13,"Two year",True,"Bank transfer (automatic)","25.00","332.50",4734
"3227-WLKLI",65,"Two year",False,"Bank transfer (automatic)","91.55","5963.95",4921
"2266-FUBDZ",15,"Two year",False,"Mailed check","19.35","278.85",2742
"8237-ULIXL",72,"Two year",False,"Credit card (automatic)","24.85","1871.85",4067
"8216-AZUUZ",42,"Two year",True,"Electronic check","100.40","4303.65",3265
"9153-BTBVV",71,"Two year",False,"Bank transfer (automatic)","25.00","1753.00",4066
"5186-PEIZU",35,"Month-to-month",False,"Bank transfer (automatic)","19.25","617.65",4988
"1074-AMIOH",53,"Month-to-month",True,"Bank transfer (automatic)","108.25","5935.10",5989
"4361-FEBGN",48,"Two year",False,"Credit card (automatic)","20.15","982.95",4399
"7748-UMTRK",30,"Month-to-month",True,"Electronic check","101.30","2974.50",2440
"0380-ZCSBI",10,"Month-to-month",False,"Credit card (automatic)","20.00","198.70",2411
"7145-FEJWU",12,"Month-to-month",True,"Electronic check","105.30","1275.65",5913
"6463-MVYRY",57,"Two year",False,"Bank transfer (automatic)","69.85","4003.00",4759
"3969-JQABI",58,"Month-to-month",True,"Credit card (automatic)","65.25","3791.60",5912
"9624-EGDEQ",37,"Two year",False,"Mailed check","19.80","813.30",5336
"1051-EQPZR",44,"Month-to-month",False,"Mailed check","19.60","780.25",5584
"5849-ASHZJ",27,"One year",False,"Credit card (automatic)","20.05","552.90",2400
"5780-INQIK",8,"Month-to-month",False,"Electronic check","49.40","408.25",2907
"4526-ZJJTM",25,"Month-to-month",False,"Bank transfer (automatic)","88.40","2191.15",4849
"8384-FZBJK",57,"Month-to-month",True,"Electronic check","100.60","5611.70",6351
"3750-RNQKR",12,"Month-to-month",False,"Mailed check","19.45","246.25",4788
"0962-CQPWQ",62,"Two year",False,"Bank transfer (automatic)","20.30","1296.15",4574
"3096-YXENJ",65,"Two year",True,"Bank transfer (automatic)","107.65","7082.85",4193
"1265-BCFEO",71,"Two year",True,"Bank transfer (automatic)","80.45","5662.25",4518
"5837-LXSDN",21,"One year",True,"Credit card (automatic)","58.85","1215.45",2845
"5945-AZYHT",71,"One year",True,"Electronic check","109.60","7854.15",4564
"8325-QRPZR",7,"Month-to-month",True,"Electronic check","75.15","525.00",4216
"6384-VMJHP",72,"Two year",True,"Credit card (automatic)","73.00","5265.20",5127
"2262-SLNVK",1,"Month-to-month",False,"Electronic check","70.10","70.10",2475
"7730-CLDSV",72,"Two year",True,"Bank transfer (automatic)","98.65","7129.45",4616
"1135-HIORI",64,"One year",True,"Electronic check","111.45","7266.95",5129
"0164-APGRB",72,"Two year",True,"Electronic check","114.90","8496.70",4589
"6481-ESCNL",29,"Month-to-month",False,"Bank transfer (automatic)","100.55","2878.75",4847
"1790-NESIO",13,"Two year",True,"Mailed check","20.40","261.30",4883
"1550-EENBN",31,"Month-to-month",False,"Electronic check","104.35","3205.60",5320
"8198-RKSZG",14,"Month-to-month",False,"Credit card (automatic)","80.45","1137.05",5772
"9297-EONCV",72,"Two year",True,"Bank transfer (automatic)","91.35","6697.20",5378
"1069-QJOEE",25,"One year",False,"Electronic check","19.90","505.45",4134
"7799-DSEWS",18,"Month-to-month",True,"Electronic check","68.35","1299.80",5993
"8766-PAFNE",71,"Two year",True,"Credit card (automatic)","79.10","5564.85",5872
"5315-CKEQK",28,"One year",True,"Electronic check","51.00","1381.80",5195
"3130-ICDUP",2,"Month-to-month",False,"Credit card (automatic)","80.55","188.10",5346
"0820-FNRNX",17,"Month-to-month",True,"Mailed check","66.70","1077.05",2814
"0880-FVFWF",56,"Month-to-month",True,"Electronic check","86.40","4922.40",4449
"4611-ANLQC",60,"One year",False,"Electronic check","50.05","2911.50",5493
"4213-HKBJO",33,"Two year",False,"Credit card (automatic)","25.70","826.10",3378
"2792-LSHWX",1,"Month-to-month",True,"Mailed check","83.40","83.40",5960
"0014-BMAQU",63,"Two year",True,"Credit card (automatic)","84.65","5377.80",4604
"9018-PCIOK",55,"Two year",True,"Mailed check","64.75","3617.10",4634
"4837-QUSFT",65,"One year",True,"Bank transfer (automatic)","100.15","6643.50",4915
"9953-ZMKSM",63,"Two year",False,"Mailed check","25.25","1559.30",4530
"0907-HQNTS",70,"Two year",True,"Credit card (automatic)","113.00","7987.60",4588
"7665-NKLAV",36,"Two year",False,"Credit card (automatic)","40.65","1547.35",2564
"4391-LNRXK",22,"Month-to-month",True,"Bank transfer (automatic)","94.95","2142.80",4242
"8250-ZNGGW",5,"Month-to-month",False,"Credit card (automatic)","59.90","287.85",3662
"8562-GHPPI",1,"Month-to-month",False,"Credit card (automatic)","19.80","19.80",3129
"5893-PYOLZ",56,"Two year",True,"Credit card (automatic)","81.80","4534.45",4399
"4986-MXSFP",2,"Month-to-month",True,"Mailed check","20.00","40.90",2237
"6131-FOYAS",35,"Month-to-month",True,"Electronic check","59.60","2094.90",2187
"3027-YNWZU",64,"Two year",False,"Credit card (automatic)","25.00","1584.80",5538
"5609-IMCGG",15,"Month-to-month",True,"Credit card (automatic)","84.35","1302.65",3314
"4727-MCYZG",1,"Month-to-month",False,"Mailed check","55.55","55.55",2207
"9481-WHGWY",70,"Two year",False,"Credit card (automatic)","75.35","5437.75",6477
"4328-VUFWD",39,"One year",False,"Electronic check","59.30","2209.15",5843
"3301-LSLWQ",29,"Month-to-month",True,"Electronic check","66.10","1912.15",5590
"7473-ZBDSN",14,"Two year",False,"Mailed check","18.80","255.55",5751
"3166-PNEOF",61,"Two year",False,"Credit card (automatic)","86.45","5175.30",4471
"5639-NTUPK",13,"Month-to-month",True,"Credit card (automatic)","52.10","670.65",4929
"8780-YRMTT",66,"Two year",True,"Mailed check","47.40","3177.25",6435
"5140-FOMCQ",59,"One year",True,"Credit card (automatic)","109.15","6557.75",5186
"6242-SGYTS",62,"One year",True,"Credit card (automatic)","94.95","5791.85",4262
"8166-ORCHU",33,"One year",True,"Electronic check","93.55","3055.50",4414
"8414-OOEEL",66,"Two year",True,"Credit card (automatic)","79.50","5196.10",4285
"8454-AATJP",72,"Two year",False,"Credit card (automatic)","115.05","8405.00",5905
"4531-AUZNK",51,"One year",True,"Mailed check","95.15","5000.05",6492
"4191-XOVOM",63,"Month-to-month",False,"Electronic check","105.40","6713.20",4551
"2150-OEGBV",27,"One year",False,"Bank transfer (automatic)","20.10","562.60",3428
"1855-CFULU",4,"Month-to-month",False,"Mailed check","20.05","91.45",3460
"4878-BUNFV",42,"Two year",False,"Mailed check","20.70","828.85",5320
"1872-EBWSC",29,"One year",False,"Mailed check","20.35","617.35",4840
"7026-YMSBE",30,"One year",False,"Mailed check","19.70","625.05",3302
"6997-UVGOX",71,"Two year",False,"Bank transfer (automatic)","85.45","6029.90",5394
"9674-EHPPG",46,"Two year",False,"Credit card (automatic)","40.40","1842.70",2519
"5440-VHLUL",69,"One year",True,"Bank transfer (automatic)","105.20","7386.05",6247
"5781-BKHOP",72,"Two year",False,"Bank transfer (automatic)","100.65","7334.05",6380
"5213-TWWJU",28,"Month-to-month",False,"Electronic check","91.00","2626.15",2448
"8628-MFKAX",72,"Two year",True,"Credit card (automatic)","116.75","8277.05",5098
"7629-WIXZF",7,"One year",True,"Electronic check","59.10","369.25",4770
"5445-GLVOT",22,"Month-to-month",True,"Electronic check","49.80","1049.05",4667
"3976-HXHCE",72,"Two year",False,"Bank transfer (automatic)","19.30","1414.80",4722
"2466-NEJOJ",8,"Month-to-month",False,"Credit card (automatic)","19.65","169.75",4535
"0254-KCJGT",52,"One year",True,"Credit card (automatic)","81.40","4354.45",4628
"5472-CVMDX",68,"Two year",False,"Mailed check","38.90","2719.20",5278
"6461-SZMCV",71,"Two year",False,"Bank transfer (automatic)","87.95","6365.35",4278
"8150-QUDFX",2,"Month-to-month",False,"Mailed check","19.85","51.60",3300
"9508-ILZDG",34,"Month-to-month",True,"Electronic check","96.35","3190.25",5425
"2346-DJQTB",35,"Month-to-month",False,"Electronic check","24.15","812.50",5097
"1697-LYYYX",61,"One year",False,"Credit card (automatic)","19.10","1143.80",4376
"1942-OQFRW",1,"Month-to-month",False,"Electronic check","44.00","44.00",2785
"9640-ZSLDC",53,"One year",False,"Credit card (automatic)","60.60","3297.00",4854
"4231-LZUYM",72,"Two year",False,"Bank transfer (automatic)","25.65","1887.00",5613
"6128-AQBMT",41,"Month-to-month",True,"Electronic check","53.95","2215.40",3920
"3594-BDSOA",24,"One year",False,"Credit card (automatic)","20.40","482.80",3071
"5133-VRSAB",8,"Month-to-month",False,"Mailed check","29.35","216.45",5369
"5996-DAOQL",1,"Month-to-month",True,"Mailed check","20.45","20.45",2184
"6838-YAUVY",54,"Two year",True,"Bank transfer (automatic)","95.10","5064.85",4825
"0484-JPBRU",41,"Month-to-month",True,"Bank transfer (automatic)","25.25","996.45",3461
"7883-ROJOC",19,"Month-to-month",False,"Mailed check","44.90","839.65",5842
"0244-LGNFY",72,"Two year",False,"Bank transfer (automatic)","92.65","6733.00",6342
"7274-CGTOD",62,"Two year",True,"Bank transfer (automatic)","43.70","2618.30",5254
"4295-YURET",56,"Two year",True,"Credit card (automatic)","72.60","4084.35",6357
"4635-EJYPD",32,"Two year",False,"Mailed check","18.95","613.95",4735
"1866-ZSLJM",21,"Month-to-month",False,"Credit card (automatic)","20.50","402.85",5654
"4636-TVXVG",62,"One year",False,"Bank transfer (automatic)","19.95","1244.80",4803
"4236-UJPWO",2,"Month-to-month",False,"Electronic check","24.50","46.40",5786
"9392-XBGTD",27,"Two year",False,"Mailed check","20.60","581.85",2924
"6402-SSEJG",25,"One year",False,"Electronic check","61.05","1540.20",3695
"1169-SAOCL",49,"One year",True,"Bank transfer (automatic)","106.65","5168.10",5154
"1110-KYLGQ",63,"Month-to-month",False,"Credit card (automatic)","108.25","6780.10",5331
"9929-PLVPA",4,"Month-to-month",False,"Credit card (automatic)","20.40","94.50",4929
"3518-PZXZQ",1,"Month-to-month",True,"Mailed check","55.30","55.30",2849
"2371-JUNGC",11,"Month-to-month",False,"Mailed check","20.25","208.00",4032
"7693-QPEFS",52,"Month-to-month",True,"Bank transfer (automatic)","72.95","3829.75",4368
"0924-BJCRC",60,"Month-to-month",False,"Electronic check","89.45","5294.60",4340
"5074-FBGHB",64,"One year",True,"Credit card (automatic)","104.65","6889.80",6443
"2351-BKRZW",43,"Two year",False,"Bank transfer (automatic)","75.20","3254.35",3976
"4455-BFSPD",61,"One year",False,"Bank transfer (automatic)","101.15","6383.90",5177
"3948-KXDUF",66,"Two year",False,"Bank transfer (automatic)","68.75","4447.55",5454
"2323-ARSVR",67,"Two year",True,"Electronic check","111.05","7321.05",6103
"0815-MFZGM",42,"Two year",True,"Credit card (automatic)","99.00","4135.00",4545
"5480-XTFFL",31,"Two year",False,"Mailed check","21.00","697.70",5225
"8295-FHIVV",7,"Month-to-month",True,"Mailed check","19.40","168.65",5873
"9086-YJYXS",34,"One year",False,"Bank transfer (automatic)","77.20","2753.80",3997
"1179-INLAT",3,"One year",True,"Mailed check","19.45","69.25",2787
"7909-FIOIY",19,"Month-to-month",True,"Mailed check","24.85","434.80",2958
"6351-SCJKT",3,"Month-to-month",False,"Mailed check","41.35","107.25",5534
"5468-BPMMO",46,"Month-to-month",False,"Electronic check","19.60","851.20",5092
"0197-PNKNK",69,"One year",False,"Bank transfer (automatic)","84.45","5848.60",5629
"2439-QKJUL",5,"Month-to-month",False,"Mailed check","20.25","109.80",5064
"1194-SPVSP",1,"Month-to-month",False,"Bank transfer (automatic)","19.65","19.65",3625
"9534-NSXEM",26,"One year",True,"Credit card (automatic)","20.65","595.50",2194
"8929-KSWIH",25,"Two year",False,"Bank transfer (automatic)","99.30","2513.50",3847
"2250-IVBWA",64,"Month-to-month",False,"Electronic check","81.05","5135.35",5168
"1810-MVMAI",30,"Month-to-month",False,"Electronic check","67.60","2000.20",4104
"9506-UXUSK",13,"Month-to-month",True,"Electronic check","70.15","931.75",4599
"1229-RCALF",64,"One year",True,"Electronic check","115.00","7396.15",5189
"3572-UOLYZ",46,"Month-to-month",True,"Bank transfer (automatic)","84.80","3958.85",5756
"1429-UYJSV",12,"One year",False,"Mailed check","19.70","260.90",3423
"6366-XIVKZ",13,"Month-to-month",True,"Mailed check","63.15","816.80",5916
"3470-OBUET",67,"Two year",False,"Credit card (automatic)","74.00","4868.40",4188
"2770-NSVDG",24,"Month-to-month",False,"Electronic check","29.10","688.00",4636
"9375-MHRRS",6,"Month-to-month",False,"Mailed check","50.05","288.35",3929
"4860-YZGZM",10,"Month-to-month",False,"Electronic check","20.00","185.40",2706
"6599-GZWCM",13,"One year",True,"Mailed check","74.65","966.25",4172
"5533-NHFRF",7,"Month-to-month",True,"Electronic check","44.40","265.80",3410
"7037-MTYVW",38,"Two year",True,"Bank transfer (automatic)","85.40","3297.00",5292
"4760-THGOT",43,"Month-to-month",True,"Electronic check","94.10","4107.30",4392
"4016-BJKTZ",25,"Two year",False,"Electronic check","108.90","2809.05",4398
"6584-VQMYT",27,"One year",False,"Mailed check","56.20","1567.55",5978
"9838-BFCQT",72,"Two year",False,"Mailed check","26.10","1851.45",5475
"2790-XUYMV",71,"One year",True,"Credit card (automatic)","85.45","6028.95",4777
"0581-MDMPW",24,"Month-to-month",True,"Credit card (automatic)","88.95","2072.75",5557
"1023-BQXZE",57,"Two year",True,"Bank transfer (automatic)","74.35","4317.35",5548
"9163-GHAYE",15,"Month-to-month",False,"Electronic check","48.85","736.80",5584
"3904-UKFRE",4,"Month-to-month",True,"Electronic check","80.10","336.15",2333
"5353-WILCI",28,"Month-to-month",False,"Electronic check","56.05","1522.65",4468
"0058-EVZWM",55,"Month-to-month",True,"Bank transfer (automatic)","89.80","4959.60",5875
"7009-PCARS",55,"One year",False,"Bank transfer (automatic)","19.10","1001.50",4391
"0519-DRGTI",20,"Month-to-month",False,"Mailed check","20.35","442.60",2522
"1017-FBQMM",62,"One year",True,"Credit card (automatic)","106.05","6703.50",6361
"1985-MBRYP",43,"Two year",True,"Bank transfer (automatic)","19.65","779.25",3678
"9372-TXXPS",60,"Two year",False,"Bank transfer (automatic)","59.85","3483.45",4029
"3259-QMXUN",58,"Two year",True,"Electronic check","86.10","4890.50",5666
"1015-JPFYW",7,"One year",False,"Mailed check","19.45","136.75",5084
"6645-MXQJT",2,"Month-to-month",False,"Electronic check","97.10","184.15",5745
"4360-QRAVE",37,"Month-to-month",False,"Electronic check","36.65","1315.00",2494
"8433-WPJTV",65,"One year",True,"Bank transfer (automatic)","103.90","6767.10",5669
"5804-JMYIO",39,"Two year",False,"Mailed check","19.75","757.95",3944
"6484-LATFU",68,"Two year",False,"Mailed check","24.55","1657.40",6042
"7599-NTMDP",62,"Two year",False,"Bank transfer (automatic)","48.70","3008.55",5453
"0536-ACXIP",72,"Two year",True,"Electronic check","109.55","8165.10",6452
"0936-NQLJU",41,"Two year",False,"Credit card (automatic)","20.65","875.55",5062
"1575-KRZZE",4,"Month-to-month",False,"Electronic check","55.20","220.65",4042
"3251-YMVWZ",53,"One year",False,"Bank transfer (automatic)","24.05","1301.90",4865
"9348-ROUAI",59,"Two year",False,"Credit card (automatic)","90.30","5194.05",4617
"4884-LEVMQ",39,"Two year",True,"Bank transfer (automatic)","20.45","790.00",2165
"8857-CUPFQ",63,"Two year",False,"Mailed check","19.25","1237.65",4538
"7610-TVOPG",15,"Month-to-month",True,"Electronic check","26.35","378.60",2723
"3638-DIMPH",13,"One year",False,"Electronic check","43.80","592.65",4369
"1845-ZLLIG",1,"Month-to-month",True,"Mailed check","50.15","50.15",4014
"8559-WNQZS",1,"Two year",False,"Mailed check","20.45","20.45",5925
"1699-UOTXU",60,"Two year",False,"Electronic check","61.40","3638.25",6209
"0635-WKOLD",40,"One year",False,"Credit card (automatic)","70.75","2921.75",5507
"5993-JSUWV",66,"Two year",True,"Bank transfer (automatic)","61.15","4017.45",5133
"4518-FZBSX",42,"One year",False,"Mailed check","20.25","854.90",4439
"5387-ASZNZ",66,"One year",True,"Credit card (automatic)","63.85","4174.35",4657
"6988-CJEYV",49,"Month-to-month",False,"Electronic check","98.70","4920.55",6148
"3097-FQTVJ",41,"Two year",False,"Mailed check","20.00","810.30",5913
"5465-BUBFA",41,"Two year",False,"Bank transfer (automatic)","19.30","772.40",4180
"7299-GNVPL",23,"Month-to-month",False,"Mailed check","84.40","1936.85",2177
"9743-DQKQW",3,"Month-to-month",False,"Electronic check","25.10","79.80",2013
"1215-VFYVK",4,"Month-to-month",False,"Mailed check","48.25","202.25",2682
"9371-BITHB",52,"Two year",False,"Mailed check","19.85","1070.50",5432
"9093-FPDLG",11,"Month-to-month",True,"Electronic check","94.20","999.90",2405
"0541-FITGH",2,"Month-to-month",True,"Mailed check","62.15","113.10",5766
"6985-HAYWX",26,"Month-to-month",False,"Bank transfer (automatic)","79.30","2015.80",5168
"7508-KBIMB",24,"One year",True,"Credit card (automatic)","56.25","1454.25",3607
"6838-HVLXG",12,"Month-to-month",False,"Mailed check","20.30","246.70",4177
"2277-DJJDL",60,"Month-to-month",True,"Electronic check","99.00","6017.90",4763
"1897-OKVMW",64,"Two year",True,"Mailed check","90.60","5817.45",5240
"5485-ITNPC",66,"Two year",True,"Bank transfer (automatic)","85.90","5595.30",5137
"0233-FTHAV",60,"One year",True,"Bank transfer (automatic)","79.20","4765.00",5687
"4644-PIZRT",17,"One year",True,"Bank transfer (automatic)","70.35","1201.65",2704
"8922-NPKBJ",42,"Two year",False,"Mailed check","19.35","867.30",3433
"2740-TVLFN",1,"Month-to-month",True,"Electronic check","50.15","50.15",3043
"7771-CFQRQ",47,"Two year",False,"Bank transfer (automatic)","63.80","3007.25",5144
"9512-PHSMG",10,"Month-to-month",True,"Mailed check","20.55","252.75",4907
"6963-EZQEE",70,"Two year",True,"Credit card (automatic)","88.55","6306.50",4097
"2452-KDRRH",67,"Month-to-month",True,"Credit card (automatic)","101.40","6841.05",5269
"4146-SVFUD",1,"Month-to-month",False,"Mailed check","44.60","44.60",4864
"1564-HJUVY",4,"Month-to-month",True,"Bank transfer (automatic)","63.75","226.20",2624
"3617-XLSGQ",66,"Two year",False,"Bank transfer (automatic)","109.25","7082.50",5865
"7517-LDMPS",12,"Month-to-month",True,"Electronic check","84.60","1017.35",4807
"7244-KXYZN",24,"One year",False,"Credit card (automatic)","20.45","527.35",4690
"5226-NOZFC",26,"Month-to-month",True,"Electronic check","85.75","2146.50",3178
"1400-WIVLL",57,"Two year",False,"Electronic check","107.95","5969.85",4687
"8148-NLEGT",42,"Two year",False,"Electronic check","22.95","1014.25",4650
"8347-GDTMP",64,"Two year",False,"Credit card (automatic)","19.45","1225.65",5113
"6746-WAUWT",19,"One year",True,"Credit card (automatic)","19.70","386.50",4431
"0428-IKYCP",22,"Month-to-month",True,"Bank transfer (automatic)","87.00","1850.65",5233
"2187-PKZAY",12,"Month-to-month",True,"Bank transfer (automatic)","79.95","1043.40",2968
"4003-OCTMP",31,"One year",True,"Electronic check","64.00","1910.75",5191
"6652-YFFJO",11,"Month-to-month",True,"Electronic check","64.90","716.10",2775
"7225-IILWY",68,"Two year",False,"Mailed check","25.75","1686.15",5434
"5248-RPYWW",72,"Two year",True,"Bank transfer (automatic)","90.15","6716.45",4606
"7923-IYJWY",67,"Two year",True,"Credit card (automatic)","116.10","7839.85",5896
"3170-GWYKC",60,"Month-to-month",True,"Bank transfer (automatic)","104.95","6236.75",5926
"9830-ECLEN",58,"One year",False,"Mailed check","50.00","2919.85",4704
"2668-TZSPS",1,"Month-to-month",False,"Mailed check","20.45","20.45",2664
"7446-SFAOA",37,"One year",True,"Bank transfer (automatic)","19.85","717.50",5707
"9443-JUBUO",72,"Two year",True,"Credit card (automatic)","65.25","4478.85",6412
"9522-ZSINC",13,"One year",True,"Electronic check","19.95","253.80",2252
"8234-GSZYK",43,"Two year",False,"Bank transfer (automatic)","26.45","1110.05",3881
"6505-OZNPG",6,"Two year",True,"Mailed check","63.40","348.80",3909
"6164-HAQTX",71,"Two year",False,"Bank transfer (automatic)","53.95","3888.65",4094
"7765-LWVVH",72,"Two year",True,"Electronic check","95.10","6843.15",5584
"1658-TJVOA",6,"Month-to-month",True,"Electronic check","74.10","450.90",4716
"0953-LGOVU",12,"Month-to-month",False,"Mailed check","35.50","432.25",2562
"4692-NNQRU",21,"One year",False,"Electronic check","79.20","1742.45",4900
"7742-MYPGI",6,"Month-to-month",True,"Mailed check","48.80","297.35",4538
"9619-GSATL",43,"One year",False,"Electronic check","55.45","2444.25",3350
"5622-UEJFI",35,"Two year",True,"Credit card (automatic)","25.40","949.80",5070
"0674-DGMAQ",32,"Month-to-month",True,"Electronic check","93.50","2970.80",5804
"6203-HBZPA",52,"Two year",False,"Credit card (automatic)","63.90","3334.95",5380
"0484-FFVBJ",32,"One year",True,"Bank transfer (automatic)","64.85","2010.95",4895
"0301-FIDRB",72,"Two year",True,"Bank transfer (automatic)","63.80","4684.30",6107
"4139-JPIAM",51,"Month-to-month",True,"Credit card (automatic)","44.45","2181.55",6087
"2181-TIDSV",68,"Two year",True,"Bank transfer (automatic)","19.95","1303.25",6492
"2761-XECQW",8,"Month-to-month",True,"Mailed check","43.35","371.40",2560
"1936-CZAKF",49,"Two year",False,"Credit card (automatic)","49.65","2409.90",4283
"9453-PATOS",72,"Two year",False,"Mailed check","85.10","6155.40",4147
"4402-FTBXC",54,"Month-to-month",False,"Mailed check","89.80","4667.00",4980
"2931-XIQBR",50,"One year",False,"Mailed check","103.05","5153.50",5905
"0106-UGRDO",69,"Two year",True,"Electronic check","116.00","8182.85",4216
"5542-TBBWB",1,"Month-to-month",True,"Electronic check","69.90","69.90",3358
"1930-QPBVZ",68,"Two year",False,"Bank transfer (automatic)","95.10","6683.40",5748
"2606-PKWJB",40,"One year",False,"Mailed check","40.25","1564.05",4288
"5322-ZSMZY",31,"Two year",False,"Mailed check","25.75","755.60",5472
"8059-UDZFY",33,"Month-to-month",True,"Bank transfer (automatic)","105.35","3465.05",4738
"7740-BTPUX",55,"Two year",True,"Electronic check","113.60","6292.70",5754
"5220-AGAAX",68,"Two year",True,"Bank transfer (automatic)","24.00","1664.30",5440
"0208-BPQEJ",12,"Month-to-month",False,"Bank transfer (automatic)","19.40","198.10",3713
"9435-JMLSX",71,"Two year",True,"Bank transfer (automatic)","86.10","6045.90",6286
"3352-ALMCK",40,"Month-to-month",True,"Mailed check","102.65","4108.15",3655
"5312-IRCFR",64,"One year",True,"Electronic check","92.85","5980.75",5206
"5294-IMHHT",53,"One year",False,"Bank transfer (automatic)","97.75","5043.20",4488
"6176-YJWAS",72,"Two year",True,"Credit card (automatic)","97.95","7114.25",4256
"5310-NOOVA",46,"Two year",False,"Electronic check","19.95","907.05",4006
"4526-EXKKN",40,"Two year",True,"Mailed check","24.60","973.95",2601
"5311-IHLEI",12,"Month-to-month",True,"Bank transfer (automatic)","50.95","605.75",2716
"3987-KQDDU",9,"Month-to-month",False,"Electronic check","75.60","661.55",4990
"3404-JNXAX",51,"Month-to-month",True,"Electronic check","80.75","4116.90",6032
"5131-PONJI",49,"Month-to-month",True,"Credit card (automatic)","90.40","4494.65",5804
"3489-VSFRD",56,"One year",True,"Credit card (automatic)","60.25","3282.75",4835
"3345-JHUEO",4,"Month-to-month",True,"Electronic check","20.20","55.70",4267
"5815-HGGHV",20,"One year",True,"Mailed check","64.15","1274.45",5969
"5260-UMPWX",26,"Month-to-month",True,"Credit card (automatic)","20.25","493.95",5158
"5649-RXQTV",51,"Month-to-month",True,"Electronic check","99.00","5038.15",5787
"2674-MIAHT",4,"Month-to-month",True,"Mailed check","80.30","324.20",3132
"2576-HXMPA",1,"Month-to-month",False,"Credit card (automatic)","19.55","19.55",5537
"7587-AOVVU",27,"Month-to-month",False,"Electronic check","100.75","2793.55",3160
"6898-MDLZW",12,"Month-to-month",True,"Mailed check","53.75","648.65",5385
"4707-YNOQA",34,"One year",True,"Credit card (automatic)","25.60","917.15",5854
"9357-UJRUN",24,"One year",True,"Electronic check","58.35","1346.90",5428
"8648-PFRMP",14,"Month-to-month",True,"Electronic check","46.35","672.70",2056
"7663-CUXZB",59,"Two year",False,"Electronic check","113.75","6561.25",6251
"0258-NOKBL",3,"Month-to-month",False,"Electronic check","90.40","268.45",5625
"1163-VIPRI",65,"Two year",False,"Electronic check","109.30","7337.55",6087
"3043-TYBNO",3,"Month-to-month",False,"Mailed check","60.65","196.90",2111
"4830-FAXFM",19,"Month-to-month",True,"Credit card (automatic)","24.10","439.20",2378
"5906-BFOZT",1,"Month-to-month",True,"Mailed check","19.50","19.50",3753
"2960-NKRSO",24,"Month-to-month",True,"Electronic check","85.95","2107.15",5421
"8996-ZROXE",57,"One year",True,"Electronic check","53.50","3035.80",5521
"5598-IKHQQ",72,"Two year",False,"Credit card (automatic)","25.45","1866.45",4118
"0397-ZXWQF",67,"Two year",False,"Bank transfer (automatic)","20.50","1430.95",4416
"5266-PFRQK",52,"One year",True,"Credit card (automatic)","20.85","1071.60",4886
"4674-HGNUA",71,"Two year",False,"Credit card (automatic)","89.90","6457.15",4444
"6765-MBQNU",26,"One year",False,"Mailed check","26.00","684.05",2244
"9786-IJYDL",35,"Two year",True,"Mailed check","113.20","3914.05",5723
"1303-SRDOK",55,"Two year",True,"Credit card (automatic)","69.05","3842.60",4318
"3769-MHZNV",33,"Two year",False,"Mailed check","20.10","670.35",3700
"6295-OSINB",72,"Two year",True,"Electronic check","109.65","7880.25",6181
"3308-MHOOC",1,"Month-to-month",True,"Mailed check","19.20","19.20",3383
"2207-QPJED",37,"Month-to-month",False,"Electronic check","90.00","3371.75",4048
"4177-JPDFU",12,"Month-to-month",False,"Mailed check","34.00","442.45",3215
"2239-CFOUJ",1,"One year",False,"Mailed check","20.40","20.40",4540
"8046-DNVTL",62,"Two year",True,"Credit card (automatic)","38.60","2345.55",4558
"2209-XADXF",1,"Month-to-month",False,"Bank transfer (automatic)","25.25","25.25",4831
"6620-JDYNW",18,"Month-to-month",True,"Mailed check","60.60","1156.35",4459
"4770-UEZOX",2,"Month-to-month",True,"Electronic check","74.75","144.80",4545
"1038-RQOST",19,"Month-to-month",False,"Mailed check","20.60","414.95",2276
"4568-TTZRT",9,"Month-to-month",False,"Mailed check","20.40","181.80",5380
"9513-DXHDA",27,"One year",False,"Electronic check","81.70","2212.55",2445
"0516-QREYC",24,"Month-to-month",True,"Mailed check","20.30","459.95",3740
"8084-OIVBS",11,"One year",False,"Mailed check","20.00","211.95",3731
"8896-BQTTI",1,"Month-to-month",True,"Mailed check","25.00","25.00",2371
"3865-QBWSJ",38,"Month-to-month",True,"Mailed check","80.45","3162.65",2926
"3352-RICWQ",9,"Two year",False,"Mailed check","19.75","210.65",2427
"2160-GPFXD",54,"Two year",True,"Credit card (automatic)","65.65","3566.70",5725
"2065-MMKGR",29,"One year",True,"Credit card (automatic)","71.00","2080.10",4226
"5857-TYBCJ",44,"Month-to-month",True,"Electronic check","89.20","4040.20",2925
"1498-NHTLT",59,"Two year",True,"Electronic check","86.75","5186.00",5020
"1402-PTHGN",18,"One year",True,"Mailed check","61.50","1087.45",3479
"4176-RELJR",67,"Two year",False,"Credit card (automatic)","25.10","1672.15",6388
"5199-FPUSP",33,"One year",False,"Credit card (automatic)","34.05","1113.95",3044
"6377-KSLXC",5,"Month-to-month",False,"Mailed check","19.95","107.05",4281
"1796-JANOW",2,"Month-to-month",False,"Mailed check","19.95","38.15",4079
"0238-WHBIQ",72,"Two year",False,"Credit card (automatic)","89.70","6339.30",4193
"8735-NBLWT",9,"Month-to-month",False,"Mailed check","20.40","184.10",4195
"6651-RLGGM",67,"Two year",False,"Mailed check","26.30","1688.90",6066
"1614-JBEBI",8,"Month-to-month",True,"Mailed check","20.70","137.60",3330
"5696-EXCYS",17,"Two year",False,"Credit card (automatic)","19.45","369.05",5347
"5795-KTGUD",68,"Two year",True,"Bank transfer (automatic)","110.80","7553.60",4545
"7924-GJZFI",25,"Month-to-month",True,"Electronic check","69.30","1813.10",4442
"4702-HDRKD",67,"One year",True,"Bank transfer (automatic)","49.35","3321.35",5905
"8512-WIWYV",32,"One year",False,"Credit card (automatic)","20.35","707.50",2433
"5897-ZYEKH",67,"One year",True,"Electronic check","105.60","7112.15",5768
"5456-ITGIC",72,"Two year",True,"Credit card (automatic)","64.45","4641.10",5295
"1406-PUQVY",1,"Month-to-month",True,"Electronic check","49.90","49.90",3239
"9114-AAFQH",48,"One year",True,"Electronic check","65.65","3094.65",5427
"8715-KKTFG",61,"One year",True,"Bank transfer (automatic)","103.30","6518.35",5401
"1728-BQDMA",2,"Month-to-month",False,"Electronic check","44.45","82.70",5694
"5117-ZSMHQ",71,"Two year",False,"Bank transfer (automatic)","89.90","6342.70",5835
"5151-HQRDG",37,"Month-to-month",True,"Mailed check","55.05","2030.75",3839
"0960-HUWBM",65,"Two year",True,"Bank transfer (automatic)","104.10","6700.05",4024
"6465-GSRCL",67,"One year",True,"Bank transfer (automatic)","106.60","7244.70",5895
"0263-FJTQO",50,"Two year",True,"Credit card (automatic)","70.50","3486.65",4022
"7319-ZNRTR",25,"One year",False,"Electronic check","19.60","411.15",2888
"7503-EPSZW",64,"Two year",True,"Mailed check","24.05","1559.15",4582
"7089-XXAYG",25,"One year",True,"Credit card (automatic)","38.10","970.40",2315
"8070-AAWZP",24,"Month-to-month",False,"Mailed check","34.25","828.20",2525
"1666-JXLKU",37,"Month-to-month",True,"Electronic check","100.05","3810.55",2904
"7855-DIWPO",21,"Month-to-month",True,"Electronic check","68.65","1493.20",2006
"5133-POWUA",1,"Month-to-month",True,"Mailed check","45.80","45.80",2614
"5652-MSDEY",10,"Month-to-month",True,"Mailed check","75.75","777.30",4525
"1810-BOHSY",51,"One year",True,"Credit card (automatic)","96.40","4911.05",4745
"1784-BXEFA",10,"Month-to-month",True,"Mailed check","20.55","187.35",3595
"7351-MHQVU",6,"Month-to-month",False,"Credit card (automatic)","50.95","307.60",3474
"9224-VTYID",47,"Two year",True,"Mailed check","90.50","4318.35",3413
"9500-IWPXQ",61,"One year",True,"Electronic check","79.40","4820.55",4666
"5762-TJXGK",52,"Two year",True,"Bank transfer (automatic)","58.75","3038.55",5122
"4504-YOULA",35,"Month-to-month",True,"Credit card (automatic)","59.45","2136.90",3682
"5569-IDSEY",71,"One year",True,"Bank transfer (automatic)","105.70","7472.15",4420
"7284-ZZLOH",45,"Two year",False,"Credit card (automatic)","53.30","2296.25",2929
"1777-JYQPJ",2,"Month-to-month",False,"Mailed check","24.30","38.45",2515
"3401-URHDA",51,"One year",False,"Credit card (automatic)","59.90","3043.60",5233
"1599-EAHXY",60,"One year",False,"Credit card (automatic)","23.95","1506.40",5449
"8631-XVRZL",9,"One year",True,"Mailed check","20.15","163.70",4004
"3853-LYGAM",17,"Month-to-month",True,"Bank transfer (automatic)","95.65","1640.00",3139
"5751-USDBL",46,"Two year",False,"Mailed check","81.00","3846.35",4280
"5680-LQOGP",68,"Two year",True,"Credit card (automatic)","82.45","5646.60",5308
"8189-DUKMV",4,"One year",False,"Bank transfer (automatic)","20.50","79.05",3233
"9931-DCEZH",28,"One year",True,"Credit card (automatic)","54.40","1516.60",4711
"1898-JSNDC",39,"One year",True,"Credit card (automatic)","58.60","2224.50",5662
"0315-LVCRK",11,"Month-to-month",False,"Electronic check","84.80","888.75",4924
"3911-RSNHI",71,"Two year",True,"Credit card (automatic)","61.40","4310.35",5119
"2410-CIYFZ",2,"Month-to-month",False,"Mailed check","20.40","42.90",3000
"5505-OVWQW",17,"One year",False,"Mailed check","20.15","353.65",4650
"7271-AJDTL",55,"Month-to-month",True,"Credit card (automatic)","94.45","5073.10",5577
"1867-TJHTS",58,"Month-to-month",True,"Bank transfer (automatic)","79.80","4526.85",5709
"6860-YRJZP",9,"Month-to-month",True,"Electronic check","74.05","678.45",2003
"4429-WYGFR",26,"Month-to-month",False,"Bank transfer (automatic)","49.15","1237.30",2752
"2817-LVCPP",50,"Two year",False,"Credit card (automatic)","19.40","1023.95",6233
"5038-ETMLM",72,"Two year",True,"Bank transfer (automatic)","113.65","8182.75",5411
"5056-FIMPT",43,"One year",True,"Credit card (automatic)","106.00","4532.30",3528
"4521-WFJAI",56,"Two year",True,"Bank transfer (automatic)","25.95","1444.05",4246
"6569-KTMDU",1,"Month-to-month",False,"Mailed check","19.10","19.10",3313
"8809-XKHMD",72,"Two year",True,"Bank transfer (automatic)","100.55","7325.10",6082
"0396-YCHWO",36,"Month-to-month",True,"Electronic check","95.40","3474.20",5111
"0867-LDTTC",5,"Month-to-month",False,"Bank transfer (automatic)","75.15","392.65",5900
"9391-DXGGG",44,"One year",False,"Credit card (automatic)","89.15","3990.75",4368
"9844-FELAJ",70,"One year",True,"Electronic check","107.90","7475.85",5899
"2122-SZZZD",44,"One year",False,"Credit card (automatic)","19.50","835.50",4220
"3148-AOIQT",69,"Two year",True,"Credit card (automatic)","24.95","1718.35",4106
"8395-ETZKQ",68,"One year",False,"Bank transfer (automatic)","19.50","1193.55",5443
"6692-YQHXC",16,"Month-to-month",True,"Credit card (automatic)","69.95","1205.50",5596
"3889-VWBID",68,"Two year",False,"Bank transfer (automatic)","82.85","5776.45",5184
"5222-JCXZT",4,"Month-to-month",False,"Mailed check","19.00","78.90",3022
"9754-CLVZW",26,"Month-to-month",False,"Credit card (automatic)","38.85","1025.15",3970
"2739-CCZMB",5,"Month-to-month",False,"Credit card (automatic)","20.35","122.00",3161
"7080-TNUWP",70,"One year",True,"Bank transfer (automatic)","95.00","6602.90",6259
"0496-AHOOK",24,"One year",False,"Bank transfer (automatic)","74.40","1712.90",4310
"8336-TAVKX",72,"Two year",False,"Bank transfer (automatic)","78.45","5682.25",4032
"2468-SJFLM",1,"Month-to-month",True,"Mailed check","74.30","74.30",3063
"3181-VTHOE",70,"One year",True,"Bank transfer (automatic)","51.05","3635.15",4042
"7168-HDQHG",36,"Month-to-month",False,"Bank transfer (automatic)","19.20","702.90",3043
"4567-AKPIA",41,"One year",True,"Bank transfer (automatic)","109.10","4454.25",4854
"7901-HXJVA",14,"Month-to-month",False,"Electronic check","76.45","1117.55",2292
"5924-IFQTT",13,"Month-to-month",True,"Electronic check","72.80","930.05",2862
"7968-QUXNS",6,"Month-to-month",False,"Mailed check","18.95","110.15",5920
"8903-WMRNW",15,"Month-to-month",False,"Electronic check","101.75","1669.40",2919
"2452-SNHFZ",47,"Month-to-month",False,"Credit card (automatic)","75.45","3545.10",4995
"3629-WEAAM",8,"Month-to-month",False,"Mailed check","64.10","504.05",2804
"6029-CSMJE",17,"Month-to-month",True,"Mailed check","25.65","440.20",3090
"7993-NQLJE",15,"Month-to-month",False,"Mailed check","75.10","1151.55",4634
"9909-DFRJA",26,"One year",True,"Bank transfer (automatic)","95.85","2475.35",3834
"9099-FTUHS",23,"Month-to-month",False,"Electronic check","54.40","1249.25",2989
"0581-BXBUB",4,"Month-to-month",False,"Electronic check","72.75","317.75",4503
"4962-CHQPW",29,"One year",False,"Mailed check","19.85","535.05",2941
"9467-ROOLM",25,"Month-to-month",False,"Mailed check","19.05","461.30",2692
"5150-ITWWB",3,"Month-to-month",True,"Electronic check","94.85","335.75",4496
"2253-KPMNB",69,"Two year",False,"Bank transfer (automatic)","46.25","3121.40",4180
"1345-ZUKID",14,"One year",False,"Mailed check","19.35","324.80",2400
"6429-SHBCB",19,"Month-to-month",False,"Mailed check","69.60","1394.55",3349
"9281-OFDMF",39,"Month-to-month",False,"Electronic check","90.70","3413.25",5028
"2603-HVKCG",31,"Month-to-month",True,"Electronic check","101.40","3143.65",2025
"1834-WULEG",24,"One year",False,"Mailed check","20.25","439.75",3000
"9097-ZUBYC",14,"Month-to-month",False,"Bank transfer (automatic)","48.80","664.40",2168
"5148-ORICT",64,"Two year",True,"Mailed check","74.35","4759.55",4781
"4893-GYUJU",50,"One year",True,"Mailed check","19.35","1033.00",5247
"4578-PHJYZ",52,"One year",True,"Electronic check","68.75","3482.85",4172
"7272-QDCKA",28,"One year",False,"Electronic check","100.20","2688.45",5137
"8908-SLFCJ",21,"Two year",True,"Credit card (automatic)","20.85","435.25",5422
"9766-HGEDE",17,"One year",False,"Mailed check","19.35","307.00",2185
"6968-MHOMU",58,"One year",True,"Credit card (automatic)","45.00","2689.35",5006
"5044-XDPYX",51,"Two year",False,"Mailed check","25.50","1281.25",5447
"1814-WFGVS",72,"Two year",False,"Mailed check","48.90","3527.00",5415
"3721-WKIIL",27,"Two year",True,"Mailed check","19.60","561.15",2896
"6734-CKRSM",3,"Month-to-month",False,"Mailed check","20.00","63.60",4258
"1265-ZFOSD",64,"Two year",True,"Mailed check","81.30","5129.30",5254
"6568-POCUI",45,"Two year",True,"Credit card (automatic)","95.20","4285.80",3363
"5197-LQXXH",71,"Two year",True,"Credit card (automatic)","83.30","5894.50",4264
"3457-PQBYH",58,"Two year",False,"Credit card (automatic)","20.30","1160.75",4424
"7682-AZNDK",34,"Month-to-month",True,"Electronic check","89.85","3091.75",3096
"5384-ZTTWP",15,"Month-to-month",False,"Mailed check","19.80","272.95",4167
"3745-HRPHI",66,"Two year",False,"Bank transfer (automatic)","54.65","3632.00",4051
"7636-OWBPG",12,"Month-to-month",True,"Credit card (automatic)","29.35","381.20",3606
"1231-YNDEK",58,"Two year",True,"Bank transfer (automatic)","19.15","1035.50",6339
"1407-DIGZV",3,"Two year",False,"Mailed check","19.10","52.00",3863
"0570-BFQHT",9,"Month-to-month",False,"Electronic check","80.55","653.90",3581
"4393-OBCRR",3,"One year",False,"Mailed check","20.25","71.20",4331
"8564-LDKFL",40,"One year",True,"Bank transfer (automatic)","106.00","4178.65",5118
"3696-DFHHB",68,"Two year",False,"Bank transfer (automatic)","25.50","1821.80",5182
"4717-GHADL",50,"Two year",True,"Mailed check","79.60","4024.20",5592
"5501-TVMGM",1,"Month-to-month",True,"Electronic check","55.25","55.25",3255
"5879-HMFFH",72,"Two year",False,"Bank transfer (automatic)","88.05","6520.80",6247
"6772-WFQRD",40,"One year",True,"Bank transfer (automatic)","20.40","854.90",3200
"3810-DVDQQ",72,"Two year",True,"Bank transfer (automatic)","117.60","8308.90",6173
"6972-SNKKW",6,"Month-to-month",False,"Mailed check","20.00","109.20",3142
"3694-GLTJM",5,"Month-to-month",True,"Credit card (automatic)","19.65","92.05",2878
"8550-XSXUQ",48,"One year",True,"Credit card (automatic)","70.55","3420.50",3997
"9055-MOJJJ",64,"One year",False,"Mailed check","65.80","4068.00",4754
"4359-INNWN",17,"One year",False,"Credit card (automatic)","20.05","337.90",4828
"0585-EGDDA",40,"Month-to-month",True,"Electronic check","80.00","3168.75",2478
"4032-RMHCI",41,"One year",False,"Credit card (automatic)","35.40","1412.40",4375
"0549-CYCQN",51,"One year",True,"Bank transfer (automatic)","79.60","3974.70",4673
"3481-JHUZH",41,"Month-to-month",True,"Electronic check","80.25","3439.00",5757
"3594-IVHJZ",2,"Month-to-month",True,"Mailed check","20.45","42.45",2606
"6869-FGJJC",68,"One year",False,"Credit card (automatic)","79.60","5461.45",5210
"3896-ZVNET",24,"Two year",False,"Mailed check","24.70","571.75",5302
"8205-VSLRB",70,"Two year",False,"Credit card (automatic)","77.30","5498.20",6252
"5960-MVTUK",3,"Month-to-month",True,"Electronic check","29.75","96.85",3425
"6817-WTYHE",2,"Month-to-month",False,"Bank transfer (automatic)","44.90","111.05",4370
"3082-VQXNH",3,"Month-to-month",False,"Credit card (automatic)","29.80","94.40",5614
"4931-TRZWN",13,"Month-to-month",True,"Electronic check","71.95","923.85",3605
"0750-EKNGL",7,"Month-to-month",False,"Mailed check","20.75","141.10",4476
"7669-LCRSD",12,"Month-to-month",True,"Mailed check","56.30","628.65",2047
"3567-PQTSO",53,"One year",True,"Electronic check","105.25","5576.30",6365
"8043-PNYSD",63,"Two year",False,"Mailed check","19.55","1245.60",6002
"9938-EKRGF",15,"Month-to-month",False,"Mailed check","84.45","1287.85",4653
"2703-AMTUL",36,"One year",False,"Mailed check","53.65","1939.35",4113
"0928-JMXNP",4,"Month-to-month",True,"Electronic check","29.90","118.25",2914
"8173-RXAYP",24,"Two year",False,"Mailed check","19.70","452.55",4642
"4825-XJGDM",61,"One year",False,"Credit card (automatic)","43.70","2696.55",4051
"5402-HTOTQ",16,"Month-to-month",False,"Electronic check","55.30","875.35",3771
"6734-JDTTV",65,"Two year",True,"Credit card (automatic)","19.85","1267.05",6009
"7850-THJMU",26,"Two year",False,"Credit card (automatic)","19.65","494.90",4184
"3890-RTCMS",16,"Month-to-month",True,"Mailed check","49.45","799.00",3446
"3717-FDJFU",5,"Two year",False,"Mailed check","20.45","106.90",3353
"3665-JATSN",19,"Month-to-month",True,"Electronic check","39.70","710.05",4034
"7966-YOTQW",10,"Month-to-month",True,"Credit card (automatic)","54.50","568.20",4163
"8853-TZDGH",72,"Two year",True,"Bank transfer (automatic)","111.60","8012.75",5425
"4324-BZCKL",10,"Month-to-month",True,"Mailed check","55.55","551.30",2530
"6924-TDGMT",11,"One year",True,"Mailed check","20.55","184.95",3971
"1536-YHDOE",17,"One year",True,"Mailed check","62.10","1096.65",3937
"8123-QBNAZ",36,"Month-to-month",True,"Credit card (automatic)","104.50","3684.95",4102
"3629-ZNKXA",17,"Month-to-month",True,"Electronic check","101.80","1752.45",3296
"4827-LTQRJ",66,"One year",True,"Credit card (automatic)","110.60","7210.85",5418
"7711-YIJWC",61,"One year",False,"Bank transfer (automatic)","84.90","5264.50",4413
"5482-VXSXJ",22,"Month-to-month",True,"Mailed check","93.20","2157.30",4093
"7365-BVCJH",1,"Month-to-month",True,"Electronic check","24.40","24.40",3145
"9620-ENEJV",6,"Month-to-month",False,"Credit card (automatic)","70.55","433.95",4059
"2378-YIZKA",68,"Two year",True,"Credit card (automatic)","85.00","5607.75",6221
"0689-DSXGL",52,"Month-to-month",False,"Bank transfer (automatic)","85.80","4433.30",5494
"6818-DJXAA",10,"Month-to-month",True,"Electronic check","91.10","964.35",3857
"0464-WJTKO",72,"Two year",False,"Bank transfer (automatic)","20.10","1460.85",4598
"8902-ZEOVF",47,"One year",False,"Mailed check","20.05","951.55",5183
"6778-EICRF",24,"One year",False,"Mailed check","74.80","1821.20",5535
"2662-NNTDK",65,"One year",False,"Credit card (automatic)","24.80","1600.95",5826
"4132-KALRO",4,"Month-to-month",True,"Mailed check","100.85","399.25",5354
"2874-YXVVA",34,"Month-to-month",True,"Electronic check","105.10","3634.80",3941
"1245-HARPS",14,"Two year",False,"Mailed check","20.40","292.40",4556
"4323-ELYYB",13,"One year",False,"Mailed check","20.00","218.55",5651
"4293-ETKAP",65,"Two year",True,"Bank transfer (automatic)","79.40","5071.90",4023
"6064-PUPMC",23,"One year",False,"Credit card (automatic)","57.20","1423.35",4021
"6504-VBLFL",55,"Two year",False,"Electronic check","58.60","3068.60",6231
"6322-PJJDJ",49,"Two year",True,"Electronic check","94.80","4690.65",4252
"0330-BGYZE",60,"One year",False,"Bank transfer (automatic)","102.50","6157.60",4968
"1085-LDWAM",69,"One year",True,"Credit card (automatic)","20.35","1442.65",5188
"7586-ZATGZ",40,"Month-to-month",True,"Electronic check","84.90","3369.05",2904
"7197-VOJMM",67,"Two year",True,"Credit card (automatic)","69.20","4671.65",4323
"1843-TLSGD",13,"Two year",False,"Mailed check","20.85","272.35",3163
"9626-VFRGG",41,"Month-to-month",True,"Bank transfer (automatic)","88.50","3645.05",5984
"7075-BNDVQ",4,"Month-to-month",False,"Mailed check","35.00","135.75",3523
"9143-CANJF",24,"Month-to-month",False,"Electronic check","55.15","1319.85",2200
"7284-BUYEC",5,"Month-to-month",True,"Credit card (automatic)","50.95","229.40",3573
"2041-JIJCI",5,"Month-to-month",True,"Electronic check","64.00","370.25",4421
"4900-MSOMT",72,"Two year",False,"Bank transfer (automatic)","80.20","5714.20",6087
"2229-VWQJH",24,"Month-to-month",True,"Credit card (automatic)","49.30","1233.25",5394
"9194-GFVOI",42,"Two year",False,"Credit card (automatic)","84.35","3571.60",3363
"1336-EZFZY",4,"Month-to-month",False,"Mailed check","20.05","83.30",4596
"4282-MSACW",68,"One year",True,"Credit card (automatic)","117.20","8035.95",4629
"1403-LKLIK",33,"One year",False,"Mailed check","20.10","579.40",3342
"0136-IFMYD",69,"Two year",True,"Electronic check","109.95","7634.25",4297
"5144-TVGLP",38,"Month-to-month",False,"Electronic check","94.75","3653.00",3654
"9643-AVVWI",3,"Month-to-month",True,"Electronic check","80.00","241.30",4264
"0253-ZTEOB",48,"Two year",False,"Electronic check","79.65","3870.30",3246
"2706-QZIHY",15,"Two year",False,"Mailed check","25.20","387.90",4411
"6080-TCMYC",40,"Month-to-month",True,"Electronic check","81.20","3292.30",5370
"6061-PQHMK",25,"One year",False,"Credit card (automatic)","19.90","527.50",3048
"6137-MFAJN",48,"Month-to-month",True,"Electronic check","44.80","2104.55",2469
"9122-UMROB",1,"Month-to-month",False,"Mailed check","20.30","20.30",4270
"4232-JGKIY",1,"Month-to-month",False,"Electronic check","19.20","19.20",2716
"2402-TAIRZ",37,"One year",False,"Electronic check","80.05","3019.10",3364
"9659-ZTWSM",66,"One year",True,"Bank transfer (automatic)","107.35","7051.95",4138
"9139-TWBAS",26,"One year",False,"Bank transfer (automatic)","47.85","1190.50",4362
"6685-GBWJZ",63,"One year",False,"Credit card (automatic)","70.80","4448.80",5114
"2195-VVRJF",18,"Month-to-month",True,"Credit card (automatic)","59.10","1011.05",2422
"3913-RDSJZ",64,"Two year",False,"Mailed check","25.55","1714.95",4312
"4203-QGNZA",28,"Month-to-month",False,"Mailed check","20.25","535.35",4476
"5043-TRZWM",1,"Month-to-month",False,"Electronic check","75.55","75.55",3503
"9494-BDNNC",66,"One year",False,"Electronic check","95.30","6273.40",5706
"1640-PLFMP",1,"Month-to-month",True,"Electronic check","70.25","70.25",4063
"5366-OBVMR",18,"Month-to-month",True,"Mailed check","50.30","908.75",3740
"7644-OMVMY",0,"Two year",False,"Mailed check","19.85",NULL,2019
"4573-JKNAE",12,"Two year",False,"Bank transfer (automatic)","19.35","212.30",2558
"9817-APLHW",12,"Month-to-month",False,"Electronic check","25.00","316.20",4408
"8380-MQINP",55,"Two year",False,"Mailed check","20.30","1079.05",5153
"0840-DFEZH",7,"Month-to-month",True,"Electronic check","75.35","564.65",4989
"8690-ZVLCL",68,"Two year",False,"Credit card (automatic)","88.00","6161.90",5436
"1125-SNVCK",49,"Month-to-month",False,"Mailed check","43.80","2106.05",5651
"0384-LPITE",40,"One year",False,"Credit card (automatic)","62.05","2511.55",2290
"4616-EWBNJ",16,"One year",False,"Bank transfer (automatic)","20.10","318.60",4545
"1335-HQMKX",72,"One year",True,"Electronic check","101.35","7323.15",4497
"2545-EBUPK",2,"Month-to-month",True,"Electronic check","84.05","186.05",5039
"6923-AQONU",23,"Two year",False,"Mailed check","20.90","454.00",4076
"2172-EJXVF",71,"One year",True,"Electronic check","105.90","7521.95",5479
"4536-PLEQY",12,"Month-to-month",True,"Credit card (automatic)","85.05","999.80",2540
"7029-IJEJK",54,"One year",False,"Bank transfer (automatic)","44.10","2369.70",6205
"8871-JLMHM",68,"Two year",False,"Credit card (automatic)","90.20","6297.65",4095
"5447-VYTKW",27,"Month-to-month",False,"Mailed check","53.45","1461.45",2191
"3623-FQBOX",21,"Month-to-month",True,"Mailed check","19.95","416.40",3632
"8659-HDIYE",64,"Month-to-month",False,"Credit card (automatic)","74.65","4869.35",5113
"3474-BAFSJ",57,"Two year",True,"Bank transfer (automatic)","57.50","3265.95",4133
"3865-ZFZIB",19,"Two year",False,"Mailed check","19.65","358.15",5596
"1855-AGAWH",31,"One year",True,"Electronic check","93.80","2939.80",2510
"7109-CQYUZ",52,"Two year",True,"Mailed check","89.25","4652.40",4624
"1370-GGAWX",46,"One year",True,"Electronic check","94.15","4408.45",3924
"4680-KUTAJ",11,"Month-to-month",True,"Electronic check","55.60","580.80",5014
"5307-UVGNB",53,"Month-to-month",True,"Bank transfer (automatic)","48.70","2495.20",4116
"2883-ILGWO",57,"Month-to-month",True,"Bank transfer (automatic)","104.90","5913.95",5838
"3642-BYHDO",71,"Two year",False,"Bank transfer (automatic)","19.90","1389.35",5789
"9629-NHXFW",1,"Month-to-month",True,"Mailed check","19.40","19.40",3160
"2696-RZVZW",68,"Two year",False,"Credit card (automatic)","25.05","1629.20",4187
"5766-FTRTS",72,"Two year",False,"Mailed check","84.45","6033.10",6297
"0396-HUJBP",2,"Month-to-month",False,"Mailed check","19.30","44.40",3009
"8879-ZKJOF",41,"One year",True,"Bank transfer (automatic)","79.85","3320.75",5556
"6285-FTQBF",72,"Two year",False,"Credit card (automatic)","25.55","1867.70",6425
"1474-JUWSM",58,"One year",True,"Electronic check","68.40","3972.25",5269
"3530-CRZSB",7,"Month-to-month",False,"Mailed check","20.65","155.90",2100
"8498-XXGWA",65,"Month-to-month",True,"Mailed check","55.15","3673.15",6205
"9617-INGJY",1,"Month-to-month",True,"Mailed check","70.60","70.60",3530
"0621-TSSMU",56,"One year",False,"Credit card (automatic)","19.95","1126.75",4838
"1530-ZTDOZ",49,"Month-to-month",False,"Bank transfer (automatic)","40.65","2070.75",5565
"7234-KMNRQ",4,"Month-to-month",False,"Mailed check","19.00","73.45",4345
"7636-PEPNS",58,"One year",True,"Mailed check","44.10","2413.05",5040
"4683-WYDOU",62,"Two year",True,"Bank transfer (automatic)","107.60","6912.70",4697
"9052-DHNKM",26,"One year",False,"Electronic check","61.55","1581.95",5156
"6794-HKIAJ",62,"Month-to-month",False,"Bank transfer (automatic)","90.70","5586.45",5496
"5578-NKCXI",58,"One year",False,"Credit card (automatic)","99.25","5846.65",4098
"1642-HMARX",68,"Two year",True,"Electronic check","91.70","6424.70",4113
"3096-WPXBT",61,"One year",True,"Credit card (automatic)","100.70","6018.65",4804
"8434-PNQZX",42,"Two year",True,"Credit card (automatic)","78.45","3373.40",3192
"5950-AAAGJ",18,"Month-to-month",False,"Bank transfer (automatic)","84.30","1537.90",4612
"4299-OPXEJ",56,"Two year",True,"Bank transfer (automatic)","19.55","1080.55",5764
"9618-LFJRU",4,"Month-to-month",False,"Credit card (automatic)","20.45","82.85",4344
"6693-DJWTY",35,"One year",False,"Credit card (automatic)","55.60","2016.45",5964
"0744-GKNGE",64,"Month-to-month",True,"Bank transfer (automatic)","86.80","5327.25",4915
"6447-EGDIV",31,"One year",False,"Mailed check","20.95","683.25",5772
"1167-OYZJF",67,"Two year",True,"Bank transfer (automatic)","20.05","1263.05",4934
"4806-DXQCE",70,"Two year",True,"Electronic check","113.65","7714.65",6146
"4854-SSLTN",2,"Two year",False,"Mailed check","59.50","130.50",5613
"5294-DMSFH",29,"Month-to-month",True,"Credit card (automatic)","87.80","2621.75",4780
"4837-PZTIC",47,"Two year",False,"Mailed check","41.90","1875.25",2540
"0603-OLQDC",12,"Month-to-month",True,"Mailed check","69.85","837.50",5796
"3272-VUHPV",8,"Month-to-month",False,"Bank transfer (automatic)","56.30","401.50",3135
"4176-FXYBO",54,"Month-to-month",False,"Electronic check","109.55","6118.95",6130
"1063-DHQJF",69,"Two year",True,"Mailed check","92.15","6480.90",5817
"8663-UPDGF",26,"Month-to-month",True,"Bank transfer (automatic)","69.50","1800.05",3866
"6719-FGEDO",72,"Two year",True,"Bank transfer (automatic)","97.00","7104.20",6302
"1837-YQUCE",70,"Two year",True,"Bank transfer (automatic)","58.35","4214.25",4093
"0369-ZGOVK",28,"One year",True,"Bank transfer (automatic)","70.40","1992.20",5195
"9919-KNPOO",21,"Month-to-month",True,"Electronic check","94.30","1948.35",2058
"7872-BAAZR",53,"One year",False,"Bank transfer (automatic)","19.55","1007.90",4670
"9391-LMANN",53,"One year",False,"Electronic check","95.95","5036.90",4523
"8174-TBVCF",70,"Two year",True,"Credit card (automatic)","94.80","6859.05",5072
"1698-XFZCI",61,"One year",True,"Electronic check","107.75","6521.90",5364
"1877-HKBQX",11,"One year",True,"Mailed check","54.60","617.85",2573
"4450-DLLMH",2,"Month-to-month",True,"Credit card (automatic)","71.30","157.75",2274
"0428-AXXLJ",25,"One year",True,"Bank transfer (automatic)","19.50","516.30",4761
"2746-DIJLO",41,"One year",True,"Credit card (automatic)","56.30","2364.00",2994
"3508-VLHCZ",71,"Two year",True,"Credit card (automatic)","90.55","6239.05",6009
"4086-ATNFV",34,"One year",True,"Mailed check","60.80","2042.05",4522
"0468-YRPXN",29,"Month-to-month",True,"Credit card (automatic)","98.80","2807.10",4580
"5996-NRVXR",40,"One year",True,"Credit card (automatic)","98.15","4116.80",4332
"3739-YBWAB",36,"One year",False,"Mailed check","35.35","1317.95",3314
"7047-FWEYA",46,"One year",True,"Electronic check","103.15","4594.65",3517
"2000-MPKCA",58,"One year",True,"Electronic check","107.75","6332.75",5121
"9762-YAQAA",39,"One year",False,"Credit card (automatic)","81.40","3213.75",4104
"5473-KHBPS",52,"One year",True,"Credit card (automatic)","95.70","4976.15",4415
"0100-DUVFC",70,"One year",True,"Electronic check","104.80","7308.95",5291
"5397-TUPSH",65,"One year",True,"Bank transfer (automatic)","70.95","4555.20",4871
"8950-MTZNV",1,"Month-to-month",True,"Mailed check","44.95","44.95",3256
"0326-VDYXE",70,"One year",True,"Electronic check","97.65","6982.50",4252
"6773-LQTVT",29,"Month-to-month",True,"Mailed check","35.65","1025.15",4107
"0436-TWFFZ",67,"Two year",True,"Mailed check","85.25","5714.20",6322
"8566-YPRGL",1,"Month-to-month",True,"Mailed check","19.50","19.50",5279
"6609-MXJHJ",30,"Two year",True,"Mailed check","25.10","789.55",5851
"2669-OIDSD",48,"Month-to-month",True,"Credit card (automatic)","100.05","4834.00",3468
"8400-WZICQ",55,"Month-to-month",False,"Electronic check","55.70","3131.80",4149
"9576-SYUHJ",37,"Month-to-month",True,"Electronic check","91.15","3369.25",3194
"0410-IPFTY",31,"Month-to-month",True,"Bank transfer (automatic)","83.85","2674.15",4283
"2831-EBWRN",4,"Month-to-month",True,"Electronic check","45.90","199.75",3200
"9430-NKQLY",72,"Two year",True,"Credit card (automatic)","25.10","1790.80",4185
"0247-SLUJI",1,"Month-to-month",False,"Mailed check","19.70","19.70",2004
"9402-ORRAH",15,"Month-to-month",True,"Electronic check","91.50","1400.30",4173
"6483-OATDN",8,"Month-to-month",True,"Credit card (automatic)","51.30","411.60",2545
"1293-HHSHJ",35,"One year",False,"Mailed check","21.10","741.00",5707
"4840-ORQXB",56,"Month-to-month",False,"Electronic check","104.75","5841.35",5128
"3982-DQLUS",65,"Month-to-month",True,"Electronic check","85.75","5688.45",4978
"8610-ZIKJJ",2,"One year",False,"Mailed check","20.30","31.90",2843
"3756-VNWDH",65,"One year",True,"Electronic check","100.75","6674.65",4368
"7801-KICAO",18,"Month-to-month",True,"Electronic check","74.15","1345.75",5033
"7673-LPRNY",23,"One year",True,"Electronic check","78.55","1843.05",3127
"6060-QBMGV",70,"Two year",False,"Credit card (automatic)","19.85","1433.80",4442
"7339-POGZN",4,"Month-to-month",False,"Electronic check","50.70","214.55",4288
"2828-SLQPF",19,"Month-to-month",True,"Bank transfer (automatic)","45.00","865.85",4519
"4465-VDKIQ",18,"Month-to-month",False,"Electronic check","77.80","1358.60",4228
"2921-XWDJH",38,"Month-to-month",True,"Electronic check","83.45","3147.15",2768
"2558-BUOZZ",47,"One year",False,"Bank transfer (automatic)","94.80","4535.85",5022
"9257-AZMTZ",52,"Two year",False,"Bank transfer (automatic)","20.10","1078.75",4529
"0003-MKNFE",9,"Month-to-month",False,"Mailed check","59.90","542.40",5414
"0975-UYDTX",26,"One year",True,"Credit card (automatic)","90.10","2312.55",2068
"4682-BLBUC",44,"One year",True,"Electronic check","70.95","3250.45",3678
"0975-VOOVL",3,"Month-to-month",False,"Mailed check","29.20","98.50",4699
"5968-VXZLG",2,"Month-to-month",True,"Bank transfer (automatic)","46.60","87.90",5096
"5201-FRKKS",25,"Month-to-month",False,"Bank transfer (automatic)","74.30","1952.25",4815
"9799-CAYJJ",2,"Month-to-month",True,"Electronic check","69.30","153.80",2901
"5443-SCMKX",58,"One year",True,"Electronic check","94.30","5610.15",6166
"8295-KMENE",59,"Two year",True,"Mailed check","76.45","4519.50",5978
"6738-ISCBM",44,"One year",True,"Electronic check","54.00","2440.25",4256
"9821-BESNZ",66,"One year",True,"Electronic check","104.25","6860.60",4915
"3678-MNGZX",68,"Two year",False,"Bank transfer (automatic)","19.95","1377.70",4165
"1335-NTIUC",9,"Month-to-month",True,"Electronic check","24.95","190.25",5473
"2916-BQZLN",19,"Month-to-month",True,"Electronic check","84.75","1651.95",5157
"4558-CGYCZ",4,"Month-to-month",False,"Mailed check","19.75","78.30",4987
"2368-GAKKQ",70,"Two year",True,"Bank transfer (automatic)","113.65","7939.25",6424
"8710-YGLWG",1,"Month-to-month",True,"Mailed check","44.90","44.90",2451
"3199-XGZCY",8,"Month-to-month",True,"Electronic check","75.25","576.70",2332
"3785-KTYSH",53,"Two year",False,"Mailed check","24.60","1279.00",4610
"6814-ZPWFQ",51,"One year",False,"Bank transfer (automatic)","25.00","1260.70",5896
"4063-EIKNQ",11,"Month-to-month",False,"Bank transfer (automatic)","20.95","267.35",4075
"6993-YCOBK",60,"Two year",True,"Electronic check","110.60","6586.85",5756
"5206-HPJKM",17,"Month-to-month",True,"Credit card (automatic)","55.50","934.15",3190
"8393-JMVMB",1,"Month-to-month",False,"Mailed check","19.45","19.45",2133
"5019-GQVCR",43,"Month-to-month",True,"Electronic check","84.85","3645.60",4556
"6036-TTFYU",16,"Month-to-month",False,"Mailed check","19.60","314.45",4298
"2550-AEVRU",57,"One year",False,"Electronic check","53.45","3053.00",5660
"0969-RGKCU",37,"One year",False,"Credit card (automatic)","19.80","677.05",5137
"0378-CJKPV",72,"Two year",False,"Credit card (automatic)","112.10","7965.95",4272
"2880-FPNAE",2,"Month-to-month",True,"Electronic check","74.20","140.10",3170
"1703-MGIAB",17,"Month-to-month",True,"Mailed check","69.00","1108.00",4439
"4311-QTTAI",16,"One year",False,"Credit card (automatic)","19.35","295.55",2017
"4318-RAJVY",10,"One year",True,"Mailed check","19.80","198.25",5270
"3612-YUNGG",64,"Two year",True,"Credit card (automatic)","109.20","6741.15",5543
"2254-DLXRI",1,"Month-to-month",True,"Mailed check","79.15","79.15",2742
"5062-CJJKH",25,"One year",False,"Mailed check","53.65","1355.45",5854
"9028-LIHRP",71,"Two year",False,"Credit card (automatic)","100.20","7209.00",5502
"1053-MXTTK",72,"Two year",True,"Bank transfer (automatic)","108.65","7726.35",5730
"1301-LOPVR",29,"One year",True,"Credit card (automatic)","55.35","1636.95",5138
"0853-TWRVK",72,"Two year",False,"Bank transfer (automatic)","105.60","7581.50",5981
"6212-ATMLK",50,"Month-to-month",True,"Electronic check","95.70","4729.75",4164
"8200-LGKSR",71,"Two year",False,"Electronic check","83.20","6126.10",5350
"1568-BEKZM",70,"Two year",False,"Credit card (automatic)","90.05","6333.40",4666
"0670-ANMUU",71,"One year",False,"Credit card (automatic)","97.65","6687.85",5319
"6897-RWMUB",61,"Two year",True,"Bank transfer (automatic)","68.05","4158.25",4436
"6999-CHVCF",68,"Two year",True,"Bank transfer (automatic)","102.10","7149.35",5228
"6134-KWTBV",62,"Two year",False,"Bank transfer (automatic)","23.40","1429.65",5822
"1077-HUUJM",7,"Month-to-month",True,"Electronic check","71.05","472.65",4668
"0895-LNKRC",6,"One year",False,"Mailed check","19.45","113.50",3461
"2045-BMBTJ",33,"Month-to-month",True,"Bank transfer (automatic)","59.45","1884.65",3116
"8417-GSODA",28,"One year",False,"Bank transfer (automatic)","92.20","2568.15",5116
"5171-EPLKN",27,"Two year",False,"Credit card (automatic)","19.85","470.00",2176
"4452-QIIEB",7,"Month-to-month",False,"Mailed check","43.90","278.40",3565
"6741-EGCBI",30,"Month-to-month",True,"Credit card (automatic)","90.50","2595.85",5983
"7820-ZYGNY",63,"One year",False,"Credit card (automatic)","90.45","5825.50",4616
"9677-AVKED",53,"One year",True,"Electronic check","84.60","4449.75",4733
"2227-JRSJX",21,"Month-to-month",True,"Bank transfer (automatic)","99.15","1956.40",5324
"9847-HNVGP",17,"One year",False,"Mailed check","19.95","310.60",2221
"6696-YDAYZ",16,"Two year",False,"Mailed check","20.50","290.55",2856
"8980-WQFWL",35,"Month-to-month",True,"Electronic check","62.10","2096.10",5315
"1730-ZMAME",32,"Month-to-month",True,"Electronic check","79.50","2665.00",3041
"6506-EYCNH",28,"Month-to-month",True,"Bank transfer (automatic)","19.55","543.80",3948
"4634-JLRJT",1,"Month-to-month",True,"Mailed check","20.35","20.35",2183
"9501-UKKNL",59,"Month-to-month",True,"Electronic check","51.70","3005.80",6107
"2560-QTSBS",72,"One year",True,"Bank transfer (automatic)","23.30","1623.15",4152
"4795-WRNVT",40,"Month-to-month",False,"Mailed check","65.10","2586.00",3885
"7860-UXCRM",63,"Two year",False,"Credit card (automatic)","74.50","4674.55",6382
"6357-JJPQT",3,"Month-to-month",True,"Electronic check","80.50","232.35",2032
"2292-XQWSV",40,"One year",False,"Mailed check","60.30","2448.50",3724
"9552-TGUZV",8,"Month-to-month",True,"Mailed check","75.00","658.10",5413
"5913-INRQV",34,"One year",False,"Mailed check","90.15","3128.80",3202
"9643-YBLUR",9,"Month-to-month",True,"Credit card (automatic)","69.05","653.95",2907
"8734-FNWVH",31,"Month-to-month",False,"Bank transfer (automatic)","59.70","1825.50",2425
"9447-YPTBX",50,"One year",True,"Bank transfer (automatic)","19.85","943.10",4358
"9026-LHEVG",9,"Month-to-month",False,"Electronic check","40.75","359.40",2973
"7011-CVEUC",25,"Month-to-month",True,"Credit card (automatic)","95.70","2338.35",4535
"6185-TASNN",1,"Month-to-month",False,"Electronic check","46.30","46.30",2546
"7925-PNRGI",45,"Month-to-month",False,"Mailed check","81.30","3541.10",3111
"1552-CZCLL",55,"Month-to-month",False,"Credit card (automatic)","20.00","1087.25",4277
"3038-PQIUY",38,"Month-to-month",True,"Bank transfer (automatic)","66.15","2522.40",4933
"9313-CDOGY",38,"Month-to-month",False,"Electronic check","19.60","717.30",3854
"8148-BPLZQ",34,"Month-to-month",True,"Electronic check","49.80","1734.20",2711
"2623-DRYAM",70,"One year",True,"Electronic check","101.75","7069.30",5596
"9987-LUTYD",13,"One year",False,"Mailed check","55.15","742.90",3161
"4488-KQFDT",61,"One year",True,"Electronic check","103.95","6423.00",4148
"5693-PIPCS",41,"Two year",True,"Credit card (automatic)","99.65","4220.35",2640
"0491-KAPQG",21,"Month-to-month",True,"Electronic check","73.70","1558.70",2071
"1925-LFCZZ",55,"One year",True,"Bank transfer (automatic)","50.05","2743.45",4932
"8039-EQPIM",69,"Two year",False,"Bank transfer (automatic)","60.25","4055.50",5717
"8707-RMEZH",69,"One year",False,"Credit card (automatic)","87.30","6055.55",4148
"3209-ZPKFI",47,"Month-to-month",False,"Electronic check","54.25","2538.20",2320
"6479-VDGRK",72,"Two year",False,"Bank transfer (automatic)","85.30","6129.20",4456
"9373-WSLOY",33,"Month-to-month",True,"Electronic check","50.00","1750.85",5600
"3569-JFODW",72,"Two year",False,"Credit card (automatic)","90.95","6652.45",5096
"9819-FBNSV",37,"Month-to-month",True,"Bank transfer (automatic)","72.25","2575.45",4121
"9544-PYPSJ",62,"Month-to-month",True,"Credit card (automatic)","96.10","6019.35",5868
"1591-XWLGB",71,"Two year",False,"Credit card (automatic)","19.85","1379.60",4121
"0396-UKGAI",23,"Month-to-month",True,"Bank transfer (automatic)","55.30","1284.20",4028
"3243-ZHOHY",16,"One year",False,"Mailed check","20.10","296.15",5052
"5186-EJEGL",9,"Month-to-month",True,"Mailed check","69.50","653.25",3628
"7527-QNRUS",17,"Two year",True,"Mailed check","25.15","412.60",3931
"2203-GHNWN",24,"Month-to-month",True,"Mailed check","79.65","1928.70",3816
"3878-AVSOQ",1,"Month-to-month",True,"Electronic check","71.25","71.25",5033
"3258-SYSWS",72,"Two year",False,"Bank transfer (automatic)","113.80","7845.80",4598
"5296-PSYVW",72,"Two year",False,"Electronic check","24.55","1750.70",4169
"6319-QSUSR",11,"Month-to-month",False,"Credit card (automatic)","19.70","216.20",3838
"0512-FLFDW",60,"One year",True,"Credit card (automatic)","100.50","6029.00",6442
"0487-CRLZF",49,"Two year",True,"Bank transfer (automatic)","74.45","3721.90",4517
"2107-FBPTK",30,"Month-to-month",True,"Electronic check","104.10","3121.10",5655
"9451-WLYRI",53,"One year",False,"Credit card (automatic)","19.05","990.45",6160
"8219-VYBVI",39,"Two year",False,"Mailed check","25.00","1004.35",4295
"1991-VOPLL",9,"Month-to-month",False,"Mailed check","19.05","157.65",3248
"9738-QLWTP",39,"One year",False,"Electronic check","81.90","3219.75",3446
"1016-DJTSV",8,"Month-to-month",True,"Electronic check","69.70","572.85",5242
"9419-IPPBE",51,"One year",True,"Electronic check","90.15","4554.85",5692
"0174-QRVVY",71,"Two year",False,"Credit card (automatic)","25.35","1847.55",5747
"5699-BNCAS",71,"Two year",True,"Mailed check","24.65","1766.75",4788
"2900-PHPLN",70,"Two year",True,"Credit card (automatic)","19.55","1462.05",5209
"8106-GWQOK",38,"Two year",True,"Bank transfer (automatic)","60.00","2193.20",2187
"8751-EDEKA",28,"Month-to-month",False,"Credit card (automatic)","89.90","2433.50",3676
"6878-GGDWG",32,"Month-to-month",False,"Bank transfer (automatic)","19.40","641.15",3846
"4039-PIMHX",49,"Two year",False,"Mailed check","49.80","2398.40",4306
"4227-OJHAL",68,"One year",True,"Credit card (automatic)","73.00","5163.00",4156
"8450-LUGUK",37,"Two year",True,"Bank transfer (automatic)","24.10","861.85",3753
"3604-WLABM",10,"Month-to-month",False,"Electronic check","54.25","583.00",2253
"0795-GMVQO",67,"One year",False,"Credit card (automatic)","109.90","7332.40",5416
"2259-OUUSZ",7,"One year",True,"Credit card (automatic)","35.50","249.55",5124
"1142-IHLOO",51,"One year",False,"Credit card (automatic)","87.55","4475.90",6021
"4633-MKHYU",9,"Month-to-month",True,"Mailed check","88.40","788.60",2952
"6257-RJOHI",4,"Month-to-month",True,"Mailed check","50.80","202.30",4521
"1545-JFUML",71,"Two year",True,"Electronic check","99.00","6994.60",5295
"7826-VVKWT",24,"Two year",True,"Electronic check","96.55","2263.45",4309
"1353-GHZOS",22,"One year",True,"Bank transfer (automatic)","59.75","1374.35",3947
"2587-EKXTS",44,"Month-to-month",True,"Electronic check","111.50","4915.15",2827
"5442-BXVND",33,"Month-to-month",False,"Bank transfer (automatic)","24.25","838.50",5531
"9753-OYLBX",1,"Month-to-month",False,"Mailed check","20.50","20.50",4454
"2364-UFROM",30,"One year",False,"Electronic check","70.40","2044.75",3380
"6656-JWRQX",1,"Month-to-month",False,"Mailed check","30.55","30.55",5565
"6473-ULUHT",16,"Month-to-month",False,"Electronic check","84.90","1398.25",2269
"7688-AWMDX",71,"Two year",False,"Bank transfer (automatic)","54.50","3778.20",4957
"2842-BCQGE",43,"Month-to-month",True,"Credit card (automatic)","75.35","3161.40",4898
"7244-QWYHG",50,"One year",True,"Bank transfer (automatic)","44.45","2188.45",5363
"5312-UXESG",41,"Month-to-month",False,"Bank transfer (automatic)","98.05","3990.60",5614
"2150-WLKUW",40,"One year",False,"Bank transfer (automatic)","63.90","2635.00",2654
"7159-FVYPK",3,"Month-to-month",True,"Bank transfer (automatic)","69.15","235.00",2301
"7032-LMBHI",37,"One year",False,"Bank transfer (automatic)","64.65","2347.85",5255
"6088-BXMRG",32,"Month-to-month",True,"Electronic check","98.85","3089.60",3149
"4821-SJHJV",32,"Month-to-month",False,"Electronic check","89.60","2901.80",4444
"7346-MEDWM",59,"Month-to-month",True,"Electronic check","83.25","4949.10",4094
"1137-DGOWI",30,"One year",False,"Bank transfer (automatic)","70.25","2198.90",5417
"3812-LRZIR",27,"Two year",False,"Electronic check","24.50","761.95",2645
"9483-GCPWE",9,"One year",False,"Mailed check","20.10","190.25",3444
"9220-CXRSC",69,"Two year",False,"Credit card (automatic)","61.40","4059.85",5266
"4993-JCRGJ",26,"Month-to-month",True,"Mailed check","84.30","2281.60",5471
"9537-JALFH",69,"Two year",False,"Bank transfer (automatic)","19.90","1356.70",6058
"6698-OXETB",11,"Two year",False,"Mailed check","20.40","231.45",5397
"2103-ZRXFN",1,"Month-to-month",False,"Mailed check","50.75","50.75",3631
"3724-BSCVH",10,"One year",False,"Mailed check","20.45","242.40",4613
"4877-TSOFF",55,"One year",True,"Bank transfer (automatic)","75.75","4264.25",4489
"9209-NWPGU",44,"One year",False,"Electronic check","65.40","2774.55",5827
"7306-YDSOI",69,"Two year",True,"Bank transfer (automatic)","59.75","4069.90",4665
"5288-AHOUP",11,"Month-to-month",True,"Electronic check","78.50","874.20",4333
"0655-YDGFJ",29,"Month-to-month",False,"Bank transfer (automatic)","48.95","1323.70",4825
"8468-EHYJA",57,"Month-to-month",True,"Electronic check","99.65","5497.05",5106
"6823-SIDFQ",28,"One year",False,"Credit card (automatic)","18.25","534.70",5327
"1097-FSPVW",42,"Month-to-month",False,"Credit card (automatic)","54.55","2455.05",5387
"8328-SKJNO",23,"One year",False,"Bank transfer (automatic)","40.65","947.40",5230
"7010-ZMVBF",18,"Month-to-month",False,"Mailed check","20.45","357.00",2047
"5201-CBWYG",62,"One year",False,"Bank transfer (automatic)","24.80","1476.25",5105
"6352-GIGGQ",67,"One year",True,"Bank transfer (automatic)","88.80","5903.15",4081
"3635-QQRQD",62,"Two year",True,"Credit card (automatic)","20.05","1201.65",4568
"2897-DOVND",2,"Month-to-month",True,"Electronic check","69.80","146.65",3527
"3082-YVEKW",23,"Two year",True,"Bank transfer (automatic)","77.15","1759.40",2572
"0191-EQUUH",25,"Two year",False,"Bank transfer (automatic)","35.05","844.45",2754
"7134-HBPBS",72,"Two year",True,"Bank transfer (automatic)","108.10","7774.05",4474
"3489-HHPFY",2,"Month-to-month",True,"Electronic check","84.05","134.05",2115
"2926-JEJJC",8,"One year",True,"Bank transfer (automatic)","20.20","140.95",5066
"4950-BDEUX",35,"Month-to-month",False,"Electronic check","49.20","1701.65",2782
"5789-LDFXO",24,"One year",False,"Electronic check","24.60","592.65",5448
"0508-OOLTO",2,"Month-to-month",True,"Electronic check","71.65","135.75",3916
"2984-TBYKU",72,"Two year",True,"Credit card (automatic)","104.90","7732.65",6378
"9822-WMWVG",41,"Month-to-month",True,"Electronic check","106.50","4282.40",4434
"9040-KZVWO",26,"One year",False,"Bank transfer (automatic)","75.50","2018.10",5184
"1548-ARAGG",4,"Month-to-month",True,"Mailed check","58.50","224.85",5605
"6339-RZCBJ",48,"Two year",False,"Credit card (automatic)","78.90","3771.50",4063
"4415-WNGVR",12,"One year",True,"Electronic check","79.20","943.85",3355
"2522-AHJXR",60,"Month-to-month",True,"Bank transfer (automatic)","109.45","6572.85",4350
"0412-UCCNP",55,"Two year",True,"Electronic check","59.20","3175.85",5162
"1816-FLZDK",1,"Month-to-month",False,"Mailed check","29.15","29.15",3923
"7096-UCLNH",1,"Month-to-month",False,"Mailed check","20.05","20.05",2313
"4615-PIVVU",42,"Two year",False,"Credit card (automatic)","66.50","2762.75",4668
"8885-QSQBX",1,"Month-to-month",False,"Bank transfer (automatic)","49.55","49.55",5277
"8617-ENBDS",3,"Month-to-month",True,"Credit card (automatic)","73.60","232.50",5510
"9385-NXKDA",72,"Two year",True,"Credit card (automatic)","82.65","5919.35",4324
"0430-IHCDJ",15,"Month-to-month",True,"Electronic check","49.00","749.25",2597
"6674-KVJHG",11,"One year",False,"Electronic check","25.20","245.15",4998
"1814-DKOLC",5,"Month-to-month",False,"Mailed check","25.45","134.75",4855
"9351-HXDMR",72,"Two year",True,"Credit card (automatic)","110.90","8240.85",4938
"3537-HPKQT",55,"Month-to-month",True,"Credit card (automatic)","77.75","4266.40",4621
"2129-ALKBS",40,"Month-to-month",True,"Electronic check","26.20","1077.50",2211
"5821-MMEIL",57,"Two year",False,"Bank transfer (automatic)","19.90","1115.60",4408
"1309-XGFSN",52,"One year",True,"Electronic check","80.85","4079.55",6090
"6968-URWQU",43,"One year",True,"Mailed check","56.35","2391.15",4928
"4742-TXUEX",47,"Two year",False,"Bank transfer (automatic)","19.30","890.50",5829
"9631-XEYKE",3,"Month-to-month",False,"Bank transfer (automatic)","50.40","137.25",4639
"1335-MXCSE",55,"Two year",True,"Credit card (automatic)","55.25","3119.90",5821
"8873-TMKGR",29,"One year",False,"Mailed check","19.10","529.50",5880
"8800-JOOCF",12,"Month-to-month",True,"Electronic check","84.05","966.55",4621
"1469-LBJQJ",66,"Month-to-month",True,"Electronic check","105.20","6936.85",4016
"0064-YIJGF",27,"Month-to-month",True,"Bank transfer (automatic)","75.75","1929.00",4994
"2386-OWURY",58,"Month-to-month",True,"Electronic check","95.30","5817.70",6460
"0310-VQXAM",9,"Month-to-month",False,"Mailed check","19.85","178.80",2788
"3453-RTHJQ",6,"Month-to-month",True,"Electronic check","69.10","435.00",5741
"6278-FEPBZ",9,"Month-to-month",False,"Mailed check","20.25","186.15",5546
"4280-DLSHD",8,"Month-to-month",True,"Mailed check","54.75","445.85",4099
"1508-DFXCU",12,"Month-to-month",True,"Electronic check","81.45","912.00",2916
"7868-BGSZA",43,"One year",True,"Electronic check","80.20","3581.60",5888
"2800-QQUSO",42,"Month-to-month",True,"Electronic check","100.30","4222.95",3286
"7973-DZRKH",66,"Two year",True,"Credit card (automatic)","90.95","5930.05",6204
"7698-YFGEZ",1,"Month-to-month",False,"Mailed check","20.00","20.00",5650
"9773-PEQBZ",10,"Month-to-month",False,"Electronic check","79.85","797.25",5739
"0650-BWOZN",18,"Month-to-month",True,"Electronic check","73.55","1359.45",5313
"7785-RDVIG",3,"Month-to-month",False,"Mailed check","19.30","54.70",5722
"9602-WCXPI",50,"One year",False,"Credit card (automatic)","20.15","989.05",5249
"2903-YYTBW",1,"Month-to-month",False,"Electronic check","44.55","44.55",3408
"3620-MWJNE",2,"Month-to-month",True,"Mailed check","54.45","87.30",5753
"8573-JGCZW",17,"One year",True,"Bank transfer (automatic)","19.65","351.55",4774
"6837-HAEVO",69,"Two year",True,"Electronic check","105.00","7297.75",5436
"6701-YVNQG",72,"Two year",True,"Credit card (automatic)","88.70","6301.70",5764
"4304-XUMGI",50,"Two year",True,"Bank transfer (automatic)","75.15","3822.45",6084
"9504-YAZWB",53,"Two year",False,"Mailed check","20.25","1048.45",4218
"8819-ZBYNA",58,"Two year",True,"Credit card (automatic)","109.10","6393.65",4935
"6174-NRBTZ",46,"One year",True,"Bank transfer (automatic)","30.75","1489.30",5646
"9481-IEBZY",72,"Month-to-month",True,"Credit card (automatic)","112.90","8061.50",5569
"6137-NICCO",6,"Month-to-month",True,"Mailed check","94.05","518.75",3083
"9065-ZCPQX",72,"Two year",False,"Bank transfer (automatic)","78.85","5763.15",5091
"6402-EJMWF",4,"Month-to-month",True,"Mailed check","55.30","238.50",3684
"9278-VZKCD",52,"Month-to-month",True,"Electronic check","109.10","5647.95",4428
"3620-EHIMZ",52,"Two year",False,"Mailed check","19.35","1031.70",5699
"3213-VVOLG",0,"Two year",False,"Mailed check","25.35",NULL,2299
"6870-ECSHE",2,"One year",False,"Mailed check","20.45","34.80",4196
"8747-UDCOI",65,"Two year",False,"Bank transfer (automatic)","19.35","1319.95",5076
"4626-OZDTJ",51,"One year",True,"Credit card (automatic)","78.65","3950.85",5408
"9169-BSVIN",12,"Month-to-month",False,"Bank transfer (automatic)","74.75","827.05",3521
"8194-PEEBY",24,"One year",False,"Mailed check","19.90","533.50",4158
"6872-HXFNF",64,"One year",False,"Bank transfer (automatic)","58.35","3756.45",5331
"7714-YXSMB",26,"Month-to-month",True,"Bank transfer (automatic)","100.50","2599.95",2921
"8387-UGUSU",15,"Month-to-month",False,"Mailed check","20.05","284.30",3591
"1080-BWSYE",64,"Two year",False,"Credit card (automatic)","25.65","1740.80",6469
"1194-HVAIF",27,"Month-to-month",False,"Credit card (automatic)","95.00","2462.55",4235
"1767-TGTKO",8,"Month-to-month",True,"Electronic check","45.45","411.75",4651
"8439-LTUGF",10,"Month-to-month",True,"Credit card (automatic)","20.00","198.60",4802
"8805-JNRAZ",2,"Month-to-month",False,"Mailed check","49.20","103.70",2342
"6418-HNFED",51,"Two year",True,"Credit card (automatic)","83.25","4089.45",5340
"0206-OYVOC",46,"Two year",True,"Mailed check","19.25","864.20",5596
"7291-CDTMJ",1,"Month-to-month",True,"Bank transfer (automatic)","19.65","19.65",3075
"7128-GGCNO",46,"Month-to-month",False,"Bank transfer (automatic)","72.80","3249.40",2642
"0237-YFUTL",50,"Month-to-month",True,"Bank transfer (automatic)","109.65","5405.80",4676
"7691-KGKGP",53,"Month-to-month",False,"Credit card (automatic)","65.00","3363.80",5534
"6710-HSJRD",61,"Month-to-month",True,"Electronic check","114.10","7132.15",5239
"3675-EQOZA",5,"Month-to-month",False,"Bank transfer (automatic)","20.65","93.55",5597
"0840-DCNZE",47,"One year",True,"Bank transfer (automatic)","86.95","4138.90",5631
"1732-FEKLD",54,"One year",True,"Bank transfer (automatic)","94.75","5121.75",5665
"9862-KJTYK",19,"Month-to-month",True,"Credit card (automatic)","25.35","566.10",3072
"0479-HMSWA",26,"Two year",True,"Electronic check","105.45","2715.30",5980
"5854-KSRBJ",70,"Two year",False,"Mailed check","25.40","1782.05",4954
"0365-BZUWY",17,"Month-to-month",True,"Electronic check","102.55","1742.50",3803
"5701-SVCWR",1,"Month-to-month",False,"Mailed check","24.00","24.00",2559
"3129-AAQOU",19,"Two year",False,"Mailed check","25.60","485.90",5038
"4922-CVPDX",26,"Two year",True,"Credit card (automatic)","73.50","1905.70",3596
"1357-BIJKI",50,"One year",True,"Electronic check","98.25","4858.70",5154
"1099-BTKWT",68,"One year",True,"Electronic check","54.40","3723.65",4897
"2018-PZKMU",9,"Month-to-month",False,"Electronic check","103.10","970.45",4171
"7340-KEFQE",51,"Two year",False,"Bank transfer (automatic)","34.20","1782.00",6404
"4570-QHXHL",9,"Month-to-month",True,"Electronic check","43.75","405.70",5644
"7392-YYPYJ",22,"Month-to-month",True,"Electronic check","100.65","2415.95",4094
"2223-GDSHL",71,"Two year",True,"Bank transfer (automatic)","116.05","8297.50",6481
"9470-RTWDV",26,"One year",True,"Credit card (automatic)","82.00","2083.10",3973
"2176-OSJUV",71,"Two year",False,"Bank transfer (automatic)","65.15","4681.75",4384
"9348-YVOMK",4,"Month-to-month",True,"Credit card (automatic)","44.80","176.20",5565
"8104-OSKWT",12,"Month-to-month",True,"Electronic check","79.80","1001.20",5906
"4521-YEEHE",18,"Month-to-month",True,"Electronic check","88.85","1594.75",3127
"4090-KPJIP",3,"Month-to-month",True,"Electronic check","74.95","212.40",3641
"3786-WOVKF",72,"One year",True,"Bank transfer (automatic)","106.85","7677.40",4768
"2592-HODOV",13,"One year",False,"Credit card (automatic)","19.30","259.65",2823
"7995-ZHHNZ",42,"One year",False,"Credit card (automatic)","56.10","2386.85",5904
"3824-RHKVR",17,"Month-to-month",False,"Credit card (automatic)","19.70","340.35",4222
"5816-SCGFC",7,"Month-to-month",True,"Mailed check","51.30","419.35",3660
"5989-AXPUC",68,"Two year",False,"Mailed check","118.60","7990.05",4175
"4979-HPRFL",56,"Two year",False,"Bank transfer (automatic)","24.15","1402.25",5137
"8590-OHDIW",38,"One year",False,"Mailed check","20.30","749.35",4686
"8015-IHCGW",72,"Two year",True,"Electronic check","115.50","8425.15",4017
"2332-TODQS",48,"One year",False,"Credit card (automatic)","25.05","1171.50",3642
"8008-OTEZX",35,"One year",False,"Mailed check","19.65","708.80",3739
"2773-OVBPK",67,"Two year",True,"Bank transfer (automatic)","111.30","7567.20",4469
"5999-LCXAO",1,"Month-to-month",False,"Mailed check","29.90","29.90",4155
"5206-XZZQI",53,"Month-to-month",True,"Mailed check","80.60","4348.10",6113
"4803-LBYPN",34,"Month-to-month",False,"Mailed check","20.80","635.90",4985
"2139-FQHLM",19,"Month-to-month",False,"Mailed check","89.95","1682.40",3402
"8261-GWDBQ",60,"Two year",True,"Bank transfer (automatic)","116.05","6925.90",4734
"1093-YSWCA",11,"Two year",False,"Credit card (automatic)","19.55","223.15",5433
"3882-IYOIJ",60,"Two year",False,"Credit card (automatic)","115.25","6758.45",5328
"8749-TZYEC",72,"Two year",False,"Credit card (automatic)","24.80","1874.30",6251
"1755-FZQEC",39,"One year",False,"Mailed check","19.90","791.15",4041
"3115-JPJDD",59,"One year",True,"Credit card (automatic)","81.25","4639.45",4709
"5600-KTXFM",2,"Month-to-month",False,"Mailed check","69.95","143.90",5010
"6339-TBELP",71,"Two year",True,"Credit card (automatic)","86.40","6172.00",4069
"7964-YESJC",24,"Month-to-month",False,"Mailed check","66.30","1559.45",2235
"6173-GOLSU",67,"Month-to-month",True,"Credit card (automatic)","94.65","6079.00",4228
"9938-ZREHM",37,"One year",False,"Mailed check","72.10","2658.40",2703
"7950-XWOVN",11,"Month-to-month",False,"Mailed check","34.70","383.55",4310
"4647-MUZON",18,"Month-to-month",True,"Credit card (automatic)","95.95","1745.50",5009
"9702-AIUJO",50,"One year",True,"Bank transfer (automatic)","44.80","2230.85",6115
"8849-PRIQJ",67,"One year",True,"Electronic check","109.40","7281.60",4103
"8851-RAGOV",25,"Month-to-month",True,"Mailed check","71.05","1837.70",5620
"5396-IZEPB",9,"Month-to-month",False,"Credit card (automatic)","19.70","180.70",4194
"1729-VLAZJ",10,"One year",False,"Mailed check","40.25","411.45",2876
"8285-ABVLB",70,"Two year",False,"Credit card (automatic)","19.85","1328.35",4311
"0701-TJSEF",9,"Month-to-month",True,"Bank transfer (automatic)","68.25","576.95",4366
"5712-VBOXD",4,"Month-to-month",True,"Credit card (automatic)","20.15","68.45",5221
"6629-LADHQ",2,"Month-to-month",False,"Mailed check","50.95","123.05",5968
"1559-DTODC",19,"Month-to-month",True,"Bank transfer (automatic)","25.15","468.35",3784
"4797-MIWUM",7,"Month-to-month",True,"Bank transfer (automatic)","20.25","174.70",3149
"8720-RQSBJ",1,"Month-to-month",False,"Electronic check","44.00","44.00",4320
"4537-CIBHB",9,"One year",False,"Mailed check","20.25","172.35",4272
"4324-AHJKS",5,"Month-to-month",False,"Credit card (automatic)","55.80","300.40",5104
"4355-CVPVS",56,"One year",False,"Bank transfer (automatic)","88.90","4968.00",4170
"4495-LHSSK",18,"Month-to-month",False,"Mailed check","57.65","992.70",3425
"5915-ANOEI",70,"Two year",False,"Mailed check","79.15","5536.50",4408
"9861-PDSZP",72,"Two year",True,"Credit card (automatic)","108.05","7806.60",5430
"7225-CBZPL",17,"Month-to-month",True,"Electronic check","94.80","1563.90",4831
"6704-UTUKK",29,"Month-to-month",True,"Electronic check","45.90","1332.40",5074
"2019-HDCZY",63,"Two year",False,"Electronic check","102.60","6296.75",4004
"8788-DOXSU",59,"One year",True,"Bank transfer (automatic)","61.35","3645.50",6250
"7404-JLKQG",3,"Month-to-month",False,"Electronic check","57.55","161.45",4099
"7421-ZLUPA",8,"Month-to-month",True,"Mailed check","29.25","226.95",2038
"3274-NSDWE",68,"Two year",False,"Credit card (automatic)","19.60","1441.65",6161
"2632-IVXVF",68,"Two year",False,"Credit card (automatic)","111.75","7511.30",4967
"3692-JHONH",52,"One year",True,"Electronic check","106.50","5621.85",4499
"8915-NNTRC",72,"Two year",True,"Credit card (automatic)","107.70","7919.80",4351
"5914-GXMDA",32,"One year",False,"Mailed check","19.30","593.20",5817
"7463-IFMQU",72,"Two year",False,"Bank transfer (automatic)","20.05","1423.65",4747
"2920-RNCEZ",1,"Month-to-month",True,"Credit card (automatic)","69.95","69.95",5133
"2541-YGPKE",42,"One year",False,"Credit card (automatic)","63.70","2763.35",3764
"5382-TEMLV",45,"Month-to-month",True,"Bank transfer (automatic)","50.90","2298.55",5274
"3441-CGZJH",43,"One year",True,"Credit card (automatic)","60.40","2640.55",2725
"9592-ERDKV",37,"One year",False,"Mailed check","79.25","2911.80",2322
"4778-IZARL",63,"Two year",True,"Credit card (automatic)","110.10","6705.70",6216
"0432-CAJZV",3,"Month-to-month",False,"Mailed check","90.70","237.65",3953
"7008-LZVOZ",66,"Two year",True,"Credit card (automatic)","25.30","1672.35",5617
"1200-TUZHR",8,"Month-to-month",False,"Electronic check","85.20","695.75",2565
"9365-CSLBQ",71,"Two year",False,"Mailed check","24.35","1654.60",4155
"5884-FBCTL",72,"Two year",False,"Bank transfer (automatic)","25.10","1857.85",5611
"7130-CTCUS",16,"Month-to-month",True,"Bank transfer (automatic)","54.55","825.10",3324
"6242-FEGFD",66,"Two year",False,"Mailed check","96.60","6424.25",4454
"6194-HBGQN",51,"One year",True,"Credit card (automatic)","81.15","4126.20",4549
"7634-WSWDB",8,"Month-to-month",True,"Electronic check","38.50","330.80",4194
"6986-IXNDM",14,"Month-to-month",True,"Electronic check","92.90","1337.45",4296
"2987-BJXIK",70,"Two year",False,"Mailed check","84.70","5991.05",4180
"9769-TSBZE",70,"Two year",False,"Electronic check","66.00","4891.50",5265
"1395-WSWXR",24,"Two year",False,"Mailed check","20.75","487.05",4117
"6023-GSSXW",69,"Two year",True,"Credit card (automatic)","61.45","4131.20",4162
"6752-APNJL",42,"Month-to-month",False,"Mailed check","54.50","2301.15",3449
"0420-HLGXF",39,"Month-to-month",True,"Electronic check","99.75","4036.00",3860
"7446-KQISO",45,"Two year",True,"Bank transfer (automatic)","109.75","4900.65",4221
"9823-EALYC",72,"Two year",True,"Bank transfer (automatic)","80.85","5727.45",6067
"0582-AVCLN",38,"Two year",False,"Mailed check","20.30","743.05",5919
"5803-NQJZO",72,"Two year",True,"Bank transfer (automatic)","67.80","4804.65",5242
"2607-DHDAK",72,"Two year",True,"Credit card (automatic)","19.80","1414.65",5027
"1073-XXCZD",55,"Two year",False,"Bank transfer (automatic)","25.70","1443.65",6228
"0743-HRVFF",51,"One year",True,"Electronic check","56.15","2898.95",4132
"4006-HKYHO",63,"Two year",True,"Bank transfer (automatic)","86.70","5309.50",5841
"3727-JEZTU",1,"Month-to-month",False,"Mailed check","20.40","20.40",2152
"8143-ETQTI",23,"Two year",True,"Mailed check","19.65","451.55",4896
"9667-TKTVZ",2,"Month-to-month",True,"Mailed check","54.35","117.05",4916
"3657-COGMW",52,"Month-to-month",False,"Credit card (automatic)","108.10","5839.30",4251
"8570-KLJYJ",36,"One year",False,"Mailed check","54.45","1893.50",4462
"7754-IXRMC",1,"Month-to-month",False,"Mailed check","45.35","45.35",3980
"9473-CBZOP",28,"One year",False,"Mailed check","59.00","1654.45",4891
"2969-WGHQO",7,"One year",False,"Electronic check","69.45","477.05",3334
"4334-HOWRP",72,"Two year",True,"Credit card (automatic)","64.95","4546.00",4049
"5863-OOKCL",10,"Month-to-month",False,"Mailed check","18.85","163.20",5949
"1686-STUHN",42,"One year",False,"Bank transfer (automatic)","19.80","849.90",3575
"1329-VHWNP",7,"Month-to-month",False,"Bank transfer (automatic)","25.05","189.95",4404
"0266-GMEAO",72,"Two year",True,"Credit card (automatic)","114.30","8058.55",5879
"5574-NXZIU",63,"Two year",False,"Credit card (automatic)","109.20","7049.75",4273
"0019-GFNTW",56,"Two year",False,"Bank transfer (automatic)","45.05","2560.10",5795
"4256-ZWTZI",5,"Month-to-month",True,"Mailed check","51.00","286.80",2789
"8309-PPCED",72,"Two year",True,"Bank transfer (automatic)","110.45","7982.50",6030
"4098-NAUKP",68,"Month-to-month",True,"Electronic check","84.65","5683.60",6404
"5196-WPYOW",67,"One year",False,"Mailed check","60.05","3994.05",6148
"4608-LCIMN",8,"Month-to-month",False,"Bank transfer (automatic)","44.65","369.15",5724
"1485-YDHMM",52,"Month-to-month",True,"Bank transfer (automatic)","93.25","4631.70",4740
"4054-CUMIA",18,"Month-to-month",True,"Mailed check","20.25","401.95",2429
"0603-TPMIB",59,"Two year",False,"Mailed check","25.45","1534.05",4746
"2525-GVKQU",60,"Two year",False,"Mailed check","20.60","1093.00",4192
"8161-QYMTT",7,"Month-to-month",True,"Electronic check","94.10","701.30",5259
"9581-GVBXT",59,"One year",False,"Mailed check","34.80","1980.30",6300
"5862-BRIXZ",46,"Two year",True,"Bank transfer (automatic)","60.75","2893.40",2694
"5404-GGUKR",5,"Month-to-month",True,"Electronic check","51.35","262.30",2893
"3308-JSGML",59,"Two year",True,"Credit card (automatic)","64.05","3886.85",6306
"2126-GSEGL",70,"Two year",True,"Bank transfer (automatic)","84.80","5917.55",4032
"0440-QEXBZ",44,"Month-to-month",True,"Mailed check","50.15","2139.10",5790
"2434-EEVDB",64,"Two year",True,"Credit card (automatic)","94.60","5948.70",5038
"6762-QVYJO",58,"Two year",False,"Mailed check","59.75","3624.35",4678
"6199-IWKGC",46,"One year",False,"Electronic check","100.25","4753.85",5453
"2675-DHUTR",58,"Month-to-month",True,"Electronic check","98.90","5780.70",4993
"8152-VETUR",72,"Two year",True,"Credit card (automatic)","97.70","6869.70",5406
"7446-YPODE",11,"Month-to-month",False,"Bank transfer (automatic)","60.25","662.95",5296
"9522-BNTHX",34,"Month-to-month",True,"Electronic check","56.25","1765.95",5597
"4676-WLUHT",54,"Two year",False,"Bank transfer (automatic)","46.20","2431.95",6143
"7980-MHFLQ",72,"Two year",False,"Mailed check","24.90","1859.20",5192
"0757-WCUUZ",54,"Two year",False,"Credit card (automatic)","63.35","3409.10",4232
"1629-DQQVB",14,"Month-to-month",False,"Bank transfer (automatic)","50.10","709.50",2331
"0374-AACSZ",1,"Month-to-month",False,"Electronic check","50.15","50.15",4421
"4872-VXRIL",56,"One year",True,"Bank transfer (automatic)","64.65","3665.55",4656
"9140-CZQZZ",68,"Two year",True,"Bank transfer (automatic)","79.60","5515.80",5601
"3423-HHXAO",14,"One year",True,"Mailed check","19.50","272.00",2993
"9938-TKDGL",68,"Two year",True,"Electronic check","99.55","6668.00",4319
"0531-ZZJWQ",55,"Month-to-month",True,"Electronic check","74.00","4052.40",4958
"6537-QLGEX",16,"Month-to-month",True,"Electronic check","38.90","664.40",3300
"2688-BHGOG",9,"Month-to-month",True,"Electronic check","79.55","718.55",5811
"3160-TYXLT",53,"Month-to-month",True,"Bank transfer (automatic)","46.30","2546.85",6245
"1325-USMEC",70,"Two year",True,"Credit card (automatic)","99.35","6944.50",4120
"0916-QOFDP",14,"Month-to-month",True,"Electronic check","95.80","1346.30",3471
"5606-AMZBO",10,"Month-to-month",True,"Credit card (automatic)","78.15","765.15",3403
"6199-IPCAO",29,"Two year",False,"Mailed check","26.10","692.55",2828
"5640-CAXOA",30,"One year",True,"Credit card (automatic)","40.35","1187.05",5455
"2235-EZAIK",72,"Two year",False,"Credit card (automatic)","79.20","5401.90",4288
"3847-BAERP",10,"Month-to-month",True,"Mailed check","20.90","247.00",4905
"1453-RZFON",1,"Month-to-month",False,"Mailed check","49.90","49.90",5969
"8263-OKETD",20,"Month-to-month",True,"Credit card (automatic)","68.90","1370.35",3265
"0670-KDOMA",1,"Month-to-month",True,"Mailed check","20.25","20.25",5854
"2476-YGEFM",29,"Month-to-month",True,"Credit card (automatic)","76.00","2215.25",5324
"8687-BAFGU",1,"Month-to-month",False,"Electronic check","74.00","74.00",4148
"0641-EVBOJ",3,"Month-to-month",True,"Mailed check","82.30","214.40",5755
"0829-XXPLX",20,"Month-to-month",True,"Bank transfer (automatic)","89.40","1871.15",2098
"9974-JFBHQ",64,"Month-to-month",True,"Credit card (automatic)","99.15","6171.20",4590
"6624-JDRDS",6,"Month-to-month",False,"Bank transfer (automatic)","29.45","161.45",4391
"0608-JDVEC",50,"Two year",False,"Electronic check","19.80","1013.20",5914
"9780-FKVVF",6,"Month-to-month",True,"Bank transfer (automatic)","59.15","336.70",3613
"1919-RTPQD",7,"Month-to-month",False,"Electronic check","44.75","333.65",4699
"5214-NLTIT",72,"Two year",True,"Credit card (automatic)","90.80","6511.80",6188
"3345-PBBFH",8,"Month-to-month",True,"Bank transfer (automatic)","49.55","393.45",5922
"5055-BRMNE",67,"Two year",False,"Credit card (automatic)","106.70","7009.50",4780
"2190-PHBHR",72,"Two year",True,"Credit card (automatic)","94.45","6921.70",5274
"2650-GYRYL",33,"One year",True,"Bank transfer (automatic)","19.45","600.25",3470
"5208-FVQKB",70,"Two year",False,"Mailed check","67.95","4664.15",5514
"7184-LRUUR",22,"One year",False,"Bank transfer (automatic)","65.25","1441.80",5146
"6627-CFOSN",59,"Month-to-month",True,"Bank transfer (automatic)","99.45","5623.70",5247
"3982-JGSFD",36,"One year",True,"Credit card (automatic)","20.35","695.85",3526
"1574-DYCWE",51,"Two year",False,"Mailed check","19.95","1028.75",4057
"7247-XOZPB",53,"One year",False,"Bank transfer (automatic)","77.40","4155.95",5313
"2466-FCCPT",20,"One year",False,"Bank transfer (automatic)","19.70","395.60",4910
"6211-WWLTF",63,"Two year",False,"Credit card (automatic)","99.70","6330.40",5135
"4826-TZEVA",40,"Month-to-month",False,"Credit card (automatic)","74.80","2971.70",3258
"6016-NXBNJ",35,"One year",True,"Mailed check","19.15","638.00",4052
"9138-EFSMO",26,"One year",False,"Bank transfer (automatic)","78.95","2034.25",4237
"4632-XJMEX",53,"One year",False,"Credit card (automatic)","62.85","3419.50",6281
"8910-LEDAG",34,"Month-to-month",False,"Credit card (automatic)","71.55","2427.35",3583
"3452-GWUIN",19,"Month-to-month",True,"Electronic check","94.95","1760.25",5316
"2716-GFZOR",43,"Month-to-month",True,"Credit card (automatic)","86.10","3551.65",2358
"3724-UCSHY",6,"Month-to-month",False,"Mailed check","19.55","122.90",3072
"8626-XHBIE",56,"Two year",True,"Mailed check","24.80","1424.20",4262
"3192-LNKRK",34,"Month-to-month",True,"Mailed check","84.05","2909.95",3476
"4439-YRNVD",10,"Month-to-month",False,"Electronic check","36.25","374.00",4571
"2208-UGTGR",56,"Month-to-month",False,"Electronic check","98.60","5581.05",5601
"3005-TYFRD",55,"Month-to-month",True,"Credit card (automatic)","103.65","5676.65",4768
"8670-MEFCP",36,"Two year",True,"Credit card (automatic)","92.90","3379.25",3570
"3079-BCHLN",47,"One year",False,"Bank transfer (automatic)","19.90","942.95",5394
"7777-UNYHB",12,"Month-to-month",True,"Credit card (automatic)","20.10","232.40",2360
"7278-CKDNC",24,"Month-to-month",True,"Electronic check","80.50","2088.45",4422
"8450-UYIBU",35,"Month-to-month",True,"Electronic check","39.85","1434.60",2030
"2969-VAPYH",67,"One year",False,"Credit card (automatic)","60.50","3870.00",4363
"7181-OQCUT",21,"Month-to-month",False,"Mailed check","103.85","2215.00",4520
"8474-UMLNT",13,"Month-to-month",False,"Bank transfer (automatic)","67.80","842.25",4115
"3836-FZSDJ",71,"Two year",False,"Bank transfer (automatic)","24.85","1901.00",4367
"9142-XMYJH",29,"Month-to-month",False,"Credit card (automatic)","19.35","601.60",5227
"0187-QSXOE",7,"Month-to-month",True,"Electronic check","89.00","605.45",5711
"7733-UDMTP",57,"Month-to-month",True,"Electronic check","55.00","3094.05",4622
"2649-HWLYB",65,"Two year",False,"Bank transfer (automatic)","76.15","4929.55",6177
"5214-CHIWJ",27,"One year",False,"Mailed check","20.30","595.05",3159
"6904-JLBGY",72,"Two year",True,"Credit card (automatic)","117.35","8436.25",4008
"2465-BLLEU",1,"Month-to-month",True,"Mailed check","19.75","19.75",4441
"1685-VAYJF",11,"Month-to-month",False,"Credit card (automatic)","45.20","492.00",5253
"8874-EJNSR",39,"Two year",False,"Mailed check","25.20","987.95",5453
"6917-YACBP",59,"Month-to-month",True,"Electronic check","89.75","5496.90",5170
"5049-MUBWG",26,"One year",False,"Bank transfer (automatic)","75.00","1908.35",4705
"4223-WOZCM",2,"Month-to-month",False,"Mailed check","49.95","107.10",5251
"0769-MURVM",72,"Two year",False,"Bank transfer (automatic)","65.70","4575.35",6187
"9253-VIFJQ",65,"One year",False,"Credit card (automatic)","67.05","4309.55",5224
"7030-FZTFM",72,"Two year",False,"Credit card (automatic)","110.90","7922.75",6444
"9741-YLNTD",6,"Month-to-month",True,"Bank transfer (automatic)","87.95","522.35",2684
"5917-RYRMG",32,"One year",False,"Credit card (automatic)","19.80","587.70",3836
"5120-ZBLAI",50,"One year",False,"Bank transfer (automatic)","75.70","3876.20",6144
"1194-BHJYC",61,"Two year",True,"Mailed check","62.15","3778.85",6427
"0906-QVPMS",72,"Two year",False,"Bank transfer (automatic)","115.15","8349.45",5398
"1905-OEILC",1,"Month-to-month",False,"Mailed check","19.50","19.50",3107
"7858-GTZSP",12,"Month-to-month",True,"Electronic check","86.55","1066.90",2061
"6248-BSHKG",61,"One year",False,"Mailed check","20.40","1226.45",5897
"4685-TFLLS",18,"One year",False,"Bank transfer (automatic)","19.80","342.30",4808
"3470-BTGQO",21,"Month-to-month",False,"Mailed check","45.65","985.05",5731
"1209-VFFOC",68,"Two year",True,"Mailed check","56.40","3948.45",4556
"8224-DWCKX",12,"Month-to-month",True,"Credit card (automatic)","73.30","828.05",5159
"4553-DVPZG",62,"Month-to-month",True,"Electronic check","101.35","6164.70",5049
"6917-IAYHD",1,"Month-to-month",False,"Mailed check","33.60","33.60",4369
"8620-RJPZN",1,"Month-to-month",False,"Electronic check","20.70","20.70",3061
"7572-KPVKK",62,"Two year",True,"Electronic check","104.05","6590.50",5900
"2642-MAWLJ",36,"Two year",False,"Bank transfer (automatic)","20.25","717.95",5272
"7103-ZGVNT",69,"One year",False,"Credit card (automatic)","73.70","4885.85",4268
"2027-WKXMW",63,"Month-to-month",True,"Electronic check","108.75","6871.70",4582
"7137-NAXML",23,"One year",False,"Bank transfer (automatic)","20.15","405.60",4402
"2428-ZMCTB",10,"Month-to-month",False,"Credit card (automatic)","19.75","208.25",3926
"2961-VNFKL",71,"Two year",True,"Credit card (automatic)","25.95","1801.90",5072
"1768-HNVGJ",45,"Month-to-month",True,"Electronic check","70.05","3062.45",4223
"6963-KQYQB",70,"Two year",False,"Mailed check","24.05","1764.75",4722
"5934-RMPOV",22,"Month-to-month",True,"Electronic check","84.75","1816.75",4240
"1207-BLKSA",52,"Two year",False,"Mailed check","23.05","1255.10",4922
"8316-BBQAY",65,"Two year",False,"Credit card (automatic)","59.95","3921.10",6251
"1166-PQLGG",72,"Two year",False,"Bank transfer (automatic)","19.55","1463.45",4424
"3146-JTQHR",10,"One year",False,"Bank transfer (automatic)","19.60","189.45",3778
"4291-YZODP",7,"One year",False,"Mailed check","20.05","96.80",3810
"4395-PZMSN",5,"Month-to-month",True,"Electronic check","85.55","408.50",2850
"6427-FEFIG",24,"Two year",False,"Credit card (automatic)","78.60","1846.65",2939
"0017-IUDMW",72,"Two year",True,"Credit card (automatic)","116.80","8456.75",6252
"8706-HRADD",21,"Month-to-month",True,"Mailed check","43.55","1011.50",5808
"9955-QOPOY",69,"One year",True,"Credit card (automatic)","60.80","4263.40",5683
"4385-ZKVNW",44,"Month-to-month",True,"Bank transfer (automatic)","54.90","2549.10",4412
"5446-DKWYW",61,"One year",True,"Electronic check","65.20","3965.05",6238
"9031-ZVQPT",72,"Two year",True,"Electronic check","108.20","7840.60",4773
"2990-IAJSV",72,"Two year",False,"Bank transfer (automatic)","92.00","6632.75",4200
"8107-KNCIM",14,"Month-to-month",True,"Electronic check","75.10","1013.35",3771
"9027-YFHQJ",7,"Month-to-month",True,"Bank transfer (automatic)","25.05","152.95",4868
"5176-LDKUH",48,"One year",False,"Electronic check","75.15","3772.65",3345
"4644-OBGFZ",55,"One year",False,"Mailed check","19.50","1026.35",5067
"7926-IJOOU",1,"Month-to-month",False,"Credit card (automatic)","19.30","19.30",5626
"6480-YAGIY",45,"One year",False,"Credit card (automatic)","112.20","5031.85",3091
"4029-HPFVY",3,"Month-to-month",True,"Mailed check","70.30","220.40",4275
"7602-DBTOU",71,"Two year",False,"Mailed check","19.60","1416.50",4890
"5345-BMKWB",8,"Month-to-month",False,"Mailed check","20.25","158.35",4964
"5457-COLHT",69,"Two year",False,"Bank transfer (automatic)","80.65","5542.55",4618
"5451-YHYPW",72,"Two year",True,"Credit card (automatic)","115.75","8443.70",6205
"7998-WNZEM",71,"Two year",False,"Bank transfer (automatic)","80.60","5708.20",5447
"4664-NJCMS",33,"Two year",False,"Bank transfer (automatic)","59.55","2016.30",5980
"0307-BCOPK",16,"One year",False,"Mailed check","19.05","326.65",4336
"7629-WFGLW",56,"One year",False,"Electronic check","95.65","5471.75",6335
"2542-HYGIQ",1,"Month-to-month",False,"Credit card (automatic)","19.95","19.95",2732
"5016-LIPDW",57,"One year",False,"Mailed check","19.40","1061.60",4194
"6481-LXPWL",56,"One year",True,"Credit card (automatic)","36.10","1971.50",5092
"6124-ACRHJ",1,"Month-to-month",False,"Mailed check","19.75","19.75",4099
"9362-MWODR",40,"Month-to-month",True,"Credit card (automatic)","64.10","2460.35",5056
"9975-GPKZU",46,"Two year",False,"Credit card (automatic)","19.75","856.50",2610
"9625-RZFUK",63,"Two year",False,"Mailed check","19.70","1275.85",4235
"5153-LXKDT",68,"Two year",True,"Electronic check","110.20","7467.50",4108
"5161-UBZXI",69,"Two year",True,"Credit card (automatic)","106.35","7261.75",6315
"1020-JPQOW",56,"Month-to-month",False,"Electronic check","90.55","5116.60",6161
"7919-ZODZZ",10,"One year",True,"Mailed check","65.90","660.05",5289
"0565-JUPYD",63,"One year",False,"Credit card (automatic)","104.50","6590.80",4908
"6867-ACCZI",24,"Two year",True,"Mailed check","52.50","1208.15",3303
"5939-XAIXZ",19,"Month-to-month",True,"Mailed check","56.10","1033.90",3367
"9054-FOWNV",22,"Month-to-month",True,"Electronic check","88.75","1885.15",5585
"8207-VVMYB",70,"Two year",True,"Bank transfer (automatic)","26.00","2006.95",6170
"9732-EQMWY",49,"Month-to-month",False,"Electronic check","99.40","5025.00",4725
"5269-NRGDP",42,"One year",False,"Electronic check","73.15","3088.25",2531
"6195-MELTI",57,"One year",True,"Mailed check","54.65","3134.70",4223
"2121-JAFOM",72,"Two year",True,"Credit card (automatic)","115.55","8312.40",5076
"8818-DOPVL",46,"Month-to-month",True,"Electronic check","104.45","4863.85",4103
"1227-UDMZR",72,"Two year",True,"Bank transfer (automatic)","91.15","6637.90",4311
"5198-HQAEN",35,"One year",True,"Electronic check","89.70","3165.60",2775
"2167-FQSTQ",72,"Two year",True,"Electronic check","92.40","6786.10",5527
"2819-GWENI",28,"One year",False,"Mailed check","19.90","543.00",2987
"3572-UUHRS",45,"One year",False,"Bank transfer (automatic)","18.85","867.30",2653
"2692-PFYTJ",1,"Month-to-month",True,"Mailed check","25.75","25.75",2569
"6288-LBEAR",23,"Month-to-month",True,"Mailed check","79.10","1783.75",3619
"5955-EPOAZ",6,"Month-to-month",True,"Mailed check","20.95","109.50",5554
"6821-JPCDC",48,"One year",True,"Electronic check","97.05","4692.95",5893
"8815-LMFLX",25,"Month-to-month",True,"Bank transfer (automatic)","25.40","546.85",5250
"9135-HSWOC",64,"Two year",True,"Bank transfer (automatic)","19.70","1274.05",5431
"8582-KRHPJ",50,"Month-to-month",True,"Mailed check","35.00","1782.40",5629
"5811-IWXYM",52,"One year",False,"Bank transfer (automatic)","101.25","5301.10",5954
"7044-YAACC",4,"Month-to-month",True,"Electronic check","70.20","280.35",4444
"8189-XRIKE",32,"Month-to-month",False,"Electronic check","90.95","2897.95",5936
"1506-YJTYT",45,"Two year",False,"Credit card (automatic)","73.85","3371.00",5264
"4123-DVHPH",9,"Month-to-month",True,"Electronic check","88.05","801.30",2715
"2228-BZDEE",54,"Two year",False,"Mailed check","20.10","1079.45",5755
"2789-CZANW",64,"Two year",False,"Bank transfer (automatic)","110.30","6997.30",5574
"7596-LDUXP",12,"One year",True,"Credit card (automatic)","85.15","979.05",2452
"3740-RLMVT",67,"One year",True,"Bank transfer (automatic)","60.95","4119.40",5792
"2192-OZITF",45,"Two year",False,"Mailed check","73.55","3349.10",2280
"5651-CPDND",10,"Month-to-month",False,"Mailed check","46.00","492.10",3903
"2186-QZEYA",29,"Month-to-month",True,"Bank transfer (automatic)","58.55","1718.95",2044
"1131-ALZWV",24,"One year",False,"Bank transfer (automatic)","24.60","605.25",4147
"7729-XBTWX",66,"Two year",True,"Mailed check","19.75","1344.50",4485
"9134-WYRVP",51,"One year",False,"Mailed check","86.35","4267.15",5311
"3284-SVCRO",45,"Two year",False,"Mailed check","25.50","1121.05",3146
"9732-OUYRN",49,"One year",False,"Credit card (automatic)","19.00","918.70",4066
"0559-CKHUS",29,"Two year",True,"Mailed check","19.55","521.80",5758
"2931-SVLTV",40,"Month-to-month",True,"Credit card (automatic)","110.10","4469.10",2283
"7504-UWHNB",25,"Month-to-month",False,"Electronic check","69.75","1729.35",3080
"2582-FFFZR",22,"Month-to-month",True,"Electronic check","50.60","1073.30",2854
"8908-NMQTX",72,"Two year",True,"Bank transfer (automatic)","65.60","4566.50",4369
"1431-AIDJQ",33,"Two year",False,"Credit card (automatic)","82.10","2603.10",2281
"8413-YNHNV",69,"Two year",False,"Mailed check","90.65","6322.10",6487
"5808-TOTXO",3,"One year",True,"Credit card (automatic)","20.55","57.40",2774
"4369-NYSCF",56,"One year",True,"Bank transfer (automatic)","75.75","4284.65",6487
"6333-YDVLT",65,"One year",True,"Credit card (automatic)","110.00","7138.65",6351
"5324-KTGCG",71,"One year",False,"Electronic check","20.85","1539.75",4837
"5599-HVLTW",14,"Month-to-month",True,"Bank transfer (automatic)","80.35","1058.10",3276
"7394-LWLYN",2,"Month-to-month",True,"Electronic check","70.15","123.80",4840
"6873-UDNLD",40,"Month-to-month",False,"Electronic check","67.45","2731.00",4714
"2700-LUEVA",1,"Month-to-month",False,"Credit card (automatic)","20.75","20.75",2791
"0958-YHXGP",7,"Month-to-month",True,"Mailed check","69.90","497.30",4562
"1101-SSWAG",15,"Month-to-month",True,"Electronic check","51.10","711.15",4858
"5743-KHMNA",71,"Two year",False,"Bank transfer (automatic)","25.55","1898.10",6305
"4194-FJARJ",54,"Two year",False,"Bank transfer (automatic)","60.00","3273.95",4798
"5325-UWTWJ",31,"Month-to-month",True,"Credit card (automatic)","90.55","2929.75",5722
"3969-GYXEL",11,"Month-to-month",False,"Electronic check","76.40","838.70",4033
"9208-OLGAQ",18,"Month-to-month",True,"Electronic check","84.95","1443.65",3878
"3244-CQPHU",72,"Two year",True,"Bank transfer (automatic)","110.10","7746.70",5232
"2674-MLXMN",71,"Month-to-month",True,"Credit card (automatic)","99.65","6951.15",4241
"9708-HPXWZ",5,"Month-to-month",False,"Credit card (automatic)","45.40","214.75",2599
"6992-TKNYO",38,"One year",False,"Credit card (automatic)","69.00","2669.45",4487
"4468-YDOVK",5,"Month-to-month",True,"Bank transfer (automatic)","48.65","235.20",3307
"5792-JALQC",52,"Two year",False,"Bank transfer (automatic)","59.85","3103.25",5085
"2200-DSAAL",68,"Two year",True,"Electronic check","80.65","5330.20",5914
"4302-ZYFEL",69,"One year",True,"Credit card (automatic)","20.55","1403.10",5366
"9351-LZYGF",42,"Month-to-month",True,"Credit card (automatic)","66.40","2727.80",3773
"4366-CTOUZ",50,"Two year",True,"Mailed check","100.20","5038.45",5419
"1518-OMDIK",33,"Month-to-month",True,"Credit card (automatic)","44.55","1462.60",2422
"6671-NGWON",7,"Month-to-month",False,"Mailed check","20.35","150.60",3098
"0595-ITUDF",64,"Month-to-month",True,"Electronic check","91.80","5960.50",5371
"1955-IBMMB",59,"Two year",True,"Bank transfer (automatic)","20.20","1192.30",5216
"0096-BXERS",6,"Month-to-month",False,"Electronic check","50.35","314.55",3442
"3806-YAZOV",3,"Month-to-month",False,"Mailed check","18.80","56.00",3010
"7998-ZLXWN",15,"Month-to-month",False,"Credit card (automatic)","20.45","330.80",5184
"6253-WRFHY",13,"One year",True,"Electronic check","64.75","877.35",4741
"9133-AYJZG",23,"Month-to-month",True,"Credit card (automatic)","98.70","2249.10",5781
"2675-OTVVJ",31,"Month-to-month",False,"Electronic check","89.45","2807.65",5597
"8680-CGLTP",29,"One year",True,"Electronic check","58.75","1696.20",5198
"8430-TWCBX",49,"One year",False,"Credit card (automatic)","20.70","1032.05",4074
"5018-GWURO",56,"Month-to-month",True,"Bank transfer (automatic)","85.60","4902.80",6483
"6741-QRLUP",63,"Two year",True,"Credit card (automatic)","80.30","4995.35",5554
"4737-HOBAX",63,"Two year",False,"Credit card (automatic)","79.80","5034.05",4073
"0537-QYZZN",24,"Month-to-month",True,"Electronic check","79.85","1857.75",3412
"3340-QBBFM",36,"One year",False,"Credit card (automatic)","54.10","1992.85",4017
"8200-KLNYW",21,"One year",False,"Mailed check","80.90","1714.95",5733
"3372-CDXFJ",13,"One year",False,"Bank transfer (automatic)","24.50","343.60",5077
"4781-ZXYGU",1,"Month-to-month",True,"Bank transfer (automatic)","20.15","20.15",3960
"7632-YUTXB",25,"One year",False,"Mailed check","20.05","520.10",2010
"2718-YSKCS",71,"Two year",True,"Bank transfer (automatic)","19.60","1387.45",6444
"9896-UYMIE",66,"One year",True,"Bank transfer (automatic)","114.30","7383.70",5303
"0853-NWIFK",45,"One year",True,"Electronic check","100.30","4483.95",4868
"8212-CRQXP",22,"Month-to-month",True,"Credit card (automatic)","80.00","1706.45",2640
"6980-CDGFC",67,"One year",True,"Bank transfer (automatic)","20.85","1327.40",5972
"7691-XVTZH",68,"Two year",True,"Bank transfer (automatic)","89.95","5974.30",5672
"2520-SGTTA",0,"Two year",False,"Mailed check","20.00",NULL,3763
"2277-VWCNI",4,"Month-to-month",False,"Mailed check","48.75","179.85",3048
"1088-CNNKB",63,"One year",False,"Credit card (automatic)","80.00","5040.20",5540
"1930-BZLHI",21,"One year",True,"Mailed check","20.35","422.70",3721
"5868-YTYKS",1,"Month-to-month",True,"Mailed check","20.25","20.25",2448
"3525-DVKFN",17,"Two year",False,"Mailed check","19.40","358.05",3561
"1482-OXZSY",30,"Month-to-month",True,"Bank transfer (automatic)","100.40","2936.25",3778
"0377-JBKKT",22,"Month-to-month",True,"Mailed check","57.95","1271.80",5036
"5778-BVOFB",9,"Month-to-month",True,"Bank transfer (automatic)","59.50","530.05",4011
"3373-YZZYM",1,"Month-to-month",False,"Mailed check","19.20","19.20",3007
"0228-MAUWC",19,"Month-to-month",False,"Electronic check","59.55","1144.60",3949
"7663-YJHSN",72,"Two year",True,"Bank transfer (automatic)","103.95","7556.90",5096
"4915-BFSXL",70,"Two year",False,"Credit card (automatic)","68.95","4858.70",4858
"3086-RUCRN",66,"Month-to-month",True,"Bank transfer (automatic)","103.10","6595.00",6183
"5215-LNLDJ",7,"Month-to-month",True,"Electronic check","24.70","149.05",3872
"7576-JMYWV",46,"Month-to-month",True,"Electronic check","110.20","4972.10",4162
"0257-KXZGU",32,"Month-to-month",False,"Bank transfer (automatic)","62.45","2045.55",5442
"1307-ATKGB",24,"Month-to-month",True,"Electronic check","89.55","2187.15",2007
"3714-XPXBW",37,"Month-to-month",True,"Credit card (automatic)","78.90","2976.95",3801
"1850-AKQEP",8,"Month-to-month",False,"Mailed check","20.35","178.70",4577
"2824-DXNKN",72,"Two year",True,"Bank transfer (automatic)","71.45","5025.85",5656
"5227-JSCFE",71,"Two year",False,"Credit card (automatic)","46.35","3353.40",5421
"0848-ZGQIJ",16,"Month-to-month",True,"Bank transfer (automatic)","94.65","1461.15",3050
"3621-CHYVB",57,"Month-to-month",True,"Bank transfer (automatic)","49.90","2782.40",5866
"8042-RNLKO",66,"One year",False,"Bank transfer (automatic)","25.45","1699.15",4163
"5372-FBKBN",21,"Month-to-month",False,"Mailed check","20.75","452.20",2143
"0420-TXVSG",66,"Two year",True,"Credit card (automatic)","66.10","4428.45",5933
"6217-TOWGS",17,"Month-to-month",True,"Bank transfer (automatic)","75.40","1322.55",4852
"1045-LTCYT",8,"Month-to-month",False,"Credit card (automatic)","21.05","139.75",2158
"1544-JJMYL",27,"One year",False,"Credit card (automatic)","69.35","1927.30",2450
"4636-JGAAI",34,"Month-to-month",False,"Mailed check","88.85","3000.25",4014
"6874-SGLHU",30,"One year",True,"Bank transfer (automatic)","97.00","3021.30",4126
"5951-AOFIH",33,"Month-to-month",True,"Credit card (automatic)","66.40","2245.40",3843
"3059-NGMXB",14,"Month-to-month",False,"Mailed check","69.20","944.65",2871
"8652-YHIYU",16,"One year",True,"Credit card (automatic)","79.50","1264.20",5040
"5278-PNYOX",49,"Two year",False,"Credit card (automatic)","100.65","4917.75",5499
"3486-HOOGQ",70,"Two year",False,"Bank transfer (automatic)","79.70","5743.30",4848
"5061-PBXFW",32,"Month-to-month",False,"Bank transfer (automatic)","61.40","1864.65",2649
"8630-FJLIB",18,"Month-to-month",True,"Electronic check","69.80","1221.65",2421
"3891-NLXJB",37,"Two year",True,"Mailed check","40.55","1390.85",4050
"4749-OJKQU",4,"Month-to-month",True,"Electronic check","75.65","302.35",5396
"0577-WHMEV",16,"Month-to-month",False,"Electronic check","90.70","1374.90",4839
"5453-AXEPF",17,"Month-to-month",True,"Bank transfer (automatic)","80.50","1336.90",3591
"3639-XJHKQ",19,"Month-to-month",True,"Electronic check","60.60","1297.80",2463
"3716-LRGXK",60,"Two year",False,"Credit card (automatic)","101.15","6067.40",5301
"2263-SFSQZ",51,"Two year",True,"Mailed check","24.95","1222.25",5461
"9950-MTGYX",28,"Two year",True,"Credit card (automatic)","20.30","487.95",2948
"3397-AVTKU",43,"Two year",True,"Electronic check","60.00","2548.55",4614
"4825-FUREZ",42,"Two year",False,"Electronic check","20.25","835.50",5940
"2672-OJQZP",1,"Month-to-month",False,"Mailed check","44.75","44.75",4118
"3134-DSHVC",63,"Two year",False,"Credit card (automatic)","98.00","6218.45",5989
"7821-DPRQE",68,"Month-to-month",True,"Electronic check","107.70","7320.90",5015
"2001-EWBQU",60,"Two year",False,"Electronic check","104.70","6333.80",6186
"1608-GMEWB",45,"Month-to-month",True,"Bank transfer (automatic)","93.90","4200.25",3960
"6695-AMZUF",70,"Two year",False,"Credit card (automatic)","86.45","5950.20",5950
"8410-BGQXN",4,"Month-to-month",False,"Mailed check","19.40","93.40",4402
"1619-YWUBB",68,"Two year",True,"Credit card (automatic)","24.95","1614.90",6146
"7611-YKYTC",22,"Month-to-month",False,"Bank transfer (automatic)","75.00","1573.95",4040
"0365-GXEZS",18,"Month-to-month",False,"Electronic check","78.20","1468.75",2831
"0082-OQIQY",29,"Month-to-month",True,"Electronic check","94.20","2607.60",4561
"3606-SBKRY",31,"One year",True,"Electronic check","50.05","1523.40",4529
"0667-NSRGI",48,"One year",True,"Mailed check","69.55","3435.60",2478
"6893-ODYYE",50,"One year",True,"Credit card (automatic)","90.10","4549.45",6435
"8242-JSVBO",7,"Month-to-month",True,"Bank transfer (automatic)","44.65","322.50",4300
"9541-ZPSEA",68,"Two year",False,"Credit card (automatic)","80.35","5375.15",5954
"2665-NPTGL",26,"Month-to-month",True,"Bank transfer (automatic)","98.10","2510.70",3114
"1139-WUOAH",57,"Two year",False,"Credit card (automatic)","53.35","3090.05",5461
"4693-VWVBO",3,"Month-to-month",False,"Electronic check","19.55","61.05",3889
"6937-GCDGQ",19,"One year",True,"Bank transfer (automatic)","48.95","955.60",2394
"0988-JRWWP",3,"Month-to-month",True,"Electronic check","54.20","140.40",3167
"5075-JSDKI",59,"Two year",False,"Electronic check","24.45","1493.10",6196
"8644-XYTSV",42,"Month-to-month",True,"Bank transfer (automatic)","40.15","1626.05",4348
"3873-WOSBC",67,"Two year",False,"Credit card (automatic)","25.60","1784.90",4879
"7465-ZZRVX",1,"Month-to-month",True,"Electronic check","70.35","70.35",2722
"7975-JMZNT",66,"Two year",False,"Bank transfer (automatic)","91.70","6075.90",5453
"7251-XFOIL",61,"Month-to-month",False,"Mailed check","89.20","5500.60",5536
"4116-IQRFR",4,"One year",False,"Credit card (automatic)","24.10","73.10",4463
"8259-DZLIZ",64,"One year",True,"Bank transfer (automatic)","53.85","3399.85",4954
"0442-ZXKVS",54,"One year",True,"Bank transfer (automatic)","115.60","6431.05",4337
"7853-WNZSY",1,"Month-to-month",True,"Credit card (automatic)","19.75","19.75",5809
"3120-FAZKD",54,"Two year",True,"Bank transfer (automatic)","24.05","1230.90",4039
"8606-OEGQZ",18,"Two year",False,"Credit card (automatic)","25.30","454.65",3416
"0225-ZORZP",3,"Month-to-month",False,"Electronic check","84.30","235.05",5828
"9489-JMTTN",72,"Two year",False,"Credit card (automatic)","89.75","6595.90",5096
"0575-CUQOV",60,"One year",True,"Electronic check","97.95","5867.00",6150
"0967-BMLBD",11,"One year",True,"Mailed check","20.00","196.35",5837
"2830-LEWOA",61,"One year",False,"Credit card (automatic)","103.90","6449.15",4079
"5006-MXVRN",39,"Two year",False,"Credit card (automatic)","20.70","762.45",3733
"8327-WKMIE",37,"One year",False,"Credit card (automatic)","20.15","785.75",4422
"6917-FIJHC",72,"Two year",True,"Mailed check","26.00","1776.00",5374
"5329-KRDTM",72,"Two year",False,"Credit card (automatic)","77.35","5396.25",6202
"7797-EJMDP",8,"Month-to-month",False,"Bank transfer (automatic)","66.05","574.50",4157
"3530-VWVGU",22,"Month-to-month",False,"Mailed check","19.90","400.30",5657
"6368-NWMCE",38,"Month-to-month",False,"Credit card (automatic)","68.15","2656.30",3371
"3633-CDBUW",17,"One year",False,"Electronic check","80.85","1445.95",3913
"0707-HOVVN",70,"Two year",True,"Bank transfer (automatic)","75.50","5212.65",6024
"3956-MGXOG",28,"Month-to-month",True,"Electronic check","80.60","2244.95",2951
"9274-UARKJ",15,"Month-to-month",True,"Bank transfer (automatic)","83.20","1130.00",4096
"4077-HWUYD",72,"Two year",True,"Bank transfer (automatic)","87.55","6463.15",5341
"0103-CSITQ",57,"One year",True,"Bank transfer (automatic)","109.40","6252.70",6026
"8671-KKKOS",46,"Month-to-month",False,"Electronic check","45.55","2062.15",5565
"7305-ZWMAJ",30,"One year",False,"Credit card (automatic)","20.70","587.10",2492
"9518-XXBXE",10,"Month-to-month",False,"Electronic check","75.30","720.45",4254
"6578-KRMAW",32,"Month-to-month",True,"Credit card (automatic)","93.40","2979.30",3224
"4860-IJUDE",13,"Month-to-month",True,"Credit card (automatic)","73.75","956.65",2070
"9688-YGXVR",44,"Month-to-month",True,"Credit card (automatic)","88.15","3973.20",4112
"0423-UDIJQ",9,"Month-to-month",False,"Mailed check","49.20","447.90",2145
"1945-XISKS",67,"Two year",False,"Mailed check","19.65","1335.20",4994
"5360-LJCNJ",71,"Two year",True,"Bank transfer (automatic)","105.15","7555.00",5707
"2607-FBDFF",1,"Month-to-month",False,"Credit card (automatic)","49.00","49.00",5289
"1100-DDVRV",17,"Month-to-month",True,"Mailed check","49.80","836.35",5575
"6728-WYQBC",1,"Month-to-month",False,"Bank transfer (automatic)","20.95","20.95",2285
"9029-FEGVJ",32,"Month-to-month",False,"Mailed check","79.30","2570.00",5242
"7216-KAOID",41,"One year",False,"Bank transfer (automatic)","19.50","798.20",2446
"6145-NNPNO",1,"Month-to-month",False,"Bank transfer (automatic)","44.15","44.15",3103
"5339-TJFEK",62,"Month-to-month",True,"Electronic check","105.50","6487.20",4271
"2074-GUHPQ",17,"Month-to-month",True,"Credit card (automatic)","92.70","1556.85",2347
"4625-XMOYM",72,"Two year",True,"Bank transfer (automatic)","26.25","1988.05",5098
"5827-MWCZK",56,"Month-to-month",True,"Credit card (automatic)","96.95","5432.20",6484
"1385-TQOZW",9,"Month-to-month",True,"Credit card (automatic)","20.45","147.55",2392
"5914-XRFQB",72,"Two year",True,"Bank transfer (automatic)","115.80","8424.90",6479
"4329-YPDDQ",20,"Month-to-month",True,"Bank transfer (automatic)","108.20","2203.70",2102
"4804-NCPET",19,"Two year",False,"Mailed check","20.20","387.40",4821
"5944-UGLLK",53,"One year",False,"Credit card (automatic)","54.90","3045.75",5677
"7787-BNTZM",6,"Month-to-month",False,"Bank transfer (automatic)","20.15","130.50",5761
"2252-ISRNH",9,"One year",True,"Electronic check","90.35","767.90",2993
"9415-TPKRV",8,"Month-to-month",False,"Electronic check","55.75","446.80",5681
"5322-TEUJK",71,"Two year",False,"Bank transfer (automatic)","114.60","8100.25",4071
"1866-DIOQZ",71,"One year",False,"Bank transfer (automatic)","66.80","4689.15",4698
"8375-KVTHK",68,"One year",True,"Electronic check","100.30","6754.35",5757
"2697-NQBPF",34,"Month-to-month",True,"Electronic check","105.35","3540.65",5503
"3709-OIJEA",26,"One year",True,"Electronic check","85.20","2184.60",5156
"1386-ZIKUV",7,"Month-to-month",True,"Mailed check","18.95","130.55",4097
"0599-XNYDO",20,"Month-to-month",True,"Bank transfer (automatic)","69.80","1540.35",5456
"6377-WHAOX",60,"Month-to-month",True,"Electronic check","106.15","6411.25",4115
"6855-VLGOS",72,"Two year",False,"Electronic check","20.55","1432.55",5809
"8999-XXGNS",72,"One year",True,"Credit card (automatic)","105.75","7629.85",5832
"8746-OQQRW",4,"Month-to-month",False,"Mailed check","25.25","101.90",3962
"3181-MIZBN",16,"Month-to-month",False,"Electronic check","19.75","313.40",3677
"0471-ARVMX",62,"One year",True,"Electronic check","104.85","6312.90",5061
"7766-CLTIC",10,"Month-to-month",True,"Mailed check","60.95","629.55",4323
"5650-YLIBA",31,"Month-to-month",True,"Electronic check","81.15","2640.55",3031
"0825-CPPQH",71,"Two year",False,"Credit card (automatic)","19.10","1372.45",4241
"9084-OAYKL",58,"Two year",False,"Mailed check","20.80","1212.25",4758
"6122-LJADA",70,"Two year",True,"Credit card (automatic)","90.15","6237.05",5824
"2400-XIWIO",71,"Two year",False,"Electronic check","90.10","6310.90",5054
"7524-VRLPL",69,"Two year",False,"Credit card (automatic)","74.10","5031.00",4204
"7569-NMZYQ",72,"Two year",True,"Bank transfer (automatic)","118.75","8672.45",5475
"5201-USSQZ",26,"Month-to-month",False,"Credit card (automatic)","85.90","2196.45",4038
"2105-PHWON",33,"Month-to-month",True,"Credit card (automatic)","95.00","3008.15",4639
"1494-EJZDW",10,"Two year",False,"Mailed check","20.15","220.80",2836
"4884-TVUQF",57,"Two year",False,"Credit card (automatic)","101.30","5779.60",4421
"8003-EWNDZ",10,"Month-to-month",True,"Electronic check","21.20","222.65",2066
"1897-RCFUM",39,"One year",True,"Mailed check","24.20","914.60",3109
"9256-JTBNZ",11,"Month-to-month",False,"Bank transfer (automatic)","20.30","246.30",4188
"2211-RMNHO",68,"Two year",False,"Bank transfer (automatic)","85.30","5560.00",4732
"2432-TFSMK",18,"One year",True,"Credit card (automatic)","89.60","1633.00",2269
"4929-ROART",18,"Month-to-month",False,"Mailed check","56.25","969.85",2277
"1834-ABKHQ",52,"One year",True,"Bank transfer (automatic)","50.95","2610.65",4298
"1741-WTPON",56,"Two year",False,"Mailed check","115.85","6567.90",4937
"3932-IJWDZ",45,"Month-to-month",True,"Bank transfer (automatic)","103.65","4747.85",2183
"1240-HCBOH",67,"Two year",True,"Mailed check","26.10","1759.55",6466
"3594-KADLU",3,"Month-to-month",False,"Mailed check","35.10","101.10",3610
"8065-BVEPF",65,"Month-to-month",True,"Bank transfer (automatic)","99.10","6496.15",4574
"3796-ENZGF",63,"Two year",False,"Mailed check","67.25","4234.15",6438
"1734-ZMNTZ",11,"Two year",False,"Mailed check","25.00","300.70",5409
"2853-CWQFQ",1,"Month-to-month",True,"Mailed check","59.55","59.55",5824
"0813-TAXXS",55,"Two year",True,"Bank transfer (automatic)","77.80","4323.35",6483
"2519-TWKFS",25,"One year",True,"Mailed check","55.10","1466.10",2499
"0626-QXNGV",72,"Two year",True,"Credit card (automatic)","24.15","1776.45",5613
"6723-CEGQI",65,"Two year",False,"Mailed check","45.25","2933.95",5712
"4732-RRJZC",7,"Month-to-month",False,"Mailed check","20.25","144.35",4954
"9499-XPZXM",72,"Two year",False,"Bank transfer (automatic)","64.75","4804.75",4675
"4338-EYCER",21,"Month-to-month",False,"Bank transfer (automatic)","54.60","1125.20",5763
"3007-FDPEA",2,"Month-to-month",True,"Bank transfer (automatic)","20.70","39.85",2107
"6350-XFYGW",4,"Month-to-month",True,"Electronic check","94.75","422.40",2757
"8513-OLYGY",72,"Two year",False,"Credit card (automatic)","115.80","8332.15",5130
"0311-QYWSS",6,"Month-to-month",True,"Electronic check","49.45","314.60",3672
"8705-DWKTI",52,"Month-to-month",True,"Credit card (automatic)","83.80","4331.40",6339
"8755-IWJHN",69,"Month-to-month",True,"Bank transfer (automatic)","95.35","6382.00",6132
"4480-QQRHC",8,"Month-to-month",True,"Bank transfer (automatic)","74.05","600.15",4899
"0929-PECLO",63,"Month-to-month",True,"Bank transfer (automatic)","89.60","5538.80",4438
"3680-CTHUH",60,"One year",True,"Credit card (automatic)","116.60","7049.50",5680
"1202-KKGFU",12,"Month-to-month",False,"Bank transfer (automatic)","54.20","690.50",4474
"6112-KTHFQ",13,"Month-to-month",True,"Mailed check","19.30","279.30",5917
"1852-XEMDW",22,"Month-to-month",False,"Mailed check","65.05","1427.55",4709
"1820-DJFPH",72,"Two year",True,"Bank transfer (automatic)","24.05","1709.15",4755
"9426-SXNHE",2,"Month-to-month",False,"Bank transfer (automatic)","18.75","53.15",5355
"9068-FHQHD",40,"Two year",False,"Bank transfer (automatic)","20.15","777.35",3556
"1269-FOYWN",44,"One year",False,"Bank transfer (automatic)","20.00","860.85",3743
"9470-YFUYI",71,"One year",True,"Bank transfer (automatic)","71.00","5012.10",5247
"7402-EYFXX",26,"Month-to-month",True,"Electronic check","93.60","2404.10",4030
"9895-VFOXH",1,"Month-to-month",False,"Mailed check","24.40","24.40",5092
"1230-QAJDW",3,"Month-to-month",True,"Mailed check","65.25","209.90",2562
"5701-ZIKJE",13,"Month-to-month",True,"Mailed check","50.55","610.75",5530
"5032-MIYKT",1,"Month-to-month",True,"Mailed check","70.70","70.70",4056
"7396-VJUZB",4,"Month-to-month",False,"Mailed check","45.25","155.35",2776
"9717-QEBGU",2,"Month-to-month",True,"Electronic check","70.30","144.00",2980
"5172-RKOCB",72,"Two year",True,"Credit card (automatic)","108.95","7875.00",5758
"6509-TSGWN",37,"Month-to-month",False,"Mailed check","26.45","911.60",5359
"3178-CIFOT",23,"One year",True,"Credit card (automatic)","19.65","478.10",5916
"4530-NDRKU",42,"One year",True,"Electronic check","19.05","761.85",5091
"5985-TBABQ",32,"One year",False,"Mailed check","74.75","2282.95",2830
"9800-ONTFE",22,"Month-to-month",True,"Bank transfer (automatic)","75.80","1615.10",4479
"6743-HHQPF",42,"Month-to-month",True,"Credit card (automatic)","25.10","1097.15",4959
"8455-HIRAQ",8,"Month-to-month",False,"Mailed check","44.45","369.30",4909
"6616-AALSR",65,"Two year",True,"Credit card (automatic)","104.30","6725.30",4997
"9415-ZNBSX",70,"Two year",True,"Bank transfer (automatic)","89.00","6293.20",5650
"4018-KJYUY",22,"Month-to-month",False,"Credit card (automatic)","20.15","432.50",2722
"3884-UEBXB",67,"Two year",False,"Bank transfer (automatic)","36.15","2434.45",6314
"8780-RSYYU",25,"Month-to-month",True,"Credit card (automatic)","19.20","532.10",2159
"5537-UXXVS",20,"Month-to-month",False,"Bank transfer (automatic)","19.25","375.25",4137
"1791-PQHBB",2,"Month-to-month",True,"Credit card (automatic)","61.20","125.95",5056
"8701-DGLVH",51,"Two year",False,"Mailed check","20.45","1042.65",6097
"8741-LQOBK",46,"Month-to-month",False,"Bank transfer (automatic)","35.05","1620.25",4829
"8082-GHXOP",13,"Month-to-month",False,"Mailed check","44.00","659.35",5611
"0980-FEXWF",26,"One year",False,"Mailed check","50.35","1285.80",3386
"3011-WQKSZ",19,"Month-to-month",True,"Electronic check","20.00","377.55",5188
"8218-FFJDS",72,"Two year",True,"Bank transfer (automatic)","86.40","6058.95",6114
"1986-PHGZF",18,"Month-to-month",True,"Credit card (automatic)","58.40","964.90",2812
"9360-OMDZZ",24,"Month-to-month",True,"Electronic check","94.10","2322.85",3192
"0345-XMMUG",46,"Two year",True,"Credit card (automatic)","108.90","4854.30",5119
"8024-XNAFQ",72,"Two year",True,"Bank transfer (automatic)","107.40","7748.75",5294
"2988-GBIVW",70,"Month-to-month",True,"Electronic check","90.85","6470.10",5129
"2832-SCUCO",2,"Month-to-month",False,"Electronic check","19.90","57.40",2822
"7036-ZZKBD",31,"Month-to-month",True,"Credit card (automatic)","66.40","2019.80",3282
"0265-PSUAE",16,"Month-to-month",False,"Bank transfer (automatic)","100.70","1522.70",3337
"0463-TXOAK",52,"Two year",False,"Credit card (automatic)","25.60","1334.50",5662
"0594-UFTUL",13,"Month-to-month",True,"Mailed check","19.85","252.00",2928
"9509-MPYOD",35,"One year",False,"Mailed check","20.75","700.45",4261
"9128-CPXKI",59,"Two year",False,"Electronic check","95.80","5655.45",5470
"0129-KPTWJ",72,"Month-to-month",True,"Electronic check","94.65","6747.35",5943
"5855-EIBDE",49,"Two year",False,"Credit card (automatic)","106.65","5174.35",5948
"5365-LLFYV",2,"Month-to-month",True,"Mailed check","45.85","105.60",2245
"5956-YHHRX",21,"Month-to-month",True,"Electronic check","104.35","2271.85",4934
"6008-NAIXK",54,"One year",True,"Electronic check","55.45","2966.95",4521
"1928-BXYIV",1,"Month-to-month",False,"Electronic check","61.15","61.15",4592
"5760-FXFVO",6,"Month-to-month",True,"Electronic check","78.95","494.95",4093
"0961-ZWLVI",49,"One year",True,"Credit card (automatic)","109.20","5290.45",6005
"5181-OABFK",56,"Two year",True,"Credit card (automatic)","61.30","3346.80",4173
"4007-NHVHI",56,"Month-to-month",True,"Electronic check","96.85","5219.65",5679
"7816-VGHTO",6,"Two year",False,"Mailed check","40.55","217.50",2866
"5871-DGTXZ",32,"One year",False,"Mailed check","19.80","607.70",4636
"7550-WIQVA",50,"One year",True,"Electronic check","108.25","5431.40",4972
"7544-ZVIKX",58,"One year",True,"Bank transfer (automatic)","105.05","6004.85",5870
"0016-QLJIS",65,"Two year",True,"Mailed check","90.45","5957.90",5509
"7508-DQAKK",64,"Two year",True,"Credit card (automatic)","86.40","5442.05",6474
"5176-OLSKT",66,"Two year",False,"Bank transfer (automatic)","66.90","4370.25",5546
"9356-AXGMP",38,"One year",True,"Electronic check","110.70","4428.60",5461
"3556-BVQGL",20,"One year",True,"Mailed check","20.00","416.45",3585
"8979-CAMGB",64,"One year",False,"Electronic check","102.10","6688.10",6100
"7581-EBBOU",60,"One year",True,"Credit card (automatic)","70.15","4224.70",4260
"5073-RZGBK",50,"One year",True,"Bank transfer (automatic)","80.05","4042.20",5823
"2192-CKRLV",72,"Two year",True,"Electronic check","49.20","3580.95",4700
"3154-HMWUU",60,"Two year",True,"Bank transfer (automatic)","20.50","1198.80",5848
"6119-SPUDB",46,"Two year",False,"Mailed check","38.25","1755.35",2653
"6522-OIQSX",69,"Two year",True,"Credit card (automatic)","54.95","3772.50",4175
"7813-ZGGAW",31,"Month-to-month",True,"Bank transfer (automatic)","96.60","2877.95",3364
"8748-HFWBO",19,"One year",False,"Mailed check","19.90","357.70",5964
"1052-QJIBV",71,"Two year",False,"Credit card (automatic)","19.90","1397.30",6015
"1319-YLZJG",12,"Month-to-month",True,"Electronic check","84.60","959.90",2499
"0723-FDLAY",44,"One year",True,"Bank transfer (automatic)","85.25","3704.15",2292
"3050-RLLXC",56,"Two year",False,"Credit card (automatic)","81.25","4620.40",5907
"9298-WGMRW",72,"Two year",True,"Bank transfer (automatic)","115.50","8312.75",4697
"3088-LHEFH",11,"Month-to-month",True,"Bank transfer (automatic)","79.00","929.30",3885
"6583-KQJLK",15,"Month-to-month",True,"Electronic check","94.65","1285.05",5868
"8544-JNBOX",72,"Two year",True,"Mailed check","20.80","1521.20",4626
"6681-ZSEXG",56,"Two year",False,"Credit card (automatic)","59.50","3389.25",5477
"6139-ZZRBQ",64,"Two year",True,"Bank transfer (automatic)","20.05","1198.05",4309
"6116-RFVHN",34,"Month-to-month",True,"Electronic check","100.45","3414.65",3744
"8884-FEEWR",35,"One year",False,"Bank transfer (automatic)","20.60","754.00",2858
"3125-RAHBV",22,"One year",False,"Credit card (automatic)","20.30","467.15",2768
"0373-AIVNJ",9,"One year",False,"Mailed check","39.55","373.00",3755
"1682-VCOIO",23,"One year",False,"Mailed check","20.45","481.10",3434
"2072-ZVJJX",68,"Two year",False,"Bank transfer (automatic)","25.25","1728.20",4571
"8849-AYPTR",33,"Month-to-month",False,"Electronic check","91.25","2964.05",3296
"9518-IMLHK",31,"Month-to-month",True,"Bank transfer (automatic)","72.45","2156.25",3175
"3646-ITDGM",56,"Two year",False,"Bank transfer (automatic)","19.70","1051.90",4831
"3569-VLDHH",66,"One year",True,"Electronic check","75.10","5013.00",6123
"8224-KDLKN",72,"Two year",False,"Bank transfer (automatic)","25.00","1738.90",4275
"7594-LZNWR",34,"Month-to-month",False,"Credit card (automatic)","69.15","2275.10",4478
"4001-TSBTV",58,"Month-to-month",True,"Electronic check","91.55","5511.65",6423
"8727-XDPUD",37,"Two year",False,"Credit card (automatic)","35.80","1316.90",5658
"1043-UXOVO",71,"Two year",True,"Credit card (automatic)","113.15","7993.30",4955
"1064-FBXNK",1,"One year",False,"Credit card (automatic)","19.85","19.85",2618
"3996-ZNWYK",71,"Two year",False,"Credit card (automatic)","19.80","1388.45",5819
"2878-DHMIN",35,"One year",False,"Electronic check","19.90","666.00",2334
"7762-ONLJY",6,"One year",False,"Mailed check","19.70","94.45",4122
"5795-BKOYE",69,"One year",False,"Bank transfer (automatic)","59.10","4134.70",5846
"7402-PWYJJ",53,"One year",True,"Electronic check","91.15","4862.50",6439
"0018-NYROU",5,"Month-to-month",True,"Electronic check","68.95","351.50",5536
"7501-VTYLJ",2,"Month-to-month",False,"Mailed check","51.55","106.20",4057
"7608-RGIRO",62,"Two year",True,"Mailed check","24.40","1413.00",4889
"0480-BIXDE",19,"Month-to-month",True,"Electronic check","96.80","1743.05",3249
"5895-QSXOD",9,"Month-to-month",False,"Mailed check","70.05","657.50",3522
"9814-AOUDH",53,"Two year",False,"Credit card (automatic)","19.50","1050.50",5625
"6175-IRFIT",5,"Month-to-month",False,"Mailed check","78.75","426.35",2610
"8760-ZRHKE",71,"One year",False,"Electronic check","69.20","4982.50",5546
"1622-HSHSF",1,"Month-to-month",True,"Mailed check","19.55","19.55",5607
"6749-UTDVX",72,"Two year",True,"Electronic check","103.65","7634.80",6088
"5542-DHSXL",4,"Month-to-month",False,"Mailed check","54.70","235.05",3475
"9102-OXKFY",59,"Two year",False,"Credit card (automatic)","54.15","3116.15",4293
"5216-WASFJ",31,"Month-to-month",True,"Electronic check","84.85","2633.40",5603
"7808-DVWEP",3,"Month-to-month",False,"Bank transfer (automatic)","20.00","49.65",3985
"2284-VFLKH",49,"One year",True,"Credit card (automatic)","99.25","4920.80",4995
"0366-NQSHS",2,"Month-to-month",False,"Mailed check","19.35","46.35",5863
"3807-BPOMJ",55,"One year",True,"Electronic check","94.75","5276.10",6021
"3892-NXAZG",72,"Two year",True,"Credit card (automatic)","114.05","8289.20",6254
"4948-WBBKL",36,"Month-to-month",True,"Bank transfer (automatic)","74.90","2659.45",5041
"4182-BGSIQ",10,"Month-to-month",True,"Bank transfer (automatic)","19.80","196.75",3196
"0988-AADSA",72,"Two year",False,"Bank transfer (automatic)","80.85","5824.75",6317
"9972-NKTFD",28,"Month-to-month",False,"Bank transfer (automatic)","54.65","1517.50",3185
"3717-LNXKW",38,"Month-to-month",False,"Bank transfer (automatic)","91.70","3479.05",3676
"5734-EJKXG",61,"One year",True,"Electronic check","118.60","7365.70",5536
"2207-RYYRL",52,"Two year",False,"Mailed check","24.55","1331.05",5535
"6729-FZWSY",67,"One year",True,"Mailed check","19.45","1195.95",5343
"9695-IDRZR",34,"Two year",True,"Credit card (automatic)","116.15","3946.90",5104
"8144-DGHXP",54,"Two year",False,"Electronic check","80.60","4299.95",4231
"7814-LEEVE",1,"Month-to-month",True,"Bank transfer (automatic)","20.30","20.30",4215
"8631-WUXGY",46,"Month-to-month",True,"Electronic check","99.80","4391.25",2405
"5906-DVAPM",55,"One year",True,"Credit card (automatic)","75.00","4213.90",5011
"6654-QGBZZ",1,"Month-to-month",False,"Mailed check","19.90","19.90",5057
"8348-JLBUG",64,"One year",False,"Credit card (automatic)","80.30","5017.70",4270
"5641-DMBFJ",58,"Two year",True,"Electronic check","84.30","4916.40",5724
"9200-NLNPD",56,"One year",True,"Bank transfer (automatic)","54.05","2959.80",6445
"2664-XJZNO",72,"Two year",True,"Credit card (automatic)","104.90","7559.55",5169
"3339-EAQNV",72,"One year",True,"Credit card (automatic)","97.25","7133.10",6156
"0921-OHLVP",22,"Month-to-month",False,"Electronic check","83.05","1799.30",5357
"8350-NYMVI",39,"Month-to-month",False,"Bank transfer (automatic)","41.10","1597.05",3618
"1600-DILPE",12,"Month-to-month",True,"Bank transfer (automatic)","45.00","524.35",4998
"0536-ESJEP",54,"Two year",True,"Bank transfer (automatic)","74.55","4191.45",4544
"4654-GGUII",18,"One year",True,"Mailed check","40.20","711.95",4624
"6478-HRRCZ",32,"One year",False,"Mailed check","70.50","2201.75",5870
"8510-BBWMU",41,"One year",True,"Mailed check","19.75","806.95",5678
"6857-TKDJV",67,"Two year",False,"Bank transfer (automatic)","24.65","1620.45",4444
"2360-RDGRO",65,"Month-to-month",True,"Electronic check","104.25","6812.95",5089
"0584-BJQGZ",25,"Month-to-month",True,"Bank transfer (automatic)","78.35","1837.90",4855
"1360-XFJMR",67,"One year",True,"Credit card (automatic)","109.70","7344.45",4017
"5730-RIITO",43,"Month-to-month",True,"Credit card (automatic)","33.45","1500.25",4757
"9058-MJLZC",24,"Month-to-month",True,"Electronic check","94.60","2283.15",3667
"0902-XKXPN",69,"Two year",False,"Bank transfer (automatic)","20.20","1376.50",5463
"5177-RVZNU",37,"One year",False,"Bank transfer (automatic)","20.30","755.40",4186
"0056-EPFBG",20,"Two year",True,"Credit card (automatic)","39.40","825.40",3899
"8993-IZEUX",7,"Month-to-month",False,"Bank transfer (automatic)","69.15","488.65",4320
"8190-ZTQFB",41,"One year",True,"Electronic check","51.35","2075.10",5622
"0931-MHTEM",54,"One year",True,"Credit card (automatic)","100.05","5299.65",4478
"7515-LODFU",69,"Two year",False,"Credit card (automatic)","20.30","1356.30",4042
"0440-UEDAI",53,"One year",True,"Credit card (automatic)","94.45","5042.75",5452
"1337-BOZWO",18,"One year",False,"Credit card (automatic)","46.40","812.40",4003
"0868-VJRDR",64,"Two year",True,"Credit card (automatic)","104.05","6605.55",4337
"6344-SFJVH",20,"Month-to-month",False,"Credit card (automatic)","24.90","505.95",5942
"3950-VPYJB",57,"One year",False,"Mailed check","59.60","3509.40",4778
"8041-TMEID",63,"Two year",False,"Credit card (automatic)","108.50","6991.90",6453
"7321-ZNSLA",13,"Two year",False,"Mailed check","40.55","590.35",2898
"6941-KXRRV",48,"One year",True,"Bank transfer (automatic)","58.95","2789.70",4815
"8727-JQFHV",57,"Two year",False,"Mailed check","20.75","1123.15",4937
"9475-NNDGC",71,"One year",True,"Bank transfer (automatic)","113.15","7953.25",4068
"1355-KUSBG",7,"Month-to-month",False,"Electronic check","48.80","349.80",4785
"3688-FTHLT",16,"Month-to-month",True,"Bank transfer (automatic)","63.05","1067.05",3214
"0899-LIIBW",34,"Month-to-month",False,"Electronic check","100.85","3527.30",5891
"1384-RCUXW",16,"Month-to-month",True,"Mailed check","80.55","1248.90",5183
"5825-XJOCM",48,"One year",True,"Bank transfer (automatic)","64.40","3035.35",2545
"6848-YLDFR",58,"One year",True,"Credit card (automatic)","75.20","4300.80",4559
"8125-QPFJD",72,"Two year",True,"Bank transfer (automatic)","84.90","6065.30",4447
"2320-YKQBO",7,"Month-to-month",False,"Mailed check","19.30","144.95",4764
"4973-RLZVI",30,"One year",False,"Credit card (automatic)","74.65","2308.60",5616
"7869-ZYDST",31,"Month-to-month",True,"Credit card (automatic)","59.05","1882.80",5841
"4501-UYKBC",46,"One year",True,"Credit card (automatic)","69.10","3255.35",3856
"1215-EXRMO",50,"Two year",False,"Mailed check","20.55","1067.65",4745
"2305-MRGLV",28,"Month-to-month",False,"Bank transfer (automatic)","76.55","2065.40",2085
"8404-VIOMB",66,"Two year",True,"Bank transfer (automatic)","62.50","4136.40",4165
"2359-KLTEK",41,"Month-to-month",True,"Bank transfer (automatic)","94.90","3848.00",3539
"5304-EFJLP",72,"Two year",True,"Bank transfer (automatic)","111.65","8022.85",4406
"2673-ZALNP",7,"One year",False,"Mailed check","19.90","173.15",2750
"9184-GALIL",38,"Month-to-month",False,"Mailed check","20.45","781.25",5587
"4393-RYCRE",44,"One year",True,"Electronic check","106.05","4510.80",4588
"9746-MDMBK",47,"One year",True,"Bank transfer (automatic)","113.45","5317.80",3729
"3162-ZJZFU",53,"Month-to-month",True,"Electronic check","92.55","4779.45",4700
"8404-GFGCZ",4,"Month-to-month",False,"Electronic check","65.60","250.10",4552
"8875-AKBYH",20,"Month-to-month",True,"Electronic check","84.35","1745.20",4915
"0533-UCAAU",57,"One year",True,"Credit card (automatic)","71.10","4140.10",5462
"1394-SUIUH",44,"Month-to-month",True,"Electronic check","85.15","3670.50",2672
"3521-MNKLV",24,"Month-to-month",True,"Mailed check","49.70","1167.80",5832
"2533-TIBIX",15,"Month-to-month",True,"Bank transfer (automatic)","30.20","469.65",5825
"5092-STPKP",24,"Month-to-month",False,"Credit card (automatic)","56.35","1381.20",5128
"0114-PEGZZ",33,"Month-to-month",False,"Electronic check","107.55","3645.50",4800
"3359-DSRKA",58,"Two year",True,"Mailed check","19.85","1158.85",6440
"8639-NHQEI",72,"Two year",True,"Bank transfer (automatic)","95.90","6954.15",4213
"7161-DFHUF",71,"Two year",False,"Mailed check","23.85","1672.10",6166
"3720-DBRWL",51,"Two year",True,"Credit card (automatic)","83.85","4307.10",5703
"8565-WUXZU",72,"Two year",True,"Credit card (automatic)","84.80","6141.65",4240
"4994-OBRSZ",14,"Two year",False,"Bank transfer (automatic)","76.10","1054.80",2045
"0562-FGDCR",72,"Two year",False,"Mailed check","74.55","5430.65",4703
"2436-QBZFP",22,"Month-to-month",False,"Electronic check","39.20","849.90",3288
"3420-YJLQT",2,"Month-to-month",False,"Electronic check","79.55","151.75",5965
"6040-CGACY",15,"Month-to-month",False,"Mailed check","19.60","299.40",3195
"6582-PLFUU",51,"Two year",False,"Credit card (automatic)","19.55","1086.75",5974
"8242-PDSGJ",70,"Two year",True,"Credit card (automatic)","39.15","2692.75",5840
"0264-CNITK",71,"Two year",False,"Bank transfer (automatic)","20.10","1389.60",5043
"0089-IIQKO",39,"Month-to-month",True,"Credit card (automatic)","99.95","3767.40",4447
"7839-NUIAA",61,"Month-to-month",False,"Electronic check","59.80","3641.50",5381
"6075-QMNRR",52,"Month-to-month",True,"Bank transfer (automatic)","49.75","2535.55",6334
"5966-EMAZU",64,"One year",True,"Mailed check","108.50","6880.85",4576
"0440-EKDCF",62,"Two year",True,"Credit card (automatic)","60.15","3753.20",4404
"4774-HHGGS",30,"Two year",False,"Mailed check","19.05","637.55",2347
"2055-BFOCC",63,"One year",True,"Bank transfer (automatic)","84.00","5329.55",5688
"8180-AKMJV",1,"Month-to-month",True,"Credit card (automatic)","44.55","44.55",5825
"4298-OYIFC",15,"Month-to-month",True,"Electronic check","103.45","1539.80",5640
"5566-SOEZD",27,"One year",True,"Credit card (automatic)","80.65","2209.75",5856
"9842-EFSYY",4,"Month-to-month",True,"Mailed check","57.20","223.75",2421
"2272-WUSPA",72,"Two year",True,"Electronic check","110.75","7751.70",4848
"4584-LBNMK",45,"One year",False,"Credit card (automatic)","24.70","1174.35",5644
"3898-GUYTS",45,"Month-to-month",True,"Electronic check","97.05","4385.05",4735
"0930-EHUZA",36,"One year",True,"Mailed check","76.35","2606.35",4771
"9975-SKRNR",1,"Month-to-month",False,"Mailed check","18.90","18.90",4480
"3703-KBKZP",16,"Month-to-month",True,"Bank transfer (automatic)","74.45","1261.35",5111
"4973-MGTON",71,"Two year",True,"Credit card (automatic)","84.40","5969.30",5619
"3682-YEUWS",10,"Month-to-month",True,"Mailed check","24.40","253.90",4458
"1223-UNPKS",20,"Two year",False,"Mailed check","20.05","400.00",4328
"3446-QDSZF",4,"Month-to-month",False,"Credit card (automatic)","55.50","227.35",2328
"5117-IFGPS",29,"Month-to-month",True,"Electronic check","84.30","2357.75",2217
"7379-FNIUJ",2,"Month-to-month",False,"Electronic check","100.20","198.50",4855
"1627-AFWVJ",29,"Two year",False,"Mailed check","19.40","554.25",2265
"4486-EFAEB",13,"Month-to-month",True,"Electronic check","20.40","251.65",2486
"0060-FUALY",59,"Month-to-month",True,"Electronic check","94.75","5597.65",5238
"6954-OOYZZ",18,"Month-to-month",True,"Bank transfer (automatic)","44.35","768.05",2935
"7088-FBAWU",17,"Month-to-month",False,"Mailed check","74.55","1215.80",4451
"8313-AFGBW",47,"Two year",False,"Electronic check","73.60","3522.65",4795
"3097-IDVPU",19,"Month-to-month",False,"Credit card (automatic)","50.10","910.45",5749
"2197-OMWGI",68,"Two year",True,"Electronic check","53.00","3656.25",5583
"2303-PJYHN",2,"Month-to-month",False,"Bank transfer (automatic)","19.85","52.00",4107
"9795-VOWON",7,"One year",True,"Credit card (automatic)","24.35","150.85",4665
"1237-WIYYZ",18,"Month-to-month",True,"Mailed check","19.55","389.25",2386
"1987-AUELQ",71,"Two year",False,"Credit card (automatic)","25.05","1873.70",6334
"7852-LECYP",13,"Month-to-month",False,"Credit card (automatic)","93.80","1261.00",5870
"4822-LPTYJ",72,"Two year",True,"Bank transfer (automatic)","103.75","7346.20",4655
"8165-CBKXO",66,"Two year",True,"Credit card (automatic)","56.75","3708.40",5748
"6527-PZFPV",24,"One year",True,"Credit card (automatic)","20.80","469.65",4654
"9593-CVZKR",56,"Two year",True,"Mailed check","24.45","1385.85",5577
"8595-SIZNC",22,"One year",False,"Bank transfer (automatic)","25.60","548.80",2628
"5236-XMZJY",42,"Month-to-month",False,"Bank transfer (automatic)","59.65","2536.55",3048
"4827-DPADN",72,"Two year",True,"Bank transfer (automatic)","83.30","6042.70",4505
"2694-CIUMO",12,"Month-to-month",True,"Credit card (automatic)","79.55","958.25",3445
"5846-ABOBJ",71,"Two year",False,"Bank transfer (automatic)","24.45","1730.65",4766
"1439-LCGVL",26,"One year",False,"Mailed check","19.20","459.60",3656
"0909-SDHNU",7,"Month-to-month",False,"Mailed check","29.80","201.95",4236
"4647-XXZAM",6,"Month-to-month",False,"Mailed check","45.50","285.20",5450
"7740-KKCXF",51,"Month-to-month",True,"Credit card (automatic)","30.05","1529.45",5045
"5360-XGYAZ",72,"Two year",True,"Bank transfer (automatic)","65.65","4664.50",4934
"3557-HTYWR",47,"Two year",False,"Mailed check","74.05","3496.30",2831
"8920-NAVAY",62,"One year",True,"Bank transfer (automatic)","110.75","7053.35",5166
"8541-QVFKM",8,"Month-to-month",True,"Electronic check","73.50","632.20",5777
"1699-TLDLZ",16,"Two year",False,"Mailed check","19.70","301.55",5293
"5600-PDUJF",6,"Month-to-month",True,"Credit card (automatic)","49.50","312.70",5552
"0567-XRHCU",69,"Two year",True,"Credit card (automatic)","43.95","2960.10",4479
"2067-QYTCF",64,"Month-to-month",True,"Electronic check","111.15","6953.40",5455
"7407-SUJIZ",25,"Month-to-month",False,"Mailed check","20.60","541.50",2305
"9150-KPBJQ",6,"Two year",False,"Credit card (automatic)","19.65","116.85",3945
"0052-DCKON",66,"One year",False,"Bank transfer (automatic)","115.80","7942.15",5845
"3654-ARMGP",61,"Two year",False,"Credit card (automatic)","88.65","5321.25",4730
"9699-UBQFS",43,"Month-to-month",True,"Electronic check","94.50","4156.80",4745
"9367-TCUYN",12,"Month-to-month",False,"Mailed check","20.10","223.60",5179
"1261-FWTTE",23,"Month-to-month",True,"Bank transfer (automatic)","34.65","768.45",2307
"3528-HFRIQ",71,"Month-to-month",True,"Bank transfer (automatic)","52.30","3765.05",5491
"0708-SJDIS",34,"Month-to-month",False,"Mailed check","65.00","2157.50",5567
"2073-QBVBI",41,"One year",False,"Mailed check","35.45","1391.65",2954
"6928-ONTRW",72,"Two year",False,"Credit card (automatic)","19.70","1379.80",5451
"3320-VEOYC",14,"Month-to-month",True,"Electronic check","95.60","1273.30",3502
"5231-FIQPA",41,"Two year",True,"Mailed check","19.85","810.45",3523
"6617-WLBQC",23,"One year",False,"Credit card (automatic)","81.85","1810.85",5939
"2599-CIPQE",71,"Two year",False,"Credit card (automatic)","109.30","7782.85",5737
"8774-GSBUN",72,"Two year",False,"Mailed check","25.40","1797.10",6011
"7326-RIGQZ",6,"Month-to-month",True,"Electronic check","69.80","377.85",2651
"1401-FTHFQ",23,"One year",True,"Credit card (automatic)","20.00","445.30",2170
"0254-FNMCI",72,"Two year",True,"Electronic check","109.90","7624.20",5234
"1848-LBZHY",7,"Month-to-month",True,"Bank transfer (automatic)","50.30","355.10",2547
"8118-TJAFG",9,"Month-to-month",True,"Electronic check","101.50","906.85",2757
"5429-LWCMV",12,"Month-to-month",True,"Electronic check","89.15","1057.55",4041
"7298-IZWLY",1,"Month-to-month",True,"Mailed check","19.40","19.40",2742
"9758-MFWGD",48,"One year",False,"Bank transfer (automatic)","29.90","1388.75",2617
"3955-JBZZM",20,"Month-to-month",False,"Electronic check","78.80","1641.30",2317
"4815-TUMEQ",10,"One year",True,"Mailed check","19.30","185.20",4190
"9909-IDLEK",20,"Month-to-month",False,"Mailed check","96.80","1826.70",3222
"4092-OFQZS",20,"One year",False,"Mailed check","20.65","417.50",4147
"1561-BWHIN",19,"One year",False,"Mailed check","19.80","344.50",4464
"9927-DSWDF",22,"Month-to-month",True,"Electronic check","104.60","2180.55",2429
"9500-LTVBP",35,"Month-to-month",False,"Credit card (automatic)","80.05","2835.90",3999
"7252-NTGSS",1,"Month-to-month",False,"Mailed check","45.15","45.15",4131
"8149-AIQCG",39,"Month-to-month",True,"Credit card (automatic)","73.15","2730.85",3271
"1360-JYXKQ",54,"One year",True,"Electronic check","99.10","5437.10",4118
"0899-WZRSD",56,"Month-to-month",True,"Mailed check","105.35","5794.45",5680
"3255-GRXMG",18,"Month-to-month",True,"Credit card (automatic)","45.65","747.20",4403
"4828-FAZPK",16,"Month-to-month",True,"Credit card (automatic)","79.95","1267.95",3855
"6094-ZIVKX",68,"One year",True,"Credit card (automatic)","54.45","3674.95",6309
"6925-BAYGL",53,"Two year",False,"Credit card (automatic)","25.10","1275.60",5295
"3262-EIDHV",72,"Two year",False,"Credit card (automatic)","84.70","5893.90",6375
"7354-OIJLX",9,"Month-to-month",True,"Electronic check","75.85","724.65",5212
"1376-HHBDV",30,"Month-to-month",True,"Mailed check","48.80","1536.75",4864
"6133-OZILE",18,"Month-to-month",True,"Electronic check","35.20","607.30",5381
"4135-FRWKJ",55,"One year",False,"Electronic check","76.25","4154.55",4319
"6551-ZCOTS",33,"One year",True,"Bank transfer (automatic)","24.90","847.80",5756
"7191-ADRGF",44,"Two year",False,"Bank transfer (automatic)","54.30","2390.45",3222
"5018-LXQQG",30,"Month-to-month",False,"Bank transfer (automatic)","66.30","1923.50",4631
"6892-BOGQE",71,"Two year",True,"Bank transfer (automatic)","20.90","1493.20",4030
"1746-TGTWV",1,"Month-to-month",False,"Credit card (automatic)","75.35","75.35",3514
"5995-SNNEW",23,"Month-to-month",True,"Electronic check","104.45","2184.85",5883
"8050-WYBND",22,"One year",True,"Credit card (automatic)","49.45","1031.40",5941
"3021-VLNRJ",50,"One year",True,"Credit card (automatic)","70.80","3478.15",4798
"2821-WARNZ",49,"One year",False,"Credit card (automatic)","19.45","921.30",4170
"4879-GZLFH",42,"Month-to-month",True,"Electronic check","92.15","3875.40",5697
"8314-HTWVE",7,"Two year",False,"Mailed check","19.85","144.15",3973
"9402-ROUMJ",67,"One year",True,"Bank transfer (automatic)","100.25","6689.00",5588
"2507-QZPQS",15,"Month-to-month",False,"Electronic check","95.70","1451.10",4999
"7159-NOKYQ",67,"Two year",True,"Electronic check","93.15","6368.20",4001
"5707-ZMDJP",53,"Two year",True,"Mailed check","69.70","3729.60",4590
"8779-YIQQA",21,"One year",False,"Mailed check","19.80","350.10",3243
"7136-IHZJA",40,"Month-to-month",True,"Mailed check","71.35","2847.20",5807
"8966-OIQHG",22,"One year",False,"Bank transfer (automatic)","20.75","452.35",2258
"7074-STDCN",39,"Month-to-month",True,"Electronic check","40.60","1494.50",4436
"8739-QOTTN",2,"Month-to-month",False,"Mailed check","20.35","41.85",5761
"1399-OUPJN",57,"Two year",False,"Bank transfer (automatic)","19.75","1272.05",4235
"0277-BKSQP",8,"Month-to-month",True,"Electronic check","54.40","475.10",4854
"5774-XZTQC",7,"Month-to-month",False,"Mailed check","20.45","150.75",4484
"2676-SSLTO",49,"Two year",True,"Bank transfer (automatic)","66.15","3199.00",6138
"6266-QHOJZ",65,"One year",True,"Electronic check","89.85","5844.65",6421
"7269-JISCY",55,"One year",False,"Bank transfer (automatic)","45.05","2462.60",4055
"0363-SVHYR",71,"Two year",False,"Bank transfer (automatic)","86.85","6263.80",6452
"8547-NSBBO",35,"Month-to-month",True,"Mailed check","96.75","3403.40",5154
"6591-QGOYB",17,"Month-to-month",True,"Bank transfer (automatic)","106.65","1672.10",2754
"9070-BCKQP",72,"Two year",True,"Credit card (automatic)","110.15","7881.20",4498
"6421-SZVEM",28,"One year",True,"Bank transfer (automatic)","82.85","2320.80",5802
"1328-EUZHC",18,"Two year",False,"Mailed check","20.10","370.50",4329
"8878-RYUKI",52,"Month-to-month",True,"Electronic check","59.45","3043.70",6107
"9633-DENPU",47,"Month-to-month",True,"Bank transfer (automatic)","58.60","2723.40",2613
"7811-JIVPF",23,"Month-to-month",False,"Credit card (automatic)","49.70","1081.25",4790
"7113-HIPFI",66,"Two year",False,"Mailed check","65.85","4097.05",5500
"9258-CNWAC",71,"Two year",False,"Credit card (automatic)","113.65","8166.80",6208
"5371-VYLSX",50,"Month-to-month",True,"Electronic check","83.40","4113.70",4977
"6374-AFWOX",46,"Two year",False,"Mailed check","65.65","3047.15",2680
"5317-FLPJF",66,"Two year",True,"Bank transfer (automatic)","61.35","4193.40",4824
"7621-VPNET",42,"Month-to-month",True,"Credit card (automatic)","85.90","3729.75",2219
"6034-YMTOB",5,"Month-to-month",True,"Mailed check","75.65","399.45",2296
"4903-CNOZC",29,"One year",False,"Credit card (automatic)","70.90","1964.60",2064
"4353-HYOJD",27,"Month-to-month",False,"Mailed check","49.85","1336.15",5580
"7267-FRMJW",25,"Two year",False,"Mailed check","20.10","486.05",5306
"4188-FRABG",57,"Month-to-month",True,"Electronic check","103.05","5925.75",5586
"4128-ETESU",47,"Month-to-month",False,"Electronic check","99.70","4747.20",4787
"0620-DLSLK",13,"Month-to-month",True,"Mailed check","81.90","1028.90",2054
"3850-OKINF",71,"One year",True,"Electronic check","66.20","4692.55",4756
"1156-ZFYDO",1,"Month-to-month",False,"Electronic check","19.75","19.75",3666
"3295-YVUSR",2,"Month-to-month",True,"Mailed check","72.60","154.30",5098
"8016-NCFVO",55,"Month-to-month",True,"Electronic check","116.50","6382.55",4222
"4119-ZYPZY",71,"Two year",True,"Electronic check","106.80","7623.20",6423
"5549-ZGHFB",50,"Two year",False,"Mailed check","24.95","1261.45",6019
"7577-SWIFR",1,"Month-to-month",True,"Electronic check","89.25","89.25",5579
"0303-WMMRN",5,"Month-to-month",True,"Mailed check","19.25","86.05",3056
"6408-OTUBZ",66,"One year",True,"Bank transfer (automatic)","104.55","6779.05",4494
"5204-HMGYF",49,"One year",True,"Mailed check","87.20","4345.00",4567
"1078-TDCRN",3,"Month-to-month",True,"Electronic check","30.75","82.85",4133
"3727-OVPRY",66,"One year",True,"Credit card (automatic)","25.70","1714.55",5517
"3797-FKOGQ",11,"Month-to-month",False,"Electronic check","86.20","893.20",3157
"7622-NXQZR",28,"Month-to-month",True,"Credit card (automatic)","30.10","810.85",2653
"6196-HBOBZ",65,"Two year",True,"Electronic check","99.35","6347.55",6300
"3970-XGJDU",62,"Two year",True,"Credit card (automatic)","19.20","1123.65",4937
"2080-CAZNM",41,"Month-to-month",True,"Electronic check","104.40","4133.95",4477
"7017-VFULY",2,"Month-to-month",False,"Bank transfer (automatic)","20.10","43.15",4158
"5562-YJQGT",2,"Month-to-month",False,"Credit card (automatic)","20.35","35.10",3746
"8807-OPMBM",55,"Two year",True,"Credit card (automatic)","25.65","1388.00",4466
"5439-WIKXB",41,"Month-to-month",True,"Electronic check","94.55","3851.45",4914
"8294-UIMBA",30,"One year",True,"Bank transfer (automatic)","94.40","2638.10",4584
"8109-YUOHE",17,"One year",False,"Mailed check","56.10","946.95",5025
"5840-NVDCG",16,"Two year",False,"Bank transfer (automatic)","68.25","1114.85",3559
"8092-NLTGF",72,"Two year",False,"Bank transfer (automatic)","24.75","1777.60",5398
"5928-QLDHB",9,"Month-to-month",True,"Electronic check","76.25","684.85",2062
"9840-EFJQB",1,"Month-to-month",False,"Electronic check","74.35","74.35",4237
"0696-UKTOX",23,"Month-to-month",False,"Electronic check","54.15","1312.45",2496
"4801-KFYKL",8,"Month-to-month",False,"Bank transfer (automatic)","19.45","159.20",4119
"3472-OAOOR",19,"Month-to-month",True,"Mailed check","34.95","610.20",3422
"6135-OZQVA",7,"Month-to-month",True,"Electronic check","53.65","404.35",4389
"2252-JHJGE",61,"One year",False,"Electronic check","104.00","6363.45",4344
"4188-PCPIG",57,"Two year",True,"Credit card (automatic)","70.35","4124.65",5779
"7105-BENQF",15,"One year",False,"Mailed check","64.85","950.75",4442
"7721-DVEKZ",1,"Month-to-month",False,"Mailed check","19.65","19.65",4639
"3566-VVORZ",12,"Month-to-month",False,"Bank transfer (automatic)","45.90","505.95",5790
"9507-HSMMZ",54,"Two year",False,"Mailed check","20.00","1149.65",6094
"2480-SQIOB",4,"Month-to-month",False,"Electronic check","44.80","169.65",2114
"7813-TKCVO",20,"One year",False,"Mailed check","20.35","393.15",4390
"0128-MKWSG",26,"Month-to-month",False,"Mailed check","45.80","1147.00",3287
"4350-ZTLPI",53,"One year",True,"Bank transfer (automatic)","108.95","5718.20",4163
"0361-HJRDX",68,"Two year",False,"Credit card (automatic)","64.35","4539.60",4146
"5727-MYATE",72,"Two year",True,"Credit card (automatic)","90.80","6397.60",5028
"3823-KYNQY",12,"One year",False,"Credit card (automatic)","24.95","280.40",4443
"7570-WELNY",68,"Two year",True,"Bank transfer (automatic)","84.70","5711.05",5520
"1028-FFNJK",30,"Month-to-month",True,"Electronic check","101.50","2917.65",4828
"6907-FLBER",1,"Month-to-month",False,"Electronic check","54.30","54.30",3259
"3001-UNBTL",29,"Month-to-month",True,"Electronic check","103.95","2964.80",3733
"5982-PSMKW",23,"Two year",True,"Credit card (automatic)","91.10","2198.30",5991
"3507-GASNP",60,"Two year",False,"Mailed check","19.95","1189.90",5316
"7096-ZNBZI",72,"Two year",False,"Credit card (automatic)","26.45","1914.50",5534
"1676-MQAOA",72,"Two year",True,"Bank transfer (automatic)","75.10","5336.35",6284
"0786-IVLAW",66,"One year",False,"Bank transfer (automatic)","108.10","7238.60",4722
"7566-DSRLQ",72,"Two year",True,"Electronic check","110.15","7998.80",5065
"7245-JMTTQ",51,"One year",True,"Electronic check","111.50","5703.25",4363
"6050-IJRHS",70,"One year",True,"Electronic check","106.50","7397.00",6319
"6202-JVYEU",9,"One year",True,"Electronic check","19.90","164.60",3643
"8591-TKMZH",59,"Two year",True,"Mailed check","111.10","6555.20",4952
"0734-OXWBT",3,"Month-to-month",False,"Mailed check","70.70","225.65",2584
"4282-ACRXS",38,"Month-to-month",True,"Electronic check","24.85","955.75",3511
"0365-TRTPY",37,"Month-to-month",False,"Bank transfer (automatic)","91.20","3382.30",5135
"7349-ALMUX",37,"Two year",False,"Bank transfer (automatic)","65.60","2313.80",3183
"6502-KUGLL",14,"Month-to-month",False,"Bank transfer (automatic)","59.45","780.85",5723
"1841-YSJGV",72,"Two year",True,"Credit card (automatic)","109.95","7852.40",6258
"3511-BFTJW",72,"Two year",False,"Credit card (automatic)","38.50","2763.00",4710
"7668-XCFYV",17,"Month-to-month",True,"Electronic check","92.55","1614.70",3689
"5018-HEKFO",10,"Month-to-month",True,"Mailed check","24.50","270.15",5594
"2923-ARZLG",0,"One year",True,"Mailed check","19.70",NULL,4890
"3976-NLDEZ",1,"Month-to-month",False,"Mailed check","20.60","20.60",5370
"2282-YGNOR",29,"One year",False,"Credit card (automatic)","58.00","1734.50",2810
"5336-UFNZP",65,"One year",True,"Electronic check","107.45","7047.50",6211
"6854-EXGSF",8,"Month-to-month",True,"Bank transfer (automatic)","65.50","573.15",3033
"1241-EZFMJ",61,"Two year",False,"Bank transfer (automatic)","25.45","1538.60",6015
"9233-PSYHO",45,"One year",True,"Bank transfer (automatic)","100.15","4459.80",2636
"5376-PCKNB",72,"One year",True,"Credit card (automatic)","104.45","7459.00",4750
"8044-BGWPI",12,"Month-to-month",True,"Electronic check","21.15","306.05",5209
"4060-LDNLU",7,"Month-to-month",False,"Electronic check","96.20","639.70",4329
"3589-PPVKW",9,"Month-to-month",True,"Mailed check","44.40","348.15",5457
"5887-IKKYO",58,"Two year",False,"Bank transfer (automatic)","94.35","5563.65",4777
"1755-RMCXH",2,"Month-to-month",False,"Mailed check","20.30","40.25",5113
"3858-XHYJO",40,"One year",False,"Bank transfer (automatic)","105.75","4228.55",4078
"4299-SIMNS",9,"Month-to-month",True,"Electronic check","81.15","784.45",4544
"7025-IWFHT",41,"One year",True,"Electronic check","89.55","3729.75",5549
"6261-LHRTG",26,"Month-to-month",True,"Credit card (automatic)","54.75","1406.90",4020
"7841-FCRQD",33,"One year",True,"Credit card (automatic)","53.75","1857.30",3160
"2056-EVGZL",68,"One year",False,"Credit card (automatic)","105.75","7322.50",4437
"8777-MBMTS",65,"Two year",True,"Credit card (automatic)","105.85","6725.50",4872
"7753-USQYQ",55,"One year",True,"Electronic check","64.20","3627.30",5151
"7661-CPURM",19,"One year",True,"Credit card (automatic)","87.70","1725.95",4446
"6233-HXJMX",45,"Month-to-month",True,"Credit card (automatic)","89.30","4192.15",5470
"5902-WBLSE",70,"Two year",True,"Credit card (automatic)","20.15","1411.20",5219
"3239-TPHPZ",12,"Two year",True,"Electronic check","20.05","264.55",5453
"5115-GZDEL",72,"Two year",False,"Credit card (automatic)","67.20","4671.70",5592
"3338-CVVEH",12,"Month-to-month",False,"Electronic check","94.55","1173.55",5674
"2615-YVMYX",71,"Month-to-month",True,"Electronic check","107.50","7713.55",5775
"2851-STERV",35,"One year",True,"Electronic check","73.00","2471.25",2715
"4393-GEADV",70,"Two year",False,"Credit card (automatic)","114.75","7842.30",5035
"8486-AYEQH",31,"Month-to-month",True,"Electronic check","76.05","2227.80",2421
"5419-JKZNQ",30,"Month-to-month",False,"Mailed check","77.90","2351.45",2009
"2495-KZNFB",33,"Month-to-month",True,"Electronic check","90.65","2989.60",4460
"1409-PHXTF",54,"Two year",True,"Electronic check","110.45","6077.75",4425
"4560-WQAQW",59,"One year",False,"Bank transfer (automatic)","68.70","4070.95",4244
"9591-YVTEB",55,"Month-to-month",True,"Electronic check","44.85","2479.05",5829
"9309-BZGNT",69,"One year",True,"Credit card (automatic)","29.80","2134.30",5681
"4274-DRSQT",66,"One year",True,"Bank transfer (automatic)","88.90","6000.10",5868
"2027-DNKIV",37,"One year",True,"Mailed check","58.75","2203.10",3483
"8075-GXIUB",9,"One year",False,"Credit card (automatic)","19.85","183.15",5601
"2885-HIJDH",69,"Two year",False,"Bank transfer (automatic)","86.90","6194.10",4667
"5424-RLQLC",10,"Month-to-month",True,"Mailed check","59.65","638.95",2385
"6507-DTJZV",13,"Month-to-month",False,"Credit card (automatic)","66.40","831.75",3660
"7673-BQGKU",69,"Two year",False,"Bank transfer (automatic)","20.15","1337.50",4554
"6723-WSNTY",66,"One year",True,"Credit card (automatic)","108.10","7181.95",5360
"2725-IWWBA",46,"One year",False,"Mailed check","56.90","2560.10",4258
"1061-PNTHC",56,"Month-to-month",True,"Mailed check","109.60","5953.00",5012
"0394-YONDK",70,"Two year",False,"Credit card (automatic)","25.15","1790.15",5114
"6574-MCOEH",33,"One year",True,"Electronic check","79.15","2531.40",3555
"7399-QHBJS",72,"Two year",False,"Credit card (automatic)","66.75","4760.30",6063
"0997-YTLNY",19,"Month-to-month",False,"Mailed check","48.80","953.65",3749
"9479-HYNYL",71,"Two year",True,"Credit card (automatic)","80.70","5705.05",5617
"9708-KFDBY",1,"Month-to-month",False,"Credit card (automatic)","20.55","20.55",4801
"3642-GKTCT",61,"One year",True,"Mailed check","115.10","6993.65",4785
"0774-RMNUW",71,"Two year",False,"Bank transfer (automatic)","59.70","4122.65",6420
"1334-PDUKM",68,"One year",False,"Credit card (automatic)","86.45","5762.95",4480
"0756-MPZRL",46,"One year",False,"Credit card (automatic)","33.70","1537.85",3007
"2242-MFOTG",33,"One year",False,"Bank transfer (automatic)","80.10","2603.30",3957
"2927-CVULT",53,"Two year",True,"Bank transfer (automatic)","104.05","5566.40",4190
"2144-BFDSO",50,"Month-to-month",False,"Bank transfer (automatic)","108.75","5431.90",5211
"8745-PVESG",57,"One year",True,"Credit card (automatic)","41.10","2258.25",5281
"7647-GYYKX",54,"Two year",True,"Bank transfer (automatic)","20.35","1092.35",5646
"5647-FXOTP",60,"Month-to-month",True,"Electronic check","105.90","6401.25",5084
"9700-ISPUP",10,"Month-to-month",True,"Electronic check","65.50","616.90",3137
"9839-ETQOE",43,"Month-to-month",True,"Electronic check","40.45","1912.85",3176
"6078-VESFR",13,"Month-to-month",False,"Bank transfer (automatic)","70.45","849.10",5225
"9027-TMATR",43,"Two year",True,"Electronic check","78.80","3460.30",3972
"1941-HOSAM",1,"Month-to-month",True,"Electronic check","90.10","90.10",4142
"9110-HSGTV",69,"Two year",True,"Credit card (automatic)","82.45","5555.30",4631
"0704-VCUMB",61,"Two year",False,"Credit card (automatic)","20.25","1278.80",5974
"6171-ZTVYB",43,"Month-to-month",False,"Bank transfer (automatic)","66.25","2907.35",2168
"1935-IMVBB",56,"Month-to-month",False,"Mailed check","89.70","4952.95",5955
"2535-PBCGC",70,"Two year",False,"Bank transfer (automatic)","64.55","4504.90",4858
"1470-PSXNM",49,"One year",True,"Electronic check","93.65","4520.15",5542
"2498-XLDZR",32,"Two year",False,"Mailed check","73.60","2316.85",4343
"9866-OCCKE",72,"Two year",True,"Mailed check","109.75","8075.35",6010
"5338-YHWYT",37,"Two year",False,"Credit card (automatic)","61.45","2302.35",5447
"7718-UPSKJ",69,"One year",True,"Credit card (automatic)","106.40","7251.90",4328
"8731-WBBMB",26,"Month-to-month",False,"Bank transfer (automatic)","81.90","2078.55",3350
"1448-CYWKC",58,"One year",True,"Credit card (automatic)","105.20","6225.40",4605
"7901-IIDQV",24,"One year",False,"Bank transfer (automatic)","54.60","1242.25",3398
"2690-DVRVK",5,"One year",False,"Electronic check","20.55","99.45",3629
"1270-XKUCC",30,"Two year",False,"Mailed check","19.70","599.25",5045
"0334-ZFJSR",55,"One year",True,"Credit card (automatic)","66.05","3462.10",5501
"5583-EJXRD",44,"Two year",True,"Credit card (automatic)","54.05","2375.20",4896
"4565-EVZMJ",47,"One year",True,"Mailed check","58.90","2813.05",5774
"3327-YBAKM",64,"One year",True,"Mailed check","96.90","6314.35",5369
"9441-QHEVC",1,"Month-to-month",False,"Mailed check","19.10","19.10",2091
"6705-LNMDD",20,"Month-to-month",False,"Mailed check","50.00","1003.05",5741
"2580-ASVVY",37,"Two year",False,"Electronic check","45.40","1593.10",4051
"3370-GQEAL",30,"Month-to-month",False,"Electronic check","85.45","2509.95",3409
"5032-USPKF",38,"One year",False,"Bank transfer (automatic)","84.10","3187.65",2604
"4254-QPEDE",52,"Two year",False,"Credit card (automatic)","66.25","3330.10",4275
"6283-GITPX",71,"Two year",True,"Credit card (automatic)","76.90","5522.70",4633
"0771-CHWSK",66,"Two year",True,"Credit card (automatic)","74.60","4798.40",4838
"9788-HNGUT",72,"Two year",True,"Credit card (automatic)","116.95","8594.40",5949
"9495-REDIY",25,"One year",True,"Credit card (automatic)","40.65","970.55",5079
"5375-XLDOF",69,"Two year",True,"Bank transfer (automatic)","114.35","7665.80",6082
"1172-VIYBP",53,"Two year",False,"Bank transfer (automatic)","69.70","3686.05",4975
"6559-PDZLR",26,"Month-to-month",True,"Electronic check","98.65","2537.00",4191
"8992-OBVDG",21,"Month-to-month",False,"Mailed check","61.65","1393.60",2926
"4273-MBHYA",1,"Month-to-month",True,"Electronic check","89.35","89.35",2432
"4724-WXVWF",48,"Month-to-month",True,"Electronic check","95.40","4445.30",4334
"5701-GUXDC",26,"One year",False,"Credit card (automatic)","35.40","978.60",2519
"1460-UZPRJ",60,"Two year",False,"Mailed check","19.95","1258.15",5971
"6082-GLJIX",18,"Month-to-month",False,"Mailed check","19.25","331.35",4769
"2495-TTHBQ",4,"One year",True,"Mailed check","20.40","84.75",5602
"0485-ZBSLN",65,"Two year",False,"Credit card (automatic)","24.75","1715.10",6263
"3810-PJUHR",70,"Two year",False,"Mailed check","25.35","1715.15",6059
"0847-HGRML",62,"Two year",False,"Bank transfer (automatic)","20.00","1250.10",4402
"8232-CTLKO",66,"Two year",True,"Electronic check","59.75","3996.80",5979
"9227-YBAXE",65,"Two year",True,"Bank transfer (automatic)","82.50","5215.10",5314
"9860-LISIZ",34,"Month-to-month",False,"Mailed check","20.35","673.20",2864
"0112-QAWRZ",16,"Month-to-month",True,"Bank transfer (automatic)","90.80","1442.20",5560
"2786-GCDPI",50,"Month-to-month",True,"Electronic check","104.95","5222.35",5570
"4043-MKDTV",71,"Two year",True,"Electronic check","105.25","7291.75",6319
"9229-RQABD",18,"One year",False,"Mailed check","23.75","424.50",3076
"8313-KTIHG",4,"Month-to-month",True,"Electronic check","61.30","249.40",5281
"5320-BRKGK",58,"Two year",False,"Mailed check","75.80","4415.75",4292
"6284-KMNUF",56,"One year",True,"Electronic check","98.00","5270.60",4615
"6229-UOLQL",56,"One year",True,"Mailed check","52.00","2884.90",5845
"3137-LUPIX",4,"Month-to-month",True,"Mailed check","64.40","253.00",3334
"6143-JQKEA",10,"Month-to-month",True,"Credit card (automatic)","45.80","436.20",5586
"8676-OOQEJ",4,"Month-to-month",False,"Electronic check","30.50","118.40",3030
"9701-CDXHR",51,"Month-to-month",False,"Mailed check","69.15","3649.60",5187
"8124-NZVGJ",6,"One year",True,"Mailed check","49.25","255.60",2979
"2162-FRZAA",63,"Two year",False,"Bank transfer (automatic)","39.35","2395.05",5374
"5118-MUEYH",48,"Month-to-month",True,"Credit card (automatic)","105.10","5083.55",3109
"5627-TVBPP",35,"One year",True,"Credit card (automatic)","20.10","644.50",3726
"3936-QQFLL",2,"Month-to-month",False,"Mailed check","19.75","39.30",4064
"2589-AYCRP",50,"One year",False,"Bank transfer (automatic)","19.75","989.05",4934
"4067-HLYQI",33,"Month-to-month",True,"Bank transfer (automatic)","70.40","2406.10",4860
"5124-EOGYE",31,"Two year",False,"Mailed check","20.45","638.55",2598
"5057-RKGLH",9,"Two year",False,"Mailed check","20.35","191.10",5352
"0292-WEGCH",54,"Month-to-month",True,"Electronic check","86.20","4524.05",6275
"8910-ICHIU",46,"One year",True,"Credit card (automatic)","95.65","4664.20",4727
"4097-YODCF",34,"One year",True,"Electronic check","103.80","3470.80",5382
"9715-WZCLW",71,"Two year",True,"Electronic check","97.20","6910.30",4603
"9786-YWNHU",63,"Two year",False,"Mailed check","63.55","4014.20",5733
"6407-GSJNL",51,"Two year",False,"Bank transfer (automatic)","24.95","1288.00",5458
"4049-ZPALD",64,"Two year",True,"Bank transfer (automatic)","99.00","6375.80",5483
"3733-UOCWF",61,"One year",True,"Bank transfer (automatic)","85.55","5251.75",4845
"6833-JMZYP",15,"Month-to-month",True,"Credit card (automatic)","94.00","1505.45",4521
"1310-QRITU",18,"Month-to-month",True,"Electronic check","50.30","913.30",5877
"8961-QDZZJ",57,"One year",True,"Electronic check","95.00","5535.80",6245
"9715-SBVSU",14,"Two year",True,"Bank transfer (automatic)","61.40","815.55",3186
"8490-BXHEO",18,"Month-to-month",True,"Credit card (automatic)","80.55","1411.65",5137
"7173-TETGO",72,"Two year",False,"Bank transfer (automatic)","78.50","5602.25",6072
"7929-SKFGK",70,"Two year",False,"Credit card (automatic)","114.30","8244.30",4280
"2300-RQGOI",38,"Two year",False,"Mailed check","20.05","741.50",2295
"3563-SVYLG",68,"Two year",False,"Credit card (automatic)","62.65","4375.80",5215
"6435-VWCCY",65,"Two year",True,"Credit card (automatic)","92.70","5968.40",5205
"4998-IKFSE",30,"Month-to-month",False,"Electronic check","100.45","3096.90",3936
"8630-QSGXK",51,"Two year",True,"Bank transfer (automatic)","75.20","3901.25",4708
"2455-USLMV",31,"Month-to-month",True,"Credit card (automatic)","84.75","2613.40",3727
"9488-FVZCC",72,"Two year",True,"Bank transfer (automatic)","79.50","5661.70",4390
"5995-WWKKG",37,"One year",True,"Electronic check","19.80","695.05",5987
"7879-CGSFV",55,"One year",True,"Mailed check","100.90","5552.05",5101
"9921-EZKBY",33,"Month-to-month",True,"Bank transfer (automatic)","95.30","3275.15",3087
"7432-FFVAR",46,"One year",False,"Bank transfer (automatic)","90.95","4236.60",5187
"7246-ZGQDF",1,"Month-to-month",False,"Electronic check","54.50","54.50",4359
"4456-RHSNB",19,"Month-to-month",True,"Bank transfer (automatic)","49.60","962.90",5735
"2481-SBOYW",61,"Two year",True,"Credit card (automatic)","25.00","1498.35",4673
"7109-MFBYV",26,"Month-to-month",False,"Electronic check","45.45","1233.15",5451
"1833-TCXKK",45,"Month-to-month",True,"Bank transfer (automatic)","107.75","4882.80",3301
"1832-PEUTS",62,"Two year",True,"Credit card (automatic)","89.10","5411.65",5995
"8660-BUETV",3,"Month-to-month",False,"Mailed check","44.75","148.05",3422
"0580-PIQHM",41,"One year",True,"Bank transfer (automatic)","101.60","3930.55",3275
"5696-CEIQJ",67,"Two year",False,"Bank transfer (automatic)","103.15","6895.50",4376
"1696-HXOWK",71,"One year",False,"Mailed check","95.65","6856.95",5856
"3026-ATZYV",37,"One year",False,"Bank transfer (automatic)","75.10","2658.80",4131
"4012-YCFAI",60,"Two year",True,"Mailed check","61.35","3766.20",6174
"9970-QBCDA",6,"Month-to-month",False,"Credit card (automatic)","19.70","129.55",5387
"9496-IVVRP",11,"Month-to-month",False,"Bank transfer (automatic)","51.00","581.70",5777
"2657-VPXTA",10,"Month-to-month",True,"Electronic check","88.85","929.45",4531
"6551-VLJMV",34,"Two year",False,"Credit card (automatic)","20.05","679.00",2236
"1221-GHZEP",62,"Two year",True,"Mailed check","65.10","3846.75",5172
"9289-LBQVU",64,"One year",True,"Mailed check","70.15","4480.70",5037
"3458-IDMFK",25,"Two year",True,"Mailed check","20.75","499.40",5161
"6933-FHBZC",26,"One year",True,"Mailed check","56.05","1553.20",3079
"0221-NAUXK",10,"One year",True,"Bank transfer (automatic)","19.95","219.50",3044
"9770-KXGQU",53,"One year",False,"Mailed check","98.60","5311.85",4635
"6538-POCHL",33,"Month-to-month",True,"Credit card (automatic)","79.00","2576.80",4396
"6726-NNFWD",71,"Two year",False,"Credit card (automatic)","89.45","6435.25",6004
"3002-WQZWT",29,"Month-to-month",True,"Electronic check","74.20","1993.25",3982
"4277-UDIEF",24,"Month-to-month",False,"Bank transfer (automatic)","81.00","1923.85",3019
"1208-NBVFH",20,"Month-to-month",True,"Electronic check","49.60","939.80",3235
"4912-PIGUY",1,"Month-to-month",True,"Electronic check","84.60","84.60",2196
"2725-TTRIQ",72,"Two year",True,"Bank transfer (automatic)","84.20","5986.55",5598
"3374-TTZTK",52,"Two year",True,"Electronic check","106.30","5487.00",4969
"8990-ZXLSU",9,"Month-to-month",False,"Electronic check","69.05","651.50",5121
"2275-RBYQS",1,"Month-to-month",True,"Mailed check","45.40","45.40",4916
"4419-UJMUS",69,"Two year",True,"Electronic check","99.35","6856.45",4637
"7794-JASDG",1,"Month-to-month",True,"Mailed check","50.75","50.75",2250
"7609-YBPXG",54,"Two year",False,"Bank transfer (automatic)","87.10","4735.20",5418
"5519-TEEUH",33,"One year",True,"Mailed check","20.15","682.15",5759
"7856-GANIL",45,"One year",True,"Bank transfer (automatic)","98.70","4525.80",2535
"0804-XBFBV",11,"Month-to-month",False,"Electronic check","25.20","321.05",5916
"2676-OXPPQ",6,"Month-to-month",True,"Bank transfer (automatic)","55.70","335.65",2482
"3703-TTEPD",21,"Month-to-month",False,"Bank transfer (automatic)","65.35","1424.40",2887
"2799-TSLAG",65,"Two year",True,"Bank transfer (automatic)","25.30","1748.55",4533
"2208-NKVVH",43,"Two year",False,"Mailed check","24.25","1077.95",4432
"7139-JZFVG",60,"Two year",False,"Bank transfer (automatic)","60.50","3694.45",6026
"4987-GQWPO",17,"Month-to-month",False,"Credit card (automatic)","25.10","382.80",4580
"1757-TCATG",35,"One year",False,"Bank transfer (automatic)","20.05","746.75",3942
"4776-XSKYQ",12,"One year",False,"Credit card (automatic)","30.25","368.85",5988
"8048-DSDFQ",1,"Month-to-month",False,"Mailed check","20.20","20.20",4496
"5753-QQWPW",28,"One year",True,"Electronic check","59.90","1654.70",4131
"6010-DDPPW",70,"Two year",False,"Bank transfer (automatic)","25.15","1940.85",4279
"6693-FRIRW",18,"Month-to-month",False,"Credit card (automatic)","101.30","1794.65",5948
"6586-MYGKD",70,"Two year",True,"Credit card (automatic)","76.95","5289.80",6280
"3173-NVMPX",9,"Month-to-month",True,"Mailed check","55.30","501.20",4291
"0248-PGHBZ",67,"Two year",True,"Bank transfer (automatic)","92.45","6140.85",5857
"0623-GDISB",1,"Month-to-month",True,"Bank transfer (automatic)","48.45","48.45",5838
"2892-GESUL",18,"Two year",False,"Mailed check","19.35","309.25",2269
"7472-EQOAV",71,"One year",True,"Bank transfer (automatic)","86.70","6179.35",4485
"2043-WVTQJ",1,"Month-to-month",False,"Mailed check","55.70","55.70",5664
"8034-RYTVV",55,"One year",True,"Credit card (automatic)","84.25","4589.85",5735
"3863-QSTYI",59,"Month-to-month",True,"Electronic check","64.65","3735.45",5687
"5044-LRQAQ",7,"Month-to-month",True,"Bank transfer (automatic)","69.20","477.55",2551
"1716-LSAMB",45,"Two year",False,"Bank transfer (automatic)","54.65","2553.70",5083
"1333-PBMXB",54,"One year",True,"Bank transfer (automatic)","24.75","1342.15",6466
"6546-OPBBH",51,"One year",True,"Mailed check","23.95","1216.35",5895
"5985-BEHZK",72,"One year",False,"Credit card (automatic)","105.00","7578.05",6423
"9127-QRZMH",44,"One year",True,"Bank transfer (automatic)","59.85","2603.95",5981
"5919-VCZYM",2,"Month-to-month",False,"Mailed check","20.05","42.70",4394
"9644-KVCNC",66,"One year",True,"Bank transfer (automatic)","92.15","6056.90",4928
"2137-DQMEV",68,"One year",False,"Mailed check","44.80","2983.65",4112
"8174-LNWMW",31,"Two year",False,"Credit card (automatic)","20.90","689.35",5581
"9279-CJEOJ",21,"Month-to-month",True,"Bank transfer (automatic)","95.40","2025.10",5691
"7964-VEXDG",21,"Month-to-month",False,"Electronic check","80.35","1747.20",4579
"2404-JIBFC",55,"Two year",True,"Bank transfer (automatic)","85.10","4657.95",5661
"8029-XYPWT",71,"Two year",True,"Bank transfer (automatic)","115.05","8016.60",4438
"4632-PAOYU",22,"One year",False,"Mailed check","19.95","433.50",2233
"2990-OGYTD",67,"Two year",False,"Bank transfer (automatic)","86.15","5883.85",5037
"6646-JPPHA",14,"Month-to-month",False,"Electronic check","78.85","1043.80",5327
"7658-UYUQS",21,"Month-to-month",False,"Bank transfer (automatic)","86.55","1857.25",5318
"7880-XSOJX",4,"Month-to-month",False,"Mailed check","42.40","146.40",4282
"4589-IUAJB",70,"Two year",False,"Bank transfer (automatic)","24.25","1724.15",4118
"8746-BFOAJ",21,"One year",False,"Bank transfer (automatic)","20.50","429.55",5766
"8457-XIGKN",20,"Month-to-month",True,"Credit card (automatic)","19.60","356.15",5909
"6072-NUQCB",22,"One year",False,"Bank transfer (automatic)","20.25","488.25",3339
"8838-GPHZP",63,"Two year",True,"Mailed check","20.60","1298.70",6469
"8750-QWZAJ",70,"Two year",False,"Bank transfer (automatic)","19.80","1378.75",5169
"6918-UMQCG",5,"Month-to-month",False,"Electronic check","80.20","384.25",3391
"0675-NCDYU",72,"Two year",True,"Credit card (automatic)","116.40","8543.25",6491
"6339-DKLMK",13,"Month-to-month",True,"Electronic check","31.65","389.95",4959
"1346-PJWTK",61,"Month-to-month",False,"Credit card (automatic)","94.15","5731.85",4806
"5088-QZLRL",1,"Month-to-month",False,"Electronic check","20.65","20.65",2729
"8023-QHAIO",56,"Month-to-month",True,"Bank transfer (automatic)","76.85","4275.75",6035
"4397-FRLTA",4,"Month-to-month",False,"Mailed check","20.15","84.50",5535
"3057-VJJQE",35,"Two year",False,"Mailed check","55.25","1924.10",5498
"2302-OUZXB",72,"Two year",False,"Bank transfer (automatic)","82.15","5784.30",4552
"8133-ANHHJ",49,"One year",False,"Bank transfer (automatic)","103.00","5166.20",5023
"2270-CHBFN",44,"Month-to-month",True,"Credit card (automatic)","95.10","4060.55",2221
"5982-FPVQN",37,"Month-to-month",True,"Electronic check","95.15","3532.85",3407
"9107-UKCKY",61,"One year",True,"Electronic check","79.80","4914.80",6432
"4654-ULTTN",70,"Two year",True,"Credit card (automatic)","74.80","5315.80",6447
"5546-BYZSM",41,"Month-to-month",False,"Electronic check","20.45","775.60",2839
"1492-KGETH",70,"One year",False,"Bank transfer (automatic)","78.35","5445.95",4422
"4163-HFTUK",51,"One year",False,"Electronic check","19.10","1007.80",4120
"8215-NGSPE",42,"Two year",False,"Mailed check","20.00","833.55",3413
"8859-YSTWS",48,"One year",False,"Bank transfer (automatic)","19.95","1004.50",4254
"7601-DHFWZ",48,"Two year",False,"Credit card (automatic)","24.00","1183.05",3948
"1998-VHJHK",27,"One year",False,"Mailed check","19.15","501.35",5606
"1707-HABPF",46,"One year",True,"Bank transfer (automatic)","91.30","4126.35",3191
"0487-VVUVK",25,"Month-to-month",True,"Mailed check","19.15","477.60",3829
"5063-IUOKK",13,"Two year",False,"Mailed check","19.75","265.75",2016
"4508-OEBEY",31,"One year",True,"Credit card (automatic)","75.50","2424.45",5611
"0027-KWYKW",23,"Month-to-month",True,"Electronic check","83.75","1849.95",3585
"2308-STERM",2,"Month-to-month",False,"Mailed check","19.40","61.05",5816
"5982-XMDEX",65,"Two year",False,"Bank transfer (automatic)","26.50","1698.55",4404
"6051-PTVNS",55,"One year",False,"Credit card (automatic)","19.15","998.10",5390
"2877-VDUER",35,"One year",False,"Mailed check","40.90","1383.60",5691
"9152-AMKAK",6,"Two year",True,"Mailed check","80.25","493.40",2706
"9432-VOFYX",17,"Month-to-month",True,"Electronic check","70.80","1207.00",5420
"8049-WJCLQ",10,"Month-to-month",False,"Mailed check","60.20","563.50",5318
"6586-PSJOX",15,"One year",False,"Credit card (automatic)","55.20","864.55",3608
"9705-ZJBCG",13,"One year",False,"Bank transfer (automatic)","54.15","701.05",4977
"6847-KJLTS",58,"Month-to-month",True,"Bank transfer (automatic)","100.40","5749.80",4005
"9670-BPNXF",45,"One year",True,"Credit card (automatic)","62.55","2796.45",2935
"3913-FCUUW",72,"Two year",True,"Bank transfer (automatic)","70.45","5165.70",4463
"3301-VKTGC",68,"One year",True,"Bank transfer (automatic)","85.50","5696.60",4380
"9555-SAHUZ",38,"Month-to-month",False,"Electronic check","54.50","2076.05",5499
"0816-TSPHQ",2,"Month-to-month",False,"Mailed check","20.75","44.20",3976
"9932-WBWIK",11,"Month-to-month",False,"Mailed check","20.35","215.25",5597
"4619-EVPHY",20,"One year",True,"Bank transfer (automatic)","91.00","1859.50",3748
"5286-YHCVC",72,"Two year",True,"Bank transfer (automatic)","104.80","7470.10",4165
"9115-YQHGA",40,"Month-to-month",True,"Electronic check","51.10","2092.90",3355
"4462-CYWMH",62,"Month-to-month",True,"Bank transfer (automatic)","89.80","5629.55",4981
"4537-DKTAL",2,"Month-to-month",False,"Electronic check","45.55","84.40",4372
"8963-MQVYN",22,"Month-to-month",True,"Electronic check","20.55","469.85",3169
"2458-EOMRE",11,"Month-to-month",False,"Bank transfer (automatic)","64.05","733.95",4171
"9334-GWGOW",7,"Month-to-month",True,"Electronic check","74.85","485.25",2259
"6542-LWGXJ",3,"Month-to-month",False,"Mailed check","25.00","78.25",2730
"5567-GZKQY",58,"Two year",False,"Credit card (automatic)","20.30","1131.50",4335
"1222-LRYKO",6,"Month-to-month",False,"Mailed check","26.35","184.05",2189
"2087-QAREY",22,"Month-to-month",True,"Mailed check","54.70","1178.75",5722
"4423-JWZJN",64,"One year",False,"Credit card (automatic)","90.25","5629.15",4799
"6490-FGZAT",6,"Month-to-month",False,"Mailed check","20.65","109.30",3266
"7452-FOLON",39,"One year",False,"Bank transfer (automatic)","25.45","958.45",5986
"2320-TZRRH",20,"One year",False,"Mailed check","19.50","403.15",4700
"4942-VZZOM",64,"One year",True,"Credit card (automatic)","66.15","4392.50",4703
"7502-BNYGS",46,"Month-to-month",True,"Credit card (automatic)","69.10","3168.00",2333
"4291-HYEBC",28,"One year",True,"Electronic check","39.10","1096.60",2305
"6147-CBCRA",33,"Month-to-month",False,"Mailed check","20.05","669.45",5759
"6047-SUHPR",39,"One year",False,"Electronic check","59.80","2343.85",3093
"9752-ZNQUT",1,"Month-to-month",True,"Electronic check","48.60","48.60",3704
"1576-PFZIW",70,"Two year",False,"Credit card (automatic)","105.35","7511.90",5866
"5666-MBJPT",65,"Two year",True,"Bank transfer (automatic)","25.10","1725.00",5449
"7312-XSBAT",1,"Month-to-month",False,"Electronic check","49.75","49.75",2908
"3096-GKWEB",18,"Month-to-month",True,"Electronic check","94.75","1691.90",4477
"2371-JQHZZ",24,"Month-to-month",True,"Electronic check","93.00","2248.05",5886
"0674-GCDXG",63,"Two year",True,"Bank transfer (automatic)","71.90","4479.20",5816
"1121-QSIVB",44,"One year",True,"Mailed check","77.55","3471.10",5044
"4396-KLSEH",4,"Month-to-month",True,"Electronic check","19.85","63.00",5918
"2824-MYYBN",37,"Month-to-month",True,"Electronic check","95.25","3314.15",2969
"6345-HOVES",34,"Month-to-month",True,"Bank transfer (automatic)","25.05","852.70",3800
"8318-LCNBW",35,"One year",False,"Credit card (automatic)","53.15","1930.90",5638
"6469-QJKZW",4,"Month-to-month",False,"Electronic check","20.15","91.40",2198
"0147-ESWWR",39,"Month-to-month",True,"Electronic check","101.25","3949.15",3172
"1217-VASWC",43,"One year",True,"Bank transfer (automatic)","100.55","4304.00",4499
"6370-ZVHDV",61,"Two year",False,"Bank transfer (automatic)","25.30","1554.90",4501
"5915-DGNVC",49,"One year",False,"Electronic check","71.80","3472.05",6193
"6260-XLACS",4,"One year",False,"Mailed check","19.70","117.80",5018
"3566-CAAYU",64,"Two year",False,"Electronic check","49.85","3210.35",5644
"4983-CCWMC",3,"Month-to-month",True,"Mailed check","69.60","207.40",5487
"9103-CXVOK",1,"Month-to-month",False,"Electronic check","19.75","19.75",3068
"2896-TBNBE",40,"One year",False,"Electronic check","80.80","3132.75",3387
"2522-WLNSF",34,"One year",False,"Bank transfer (automatic)","64.20","2106.30",2225
"3841-CONLJ",1,"Month-to-month",False,"Electronic check","35.00","35.00",4099
"4475-NVTLU",45,"Two year",False,"Electronic check","19.20","903.70",3451
"9386-LDCZR",43,"One year",True,"Credit card (automatic)","90.65","3882.30",2496
"9585-KKMFD",41,"Two year",True,"Mailed check","20.00","879.80",5743
"5399-ZIMKF",5,"Month-to-month",True,"Electronic check","74.65","383.65",3319
"0336-KXKFK",72,"Two year",True,"Credit card (automatic)","61.20","4390.25",4085
"5619-XZZKR",4,"One year",False,"Mailed check","19.95","68.20",2195
"3948-FVVRP",9,"Month-to-month",False,"Mailed check","54.80","452.80",2848
"5327-XOKKY",72,"Two year",True,"Credit card (automatic)","73.45","5329.00",5540
"0983-TATYJ",33,"One year",True,"Mailed check","51.45","1758.90",4935
"1813-JYWTO",72,"Two year",False,"Bank transfer (automatic)","80.45","5737.60",4202
"6719-OXYBR",15,"Month-to-month",False,"Electronic check","85.30","1219.85",5559
"3312-ZWLGF",29,"Month-to-month",True,"Electronic check","79.30","2414.55",3172
"6476-YHMGA",15,"Month-to-month",False,"Bank transfer (automatic)","76.50","1155.60",3851
"0795-XCCTE",72,"Two year",False,"Bank transfer (automatic)","25.40","1809.35",6141
"0168-XZKBB",19,"Month-to-month",True,"Electronic check","86.85","1564.40",5072
"3785-NRHYR",1,"Month-to-month",False,"Mailed check","19.65","19.65",3192
"7072-MBHEV",11,"Month-to-month",True,"Credit card (automatic)","78.10","864.85",2333
"5602-BVFMK",12,"One year",False,"Mailed check","19.30","228.75",2868
"6297-NOOPG",70,"Two year",True,"Electronic check","110.50","7752.05",5979
"8204-TIFGJ",23,"Month-to-month",True,"Bank transfer (automatic)","20.30","470.60",3630
"8050-DVOJX",49,"Two year",False,"Credit card (automatic)","81.35","4060.90",4537
"8903-XEBGX",2,"Month-to-month",True,"Electronic check","55.30","108.65",4594
"8169-SAEJD",69,"Two year",False,"Credit card (automatic)","56.55","3952.65",4162
"1089-XZWHH",24,"Two year",True,"Mailed check","19.70","494.05",3594
"2325-WINES",32,"One year",True,"Credit card (automatic)","104.05","3416.85",2335
"6064-ZATLR",27,"Two year",False,"Bank transfer (automatic)","52.85","1498.65",2842
"7824-PANSQ",58,"Month-to-month",False,"Bank transfer (automatic)","80.65","4807.35",6043
"9648-BCHKM",18,"Two year",True,"Credit card (automatic)","24.65","471.35",5231
"2888-ADFAO",47,"Two year",True,"Bank transfer (automatic)","21.30","1041.80",2861
"8707-HOEDG",70,"Two year",True,"Electronic check","110.20","7689.80",4098
"4072-IPYLT",36,"Month-to-month",False,"Credit card (automatic)","51.05","1815.00",2161
"7167-PCEYD",67,"Two year",True,"Mailed check","19.80","1311.30",4260
"4936-YPJNK",10,"Month-to-month",True,"Mailed check","19.90","199.45",5811
"1580-BMCMR",19,"Month-to-month",True,"Electronic check","87.30","1637.30",4447
"4817-KEQSP",71,"Two year",False,"Bank transfer (automatic)","19.85","1326.35",6342
"6408-WHTEF",72,"Two year",True,"Mailed check","89.40","6376.55",6044
"9251-AWQGT",48,"Two year",False,"Mailed check","20.00","935.90",2608
"8749-CLJXC",1,"Month-to-month",False,"Mailed check","20.05","20.05",2067
"7989-VCQOH",18,"Month-to-month",False,"Electronic check","83.25","1611.15",2065
"4199-QHJNM",67,"Two year",False,"Bank transfer (automatic)","102.90","6989.70",5869
"8882-TLVRW",69,"Two year",False,"Mailed check","39.10","2779.50",5987
"5135-GRQJV",72,"Two year",True,"Mailed check","114.50","8331.95",6051
"2384-OVPSA",38,"Two year",False,"Mailed check","20.20","735.90",4947
"1371-WEPDS",40,"One year",False,"Electronic check","55.80","2283.30",3587
"3580-GICBM",61,"Two year",True,"Mailed check","24.20","1445.20",6201
"9730-DRTMJ",32,"One year",True,"Credit card (automatic)","72.80","2333.05",3278
"4686-UXDML",21,"Month-to-month",True,"Credit card (automatic)","99.85","1992.55",2113
"3349-ANQNH",59,"One year",True,"Electronic check","99.50","5890.00",5513
"0932-YIXYU",47,"Two year",False,"Credit card (automatic)","20.25","1029.80",5134
"7480-SPLEF",69,"Two year",True,"Bank transfer (automatic)","26.00","1796.55",4933
"7636-XUHWW",2,"Month-to-month",True,"Credit card (automatic)","19.90","33.70",5824
"1431-CYWMH",22,"Month-to-month",False,"Bank transfer (automatic)","19.05","454.05",4312
"5937-EORGB",15,"Month-to-month",True,"Electronic check","96.50","1392.25",2394
"6349-JDHQP",53,"Two year",False,"Credit card (automatic)","19.85","1049.60",6338
"5539-HIVAK",28,"Month-to-month",False,"Mailed check","25.70","734.60",3136
"5847-MXBEO",22,"One year",False,"Mailed check","20.30","475.10",4510
"4583-PARNH",16,"Month-to-month",True,"Electronic check","91.55","1540.05",4045
"1116-FRYVH",48,"Two year",False,"Mailed check","39.40","1978.65",5701
"1421-HCERK",30,"Month-to-month",True,"Bank transfer (automatic)","105.70","3181.80",2455
"9633-XQABV",3,"Month-to-month",True,"Electronic check","70.25","229.70",2156
"0716-BQNDX",57,"Two year",False,"Electronic check","93.75","5625.55",4276
"1183-CANVH",23,"One year",False,"Bank transfer (automatic)","60.00","1347.15",3835
"1972-XMUWV",65,"Two year",True,"Credit card (automatic)","59.80","3808.20",6034
"8679-LZBMD",44,"One year",True,"Bank transfer (automatic)","90.65","3974.15",3786
"3407-JMJQQ",71,"Two year",True,"Bank transfer (automatic)","109.00","7661.80",4204
"6252-DFGTK",37,"One year",False,"Credit card (automatic)","68.10","2479.25",2873
"1539-LNKHM",12,"Month-to-month",False,"Mailed check","20.40","266.60",4497
"8645-KOMJQ",69,"Two year",True,"Bank transfer (automatic)","81.95","5601.40",6182
"0289-IVARM",35,"Month-to-month",False,"Electronic check","60.55","1982.60",3463
"9761-XUJWD",5,"Month-to-month",True,"Bank transfer (automatic)","65.60","339.90",5636
"4057-FKCZK",58,"Two year",False,"Bank transfer (automatic)","82.50","4828.05",4348
"4291-TPNFG",72,"Two year",True,"Bank transfer (automatic)","82.30","5980.55",5219
"6087-YPWHO",72,"Two year",False,"Mailed check","68.15","4808.70",4613
"3090-QFUVD",1,"Month-to-month",False,"Credit card (automatic)","20.30","20.30",2507
"1722-LDZJS",53,"One year",False,"Credit card (automatic)","20.20","1068.15",6050
"1818-ESQMW",27,"Month-to-month",True,"Electronic check","89.20","2383.60",4384
"7401-RUBNK",18,"Month-to-month",False,"Electronic check","74.80","1438.05",4809
"0506-YLVKJ",46,"Two year",True,"Mailed check","20.20","917.45",3136
"8661-BOYNW",72,"Two year",True,"Credit card (automatic)","84.40","6096.45",5046
"4815-GBTCD",4,"Month-to-month",True,"Electronic check","25.15","99.95",3891
"2805-AUFQN",25,"Two year",False,"Credit card (automatic)","19.80","475.20",3875
"0980-PVMRC",40,"Month-to-month",True,"Electronic check","50.85","2036.55",2819
"7233-DRTRF",63,"Month-to-month",True,"Electronic check","102.40","6444.05",5096
"3873-NFTGI",14,"Month-to-month",True,"Credit card (automatic)","55.50","767.55",3520
"1162-ECVII",72,"Two year",True,"Bank transfer (automatic)","109.75","7932.50",4265
"7048-GXDAY",39,"Month-to-month",True,"Electronic check","106.40","4040.65",4111
"8571-ZCMCX",47,"Two year",True,"Credit card (automatic)","60.00","2768.65",3248
"1169-WCVAK",19,"Month-to-month",True,"Credit card (automatic)","88.80","1672.35",4600
"7129-CAKJW",17,"Month-to-month",False,"Bank transfer (automatic)","80.05","1345.65",3443
"8695-ARGXZ",34,"Month-to-month",True,"Electronic check","75.55","2425.40",5381
"3570-YUEKJ",42,"Month-to-month",True,"Electronic check","49.55","2077.95",3637
"1555-HAPSU",71,"Two year",False,"Credit card (automatic)","23.90","1663.50",5471
"1697-NVVGY",19,"Month-to-month",False,"Bank transfer (automatic)","66.40","1286.05",4533
"8464-EETCQ",57,"Two year",False,"Credit card (automatic)","18.80","1094.35",6466
"2419-FSORS",72,"Two year",True,"Electronic check","108.40","7719.50",4394
"8132-YPVBX",6,"Month-to-month",True,"Mailed check","85.95","514.60",3291
"6754-LZUKA",61,"Two year",False,"Bank transfer (automatic)","80.90","4932.50",4161
"8099-MZPUJ",48,"Two year",False,"Credit card (automatic)","111.80","5443.65",3922
"0787-LHDYT",16,"Month-to-month",True,"Credit card (automatic)","20.60","330.25",5667
"0374-IOEGQ",3,"Month-to-month",False,"Electronic check","44.60","122.70",3122
"3197-NNYNB",65,"Two year",False,"Credit card (automatic)","105.10","6631.85",5649
"3396-DKDEL",70,"Two year",True,"Credit card (automatic)","115.15","8250.00",4388
"1752-OZXFY",60,"One year",True,"Mailed check","59.80","3561.15",5488
"9066-QRSDU",69,"One year",True,"Electronic check","26.30","1763.55",5418
"9112-WSNPU",35,"Month-to-month",False,"Electronic check","70.55","2419.00",5873
"9867-NNXLC",22,"Month-to-month",True,"Mailed check","20.05","470.20",5555
"5321-NTRKC",66,"Two year",False,"Bank transfer (automatic)","79.85","5234.95",6236
"3161-GETRM",34,"Month-to-month",True,"Credit card (automatic)","90.05","3097.00",4648
"0402-OAMEN",72,"Two year",False,"Bank transfer (automatic)","24.45","1709.10",5335
"6933-VLYFX",31,"One year",False,"Electronic check","59.95","1848.80",4337
"6754-WKSHP",30,"One year",False,"Bank transfer (automatic)","25.35","723.30",5915
"4976-LNFVV",19,"Month-to-month",True,"Credit card (automatic)","34.30","577.15",4615
"5055-MGMGF",65,"Month-to-month",True,"Electronic check","105.05","6914.95",5313
"4641-FROLU",30,"Two year",False,"Mailed check","19.30","602.90",4453
"2862-JVEOY",6,"One year",False,"Mailed check","19.15","124.40",5322
"2969-QWUBZ",2,"Month-to-month",False,"Electronic check","51.40","96.80",2580
"9822-BIIGN",53,"Month-to-month",False,"Electronic check","71.85","3827.90",4903
"2077-MPJQO",7,"Month-to-month",True,"Electronic check","75.40","533.05",3533
"1534-OULXE",61,"One year",True,"Bank transfer (automatic)","49.70","2961.40",4577
"2971-SGAFL",13,"Month-to-month",True,"Electronic check","78.75","995.35",5631
"1480-IVEVR",35,"One year",True,"Bank transfer (automatic)","81.60","2815.25",2300
"2905-KFQUV",2,"Month-to-month",True,"Credit card (automatic)","70.40","154.80",5748
"3370-HXOPH",3,"Month-to-month",False,"Electronic check","76.10","257.60",2650
"9391-YZEJW",62,"One year",True,"Bank transfer (automatic)","94.00","5757.20",4778
"9958-MEKUC",72,"Two year",False,"Credit card (automatic)","103.95","7517.70",4495
"0281-CNTZX",63,"Two year",True,"Bank transfer (automatic)","19.95","1234.80",5151
"4118-CEVPF",35,"One year",True,"Bank transfer (automatic)","110.80","3836.30",2125
"9114-VEPUF",62,"One year",False,"Electronic check","96.10","6001.45",6139
"7876-BEUTG",15,"Month-to-month",True,"Mailed check","48.80","720.10",2577
"2338-BQEZT",55,"Month-to-month",True,"Credit card (automatic)","50.55","2832.75",6250
"9873-MNDKV",11,"Month-to-month",True,"Mailed check","44.65","472.25",4492
"8241-JUIQO",61,"One year",False,"Bank transfer (automatic)","19.45","1336.35",4559
"2194-IIQOF",71,"Two year",False,"Credit card (automatic)","89.30","6388.65",4658
"9631-RXVJM",35,"Two year",False,"Mailed check","19.25","677.90",2682
"9584-EXCDZ",17,"Month-to-month",False,"Bank transfer (automatic)","70.50","1165.60",3650
"5093-FEGLU",47,"Two year",False,"Bank transfer (automatic)","19.65","921.55",4159
"2621-UDNLU",3,"Month-to-month",False,"Mailed check","20.85","72.00",5867
"7526-IVLYU",3,"Month-to-month",True,"Mailed check","19.65","68.35",4852
"2428-HYUNX",44,"Two year",True,"Credit card (automatic)","19.35","847.25",4975
"9214-EKVXR",1,"Month-to-month",True,"Mailed check","44.00","44.00",4138
"3410-MHHUM",44,"One year",False,"Electronic check","94.40","4295.35",5019
"2122-YWVYA",18,"Month-to-month",True,"Electronic check","75.40","1380.40",4792
"2296-DKZFP",65,"Two year",False,"Bank transfer (automatic)","71.00","4386.20",6308
"8909-BOLNL",3,"One year",False,"Mailed check","21.20","52.05",2088
"6603-YRDCJ",33,"Two year",True,"Mailed check","61.05","2018.40",3215
"3229-USWAR",34,"One year",True,"Bank transfer (automatic)","79.95","2727.30",3570
"2138-VFAPZ",14,"Two year",True,"Mailed check","19.70","263.65",2966
"6131-JLWZM",13,"Month-to-month",True,"Mailed check","20.30","275.40",5332
"0269-XFESX",23,"One year",False,"Mailed check","24.35","538.50",4031
"1709-EJDOX",47,"Two year",False,"Mailed check","19.75","948.90",3843
"4316-XCSLJ",17,"Month-to-month",True,"Mailed check","50.30","846.80",3202
"9693-XMUOB",59,"Month-to-month",True,"Electronic check","50.25","2997.45",5546
"0383-CLDDA",69,"Two year",True,"Credit card (automatic)","85.35","5897.40",6499
"2709-UQGNP",10,"Month-to-month",True,"Mailed check","51.65","524.50",4292
"3549-ZTMNH",12,"Two year",True,"Bank transfer (automatic)","24.00","269.65",3705
"8033-ATFAS",39,"Month-to-month",True,"Mailed check","59.85","2341.50",3900
"1635-NZATJ",71,"Two year",False,"Credit card (automatic)","25.45","1789.65",5341
"0562-HKHML",71,"Two year",False,"Credit card (automatic)","23.90","1626.40",5574
"8277-RVRSV",33,"One year",False,"Credit card (automatic)","24.15","800.30",4501
"9943-VSZUV",67,"Month-to-month",True,"Mailed check","75.70","5060.85",5823
"7054-ENNGU",9,"Month-to-month",False,"Mailed check","50.85","466.60",4623
"1455-HFBXA",52,"Two year",True,"Credit card (automatic)","91.60","4627.80",6069
"9402-CXWPL",70,"One year",False,"Electronic check","98.90","6838.60",5980
"1628-BIZYP",1,"Month-to-month",True,"Electronic check","85.00","85.00",5754
"0082-LDZUE",1,"Month-to-month",True,"Mailed check","44.30","44.30",4427
"5343-SGUBI",52,"One year",True,"Mailed check","80.20","4297.60",5597
"0856-NAOES",6,"Month-to-month",False,"Mailed check","60.90","414.10",2191
"1976-AZZPJ",7,"Month-to-month",False,"Mailed check","34.20","256.60",5100
"6156-UZDLF",26,"One year",True,"Credit card (automatic)","87.15","2274.10",5689
"3099-OONVS",25,"Month-to-month",False,"Electronic check","54.30","1296.80",3971
"9500-WBGRP",69,"Two year",True,"Mailed check","19.10","1268.85",4535
"5183-KLYEM",72,"Two year",True,"Credit card (automatic)","112.75","8192.60",4927
"5144-PQCDZ",4,"Month-to-month",True,"Mailed check","19.95","59.25",3172
"8514-VZHEB",59,"Two year",False,"Mailed check","19.50","1147.85",5293
"6625-IUTTT",67,"Two year",False,"Bank transfer (automatic)","65.55","4361.55",6035
"9355-NPPFS",26,"Month-to-month",True,"Electronic check","78.80","2006.10",4509
"0068-FIGTF",27,"One year",False,"Mailed check","78.20","2078.95",2297
"5965-GGPRW",72,"Two year",False,"Bank transfer (automatic)","105.25","7609.75",4427
"8035-PWSEV",6,"Month-to-month",True,"Electronic check","89.25","487.05",4430
"2236-HILPA",62,"Two year",False,"Credit card (automatic)","20.65","1218.45",6403
"1840-BIUOG",20,"One year",True,"Electronic check","68.70","1416.20",2989
"1356-MKYSK",6,"Month-to-month",False,"Credit card (automatic)","78.65","483.30",2724
"6080-LNESI",51,"Two year",False,"Mailed check","24.75","1234.60",5080
"1830-IPXVJ",61,"Two year",False,"Credit card (automatic)","19.75","1311.60",6108
"5828-DWPIL",62,"Month-to-month",True,"Electronic check","89.10","5618.30",4415
"8398-TBIYD",72,"Two year",True,"Bank transfer (automatic)","84.70","6185.15",4520
"2931-FSOHN",13,"Month-to-month",True,"Electronic check","59.90","788.35",5254
"9418-RUKPH",38,"Two year",True,"Mailed check","19.95","756.40",3614
"9971-ZWPBF",34,"Month-to-month",True,"Electronic check","108.90","3625.20",5151
"4712-AUQZO",18,"Month-to-month",False,"Mailed check","33.60","550.35",5388
"9711-FJTBX",56,"One year",True,"Mailed check","85.85","4793.80",5058
"2908-ZTPNF",36,"Month-to-month",True,"Bank transfer (automatic)","34.85","1267.20",4452
"8421-WZOOW",57,"Month-to-month",True,"Credit card (automatic)","95.30","5567.45",4912
"1414-YADCW",70,"Two year",False,"Bank transfer (automatic)","84.60","5706.20",5679
"8756-RDDLT",68,"Month-to-month",False,"Electronic check","44.95","3085.35",5750
"2862-PFNIK",1,"Month-to-month",True,"Electronic check","24.70","24.70",3518
"5816-QVHRX",37,"Month-to-month",False,"Credit card (automatic)","100.30","3541.40",4040
"4430-YHXGG",4,"Month-to-month",True,"Mailed check","25.45","84.20",2616
"6888-SBYAI",1,"Month-to-month",True,"Mailed check","50.70","50.70",3007
"7395-XWZOY",20,"Month-to-month",True,"Credit card (automatic)","55.00","1165.55",4481
"7169-YWAMK",72,"Two year",False,"Bank transfer (automatic)","68.40","4855.35",5504
"6859-RKMZJ",11,"Month-to-month",True,"Bank transfer (automatic)","55.05","608.15",2762
"2729-VNVAP",33,"Two year",False,"Credit card (automatic)","19.80","641.35",2635
"2957-JIRMN",62,"One year",False,"Electronic check","84.45","4959.15",4166
"2049-BAFNW",1,"Month-to-month",False,"Mailed check","35.90","35.90",3929
"3842-QTGDL",16,"Month-to-month",False,"Bank transfer (automatic)","80.75","1321.30",2942
"7163-OCEQI",22,"One year",True,"Mailed check","78.65","1663.75",3571
"9782-LGXMC",49,"Month-to-month",False,"Bank transfer (automatic)","61.75","3024.15",5511
"5975-BAICR",36,"One year",True,"Credit card (automatic)","63.70","2188.50",2504
"4673-KKSLS",31,"Month-to-month",False,"Electronic check","87.60","2724.25",5094
"4853-OITSN",5,"Month-to-month",True,"Electronic check","89.15","413.25",2576
"9800-OUIGR",66,"Two year",False,"Credit card (automatic)","20.00","1374.20",5011
"2324-EFHVG",64,"Two year",True,"Bank transfer (automatic)","104.40","6692.65",5617
"7094-MSZAO",10,"Month-to-month",True,"Credit card (automatic)","20.05","218.50",2049
"6907-CQGPN",29,"Month-to-month",False,"Electronic check","34.30","1004.75",2555
"0780-XNZFN",57,"Two year",False,"Bank transfer (automatic)","20.65","1125.60",4193
"0239-OXEXL",46,"Month-to-month",False,"Mailed check","84.25","3847.60",3509
"2675-IJRGJ",53,"Two year",False,"Bank transfer (automatic)","19.65","978.00",5878
"7049-GKVZY",17,"One year",False,"Credit card (automatic)","79.85","1387.35",5574
"8577-QSOCG",38,"Two year",True,"Mailed check","20.20","746.05",2631
"3721-CNZHX",15,"One year",False,"Mailed check","19.80","304.60",5753
"0212-ISBBF",22,"Month-to-month",True,"Electronic check","50.35","1098.85",2875
"3585-YNADK",57,"One year",False,"Bank transfer (automatic)","74.60","4368.95",4546
"5271-DBYSJ",11,"Month-to-month",True,"Credit card (automatic)","79.15","827.70",3355
"1099-GODLO",1,"Two year",False,"Mailed check","20.35","20.35",4836
"6828-HMKWP",12,"Two year",False,"Bank transfer (automatic)","21.05","262.05",4843
"1472-TNCWL",36,"Month-to-month",True,"Electronic check","94.70","3512.50",4671
"2080-GKCWQ",2,"Month-to-month",False,"Electronic check","74.95","151.75",3969
"2193-SFWQW",72,"Two year",False,"Bank transfer (automatic)","111.95","8033.10",4004
"5656-JAMLX",62,"Two year",False,"Bank transfer (automatic)","19.85","1253.65",4278
"3462-BJQQA",6,"Month-to-month",True,"Electronic check","89.75","552.65",2370
"0442-TDYUO",48,"Two year",True,"Mailed check","20.05","1036.00",2964
"6733-LRIZX",35,"Two year",True,"Electronic check","108.95","4025.50",5903
"9503-XJUME",52,"One year",False,"Credit card (automatic)","19.65","928.40",4279
"4367-NHWMM",1,"Month-to-month",True,"Mailed check","24.90","24.90",5318
"3779-OSWCF",71,"Two year",False,"Credit card (automatic)","93.20","6506.15",4493
"6736-DHUQI",67,"One year",False,"Bank transfer (automatic)","84.80","5598.30",6072
"3915-ODIYG",60,"One year",True,"Electronic check","71.75","4374.55",4964
"1360-RCYRT",23,"Month-to-month",True,"Bank transfer (automatic)","30.35","678.75",4960
"2724-FJDYW",39,"One year",False,"Bank transfer (automatic)","54.85","2191.70",3884
"4451-RWASJ",15,"One year",True,"Mailed check","19.50","239.75",5471
"3460-TJBWI",24,"Two year",False,"Mailed check","24.20","609.05",5865
"5917-HBSDW",37,"Month-to-month",False,"Electronic check","19.35","683.75",2360
"5671-UUNXD",50,"One year",True,"Electronic check","100.65","5189.75",5791
"0956-ACVZC",54,"One year",True,"Credit card (automatic)","94.10","5060.90",4084
"2325-NBPZG",3,"Month-to-month",True,"Electronic check","74.55","233.65",5125
"4482-FTFFX",5,"Month-to-month",False,"Electronic check","56.15","291.45",5232
"8859-DZTGQ",33,"Two year",False,"Mailed check","20.35","689.75",2507
"0440-MOGPM",41,"One year",True,"Electronic check","80.55","3263.90",4176
"0020-JDNXP",34,"One year",False,"Mailed check","61.25","1993.20",3607
"3752-CQSJI",13,"Month-to-month",True,"Mailed check","20.45","254.50",5417
"5025-GOOKI",20,"Month-to-month",True,"Credit card (automatic)","18.90","347.65",4277
"4698-KVLLG",51,"Two year",False,"Credit card (automatic)","19.60","967.90",4224
"2887-JPYLU",41,"Month-to-month",False,"Bank transfer (automatic)","45.20","1841.90",4418
"4770-QAZXN",13,"Month-to-month",False,"Credit card (automatic)","19.45","232.10",2783
"4896-CPRPF",35,"Two year",False,"Bank transfer (automatic)","25.45","809.25",4873
"9714-EDSUC",4,"Month-to-month",True,"Mailed check","94.90","360.55",3094
"0282-NVSJS",12,"Month-to-month",True,"Mailed check","29.30","355.90",3353
"7353-YOWFP",7,"One year",False,"Mailed check","20.25","129.15",4208
"8008-ESFLK",53,"One year",False,"Electronic check","110.50","5835.50",4135
"7537-CBQUZ",63,"Month-to-month",True,"Bank transfer (automatic)","109.40","7031.45",5961
"3363-EWLGO",5,"Month-to-month",False,"Mailed check","19.95","109.60",5252
"4750-UKWJK",37,"One year",False,"Mailed check","19.60","727.80",5730
"1689-YQBYY",12,"Month-to-month",True,"Electronic check","76.60","893.00",3280
"9881-VCZEP",25,"Month-to-month",False,"Electronic check","54.10","1373.00",5701
"4487-ZYJZK",38,"One year",False,"Credit card (automatic)","19.60","763.10",4623
"2959-FENLU",9,"Month-to-month",True,"Credit card (automatic)","85.30","781.40",5850
"0708-LGSMF",13,"Month-to-month",True,"Electronic check","65.85","902.25",2731
"7634-HLQJR",47,"Two year",False,"Credit card (automatic)","20.05","1016.70",3260
"0487-RPVUM",61,"Month-to-month",False,"Bank transfer (automatic)","99.40","5943.65",5404
"4079-ULGFR",16,"Month-to-month",False,"Mailed check","20.00","275.70",3705
"2516-XSJKX",41,"Two year",False,"Electronic check","78.45","3126.45",5468
"0057-QBUQH",43,"Two year",True,"Electronic check","25.10","1070.15",4797
"6599-SFQVE",6,"Month-to-month",True,"Electronic check","55.00","340.40",2629
"8331-ZXFOE",58,"One year",True,"Credit card (automatic)","71.10","4299.20",5395
"4003-FUSHP",19,"Month-to-month",True,"Credit card (automatic)","61.55","1093.20",5831
"0356-ERHVT",11,"Month-to-month",True,"Bank transfer (automatic)","45.90","521.90",3880
"7325-ENZFI",39,"One year",True,"Bank transfer (automatic)","40.30","1630.40",3424
"4884-ZTHVF",8,"Month-to-month",True,"Electronic check","87.10","713.60",3950
"3920-HIHMQ",26,"Month-to-month",True,"Mailed check","49.50","1265.65",4196
"3055-OYMSE",53,"Month-to-month",True,"Credit card (automatic)","73.80","4003.85",6469
"0613-WUXUM",70,"Two year",True,"Mailed check","19.20","1401.40",5261
"4458-KVRBJ",59,"Two year",False,"Mailed check","25.00","1510.50",5537
"1397-XKKWR",7,"One year",False,"Mailed check","35.30","264.80",3463
"8097-OMULG",59,"One year",False,"Credit card (automatic)","76.75","4541.90",5918
"6013-BHCAW",61,"Two year",True,"Bank transfer (automatic)","81.00","4976.15",4151
"0401-WDBXM",72,"Two year",True,"Bank transfer (automatic)","105.55","7542.25",4331
"3387-PLKUI",13,"Month-to-month",False,"Mailed check","18.80","251.25",2333
"6096-EGVTU",64,"One year",False,"Mailed check","24.90","1595.50",5038
"5081-NWSUP",10,"One year",False,"Mailed check","64.90","685.55",4883
"2580-ATZSQ",65,"One year",False,"Bank transfer (automatic)","61.35","3874.10",6354
"8085-MSNLK",62,"Two year",False,"Mailed check","113.95","6891.40",6193
"9691-HKOVS",55,"One year",True,"Electronic check","90.15","4916.95",4712
"8757-TFHHJ",1,"Month-to-month",True,"Credit card (automatic)","49.80","49.80",2978
"1468-DEFNC",64,"Two year",True,"Bank transfer (automatic)","24.40","1548.65",4772
"5119-KEPFY",36,"Month-to-month",True,"Bank transfer (automatic)","95.00","3440.25",3057
"0916-KNFAJ",61,"Two year",True,"Mailed check","69.90","4226.70",5117
"8319-QBEHW",26,"One year",True,"Bank transfer (automatic)","39.95","1023.75",2715
"9625-QNLUX",68,"Two year",True,"Credit card (automatic)","103.25","7074.40",4751
"4024-CSNBY",72,"Two year",True,"Bank transfer (automatic)","94.25","6849.75",6295
"7110-BDTWG",71,"Two year",True,"Electronic check","47.05","3263.60",6302
"7493-GVFIO",57,"Two year",False,"Credit card (automatic)","20.55","1252.85",4565
"0690-SRQID",4,"Month-to-month",True,"Mailed check","19.65","67.55",4925
"9605-WGJVW",1,"Month-to-month",True,"Electronic check","70.20","70.20",2422
"9114-DPSIA",72,"Two year",False,"Credit card (automatic)","81.00","5750.00",4237
"4700-UBQMV",21,"One year",True,"Bank transfer (automatic)","75.90","1549.75",3503
"7711-GQBZC",71,"Two year",False,"Bank transfer (automatic)","24.70","1810.55",5187
"4627-MIHJH",69,"Two year",False,"Credit card (automatic)","110.25","7467.55",4948
"9795-NREXC",64,"Two year",True,"Credit card (automatic)","85.00","5484.40",5472
"8573-CGOCC",16,"Month-to-month",False,"Credit card (automatic)","19.75","294.90",5433
"7356-AYNJP",4,"One year",False,"Electronic check","23.90","97.50",5685
"6286-SUUWT",1,"Month-to-month",False,"Mailed check","19.95","19.95",5916
"4819-HJPIW",18,"Month-to-month",False,"Mailed check","25.15","476.80",2675
"8654-DHAOW",2,"Month-to-month",False,"Mailed check","54.15","101.65",3527
"5438-QMDDL",19,"Month-to-month",True,"Mailed check","59.80","1130.85",3652
"9812-GHVRI",40,"Month-to-month",False,"Bank transfer (automatic)","83.85","3532.25",4294
"5553-AOINX",66,"One year",True,"Electronic check","104.90","6891.45",4892
"1228-ZLNBX",21,"Month-to-month",False,"Mailed check","75.30","1570.70",2847
"4226-KKDON",8,"Month-to-month",True,"Electronic check","66.65","520.95",3804
"3831-YCPUO",72,"Two year",True,"Credit card (automatic)","109.50","7854.90",6419
"7445-WMRBW",48,"One year",True,"Bank transfer (automatic)","73.85","3581.40",4740
"3308-DGHKL",69,"Two year",True,"Bank transfer (automatic)","19.30","1447.90",5028
"9924-JPRMC",72,"Two year",True,"Electronic check","118.20","8547.15",4886
"0080-EMYVY",14,"One year",False,"Credit card (automatic)","51.45","727.85",4298
"6218-KNUBD",6,"Month-to-month",False,"Electronic check","59.45","357.60",2393
"7337-CINUD",8,"Two year",False,"Bank transfer (automatic)","19.50","159.35",5206
"7609-NRNCA",17,"One year",False,"Mailed check","19.55","280.85",4947
"0623-EJQEG",65,"One year",False,"Electronic check","93.55","6069.25",5774
"7153-CHRBV",57,"One year",True,"Mailed check","59.30","3274.35",6287
"6198-PNNSZ",56,"One year",False,"Bank transfer (automatic)","109.80","6109.65",5648
"3317-VLGQT",14,"Month-to-month",True,"Electronic check","78.10","1122.40",3157
"4132-POCZS",52,"Month-to-month",True,"Electronic check","39.90","2020.90",6371
"5614-DNZCE",58,"Two year",True,"Credit card (automatic)","64.90","3795.45",5040
"3896-RCYYE",67,"Month-to-month",True,"Credit card (automatic)","53.40","3579.15",5990
"9638-JIQYA",2,"Month-to-month",True,"Credit card (automatic)","24.90","49.70",4033
"3258-SANFR",6,"Month-to-month",False,"Credit card (automatic)","44.70","276.50",4270
"3726-TBHQT",71,"Two year",True,"Bank transfer (automatic)","114.00","8175.90",5600
"3190-ITQXP",46,"Two year",False,"Bank transfer (automatic)","20.25","890.35",3879
"4833-QTJNO",67,"Month-to-month",False,"Bank transfer (automatic)","83.85","5588.80",5261
"3039-MJSLN",3,"Month-to-month",False,"Bank transfer (automatic)","20.20","50.60",3594
"0178-CIIKR",3,"Month-to-month",False,"Mailed check","19.95","58.00",5949
"5774-QPLTF",50,"One year",True,"Mailed check","20.35","938.95",6391
"2322-VCZHZ",23,"Month-to-month",True,"Electronic check","90.00","2024.10",4999
"5010-IPEAQ",67,"Two year",False,"Credit card (automatic)","54.20","3623.95",5261
"6383-ZTSIW",39,"One year",False,"Mailed check","99.10","3877.95",4599
"8990-YOZLV",69,"Two year",True,"Mailed check","66.90","4577.90",5059
"3069-SSVSN",1,"One year",False,"Mailed check","25.85","25.85",4467
"5222-IMUKT",32,"Month-to-month",False,"Electronic check","91.05","2871.50",2716
"6685-XSHHU",60,"Two year",True,"Bank transfer (automatic)","20.95","1270.55",4425
"8901-UPRHR",72,"Two year",True,"Bank transfer (automatic)","109.20","7711.45",6130
"0118-JPNOY",26,"Month-to-month",True,"Credit card (automatic)","85.80","2193.65",5700
"3845-FXCYS",2,"Month-to-month",True,"Electronic check","19.65","31.20",4841
"5857-XRECV",2,"One year",False,"Bank transfer (automatic)","20.50","38.25",4486
"0725-CXOTM",36,"One year",True,"Credit card (automatic)","89.65","3348.10",4844
"4343-EJVQB",7,"Month-to-month",False,"Mailed check","74.35","533.60",2463
"9000-PLFUZ",60,"Two year",True,"Credit card (automatic)","49.45","2907.55",4277
"3427-GGZZI",19,"Month-to-month",True,"Electronic check","89.10","1620.80",3624
"7779-ORAEL",45,"Two year",False,"Credit card (automatic)","75.15","3480.35",5837
"0644-OQMDK",4,"Month-to-month",True,"Electronic check","70.65","293.85",4510
"3154-CFSZG",47,"Month-to-month",False,"Electronic check","90.05","4137.20",3291
"2220-IAHLS",1,"Month-to-month",False,"Credit card (automatic)","19.40","19.40",5566
"1658-XUHBX",59,"Month-to-month",True,"Credit card (automatic)","88.75","5348.65",6492
"2378-HTWFW",35,"Month-to-month",False,"Credit card (automatic)","91.00","3180.50",5527
"4377-VDHYI",32,"One year",True,"Electronic check","90.80","3023.85",2722
"3719-TDVQB",54,"Two year",True,"Mailed check","18.95","1031.10",5548
"0201-MIBOL",66,"Two year",True,"Bank transfer (automatic)","102.40","6471.85",4861
"4937-QPZPO",61,"One year",True,"Electronic check","99.90","6241.35",5641
"2925-VDZHY",72,"Two year",False,"Credit card (automatic)","88.70","6501.35",4641
"6981-TDRFT",44,"One year",True,"Electronic check","54.30","2317.10",3423
"3413-CSSTH",41,"Month-to-month",True,"Bank transfer (automatic)","55.70","2237.55",5590
"8033-VCZGH",50,"One year",True,"Electronic check","103.95","5231.30",4363
"0224-NIJLP",8,"Two year",False,"Mailed check","20.15","165.50",3899
"7542-CYDDM",18,"Month-to-month",False,"Mailed check","20.05","358.50",4204
"4718-WXBGI",72,"Two year",True,"Credit card (automatic)","91.95","6614.90",4403
"8495-PRWFH",42,"Month-to-month",False,"Electronic check","55.65","2421.75",5831
"0439-IFYUN",18,"Month-to-month",True,"Electronic check","74.70","1294.60",3896
"5716-LIBJC",13,"One year",True,"Credit card (automatic)","104.15","1299.10",2810
"2868-LLSKM",68,"One year",True,"Bank transfer (automatic)","83.65","5733.40",5958
"2988-QRAJY",69,"Two year",True,"Credit card (automatic)","110.05","7430.75",5798
"0071-NDAFP",25,"Two year",False,"Credit card (automatic)","25.50","630.60",5230
"7328-ZJAJO",59,"Two year",False,"Credit card (automatic)","19.50","1222.65",4579
"6458-CYIDZ",5,"Month-to-month",False,"Electronic check","80.70","374.80",3468
"1090-PYKCI",69,"One year",True,"Credit card (automatic)","105.10","7234.80",4686
"3058-WQDRE",13,"Month-to-month",True,"Bank transfer (automatic)","25.15","331.85",4943
"2279-AXJJK",52,"Month-to-month",True,"Credit card (automatic)","95.65","5088.40",4465
"0909-SELIE",61,"Two year",True,"Bank transfer (automatic)","80.80","4860.85",4302
"3417-TSCIC",29,"One year",True,"Mailed check","24.85","788.05",4161
"1042-HFUCW",25,"One year",True,"Credit card (automatic)","54.75","1266.35",5136
"6537-OTKMY",15,"One year",False,"Electronic check","50.75","688.20",5091
"8999-EXMNO",19,"Two year",False,"Mailed check","20.15","387.70",4246
"6725-TPKJO",44,"Two year",False,"Mailed check","20.05","845.25",2798
"7162-WPHPM",58,"Two year",False,"Credit card (automatic)","71.60","4230.25",4747
"1599-MMYRQ",62,"One year",True,"Credit card (automatic)","81.45","4983.05",5179
"8821-KVZKQ",70,"One year",True,"Bank transfer (automatic)","58.40","4113.15",4117
"6434-TTGJP",10,"Two year",False,"Credit card (automatic)","53.70","521.00",5671
"0042-JVWOJ",26,"One year",True,"Bank transfer (automatic)","19.60","471.85",3722
"0130-SXOUN",66,"Month-to-month",False,"Credit card (automatic)","89.40","5976.90",4889
"2330-PQGDQ",51,"One year",False,"Bank transfer (automatic)","84.20","4299.75",4952
"1452-UZOSF",72,"Two year",True,"Credit card (automatic)","106.10","7548.60",4890
"2097-YVPKN",65,"Two year",False,"Mailed check","25.75","1654.75",5707
"8597-CTXVJ",70,"One year",False,"Bank transfer (automatic)","64.95","4551.50",5392
"6631-HMANX",72,"Two year",True,"Credit card (automatic)","85.45","6227.50",5641
"9962-BFPDU",1,"Month-to-month",False,"Mailed check","20.05","20.05",5811
"6394-HHHZM",3,"Month-to-month",False,"Mailed check","20.70","57.50",2011
"5995-LFTLE",58,"Two year",True,"Credit card (automatic)","25.30","1474.35",4477
"1932-UEDCX",33,"Month-to-month",True,"Bank transfer (automatic)","100.60","3270.25",3669
"5188-HGMLP",54,"Month-to-month",False,"Bank transfer (automatic)","74.00","3919.15",4991
"0665-XHDJU",72,"Two year",True,"Electronic check","99.40","7285.70",6022
"8265-HKSOW",72,"Two year",False,"Credit card (automatic)","107.45","7658.30",4505
"3544-FBCAS",72,"Two year",True,"Credit card (automatic)","83.60","5959.30",4116
"5331-RGMTT",54,"Month-to-month",True,"Credit card (automatic)","99.05","5295.70",4011
"4759-PXTAN",59,"One year",True,"Electronic check","80.10","4693.20",4093
"7054-DMVAS",54,"Two year",True,"Bank transfer (automatic)","65.30","3512.90",4556
"3428-MMGUB",60,"Two year",True,"Electronic check","89.55","5231.20",5874
"6549-BTYPG",60,"Two year",False,"Credit card (automatic)","60.80","3603.45",5784
"7823-JSOAG",3,"Month-to-month",False,"Electronic check","74.50","217.45",5203
"3705-RHRFR",69,"Two year",False,"Bank transfer (automatic)","99.15","6875.35",5031
"9374-YOLBJ",1,"Month-to-month",False,"Electronic check","19.25","19.25",2053
"9074-KGVOX",50,"Month-to-month",True,"Credit card (automatic)","39.45","2021.35",6018
"6128-DAFVY",56,"Month-to-month",True,"Credit card (automatic)","44.85","2564.95",4021
"9933-QRGTX",60,"Two year",True,"Electronic check","97.20","5611.75",4905
"4476-OSWTN",69,"One year",True,"Mailed check","110.55","7610.10",4887
"5066-GFJMM",3,"Month-to-month",True,"Mailed check","19.90","45.75",3716
"2661-GKBTK",60,"Two year",False,"Bank transfer (automatic)","76.95","4543.95",5053
"0458-HEUZG",13,"Two year",False,"Mailed check","35.40","450.40",3239
"7268-WNTCP",62,"Two year",False,"Bank transfer (automatic)","20.45","1297.35",5746
"0824-VWDPO",45,"One year",False,"Bank transfer (automatic)","96.75","4442.75",3682
"8409-WQJUX",25,"One year",False,"Electronic check","54.20","1423.15",4458
"2578-JQPHZ",44,"Two year",False,"Bank transfer (automatic)","100.10","4378.35",4025
"3278-FSIXX",2,"Month-to-month",True,"Mailed check","45.25","74.20",5441
"9746-UGFAC",22,"One year",False,"Bank transfer (automatic)","20.85","450.65",3171
"2946-KIQSP",35,"Month-to-month",True,"Mailed check","33.45","1175.85",2553
"0625-AFOHS",29,"Two year",False,"Mailed check","20.20","558.80",2784
"6726-WEXXK",27,"One year",True,"Electronic check","85.90","2220.10",5755
"4636-OLWOE",54,"One year",True,"Electronic check","61.00","3283.05",5594
"4685-ERGHK",57,"One year",True,"Electronic check","86.90","4939.25",6109
"0885-HMGPY",62,"Two year",False,"Bank transfer (automatic)","69.40","4237.50",6469
"5003-OKNNK",15,"One year",False,"Credit card (automatic)","20.35","335.95",3205
"7208-PSIHR",70,"Two year",True,"Bank transfer (automatic)","104.30","7188.50",5583
"4012-ZTHBR",21,"Month-to-month",True,"Electronic check","44.95","926.25",3752
"0489-WMEMG",23,"One year",True,"Electronic check","49.45","1119.35",5237
"7435-ZNUYY",6,"One year",False,"Mailed check","20.60","116.60",4439
"1354-YZFNB",4,"Two year",False,"Credit card (automatic)","19.55","68.80",5573
"2985-FMWYF",23,"Month-to-month",True,"Electronic check","93.50","2341.55",4861
"2812-ENYMO",26,"One year",False,"Credit card (automatic)","54.55","1362.85",4296
"2717-HVIZY",8,"Month-to-month",False,"Mailed check","20.05","163.60",2675
"3422-GALYP",2,"Month-to-month",True,"Electronic check","79.45","145.15",2657
"2890-WFBHU",59,"One year",False,"Credit card (automatic)","79.85","4786.10",6041
"0327-WFZSY",39,"One year",False,"Electronic check","100.00","3835.55",5434
"7977-HXJKU",21,"Two year",False,"Mailed check","19.60","397.00",2447
"7033-CLAMM",48,"Two year",False,"Bank transfer (automatic)","20.20","1027.25",3828
"4023-RTIQM",31,"One year",True,"Credit card (automatic)","50.40","1580.10",2166
"0864-FVJNJ",64,"One year",False,"Electronic check","113.35","7222.75",4952
"7356-IWLFW",46,"Month-to-month",True,"Bank transfer (automatic)","80.00","3769.70",3315
"9541-PWTWO",52,"Two year",True,"Bank transfer (automatic)","80.95","4233.95",4924
"3967-VQOGC",67,"Two year",True,"Mailed check","24.90","1680.25",5847
"7872-RDDLZ",67,"Month-to-month",False,"Electronic check","54.90","3725.50",4826
"6308-CQRBU",71,"Two year",False,"Electronic check","109.25","7707.70",5044
"0186-CAERR",71,"One year",True,"Bank transfer (automatic)","116.30","8309.55",4644
"3043-SUDUA",32,"Month-to-month",False,"Bank transfer (automatic)","19.90","601.55",4374
"5442-BHQNG",2,"Month-to-month",False,"Electronic check","70.35","139.25",3430
"2169-RRLFW",71,"Two year",False,"Credit card (automatic)","25.60","1888.25",5063
"5872-OEQNH",60,"One year",True,"Electronic check","44.45","2773.90",4928
"3162-KKZXO",55,"One year",True,"Electronic check","100.15","5409.75",5182
"8873-GLDMH",6,"Month-to-month",True,"Mailed check","73.85","401.30",4220
"5696-JVVQY",48,"Two year",True,"Credit card (automatic)","70.10","3238.40",5476
"8946-BFWSG",63,"Two year",False,"Mailed check","25.25","1573.05",6245
"0547-HURJB",12,"Month-to-month",False,"Credit card (automatic)","21.05","235.80",4001
"8904-OPDCK",54,"Month-to-month",True,"Bank transfer (automatic)","24.95","1364.75",4691
"8845-LWKGE",30,"One year",True,"Electronic check","64.50","1985.15",2215
"0691-NIKRI",40,"One year",True,"Credit card (automatic)","105.95","4335.20",3784
"5022-JNQEQ",9,"Month-to-month",True,"Electronic check","75.85","647.50",4843
"3249-VHRIP",62,"Two year",True,"Credit card (automatic)","43.60","2748.70",4507
"3736-BLEPA",28,"One year",True,"Bank transfer (automatic)","91.25","2483.65",2886
"4701-LKOZD",70,"Two year",False,"Credit card (automatic)","89.75","6367.20",5150
"6603-QWSPR",46,"Two year",True,"Bank transfer (automatic)","104.40","4904.20",4190
"9921-QFQUL",23,"Month-to-month",False,"Mailed check","90.15","2044.95",5110
"1929-ZCBHE",47,"One year",False,"Electronic check","40.30","1794.80",5040
"4378-MYPGO",68,"Two year",True,"Bank transfer (automatic)","105.25","7173.15",5795
"4129-LYCOI",67,"Two year",True,"Electronic check","104.00","7039.05",4741
"7798-JVXYM",14,"Month-to-month",True,"Electronic check","69.65","921.40",5351
"8647-SDTWQ",57,"Month-to-month",True,"Electronic check","74.30","4018.35",4133
"2696-ECXKC",55,"One year",False,"Mailed check","100.90","5448.60",6153
"2081-KJSQF",1,"Month-to-month",True,"Mailed check","20.25","20.25",4769
"3323-CPBWR",23,"Month-to-month",True,"Credit card (automatic)","96.90","2085.45",3875
"3384-CTMSF",47,"Month-to-month",True,"Electronic check","104.10","5135.15",3142
"0902-RFHOF",38,"One year",False,"Mailed check","20.10","730.10",2907
"6048-QBXKL",2,"Month-to-month",True,"Credit card (automatic)","56.55","118.25",2069
"7718-RXDGG",15,"Month-to-month",True,"Bank transfer (automatic)","68.60","1108.60",3351
"1025-FALIX",26,"Month-to-month",True,"Credit card (automatic)","69.05","1815.65",5379
"3451-VAWLI",35,"Two year",False,"Credit card (automatic)","19.70","730.40",5636
"3407-QGWLG",3,"Month-to-month",True,"Mailed check","20.05","75.45",2948
"2347-WKKAE",42,"Month-to-month",True,"Electronic check","94.40","4014.60",2662
"8735-DCXNF",10,"Month-to-month",True,"Credit card (automatic)","54.95","568.85",3519
"3214-IYUUQ",61,"One year",False,"Bank transfer (automatic)","93.70","5860.70",4300
"1936-UAFEH",68,"Two year",False,"Credit card (automatic)","110.25","7279.35",5502
"3587-PMCOY",10,"One year",True,"Electronic check","98.90","1064.95",4614
"1027-LKKQQ",72,"Two year",True,"Bank transfer (automatic)","80.45","5886.85",4480
"7148-XZPHA",55,"Month-to-month",False,"Electronic check","79.40","4238.45",4162
"5309-TAIKL",7,"Month-to-month",False,"Bank transfer (automatic)","62.80","418.30",4080
"6856-RAURS",2,"Month-to-month",True,"Mailed check","74.90","136.05",2044
"8778-LMWTJ",9,"Month-to-month",True,"Electronic check","74.85","708.20",5770
"9717-IOAAF",27,"Two year",True,"Credit card (automatic)","25.85","788.55",2682
"2845-KDHVX",64,"Two year",True,"Mailed check","68.30","4378.80",5425
"0848-SOMKO",70,"Two year",False,"Bank transfer (automatic)","48.40","3442.80",4483
"6734-FQAJX",67,"Two year",True,"Electronic check","105.05","7171.70",4143
"1535-VTJOQ",24,"Two year",False,"Credit card (automatic)","25.15","553.00",3904
"6368-TZZDT",4,"Two year",False,"Credit card (automatic)","19.50","96.85",5390
"0943-ZQPXH",44,"Month-to-month",True,"Bank transfer (automatic)","92.95","4122.90",5635
"1293-BSEUN",72,"Two year",True,"Mailed check","20.70","1482.30",4528
"1302-TPUBN",66,"Two year",False,"Bank transfer (automatic)","19.35","1240.80",5637
"2378-VTKDH",65,"Month-to-month",True,"Electronic check","104.35","6578.55",4073
"0927-CNGRH",1,"Month-to-month",False,"Mailed check","19.55","19.55",5272
"8608-OZTLB",38,"One year",False,"Electronic check","74.05","2802.30",5975
"2335-GSODA",23,"Two year",False,"Mailed check","40.10","857.75",2327
"1952-DVVSW",10,"One year",False,"Mailed check","20.10","184.40",3509
"6656-GULJQ",72,"Two year",True,"Credit card (automatic)","83.55","6093.30",5940
"9853-JFZDU",35,"Month-to-month",False,"Electronic check","56.85","1861.10",3102
"3777-XROBG",58,"Two year",False,"Credit card (automatic)","19.55","1079.65",4125
"6994-FGRHH",70,"One year",True,"Electronic check","106.15","7475.10",4649
"4000-VGMQP",38,"One year",False,"Credit card (automatic)","78.95","2862.55",2125
"3999-WRNGR",60,"Month-to-month",True,"Electronic check","49.75","3069.45",6307
"3466-RITXD",26,"Month-to-month",True,"Credit card (automatic)","92.40","2349.80",5461
"2680-XKKNJ",8,"One year",False,"Bank transfer (automatic)","58.20","469.25",3325
"2974-GGUXS",36,"Month-to-month",True,"Credit card (automatic)","91.95","3301.05",3273
"7994-XIRTR",54,"One year",False,"Bank transfer (automatic)","65.25","3529.95",6161
"2101-RANCD",55,"Month-to-month",True,"Electronic check","73.10","4144.90",5832
"7921-BEPCI",72,"Two year",False,"Bank transfer (automatic)","59.75","4265.00",4515
"8510-TMWYB",54,"Two year",True,"Bank transfer (automatic)","59.80","3246.45",5898
"3258-ZKPAI",72,"Two year",True,"Bank transfer (automatic)","116.60","8337.45",5227
"1428-IEDPR",52,"Two year",True,"Electronic check","109.30","5731.40",5624
"5298-GSTLM",60,"One year",True,"Bank transfer (automatic)","101.40","6176.60",4483
"4450-YOOHP",39,"Month-to-month",True,"Credit card (automatic)","50.65","1905.40",5433
"6728-CZFEI",15,"One year",False,"Mailed check","56.15","931.90",5473
"3653-NCRDJ",43,"One year",True,"Mailed check","19.20","776.25",5594
"6121-TNHBO",63,"One year",False,"Bank transfer (automatic)","83.00","5243.05",5428
"5119-NZPTV",2,"Month-to-month",False,"Electronic check","70.10","141.65",5592
"6519-ZHPXP",72,"Two year",True,"Bank transfer (automatic)","108.30","7679.65",4183
"3472-QPRCH",40,"Two year",False,"Credit card (automatic)","25.25","1006.90",3217
"8224-UAXBZ",58,"One year",True,"Electronic check","45.35","2540.10",5137
"9610-WCESF",67,"Two year",False,"Electronic check","43.90","3097.20",6344
"2486-WYVVE",31,"One year",True,"Mailed check","79.30","2484.00",5238
"3865-ZYKAD",69,"Month-to-month",True,"Credit card (automatic)","84.90","5785.65",4503
"1422-DGUBX",32,"One year",True,"Electronic check","79.25","2619.15",2735
"2999-AANRQ",21,"Two year",False,"Credit card (automatic)","71.05","1524.85",5138
"8668-KNZTI",52,"One year",False,"Electronic check","53.75","2790.65",5957
"0480-KYJVA",72,"Two year",False,"Credit card (automatic)","24.25","1784.50",5897
"9746-YKGXB",52,"One year",False,"Bank transfer (automatic)","44.25","2276.10",6340
"3926-YZVVX",41,"One year",False,"Bank transfer (automatic)","50.05","2029.05",2157
"0872-CASZJ",59,"One year",True,"Mailed check","69.10","4096.90",4765
"6000-UKLWI",41,"Two year",False,"Mailed check","20.15","802.35",4982
"6332-FBZRI",67,"One year",True,"Credit card (automatic)","69.35","4653.25",5589
"2096-XOTMO",16,"Month-to-month",False,"Mailed check","19.35","275.90",4146
"3266-FTKHB",17,"Two year",False,"Mailed check","19.15","343.45",2717
"8221-EQDGL",35,"Month-to-month",False,"Mailed check","61.00","2130.45",4355
"2346-LOCWC",58,"Two year",False,"Credit card (automatic)","20.50","1191.40",6186
"0298-XACET",52,"Two year",False,"Mailed check","50.20","2554.00",5396
"7560-QJAVJ",70,"Two year",False,"Bank transfer (automatic)","79.60","5589.45",5474
"2995-YWTCD",19,"Two year",True,"Bank transfer (automatic)","24.90","467.70",5396
"9137-UIYPG",35,"Month-to-month",True,"Electronic check","106.90","3756.45",5447
"2809-ZMYOQ",32,"Month-to-month",True,"Electronic check","101.35","3334.90",4341
"5084-OOVCJ",17,"Month-to-month",True,"Credit card (automatic)","55.35","920.50",5465
"0254-WWRKD",67,"One year",False,"Credit card (automatic)","50.55","3431.75",5122
"7727-SHVZV",9,"Month-to-month",False,"Bank transfer (automatic)","19.50","150.35",4883
"5339-PXDVH",4,"Month-to-month",False,"Electronic check","90.65","367.95",3559
"2205-LPVGL",58,"One year",True,"Bank transfer (automatic)","89.85","5125.75",5035
"8782-NUUOL",60,"One year",False,"Mailed check","79.00","4801.10",4807
"7601-WFVZV",1,"Month-to-month",False,"Mailed check","19.55","19.55",3718
"4609-KNNWG",27,"Two year",False,"Mailed check","19.90","550.10",4870
"4868-AADLV",66,"One year",True,"Electronic check","116.25","7862.25",4578
"9529-OFXHY",15,"Month-to-month",True,"Bank transfer (automatic)","87.75","1242.20",5415
"2669-QVCRG",41,"Month-to-month",True,"Credit card (automatic)","81.30","3190.65",2299
"2478-EEWWM",59,"Month-to-month",True,"Electronic check","44.30","2666.75",5905
"9174-IHETN",50,"Two year",False,"Credit card (automatic)","70.35","3533.60",5521
"2233-TXSIU",17,"One year",False,"Credit card (automatic)","44.45","792.15",3522
"9644-UMGQA",6,"Month-to-month",True,"Electronic check","49.15","295.65",4076
"3256-EZDBI",51,"Month-to-month",True,"Credit card (automatic)","29.45","1459.35",6285
"0419-YAAPX",49,"Month-to-month",True,"Credit card (automatic)","85.30","4297.95",4696
"4726-DLWQN",50,"Month-to-month",True,"Bank transfer (automatic)","70.35","3454.60",5596
"8164-OCKUJ",59,"Two year",False,"Mailed check","20.60","1286.00",6325
"3094-JOJAI",18,"Month-to-month",False,"Mailed check","74.15","1387.00",2643
"9494-MRNYX",10,"Month-to-month",False,"Electronic check","75.05","786.30",3399
"2599-CZABP",14,"One year",False,"Electronic check","44.60","641.25",4612
"7945-PRBVF",35,"Two year",False,"Bank transfer (automatic)","21.45","705.45",3967
"4544-RXFMG",8,"One year",True,"Mailed check","43.45","345.50",4184
"0859-YGKFW",18,"One year",False,"Bank transfer (automatic)","20.05","345.90",4458
"1150-FTQGN",60,"One year",False,"Bank transfer (automatic)","94.15","5811.80",6399
"7196-LIWRH",6,"Two year",False,"Mailed check","19.55","124.45",5980
"5448-VWNAM",19,"Month-to-month",True,"Mailed check","75.90","1375.60",4198
"1177-XZBJL",53,"One year",False,"Bank transfer (automatic)","64.15","3491.55",5570
"3518-FSTWG",72,"Two year",True,"Bank transfer (automatic)","109.55","7920.70",4086
"9330-VOFSZ",60,"Two year",True,"Credit card (automatic)","110.80","6640.70",5942
"0939-EREMR",13,"Month-to-month",False,"Mailed check","53.45","718.10",4335
"9389-ACWBI",5,"Month-to-month",False,"Credit card (automatic)","69.95","320.40",3850
"3644-QXEHN",13,"Month-to-month",False,"Electronic check","97.00","1334.45",5282
"2911-IJORQ",37,"One year",True,"Bank transfer (automatic)","90.60","3358.65",2546
"5921-NGYRH",64,"Month-to-month",True,"Mailed check","73.55","4764.00",5018
"5998-DZLYR",61,"Two year",True,"Bank transfer (automatic)","94.35","5703.00",4676
"3985-HOYPM",26,"One year",False,"Mailed check","19.40","525.55",4602
"9548-LERKT",24,"Two year",False,"Mailed check","19.75","483.15",3455
"6576-FBXOJ",17,"One year",False,"Electronic check","54.60","934.80",4590
"4310-KEDTB",26,"Month-to-month",True,"Mailed check","29.80","786.50",3746
"4062-HBMOS",52,"Month-to-month",True,"Electronic check","103.05","5364.80",5432
"2676-ISHSF",1,"Month-to-month",False,"Mailed check","20.30","20.30",5203
"9236-NDUCW",21,"Two year",False,"Mailed check","35.10","770.40",2991
"4753-PADAS",67,"One year",True,"Bank transfer (automatic)","105.70","6816.95",5027
"6103-QCKFX",44,"Month-to-month",False,"Bank transfer (automatic)","56.25","2419.55",3918
"7781-EWARA",70,"One year",False,"Electronic check","60.35","4138.70",4122
"7018-FPXHH",56,"Two year",True,"Bank transfer (automatic)","59.80","3457.45",4964
"0572-ZJKLT",46,"Two year",False,"Mailed check","99.65","4630.20",4736
"5135-RDDQL",63,"Two year",True,"Bank transfer (automatic)","50.65","3221.25",4847
"1353-LJWEM",11,"Month-to-month",True,"Electronic check","60.90","688.50",2726
"1794-SWWKL",15,"Month-to-month",True,"Bank transfer (automatic)","59.65","867.10",3974
"6166-YIPFO",72,"Two year",True,"Electronic check","64.70","4746.05",6075
"9332-GYWLO",6,"Month-to-month",False,"Electronic check","54.85","355.10",5729
"4184-VODJZ",63,"One year",True,"Electronic check","91.35","5764.70",4512
"1092-WPIVQ",18,"Two year",False,"Mailed check","25.10","428.45",3675
"7233-IOQNP",43,"Month-to-month",False,"Bank transfer (automatic)","34.00","1505.35",5409
"2834-JKOOW",15,"One year",False,"Mailed check","45.90","693.45",3572
"2400-FEQME",55,"Two year",False,"Mailed check","20.50","1177.95",5011
"4957-SREEC",70,"Two year",False,"Credit card (automatic)","20.35","1458.10",5748
"0230-UBYPQ",63,"One year",False,"Bank transfer (automatic)","36.10","2298.90",5089
"4923-ADWXJ",25,"Month-to-month",True,"Bank transfer (automatic)","65.80","1679.65",3962
"1763-KUAAW",18,"One year",False,"Bank transfer (automatic)","20.35","369.60",4713
"1104-TNLZA",28,"Month-to-month",True,"Electronic check","105.80","2998.00",4174
"5195-KPUNQ",53,"One year",True,"Mailed check","96.75","5206.55",4766
"3439-GVUSX",1,"Month-to-month",False,"Mailed check","24.40","24.40",4570
"5949-HGVJL",26,"Month-to-month",True,"Electronic check","73.05","1959.50",2753
"5203-XEHAX",34,"One year",False,"Electronic check","64.35","2053.05",3445
"1635-HDGFT",19,"Two year",False,"Mailed check","20.50","398.55",4855
"8050-XGRVL",62,"One year",False,"Credit card (automatic)","54.75","3425.35",5010
"9828-QHFBK",24,"Month-to-month",True,"Electronic check","51.15","1275.70",5796
"3908-MKIMJ",68,"Two year",True,"Electronic check","41.95","2965.75",5607
"5012-YSPJJ",31,"Month-to-month",False,"Mailed check","54.35","1647.00",3615
"6728-VOIFY",63,"One year",True,"Electronic check","96.00","6109.75",5016
"4891-NLUBA",61,"Two year",True,"Bank transfer (automatic)","61.45","3751.15",5063
"8969-PRHFK",18,"One year",False,"Mailed check","19.65","411.25",4695
"0661-KQHNK",6,"One year",False,"Credit card (automatic)","19.00","105.50",5518
"8709-KRDVL",33,"Month-to-month",True,"Electronic check","100.00","3320.60",4643
"1427-VERSM",56,"Month-to-month",True,"Electronic check","98.70","5669.50",5141
"9801-NOSHQ",23,"One year",False,"Mailed check","19.80","465.45",3058
"6339-YPSAH",9,"Month-to-month",True,"Electronic check","73.80","704.30",4895
"2159-TURXX",5,"Month-to-month",False,"Credit card (automatic)","20.05","95.55",2483
"1548-FEHVL",61,"Month-to-month",True,"Electronic check","106.20","6375.20",6298
"3795-CAWEX",70,"Two year",True,"Credit card (automatic)","116.55","8152.30",6116
"6215-NQCPY",15,"Month-to-month",True,"Electronic check","99.70","1566.75",4157
"5647-URDKA",8,"Two year",False,"Mailed check","19.70","130.25",5962
"2229-DPMBI",8,"Two year",False,"Mailed check","19.50","162.15",3598
"9626-WEQRM",4,"Month-to-month",True,"Mailed check","29.15","110.05",2657
"2188-SXWVT",34,"One year",False,"Mailed check","55.00","1885.15",4027
"6258-PVZWJ",68,"Two year",True,"Credit card (automatic)","90.80","6302.85",4265
"1094-BKOSX",45,"One year",False,"Bank transfer (automatic)","51.00","2264.50",4534
"6969-MVBAI",9,"Month-to-month",True,"Electronic check","90.10","816.80",2893
"2978-XXSOG",22,"Month-to-month",True,"Mailed check","59.05","1253.50",3995
"2342-CKIAO",2,"Month-to-month",False,"Mailed check","20.30","41.20",5074
"6953-PBDIN",70,"Two year",False,"Bank transfer (automatic)","72.95","5265.55",6466
"3898-BSJYF",10,"One year",False,"Credit card (automatic)","73.55","693.30",4434
"3938-YFPXD",72,"Two year",False,"Credit card (automatic)","84.30","5997.10",6012
"7696-AMHOD",49,"One year",False,"Credit card (automatic)","78.00","3824.20",4200
"2453-SAFNS",54,"One year",False,"Mailed check","72.10","3886.05",4277
"9558-IHEZX",71,"Two year",True,"Credit card (automatic)","106.75","7283.25",5610
"9617-UDPEU",22,"One year",True,"Mailed check","19.25","412.55",2691
"6340-DACFT",50,"Two year",False,"Credit card (automatic)","20.55","1070.25",4878
"4955-VCWBI",43,"One year",False,"Mailed check","20.00","817.95",4882
"6813-GZQCG",45,"Two year",True,"Credit card (automatic)","24.65","1171.30",2194
"7426-GSWPO",64,"Month-to-month",True,"Bank transfer (automatic)","103.50","6548.65",5125
"3389-KTRXV",23,"Two year",False,"Mailed check","23.85","625.65",5945
"3118-UHVVQ",68,"Two year",False,"Credit card (automatic)","25.80","1911.50",4747
"3205-MXZRA",26,"One year",False,"Credit card (automatic)","59.45","1507.00",2074
"8317-BVKSO",14,"Month-to-month",True,"Electronic check","20.05","299.30",5728
"5702-KVQRD",71,"Two year",True,"Electronic check","82.55","5832.65",4668
"0083-PIVIK",64,"One year",False,"Electronic check","81.25","5567.55",4761
"6169-PGNCD",57,"Two year",True,"Credit card (automatic)","74.30","4166.35",5741
"4909-JOUPP",72,"Two year",False,"Credit card (automatic)","109.70","7898.45",4319
"4657-FWVFY",40,"Month-to-month",True,"Credit card (automatic)","96.35","3915.40",2004
"2257-BOVXD",14,"Month-to-month",True,"Credit card (automatic)","66.60","979.50",3516
"7729-JTEEC",2,"Month-to-month",True,"Electronic check","44.50","90.05",5456
"9696-RMYBA",5,"Month-to-month",True,"Mailed check","80.10","398.55",5225
"8690-UPCZI",29,"One year",False,"Bank transfer (automatic)","69.05","1958.45",4459
"9770-LXDBK",3,"Month-to-month",False,"Mailed check","20.40","63.15",5695
"4086-WITJG",71,"Two year",False,"Credit card (automatic)","19.70","1301.10",4808
"8344-WFMFH",9,"Month-to-month",True,"Electronic check","50.10","484.05",4738
"8822-KNBHV",48,"One year",True,"Credit card (automatic)","83.45","3887.85",4250
"8404-FYDIB",26,"Month-to-month",True,"Credit card (automatic)","86.65","2208.75",4469
"2791-SFVEW",9,"Month-to-month",False,"Bank transfer (automatic)","20.15","238.15",3772
"6762-NSODU",46,"Two year",False,"Credit card (automatic)","19.40","958.15",4630
"9888-ZCUMM",64,"Two year",True,"Bank transfer (automatic)","60.05","3845.45",4120
"1074-WVEVG",59,"One year",False,"Mailed check","20.35","1267.00",5757
"9979-RGMZT",7,"One year",True,"Mailed check","94.05","633.45",5545
"6437-UDQJM",72,"Two year",True,"Credit card (automatic)","84.10","6129.65",4999
"1226-IENZN",16,"Month-to-month",True,"Electronic check","78.75","1218.25",4351
"2108-GLPQB",25,"Month-to-month",False,"Credit card (automatic)","55.55","1405.30",2950
"5474-LAMUQ",24,"One year",False,"Mailed check","20.10","533.90",5689
"3468-DRVQJ",10,"One year",False,"Electronic check","70.30","676.15",5496
"1122-YJBCS",69,"One year",True,"Credit card (automatic)","53.65","3804.40",6092
"4990-ALDGW",57,"Two year",False,"Mailed check","20.75","1118.80",6271
"4816-OKWNX",50,"One year",True,"Bank transfer (automatic)","103.40","5236.40",5437
"3315-IKYZQ",28,"One year",False,"Mailed check","50.80","1386.80",3240
"4747-LCAQL",25,"Month-to-month",True,"Mailed check","79.00","1902.00",5263
"3411-WLRSQ",3,"Month-to-month",True,"Bank transfer (automatic)","74.60","239.05",3711
"0898-XCGTF",61,"One year",True,"Bank transfer (automatic)","96.50","5673.70",5926
"8006-PYCSW",2,"Month-to-month",False,"Mailed check","20.10","39.80",2051
"8249-THVEC",51,"One year",False,"Mailed check","19.40","997.75",4025
"8722-PRFDV",71,"Two year",False,"Credit card (automatic)","77.55","5574.35",5097
"2164-SOQXL",20,"Month-to-month",False,"Mailed check","20.05","406.05",2698
"4020-KIUDI",6,"Month-to-month",False,"Credit card (automatic)","19.85","138.85",2186
"5850-BDWCY",6,"Month-to-month",False,"Mailed check","20.20","123.65",5029
"2038-YSEZE",29,"Month-to-month",False,"Mailed check","67.45","1801.10",3152
"0827-ITJPH",36,"Two year",True,"Credit card (automatic)","18.55","689.00",5703
"8799-OXZMD",28,"Month-to-month",True,"Mailed check","29.75","790.70",5463
"1705-GUHPV",63,"Two year",False,"Mailed check","24.20","1618.20",4948
"4779-ZGICK",48,"Two year",False,"Mailed check","23.55","1173.35",5019
"0048-PIHNL",49,"One year",False,"Bank transfer (automatic)","20.45","900.90",6061
"3967-KXAPS",72,"Two year",False,"Credit card (automatic)","92.30","6719.90",5136
"3704-IEAXF",72,"Two year",False,"Credit card (automatic)","53.65","3784.00",5498
"6810-VCAEX",47,"One year",False,"Credit card (automatic)","39.65","1798.65",4670
"0674-EYYZV",1,"Month-to-month",True,"Electronic check","54.65","54.65",5882
"4480-MBMLB",36,"One year",True,"Bank transfer (automatic)","104.80","3886.45",5319
"1395-OFUWC",43,"Month-to-month",False,"Credit card (automatic)","29.30","1224.05",4741
"0822-QGCXA",27,"Month-to-month",False,"Electronic check","83.85","2310.20",5907
"2832-KJCRD",38,"Month-to-month",True,"Electronic check","103.65","3988.50",2511
"3588-WSTTJ",35,"Month-to-month",True,"Electronic check","99.05","3554.60",3484
"4075-WKNIU",0,"Two year",False,"Mailed check","73.35",NULL,2342
"5090-EMGTC",59,"Two year",True,"Mailed check","100.05","6034.85",4521
"2346-CZYIL",27,"Two year",False,"Credit card (automatic)","20.35","531.60",4962
"3798-EPWRR",2,"Month-to-month",False,"Electronic check","43.95","85.10",4057
"6258-NGCNG",7,"Month-to-month",False,"Mailed check","23.50","173.00",5508
"4186-ZBUEW",36,"One year",True,"Mailed check","70.70","2511.95",3566
"5274-XHAKY",41,"Month-to-month",True,"Bank transfer (automatic)","94.30","3893.60",2196
"1442-BQPVU",13,"Month-to-month",False,"Electronic check","29.15","357.15",2876
"3978-YNKDD",19,"Two year",False,"Credit card (automatic)","20.85","467.50",2654
"4940-KHCWD",60,"Two year",False,"Bank transfer (automatic)","37.70","2288.70",5148
"9589-ABEPT",69,"Two year",True,"Mailed check","92.45","6460.55",4452
"9388-ZEYVT",43,"One year",False,"Electronic check","44.15","1931.30",2522
"0305-SQECB",11,"One year",True,"Mailed check","36.05","402.60",4265
"7605-SNLQG",45,"Month-to-month",True,"Credit card (automatic)","50.25","2221.55",2036
"4670-TABXH",72,"Two year",True,"Credit card (automatic)","109.75","7758.90",5791
"0064-SUDOG",12,"Two year",False,"Bank transfer (automatic)","20.30","224.50",5190
"8561-NMTBD",67,"One year",True,"Credit card (automatic)","112.35","7388.45",5427
"5161-XEUVX",37,"Two year",False,"Mailed check","94.30","3460.95",2615
"8292-FRFZQ",39,"One year",False,"Bank transfer (automatic)","41.15","1700.90",3445
"8591-NXRCV",41,"Month-to-month",True,"Bank transfer (automatic)","74.65","3090.65",3859
"7895-VONWT",25,"Month-to-month",True,"Electronic check","48.25","1293.80",4284
"4526-RMTLL",8,"Two year",True,"Credit card (automatic)","76.15","645.80",4457
"6253-GNHWH",71,"Two year",False,"Mailed check","71.10","5224.95",6090
"4566-NECEV",5,"Month-to-month",False,"Electronic check","96.55","500.10",3787
"8080-POTJR",30,"One year",True,"Credit card (automatic)","79.30","2427.10",2655
"6906-MPARY",40,"One year",True,"Credit card (automatic)","89.60","3488.15",2524
"3662-FXJFO",54,"Two year",True,"Mailed check","20.50","1035.70",5946
"8107-RZLNV",72,"Two year",True,"Bank transfer (automatic)","106.30","7565.35",4634
"0516-OOHAR",28,"One year",False,"Bank transfer (automatic)","100.35","2799.00",3411
"2027-CWDNU",18,"Month-to-month",True,"Electronic check","85.60","1601.50",5968
"9912-OMZDS",59,"One year",True,"Electronic check","106.15","6256.20",5096
"3733-ZEECP",22,"Month-to-month",True,"Electronic check","51.10","1232.90",5329
"7878-RTCZG",1,"Month-to-month",False,"Mailed check","19.90","19.90",4050
"2452-MRMZF",72,"Two year",True,"Credit card (automatic)","25.70","1937.40",5079
"7103-IPXPJ",50,"One year",False,"Electronic check","99.40","5059.75",6479
"4342-HFXWS",48,"One year",False,"Bank transfer (automatic)","69.70","3023.65",3442
"3545-CNWRG",49,"Month-to-month",True,"Electronic check","98.35","4889.20",4325
"1785-BPHTP",28,"Month-to-month",False,"Electronic check","85.45","2289.90",4022
"4989-LIXVT",68,"Month-to-month",True,"Electronic check","95.90","6503.20",5080
"7315-WYOAW",13,"Month-to-month",False,"Electronic check","100.75","1313.25",5985
"1173-XZPYF",11,"Month-to-month",True,"Electronic check","89.20","990.30",3734
"2509-TFPJU",72,"Two year",False,"Credit card (automatic)","25.75","1864.20",4413
"9530-GRMJG",70,"Two year",True,"Electronic check","84.10","5979.70",5568
"6898-RBTLU",49,"Two year",False,"Bank transfer (automatic)","79.30","3902.45",6366
"5481-NTDOH",67,"One year",True,"Credit card (automatic)","107.05","7142.50",4126
"2068-WWXQZ",46,"Two year",False,"Bank transfer (automatic)","20.05","902.00",2942
"2061-VVFST",37,"Month-to-month",False,"Bank transfer (automatic)","19.50","805.20",3924
"0749-IRGQE",13,"Month-to-month",False,"Electronic check","45.30","528.45",4118
"2380-DAMQP",72,"Two year",False,"Electronic check","115.15","8349.70",4761
"2256-YLYLP",68,"Two year",True,"Bank transfer (automatic)","72.95","4953.25",4499
"1272-ILHFG",15,"One year",False,"Mailed check","19.65","332.65",5928
"0164-XAIRP",24,"Two year",True,"Bank transfer (automatic)","19.55","470.20",2511
"5666-CYCYZ",24,"Month-to-month",True,"Electronic check","89.55","2259.35",5352
"4011-ARPHK",27,"Month-to-month",False,"Mailed check","50.35","1411.35",5578
"6365-HITVU",71,"Two year",False,"Credit card (automatic)","87.25","6328.70",4135
"7558-IMLMT",67,"Two year",True,"Mailed check","20.80","1411.90",5626
"9488-FYQAU",63,"Two year",True,"Bank transfer (automatic)","109.25","6841.40",5700
"3590-TCXTB",1,"Month-to-month",False,"Mailed check","20.35","20.35",2648
"6994-KERXL",4,"Month-to-month",True,"Electronic check","55.90","238.50",3545
"1960-UOTYM",52,"Two year",False,"Electronic check","79.20","4016.30",4509
"2740-JFBOK",10,"Month-to-month",True,"Electronic check","24.00","226.55",5299
"6500-JVEGC",68,"One year",False,"Bank transfer (automatic)","101.35","7110.75",4941
"5245-VDBUR",52,"One year",False,"Mailed check","35.45","1958.95",5509
"8469-SNFFH",70,"One year",False,"Bank transfer (automatic)","79.40","5528.90",5991
"2144-ESWKO",43,"One year",True,"Credit card (automatic)","35.20","1463.70",5268
"1241-FPMOF",52,"Two year",False,"Mailed check","19.65","1025.05",5157
"9928-BZVLZ",12,"Two year",False,"Mailed check","49.85","552.10",3100
"4114-QMKVN",56,"One year",False,"Bank transfer (automatic)","68.75","3815.40",6494
"2775-SEFEE",0,"Two year",True,"Bank transfer (automatic)","61.90",NULL,5188
"9003-CPATH",42,"Month-to-month",False,"Electronic check","79.90","3313.40",2583
"1754-GKYPY",22,"Month-to-month",True,"Bank transfer (automatic)","89.75","1938.90",4180
"7956-XQWGU",27,"Month-to-month",True,"Credit card (automatic)","19.40","460.25",5975
"1591-MQJTP",51,"One year",True,"Bank transfer (automatic)","93.65","4839.15",4163
"2369-FEVNO",1,"Month-to-month",True,"Mailed check","19.90","19.90",4590
"7471-MQPOS",71,"One year",True,"Bank transfer (automatic)","72.90","5139.65",6404
"5115-SQAAU",69,"Two year",True,"Bank transfer (automatic)","25.60","1673.40",6053
"9845-QOMAD",14,"One year",False,"Mailed check","19.75","309.35",3958
"7672-VFMXZ",57,"Month-to-month",False,"Electronic check","55.70","3171.60",4607
"9739-JLPQJ",72,"Two year",False,"Credit card (automatic)","117.50","8670.10",6009
"9916-AYHTC",48,"Two year",False,"Credit card (automatic)","19.85","916.00",3779
"3855-ONCAR",4,"Month-to-month",True,"Mailed check","78.90","299.75",5775
"1488-SYSFC",31,"Month-to-month",True,"Electronic check","20.65","702.05",2990
"0970-QXPXW",1,"Month-to-month",False,"Mailed check","19.65","19.65",5454
"3259-KNMRR",57,"Two year",True,"Bank transfer (automatic)","79.75","4438.20",5371
"6120-RJKLU",62,"Two year",True,"Credit card (automatic)","79.95","4819.75",6488
"9572-WUKSB",3,"Month-to-month",True,"Electronic check","29.90","92.25",4416
"5893-KCLGT",72,"Two year",True,"Mailed check","19.75","1567.00",5478
"0076-LVEPS",29,"Month-to-month",True,"Mailed check","45.00","1242.45",3290
"3640-JQGJG",13,"Month-to-month",False,"Bank transfer (automatic)","44.80","559.20",4680
"1596-OQSPS",11,"Month-to-month",False,"Electronic check","51.10","531.15",4467
"9867-XOBQA",21,"Two year",False,"Mailed check","53.15","1183.20",3461
"9546-KDTRB",19,"Month-to-month",False,"Bank transfer (automatic)","24.70","465.85",3612
"3174-RKMOW",35,"Month-to-month",True,"Electronic check","109.95","3782.40",5721
"1760-CAZHT",25,"Month-to-month",False,"Mailed check","20.80","460.20",3274
"8441-SHIPE",67,"Two year",True,"Bank transfer (automatic)","25.60","1790.35",5183
"1320-GVNHT",72,"Two year",True,"Credit card (automatic)","108.40","7767.25",4419
"1047-RNXZV",43,"Two year",False,"Mailed check","19.55","876.15",4871
"3541-ZNUHK",55,"Month-to-month",True,"Electronic check","85.10","4600.95",4026
"8725-JEDFD",27,"Month-to-month",True,"Mailed check","69.05","1793.25",3241
"7562-UXTPG",13,"Month-to-month",True,"Mailed check","70.15","886.70",2992
"8071-SBTRN",70,"Two year",True,"Mailed check","111.15","7737.55",4240
"6668-CNMFP",19,"One year",True,"Bank transfer (automatic)","89.35","1686.85",4473
"5626-MGTUK",20,"Month-to-month",True,"Bank transfer (automatic)","89.10","1879.25",3027
"5681-LLOEI",43,"One year",True,"Credit card (automatic)","91.25","4013.80",5884
"8212-DJRCH",5,"Month-to-month",True,"Mailed check","90.35","434.50",4014
"4323-OHFOW",70,"One year",True,"Bank transfer (automatic)","105.55","7195.35",4605
"4933-BSAIP",40,"Two year",False,"Mailed check","19.10","780.10",2056
"2030-BTZRO",6,"Two year",True,"Credit card (automatic)","20.40","107.60",4628
"1116-DXXDF",39,"Two year",True,"Electronic check","100.45","3801.70",2698
"6563-VNPMN",45,"Month-to-month",True,"Bank transfer (automatic)","85.70","3778.10",5397
"2267-WTPYD",57,"Month-to-month",False,"Credit card (automatic)","94.00","5438.95",6015
"0270-THENM",72,"Two year",False,"Bank transfer (automatic)","69.85","5102.35",6233
"4707-MAXGU",72,"Two year",False,"Credit card (automatic)","25.85","1872.20",5514
"2710-WYVXG",3,"Two year",False,"Mailed check","71.10","213.35",3501
"6300-BWMJX",59,"Month-to-month",False,"Electronic check","93.35","5386.50",4814
"7009-LGECI",4,"Month-to-month",True,"Bank transfer (automatic)","50.55","235.65",4164
"5022-KVDQT",27,"Month-to-month",True,"Electronic check","81.30","2272.80",5158
"7976-CICYS",4,"Month-to-month",True,"Credit card (automatic)","20.70","83.75",3027
"1036-GUDCL",60,"Month-to-month",True,"Credit card (automatic)","79.05","4663.40",5275
"2005-DWQZJ",8,"Two year",False,"Mailed check","19.05","201.70",3153
"8148-WOCMK",8,"Two year",False,"Credit card (automatic)","19.60","125.00",3214
"7815-PDTHL",35,"Two year",True,"Mailed check","20.20","684.40",3481
"9173-IVZVP",53,"Two year",False,"Mailed check","20.90","1146.05",4254
"9129-UXERG",18,"Month-to-month",True,"Credit card (automatic)","103.60","1806.35",2094
"3635-JBPSG",15,"Two year",True,"Mailed check","38.80","603.00",2118
"7964-ZRKKG",67,"One year",True,"Bank transfer (automatic)","88.40","5798.30",6251
"6229-LSCKB",6,"Month-to-month",True,"Electronic check","79.70","497.60",2893
"1724-IQWNM",1,"Month-to-month",True,"Mailed check","19.30","19.30",4136
"8217-QYOHV",5,"Month-to-month",True,"Mailed check","55.75","266.95",4545
"5546-QUERU",13,"One year",True,"Mailed check","19.95","257.00",5221
"6897-UUBNU",29,"Month-to-month",False,"Mailed check","89.65","2623.65",2681
"6127-IYJOZ",1,"Month-to-month",True,"Mailed check","45.85","45.85",5715
"8930-XOTDP",18,"Month-to-month",False,"Mailed check","55.95","1082.80",2035
"5916-QEWPT",2,"Month-to-month",False,"Credit card (automatic)","69.00","147.80",2798
"5060-TQUQN",30,"Month-to-month",True,"Bank transfer (automatic)","83.55","2570.20",3558
"0531-XBKMM",66,"Two year",False,"Bank transfer (automatic)","65.70","4378.90",5058
"8465-SBRXP",38,"Two year",True,"Bank transfer (automatic)","94.90","3616.25",2436
"2408-PSJVE",44,"Month-to-month",True,"Mailed check","61.90","2924.05",4388
"9700-ZCLOT",2,"Month-to-month",False,"Mailed check","20.00","32.70",3922
"8738-JOKAR",42,"One year",True,"Mailed check","67.70","2882.25",5034
"4534-WGCIR",58,"Two year",False,"Credit card (automatic)","25.15","1509.90",6444
"1930-WNXSB",58,"Month-to-month",True,"Electronic check","92.85","5305.05",4879
"3508-CFVZL",71,"Two year",False,"Mailed check","111.30","7985.90",5957
"0657-DOGUM",48,"One year",True,"Bank transfer (automatic)","60.60","2985.25",4077
"8792-AOROI",8,"Two year",False,"Mailed check","65.50","564.35",2985
"5146-YYFRZ",67,"Two year",False,"Bank transfer (automatic)","19.95","1311.75",6212
"3452-SRFEG",49,"Month-to-month",True,"Bank transfer (automatic)","74.60","3720.35",4516
"4070-OKWVH",52,"Month-to-month",False,"Bank transfer (automatic)","94.60","5025.80",6212
"5297-MDOIR",63,"One year",True,"Credit card (automatic)","81.15","5224.50",5294
"6369-MCAKO",68,"Two year",True,"Bank transfer (automatic)","89.05","6185.80",5001
"4926-UMJZD",31,"Month-to-month",True,"Mailed check","49.20","1498.55",2157
"6848-HJTXY",64,"Two year",False,"Credit card (automatic)","19.45","1208.60",5628
"6341-AEVKX",62,"One year",True,"Electronic check","104.30","6613.65",5905
"0682-USIXD",21,"Month-to-month",True,"Electronic check","86.05","1818.90",2937
"6976-BWGLQ",72,"Two year",False,"Bank transfer (automatic)","25.20","1787.35",4382
"7078-NVFAM",32,"Month-to-month",True,"Electronic check","35.15","1051.05",3163
"8065-QBYTO",71,"One year",True,"Credit card (automatic)","99.65","7181.25",5448
"2133-TSRRM",34,"Month-to-month",True,"Bank transfer (automatic)","105.35","3688.60",5432
"2511-ALLCS",35,"Two year",False,"Bank transfer (automatic)","24.30","821.60",5998
"3191-CSNMG",3,"Month-to-month",True,"Electronic check","80.70","239.45",2081
"7952-OBOYL",3,"Month-to-month",True,"Mailed check","89.85","244.45",4096
"7470-DYNOE",53,"One year",True,"Electronic check","61.10","3357.90",5940
"7853-OETYL",4,"Month-to-month",True,"Electronic check","29.05","129.60",3306
"1545-ACTAS",48,"One year",True,"Bank transfer (automatic)","99.70","4977.20",5921
"5126-RCXYW",54,"Two year",False,"Credit card (automatic)","46.00","2424.05",4451
"2363-BJLSL",62,"Month-to-month",True,"Bank transfer (automatic)","80.40","4981.15",5157
"1956-YIFGE",22,"One year",True,"Mailed check","100.05","2090.25",3274
"7921-LMDFQ",51,"One year",True,"Bank transfer (automatic)","94.00","4905.75",6034
"2925-MXLSX",30,"One year",True,"Credit card (automatic)","68.95","2038.70",4403
"5820-PTRYM",56,"One year",True,"Credit card (automatic)","68.45","4014.00",4368
"9609-BENEA",35,"One year",True,"Electronic check","69.00","2441.70",5283
"6211-WHMYA",64,"Month-to-month",True,"Electronic check","43.85","2751.00",6055
"4459-BBGHE",30,"Month-to-month",True,"Electronic check","44.50","1307.80",5833
"9945-PSVIP",25,"Two year",True,"Mailed check","18.70","383.65",2289
"9108-EJFJP",1,"Month-to-month",True,"Mailed check","53.55","53.55",4504
"0530-IJVDB",70,"Two year",True,"Electronic check","114.60","7882.50",5414
"0508-SQWPL",57,"Two year",True,"Bank transfer (automatic)","20.10","1087.70",5506
"2215-ZAFGX",9,"Month-to-month",True,"Electronic check","85.50","791.70",4867
"8213-TAZPM",69,"One year",True,"Bank transfer (automatic)","108.75","7493.05",5874
"1304-SEGFY",72,"Two year",True,"Electronic check","97.85","6841.30",4508
"7242-EDTYC",44,"Two year",False,"Bank transfer (automatic)","19.55","819.95",5860
"2904-GGUAZ",72,"Two year",True,"Bank transfer (automatic)","84.05","6052.25",5515
"5136-GFPMB",54,"Month-to-month",False,"Credit card (automatic)","89.40","4869.50",5871
"2595-KIWPV",27,"Two year",False,"Credit card (automatic)","19.70","509.30",4052
"5243-SAOTC",54,"Month-to-month",True,"Bank transfer (automatic)","79.85","4308.25",5166
"9398-MMQTO",3,"Month-to-month",False,"Credit card (automatic)","74.45","221.10",3956
"7619-PLRLP",53,"One year",False,"Bank transfer (automatic)","74.10","3833.95",5136
"6508-NJYRO",15,"One year",False,"Mailed check","18.80","294.95",3977
"4710-NKCAW",5,"Month-to-month",False,"Credit card (automatic)","64.40","316.90",3260
"5306-BVTKJ",48,"One year",True,"Credit card (automatic)","55.80","2651.20",3446
"0357-NVCRI",25,"Month-to-month",False,"Credit card (automatic)","20.05","471.70",2192
"2371-KFUOG",58,"One year",False,"Bank transfer (automatic)","99.15","5720.95",6409
"0463-ZSDNT",10,"Month-to-month",True,"Bank transfer (automatic)","56.75","503.25",2037
"6257-DTAYD",71,"Two year",True,"Credit card (automatic)","104.15","7365.30",5973
"4616-ULAOA",65,"Two year",True,"Credit card (automatic)","110.80","7245.90",6332
"7746-AWNQW",28,"Month-to-month",True,"Mailed check","35.75","961.40",2431
"5996-EBTKM",67,"Two year",True,"Bank transfer (automatic)","69.90","4615.90",6079
"2758-RNWXS",35,"One year",True,"Electronic check","89.20","3251.30",4446
"2314-TNDJQ",72,"Two year",False,"Credit card (automatic)","55.65","3880.05",5192
"2405-LBMUW",61,"One year",True,"Bank transfer (automatic)","50.70","3088.75",5024
"3454-JFUBC",68,"Two year",True,"Credit card (automatic)","20.00","1396.00",6136
"9039-ZVJDC",3,"Month-to-month",True,"Mailed check","19.10","53.05",4905
"9013-AQORL",48,"Month-to-month",False,"Credit card (automatic)","45.55","2108.35",4106
"2898-MRKPI",68,"One year",True,"Credit card (automatic)","101.05","6770.50",5570
"2750-BJLSB",47,"One year",True,"Electronic check","103.70","4730.60",4543
"3648-GZPHF",32,"One year",True,"Mailed check","36.25","1151.05",2609
"2075-RMJIK",5,"Month-to-month",True,"Mailed check","49.40","232.55",5756
"9588-YRFHY",49,"Two year",True,"Credit card (automatic)","19.90","1022.60",5240
"9364-YKUVW",15,"Month-to-month",True,"Mailed check","19.80","309.40",2681
"5392-AKEMH",12,"Month-to-month",True,"Electronic check","45.05","523.10",5624
"2451-YMUXS",67,"Two year",True,"Bank transfer (automatic)","64.55","4250.10",4494
"3914-FDRHP",9,"Month-to-month",False,"Electronic check","86.25","770.50",4754
"3078-ZKNTS",13,"Two year",True,"Bank transfer (automatic)","19.75","246.70",4314
"1024-KPRBB",38,"One year",True,"Mailed check","89.10","3342.00",2675
"4690-PKDQG",42,"Month-to-month",True,"Electronic check","95.55","3930.60",4121
"9547-ITEFG",9,"Month-to-month",True,"Credit card (automatic)","102.60","897.75",4062
"1264-FUHCX",49,"One year",True,"Credit card (automatic)","56.30","2780.60",5913
"7789-CRUVC",61,"Month-to-month",True,"Credit card (automatic)","94.20","5895.45",5274
"6598-KELSS",50,"One year",True,"Bank transfer (automatic)","43.05","2208.05",5409
"9972-VAFJJ",53,"One year",True,"Electronic check","94.00","4871.45",6355
"0422-UXFAP",51,"One year",True,"Electronic check","98.85","4947.55",6034
"1904-WAJAA",24,"Two year",False,"Electronic check","64.35","1558.65",5461
"5130-YPIRV",62,"Two year",True,"Credit card (automatic)","72.00","4284.20",6489
"2843-CQMEG",24,"Month-to-month",True,"Mailed check","49.70","1218.25",2911
"6439-PKTRR",70,"Two year",False,"Electronic check","80.70","5617.95",4412
"5351-QESIO",1,"Month-to-month",False,"Mailed check","24.20","24.20",4276
"5568-DMXZS",8,"Month-to-month",True,"Electronic check","65.45","554.45",5227
"8468-FZTOE",72,"Two year",True,"Electronic check","74.35","5237.40",4874
"6633-SYEUS",23,"Month-to-month",False,"Bank transfer (automatic)","83.20","2032.30",2061
"6447-GORXK",31,"Month-to-month",False,"Credit card (automatic)","25.00","789.20",4242
"6967-PEJLL",37,"One year",True,"Electronic check","40.20","1525.35",2308
"5981-ZVXOT",35,"One year",True,"Electronic check","108.35","3726.15",5139
"1684-FLBGS",23,"Month-to-month",True,"Credit card (automatic)","69.50","1652.10",2159
"1389-WNUIB",20,"One year",False,"Bank transfer (automatic)","76.00","1588.75",4085
"0376-OIWME",36,"Month-to-month",True,"Electronic check","93.60","3366.05",2701
"0218-QNVAS",71,"One year",False,"Bank transfer (automatic)","100.55","7113.75",5876
"0804-YGEQV",43,"One year",True,"Bank transfer (automatic)","24.45","993.15",5119
"7164-BPTUT",57,"Two year",False,"Mailed check","89.55","5012.35",4260
"2523-EWWZL",27,"Month-to-month",True,"Electronic check","76.10","2093.40",3291
"0928-XUTSN",13,"Month-to-month",True,"Electronic check","80.50","1011.80",3895
"0052-YNYOT",67,"One year",False,"Electronic check","20.55","1343.40",5462
"9586-JGQKH",64,"Two year",True,"Bank transfer (automatic)","105.40","6794.75",4512
"4501-VCPFK",26,"Month-to-month",False,"Electronic check","35.75","1022.50",2734
"6075-SLNIL",38,"Month-to-month",True,"Credit card (automatic)","95.10","3691.20",5393
"9347-AERRL",23,"One year",False,"Credit card (automatic)","19.30","486.20",2111
"2274-XUATA",72,"Two year",True,"Bank transfer (automatic)","63.10","4685.55",4933
"6691-CCIHA",62,"Two year",True,"Electronic check","84.95","5150.55",6307
"1685-BQULA",40,"Month-to-month",True,"Bank transfer (automatic)","93.40","3756.40",3819
"9053-EJUNL",41,"Month-to-month",True,"Electronic check","89.20","3645.75",3259
"0666-UXTJO",34,"Month-to-month",True,"Credit card (automatic)","85.20","2874.45",5393
"1471-GIQKQ",1,"Month-to-month",False,"Electronic check","49.95","49.95",5230
"4807-IZYOZ",51,"Two year",False,"Bank transfer (automatic)","20.65","1020.75",4725
"9710-NJERN",39,"Two year",False,"Mailed check","20.15","826.00",2007
"9837-FWLCH",12,"Month-to-month",True,"Electronic check","19.20","239.00",3101
"7203-OYKCT",72,"One year",True,"Electronic check","104.95","7544.30",5760
"1035-IPQPU",63,"Month-to-month",True,"Electronic check","103.50","6479.40",5187
"7398-LXGYX",44,"Month-to-month",True,"Credit card (automatic)","84.80","3626.35",2770
"2823-LKABH",18,"Month-to-month",True,"Bank transfer (automatic)","95.05","1679.40",4524
"0550-DCXLH",13,"Month-to-month",False,"Mailed check","73.35","931.55",4645
"9281-CEDRU",68,"Two year",False,"Bank transfer (automatic)","64.10","4326.25",5553
"2235-DWLJU",6,"Month-to-month",True,"Electronic check","44.40","263.05",4611
"0871-OPBXW",2,"Month-to-month",True,"Mailed check","20.05","39.25",5191
"3605-JISKB",55,"One year",False,"Credit card (automatic)","60.00","3316.10",4212
"9767-FFLEM",38,"Month-to-month",True,"Credit card (automatic)","69.50","2625.25",4591
"8456-QDAVC",19,"Month-to-month",True,"Bank transfer (automatic)","78.70","1495.10",2464
"7750-EYXWZ",12,"One year",False,"Electronic check","60.65","743.30",3740
"2569-WGERO",72,"Two year",True,"Bank transfer (automatic)","21.15","1419.40",5306
"6840-RESVB",24,"One year",True,"Mailed check","84.80","1990.50",2140
"2234-XADUH",72,"One year",True,"Credit card (automatic)","103.20","7362.90",5560
"4801-JZAZL",11,"Month-to-month",True,"Electronic check","29.60","346.45",2793
"3186-AJIEK",66,"Two year",True,"Bank transfer (automatic)","105.65","6844.50",5097
