"customer_id","churn_label","churn_reason"
"3668-QPYBK",True,"Competitor made better offer"
"9237-HQITU",True,"Moved"
"9305-CDSKC",True,"Moved"
"7892-POOKP",True,"Moved"
"0280-XJGEX",True,"Competitor had better devices"
"4190-MFLUW",True,"Competitor offered higher download speeds"
"8779-QRDMV",True,"Competitor offered more data"
"1066-JKSGK",True,"Competitor made better offer"
"6467-CHFZW",True,"Competitor had better devices"
"8665-UTDHZ",True,"Competitor had better devices"
"8773-HHUOZ",True,"Competitor offered higher download speeds"
"6047-YHPVI",True,"Competitor offered higher download speeds"
"5380-WJKOV",True,"Competitor offered higher download speeds"
"8168-UQWWF",True,"Competitor offered more data"
"7760-OYPDY",True,"Competitor offered more data"
"9420-LOJKX",True,"Competitor offered more data"
"7495-OOKFY",True,"Competitor made better offer"
"1658-BYGOY",True,"Competitor made better offer"
"5698-BQJOH",True,"Price too high"
"5919-TMRGD",True,"Product dissatisfaction"
"9191-MYQKX",True,"Service dissatisfaction"
"8637-XJIVR",True,"Lack of self-service on Website"
"0278-YXOOG",True,"Network reliability"
"4598-XLKNJ",True,"Limited range of services"
"3192-NQECA",True,"Lack of affordable download/upload speed"
"0486-HECZI",True,"Long distance charges"
"4846-WHAFZ",True,"Extra data charges"
"5299-RULOA",True,"Price too high"
"0404-SWRVG",True,"Product dissatisfaction"
"4412-YLTKF",True,"Service dissatisfaction"
"6207-WIOLX",True,"Lack of self-service on Website"
"3091-FYHKI",True,"Network reliability"
"2372-HWUHI",True,"Don't know"
"0390-DCFDQ",True,"Don't know"
"4080-OGPJL",True,"Don't know"
"2135-RXIHG",True,"Poor expertise of online support"
"3874-EQOEP",True,"Poor expertise of phone support"
"0867-MKZVY",True,"Price too high"
"3376-BMGFE",True,"Product dissatisfaction"
"3445-HXXGF",True,"Service dissatisfaction"
"1875-QIVME",True,"Lack of self-service on Website"
"0691-JVSYA",True,"Network reliability"
"2656-FMOKZ",True,"Limited range of services"
"2070-FNEXE",True,"Lack of affordable download/upload speed"
"6317-YPKDH",True,"Long distance charges"
"9367-WXLCH",True,"Extra data charges"
"1918-ZBFQJ",True,"Price too high"
"1024-GUALD",True,"Product dissatisfaction"
"2472-OVKUP",True,"Service dissatisfaction"
"1285-OKIPP",True,"Lack of self-service on Website"
"7825-ECJRF",True,"Network reliability"
"7841-TZDMQ",True,"Don't know"
"9408-SSNVZ",True,"Don't know"
"0742-MOABM",True,"Don't know"
"2232-DMLXU",True,"Poor expertise of online support"
"8937-RDTHP",True,"Poor expertise of phone support"
"1251-KRREG",True,"Price too high"
"0094-OIFMO",True,"Product dissatisfaction"
"9947-OTFQU",True,"Service dissatisfaction"
"0322-YINQP",True,"Lack of self-service on Website"
"4629-NRXKX",True,"Network reliability"
"9514-JDSKI",True,"Limited range of services"
"4959-JOSRX",True,"Lack of affordable download/upload speed"
"7273-TEFQD",True,"Long distance charges"
"3606-TWKGI",True,"Extra data charges"
"6323-AYBRX",True,"Price too high"
"4385-GZQXV",True,"Product dissatisfaction"
"6366-ZGQGL",True,"Service dissatisfaction"
"5940-AHUHD",True,"Lack of self-service on Website"
"6432-TWQLB",True,"Network reliability"
"4484-GLZOU",True,"Don't know"
"9512-UIBFX",True,"Don't know"
"5583-SXDAG",True,"Don't know"
"3488-PGMQJ",True,"Poor expertise of online support"
"3580-REOAC",True,"Poor expertise of phone support"
"7534-BFESC",True,"Price too high"
"6390-DSAZX",True,"Product dissatisfaction"
"8098-LLAZX",True,"Service dissatisfaction"
"0265-EDXBD",True,"Lack of self-service on Website"
"7563-BIUPC",True,"Network reliability"
"2321-OMBXY",True,"Limited range of services"
"2840-XANRC",True,"Lack of affordable download/upload speed"
"5020-ZSTTY",True,"Long distance charges"
"5804-LEPIM",True,"Extra data charges"
"0122-OAHPZ",True,"Price too high"
"2868-SNELZ",True,"Product dissatisfaction"
"4322-RCYMT",True,"Service dissatisfaction"
"6680-NENYN",True,"Lack of self-service on Website"
"1343-EHPYB",True,"Network reliability"
"2034-GDRCN",True,"Don't know"
"0219-YTZUE",True,"Don't know"
"0623-IIHUG",True,"Don't know"
"4572-DVCGN",True,"Poor expertise of online support"
"9057-MSWCO",True,"Poor expertise of phone support"
"1010-DIAUQ",True,"Price too high"
"0259-GBZSH",True,"Product dissatisfaction"
"9601-BRXPO",True,"Service dissatisfaction"
"6905-NIQIN",True,"Don't know"
"5167-ZFFMM",True,"Network reliability"
"4895-TMWIR",True,"Limited range of services"
"0533-BNWKF",True,"Lack of affordable download/upload speed"
"6599-CEBNN",True,"Long distance charges"
"0979-PHULV",True,"Extra data charges"
"4800-VHZKI",True,"Price too high"
"7989-CHGTL",True,"Product dissatisfaction"
"0334-GDDSO",True,"Service dissatisfaction"
"0578-SKVMF",True,"Lack of self-service on Website"
"5564-NEMQO",True,"Network reliability"
"9063-ZGTUY",True,"Don't know"
"2957-LOLHO",True,"Don't know"
"7752-XUSCI",True,"Don't know"
"4110-PFEUZ",True,"Competitor had better devices"
"0256-LTHVJ",True,"Competitor had better devices"
"0880-TKATG",True,"Competitor had better devices"
"3811-VBYBZ",True,"Competitor had better devices"
"4640-UHDOS",True,"Competitor had better devices"
"3583-EKAPL",True,"Competitor had better devices"
"9399-APLBT",True,"Competitor had better devices"
"2359-KMGLI",True,"Competitor had better devices"
"0306-JAELE",True,"Competitor had better devices"
"0781-LKXBR",True,"Price too high"
"6227-HWPWX",True,"Competitor had better devices"
"0447-BEMNG",True,"Price too high"
"5949-XIKAE",True,"Product dissatisfaction"
"8372-JUXUI",True,"Service dissatisfaction"
"0388-EOPEX",True,"Lack of self-service on Website"
"8205-OTCHB",True,"Network reliability"
"6235-VDHOM",True,"Limited range of services"
"7783-YKGDV",True,"Lack of affordable download/upload speed"
"5609-CEBID",True,"Long distance charges"
"7218-HKQFK",True,"Don't know"
"4636-QRJKY",True,"Price too high"
"5956-VKDTT",True,"Product dissatisfaction"
"9412-GHEEC",True,"Service dissatisfaction"
"0257-ZESQC",True,"Lack of self-service on Website"
"6825-UYPFK",True,"Network reliability"
"8397-MVTAZ",True,"Don't know"
"9282-IZGQK",True,"Don't know"
"1342-JPNKI",True,"Don't know"
"2817-NTQDO",True,"Poor expertise of online support"
"6986-IJDHX",True,"Poor expertise of phone support"
"5301-GAUUY",True,"Competitor had better devices"
"0939-YAPAF",True,"Competitor offered higher download speeds"
"4710-FDUIZ",True,"Competitor offered more data"
"1218-VKFPE",True,"Competitor made better offer"
"3627-FHKBK",True,"Competitor had better devices"
"2865-TCHJW",True,"Competitor had better devices"
"5192-EBGOV",True,"Competitor offered higher download speeds"
"0719-SYFRB",True,"Competitor offered higher download speeds"
"3419-SNJJD",True,"Competitor offered higher download speeds"
"6543-CPZMK",True,"Competitor offered more data"
"4765-OXPPD",True,"Competitor offered more data"
"1009-IRMNA",True,"Competitor offered more data"
"4554-YGZIH",True,"Competitor made better offer"
"5099-BAILX",True,"Competitor made better offer"
"7207-RMRDB",True,"Competitor had better devices"
"4913-EHYUI",True,"Competitor offered higher download speeds"
"0195-IESCP",True,"Competitor offered more data"
"4580-TMHJU",True,"Don't know"
"0970-ETWGE",True,"Competitor had better devices"
"1626-ERCMM",True,"Competitor had better devices"
"0887-HJGAR",True,"Competitor offered higher download speeds"
"5644-PDMZC",True,"Competitor offered higher download speeds"
"9576-ANLXO",True,"Competitor offered higher download speeds"
"2024-BASKD",True,"Competitor offered more data"
"4160-AMJTL",True,"Competitor offered more data"
"4464-JCOLN",True,"Competitor offered more data"
"5650-VDUDS",True,"Competitor made better offer"
"7538-GWHML",True,"Competitor made better offer"
"3859-CVCET",True,"Competitor had better devices"
"3276-HDUEG",True,"Competitor offered higher download speeds"
"0823-HSCDJ",True,"Competitor offered more data"
"0822-GAVAP",True,"Competitor made better offer"
"1448-PWKYE",True,"Competitor had better devices"
"0067-DKWBL",True,"Competitor had better devices"
"2276-YDAVZ",True,"Competitor offered higher download speeds"
"5896-NPFWW",True,"Competitor offered higher download speeds"
"7133-VBDCG",True,"Competitor offered higher download speeds"
"1029-QFBEN",True,"Competitor offered more data"
"4952-YSOGZ",True,"Competitor offered more data"
"1589-AGTLK",True,"Competitor offered more data"
"5244-IRFIH",True,"Competitor made better offer"
"2684-EIWEO",True,"Competitor made better offer"
"6439-GTPCA",True,"Competitor had better devices"
"5138-WVKYJ",True,"Competitor offered higher download speeds"
"6683-VLCTZ",True,"Competitor offered more data"
"2189-WWOEW",True,"Don't know"
"1894-IGFSG",True,"Competitor had better devices"
"7379-POKDZ",True,"Competitor had better devices"
"0236-HFWSV",True,"Competitor offered higher download speeds"
"3900-AQPHZ",True,"Competitor offered higher download speeds"
"5842-POCOP",True,"Competitor offered higher download speeds"
"2037-XJFUP",True,"Competitor offered more data"
"7314-OXENN",True,"Competitor offered more data"
"0322-CHQRU",True,"Competitor offered more data"
"4678-DVQEO",True,"Competitor made better offer"
"0691-IFBQW",True,"Competitor made better offer"
"3009-JWMPU",True,"Attitude of service provider"
"1450-GALXR",True,"Attitude of service provider"
"3138-BKYAV",True,"Attitude of service provider"
"4289-DTDKW",True,"Attitude of support person"
"1820-TQVEV",True,"Attitude of support person"
"2239-JALAW",True,"Attitude of support person"
"4853-RULSV",True,"Attitude of service provider"
"6275-YDUVO",True,"Attitude of service provider"
"0115-TFERT",True,"Attitude of service provider"
"2311-QYMUQ",True,"Attitude of support person"
"3643-AHCFP",True,"Competitor made better offer"
"3104-OWCGK",True,"Moved"
"9101-BWFSS",True,"Moved"
"9231-ZJYAM",True,"Moved"
"6982-SSHFK",True,"Competitor offered higher download speeds"
"0727-BMPLR",True,"Competitor offered higher download speeds"
"1038-ZAGBI",True,"Competitor offered higher download speeds"
"3027-ZTDHO",True,"Don't know"
"2382-BCKQJ",True,"Competitor offered higher download speeds"
"2207-NHRJK",True,"Competitor offered higher download speeds"
"0947-MUGVO",True,"Competitor offered higher download speeds"
"9944-HKVVB",True,"Competitor offered higher download speeds"
"4124-MMETB",True,"Competitor offered higher download speeds"
"3671-SHRSP",True,"Competitor offered more data"
"3313-QKNKB",True,"Competitor offered more data"
"5073-WXOYN",True,"Competitor offered more data"
"0207-MDKNV",True,"Competitor made better offer"
"9851-KIELU",True,"Competitor made better offer"
"3908-BLSYF",True,"Price too high"
"7549-MYGPK",True,"Price too high"
"3804-RVTGV",True,"Price too high"
"9227-LUNBG",True,"Price too high"
"4315-MURBD",True,"Price too high"
"9734-YWGEX",True,"Price too high"
"2719-BDAQO",True,"Price too high"
"1907-UBQFC",True,"Price too high"
"6513-EECDB",True,"Price too high"
"7074-IEVOJ",True,"Product dissatisfaction"
"9625-QSTYE",True,"Service dissatisfaction"
"4750-ZRXIU",True,"Lack of self-service on Website"
"6400-BWQKW",True,"Network reliability"
"6680-WKXRZ",True,"Don't know"
"7028-DVOIQ",True,"Don't know"
"4208-UFFGW",True,"Don't know"
"9448-REEVD",True,"Don't know"
"9117-SHLZX",True,"Poor expertise of phone support"
"9889-TMAHG",True,"Competitor had better devices"
"4541-RMRLG",True,"Competitor offered higher download speeds"
"3158-MOERK",True,"Competitor offered more data"
"7294-TMAOP",True,"Competitor made better offer"
"8919-FYFQZ",True,"Competitor had better devices"
"2834-JRTUA",True,"Competitor had better devices"
"5875-YPQFJ",True,"Competitor offered higher download speeds"
"6646-QVXLR",True,"Competitor offered higher download speeds"
"8603-IJWDN",True,"Competitor offered higher download speeds"
"9369-XFEHK",True,"Competitor offered more data"
"3842-IYKUE",True,"Competitor offered more data"
"6641-XRPSU",True,"Competitor offered more data"
"1374-DMZUI",True,"Competitor made better offer"
"8357-EQXFO",True,"Competitor made better offer"
"1989-PRJHP",True,"Competitor had better devices"
"9524-EGPJC",True,"Competitor offered higher download speeds"
"6993-OHLXR",True,"Competitor offered more data"
"8818-XYFCQ",True,"Competitor made better offer"
"4695-VADHF",True,"Competitor had better devices"
"3863-IUBJR",True,"Competitor had better devices"
"4822-RVYBB",True,"Competitor offered higher download speeds"
"8436-BJUMM",True,"Competitor offered higher download speeds"
"4184-TJFAN",True,"Competitor offered higher download speeds"
"4145-UQXUQ",True,"Competitor offered more data"
"9948-YPTDG",True,"Competitor offered more data"
"1236-WFCDV",True,"Competitor offered more data"
"4883-QICIH",True,"Don't know"
"8329-IBCTI",True,"Competitor made better offer"
"1271-SJBGZ",True,"Competitor had better devices"
"5669-SRAIP",True,"Competitor offered higher download speeds"
"5981-ITEMU",True,"Competitor offered more data"
"6941-PMGEP",True,"Competitor made better offer"
"1624-WOIWJ",True,"Competitor had better devices"
"2074-GKOWZ",True,"Competitor had better devices"
"0376-YMCJC",True,"Competitor offered higher download speeds"
"0634-SZPQA",True,"Competitor offered higher download speeds"
"5536-RTPWK",True,"Competitor offered higher download speeds"
"6166-ILMNY",True,"Competitor offered more data"
"3097-NNSPB",True,"Competitor offered more data"
"0655-RBDUG",True,"Competitor offered more data"
"4361-BKAXE",True,"Competitor made better offer"
"9878-TNQGW",True,"Competitor made better offer"
"4441-NIHPT",True,"Competitor had better devices"
"8999-BOHSE",True,"Competitor offered higher download speeds"
"7029-RPUAV",True,"Competitor offered more data"
"4607-CHPCA",True,"Competitor made better offer"
"8824-RWFXJ",True,"Competitor had better devices"
"9763-PDTKK",True,"Competitor had better devices"
"7627-JKIAZ",True,"Competitor offered higher download speeds"
"4081-DYXAV",True,"Competitor offered higher download speeds"
"8111-SLLHI",True,"Competitor offered higher download speeds"
"0927-LCSMG",True,"Competitor offered more data"
"8257-RZAHR",True,"Competitor offered more data"
"5293-WXJAK",True,"Competitor offered more data"
"0841-NULXI",True,"Don't know"
"7851-WZEKY",True,"Competitor made better offer"
"8844-TONUD",True,"Attitude of service provider"
"4086-YQSNZ",True,"Attitude of service provider"
"5868-CZJDR",True,"Attitude of service provider"
"0135-NMXAP",True,"Attitude of support person"
"6270-OMFIW",True,"Attitude of support person"
"6818-WOBHJ",True,"Network reliability"
"0107-WESLM",True,"Attitude of support person"
"3992-YWPKO",True,"Attitude of service provider"
"0125-LZQXK",True,"Attitude of service provider"
"8399-YNDCH",True,"Attitude of service provider"
"5673-FSSMF",True,"Attitude of support person"
"1579-KLYDT",True,"Competitor made better offer"
"3927-NLNRY",True,"Moved"
"6358-LYNGM",True,"Moved"
"5494-HECPR",True,"Moved"
"9824-BEMCV",True,"Competitor offered higher download speeds"
"1373-ORVIZ",True,"Competitor offered higher download speeds"
"9866-QEVEE",True,"Competitor offered higher download speeds"
"9897-KXHCM",True,"Competitor offered higher download speeds"
"7979-CORPM",True,"Don't know"
"1618-CFHME",True,"Don't know"
"3165-HDOEW",True,"Don't know"
"6581-NQCBA",True,"Don't know"
"1689-MRZQR",True,"Don't know"
"5835-BEQEU",True,"Don't know"
"5565-FILXA",True,"Don't know"
"5552-ZNFSJ",True,"Don't know"
"2223-KAGMX",True,"Don't know"
"7321-PKUYW",True,"Competitor offered higher download speeds"
"2833-SLKDQ",True,"Network reliability"
"7595-EUIVN",True,"Network reliability"
"2026-TGDHM",True,"Network reliability"
"4030-VPZBD",True,"Network reliability"
"4187-CINZD",True,"Network reliability"
"2408-TZMJL",True,"Network reliability"
"9134-CEQMF",True,"Network reliability"
"7993-PYKOF",True,"Network reliability"
"5027-XWQHA",True,"Network reliability"
"4566-QVRRW",True,"Network reliability"
"8519-IMDHU",True,"Network reliability"
"0201-OAMXR",True,"Network reliability"
"3372-KWFBM",True,"Network reliability"
"7831-QGOXH",True,"Don't know"
"6393-WRYZE",True,"Don't know"
"6599-RCLCJ",True,"Don't know"
"9831-BPFRI",True,"Poor expertise of online support"
"1725-MIMXW",True,"Poor expertise of phone support"
"0031-PVLZI",True,"Competitor had better devices"
"7206-GZCDC",True,"Competitor offered higher download speeds"
"4791-QRGMF",True,"Competitor offered more data"
"1768-ZAIFU",True,"Competitor made better offer"
"4671-LXRDQ",True,"Competitor had better devices"
"1934-SJVJK",True,"Competitor had better devices"
"3838-OZURD",True,"Competitor offered higher download speeds"
"9269-CQOOL",True,"Competitor offered higher download speeds"
"2845-HSJCY",True,"Competitor offered higher download speeds"
"1184-PJVDB",True,"Competitor offered more data"
"9415-DPEWS",True,"Competitor offered more data"
"7943-RQCHR",True,"Competitor offered more data"
"3793-MMFUH",True,"Competitor made better offer"
"3249-ZPQRG",True,"Competitor made better offer"
"2568-BRGYX",True,"Competitor had better devices"
"7721-JXEAW",True,"Competitor offered higher download speeds"
"7249-WBIYX",True,"Competitor offered more data"
"6567-HOOPW",True,"Competitor made better offer"
"3164-AALRN",True,"Competitor had better devices"
"3334-CTHOL",True,"Competitor had better devices"
"4704-ERYFC",True,"Competitor offered higher download speeds"
"8621-MNIHH",True,"Competitor offered higher download speeds"
"0471-LVHGK",True,"Competitor offered higher download speeds"
"9518-RWHZL",True,"Competitor offered more data"
"5419-CONWX",True,"Competitor offered more data"
"6240-EURKS",True,"Competitor offered more data"
"6960-HVYXR",True,"Competitor made better offer"
"7024-OHCCK",True,"Don't know"
"7861-UVUFT",True,"Competitor had better devices"
"5357-TZHPP",True,"Competitor offered higher download speeds"
"0680-DFNNY",True,"Competitor offered more data"
"7767-UXAGJ",True,"Competitor made better offer"
"1571-SAVHK",True,"Competitor had better devices"
"9546-CQJSU",True,"Competitor had better devices"
"0506-LVNGN",True,"Competitor offered higher download speeds"
"2951-QOQTK",True,"Competitor offered higher download speeds"
"3473-XIIIT",True,"Competitor offered higher download speeds"
"7893-IXHRQ",True,"Competitor offered more data"
"2952-QAYZF",True,"Competitor offered more data"
"4763-PGDPO",True,"Competitor offered more data"
"5394-SVGJV",True,"Competitor made better offer"
"9283-LZQOH",True,"Competitor made better offer"
"6100-QQHEB",True,"Moved"
"7079-QRCBC",True,"Competitor had better devices"
"5469-CTCWN",True,"Competitor offered higher download speeds"
"9851-QXEEQ",True,"Competitor offered more data"
"9809-IMGCQ",True,"Competitor made better offer"
"5208-HFSBT",True,"Competitor had better devices"
"3254-YRILK",True,"Competitor had better devices"
"2667-WYLWJ",True,"Competitor offered higher download speeds"
"0529-ONKER",True,"Competitor offered higher download speeds"
"5240-IJOQT",True,"Competitor offered higher download speeds"
"1092-GANHU",True,"Competitor offered more data"
"0661-XEYAN",True,"Competitor offered more data"
"7881-EVUAD",True,"Competitor offered more data"
"5766-XQXMQ",True,"Competitor made better offer"
"3703-VAVCL",True,"Competitor made better offer"
"8519-QJGJD",True,"Attitude of service provider"
"6326-MTTXK",True,"Attitude of service provider"
"0330-IVZHA",True,"Attitude of service provider"
"2886-KEFUM",True,"Attitude of support person"
"4237-RLAQD",True,"Attitude of support person"
"9651-GTSAQ",True,"Attitude of support person"
"3186-BAXNB",True,"Attitude of service provider"
"0637-YLETY",True,"Attitude of service provider"
"1157-BQCUW",True,"Attitude of service provider"
"2660-EMUBI",True,"Attitude of support person"
"7675-OZCZG",True,"Competitor made better offer"
"2003-CKLOR",True,"Moved"
"9254-RBFON",True,"Moved"
"1205-WNWPJ",True,"Moved"
"9391-EOYLI",True,"Competitor made better offer"
"8387-MOJJT",True,"Competitor made better offer"
"2761-OCIAX",True,"Competitor made better offer"
"3068-OMWZA",True,"Competitor made better offer"
"6032-KRXXO",True,"Competitor made better offer"
"7459-RRWQZ",True,"Competitor made better offer"
"4154-AQUGT",True,"Competitor made better offer"
"3092-IGHWF",True,"Competitor made better offer"
"8017-LXHFA",True,"Competitor made better offer"
"6352-TWCAU",True,"Competitor made better offer"
"2929-QNSRW",True,"Competitor made better offer"
"1262-OPMFY",True,"Competitor made better offer"
"4248-QPAVC",True,"Competitor made better offer"
"1899-VXWXM",True,"Competitor made better offer"
"4690-LLKUA",True,"Extra data charges"
"3331-HQDTW",True,"Extra data charges"
"9490-DFPMD",True,"Extra data charges"
"5442-XSDCW",True,"Extra data charges"
"3049-NDXFL",True,"Extra data charges"
"8580-AECUZ",True,"Extra data charges"
"7963-GQRMY",True,"Extra data charges"
"1228-FZFRV",True,"Extra data charges"
"2058-DCJBE",True,"Extra data charges"
"5364-XYIRR",True,"Extra data charges"
"4829-AUOAX",True,"Extra data charges"
"5047-LHVLY",True,"Extra data charges"
"9158-VCTQB",True,"Extra data charges"
"6311-UEUME",True,"Extra data charges"
"2634-HCZGT",True,"Moved"
"6839-ITVZJ",True,"Don't know"
"0375-HVGXO",True,"Don't know"
"8593-WHYHV",True,"Don't know"
"6097-EQISJ",True,"Attitude of support person"
"4423-YLHDV",True,"Attitude of support person"
"0107-YHINA",True,"Attitude of support person"
"8640-SDGKB",True,"Attitude of support person"
"4116-TZAQJ",True,"Attitude of support person"
"3877-JRJIP",True,"Attitude of support person"
"8375-DKEBR",True,"Attitude of support person"
"7511-YMXVQ",True,"Attitude of support person"
"7551-JOHTI",True,"Attitude of support person"
"9804-ICWBG",True,"Attitude of support person"
"5318-IXUZF",True,"Don't know"
"3198-VELRD",True,"Attitude of support person"
"9436-ZBZCT",True,"Attitude of support person"
"7279-BUYWN",True,"Attitude of support person"
"7156-MHUGY",True,"Attitude of support person"
"7198-GLXTC",True,"Attitude of support person"
"0516-VRYBW",True,"Attitude of support person"
"8380-PEFPE",True,"Attitude of support person"
"5687-DKDTV",True,"Attitude of support person"
"7530-HDYDS",True,"Attitude of support person"
"3096-IZETN",True,"Attitude of support person"
"5922-ABDVO",True,"Attitude of support person"
"9172-ANCRX",True,"Attitude of support person"
"6910-HADCM",True,"Attitude of support person"
"5948-UJZLF",False,NULL
"4816-LXZYW",True,"Attitude of support person"
"9606-PBKBQ",True,"Attitude of support person"
"3536-IQCTX",True,"Attitude of support person"
"4911-BANWH",True,"Attitude of support person"
"8496-EJAUI",True,"Attitude of support person"
"3132-TVFDZ",True,"Attitude of support person"
"8080-DDEMJ",True,"Attitude of support person"
"6365-MTGZX",True,"Attitude of support person"
"1349-WXNGG",True,"Attitude of support person"
"6990-YNRIO",True,"Attitude of support person"
"0621-TWIEM",True,"Attitude of support person"
"2485-ITVKB",True,"Attitude of support person"
"3669-OYSJI",True,"Attitude of support person"
"1612-EOHDH",True,"Attitude of support person"
"6702-OHFWR",True,"Don't know"
"4510-PYUSH",True,"Attitude of support person"
"7517-SAWMO",True,"Attitude of support person"
"4143-HHPMK",True,"Attitude of support person"
"7054-LGEQW",True,"Attitude of support person"
"0923-PNFUB",True,"Attitude of support person"
"3494-JCHRQ",True,"Attitude of support person"
"6474-FVJLC",True,"Attitude of support person"
"8840-DQLGN",True,"Attitude of support person"
"4547-LYTDD",True,"Attitude of support person"
"6770-XUAGN",True,"Attitude of support person"
"4193-ORFCL",True,"Attitude of support person"
"7776-QWNFX",True,"Attitude of support person"
"6689-TCZHQ",True,"Attitude of support person"
"3143-ILDAL",True,"Attitude of support person"
"4720-VSTSI",True,"Attitude of support person"
"3946-MHCZW",True,"Attitude of support person"
"6651-AZVTJ",True,"Attitude of support person"
"4566-GOLUK",True,"Attitude of support person"
"2484-DGXPZ",True,"Attitude of support person"
"4587-NUKOX",True,"Attitude of support person"
"0420-BWTPW",True,"Attitude of support person"
"8183-ONMXC",True,"Attitude of support person"
"9614-RMGHA",True,"Attitude of support person"
"5054-IEXZT",True,"Attitude of support person"
"5834-ASPWA",True,"Attitude of support person"
"3948-XHGNA",True,"Attitude of support person"
"0565-IYCGT",True,"Attitude of support person"
"5445-UTODQ",True,"Don't know"
"1024-VRZHF",True,"Attitude of support person"
"9497-QCMMS",True,"Competitor made better offer"
"0348-SDKOL",True,"Moved"
"4373-MAVJG",True,"Moved"
"8901-HJXTF",True,"Moved"
"5419-KLXBN",True,"Competitor offered higher download speeds"
"3424-NMNBO",True,"Competitor offered higher download speeds"
"4514-GFCFI",True,"Competitor offered higher download speeds"
"9828-AOQLM",True,"Competitor offered higher download speeds"
"8000-REIQB",True,"Competitor offered higher download speeds"
"7615-ESMYF",True,"Competitor offered higher download speeds"
"3858-VOBET",True,"Competitor offered higher download speeds"
"1447-PJGGA",True,"Competitor offered higher download speeds"
"8565-CLBZW",True,"Competitor offered higher download speeds"
"9139-WQQDY",True,"Competitor offered higher download speeds"
"0224-HJAPT",True,"Competitor offered higher download speeds"
"8086-OVPWV",True,"Competitor offered higher download speeds"
"9430-FRQOC",True,"Competitor offered higher download speeds"
"3074-GQWYX",True,"Competitor offered higher download speeds"
"6845-RGTYS",True,"Product dissatisfaction"
"8861-HGGKB",True,"Product dissatisfaction"
"7065-YUNRY",True,"Product dissatisfaction"
"7694-VLBWQ",True,"Product dissatisfaction"
"4795-KTRTH",True,"Product dissatisfaction"
"6481-OGDOO",True,"Product dissatisfaction"
"3753-TSEMP",True,"Product dissatisfaction"
"8305-VHZBZ",True,"Product dissatisfaction"
"9172-JITSM",True,"Don't know"
"6298-QDFNH",True,"Product dissatisfaction"
"9961-JBNMK",True,"Product dissatisfaction"
"6173-ITPWD",True,"Product dissatisfaction"
"9734-UYXQI",True,"Product dissatisfaction"
"2189-UXTKY",True,"Product dissatisfaction"
"4958-GZWIY",True,"Don't know"
"6356-ELRKD",True,"Don't know"
"8624-GIOUT",True,"Don't know"
"6179-GJPSO",True,"Poor expertise of online support"
"3177-LASXD",True,"Poor expertise of phone support"
"4897-QSUYC",True,"Attitude of support person"
"1084-UQCHV",True,"Attitude of support person"
"8290-YWKHZ",True,"Attitude of service provider"
"2955-BJZHG",True,"Attitude of service provider"
"3806-DXQOM",True,"Attitude of service provider"
"9300-RENDD",True,"Attitude of support person"
"0761-AETCS",True,"Attitude of support person"
"2153-MREFK",True,"Attitude of support person"
"3106-ULWFW",True,"Attitude of service provider"
"0925-VYDLG",True,"Attitude of service provider"
"4349-GFQHK",True,"Attitude of service provider"
"7802-EFKNY",True,"Attitude of support person"
"8035-BUYVG",True,"Attitude of support person"
"9787-XVQIU",True,"Attitude of support person"
"8945-MUQUF",True,"Attitude of service provider"
"8051-HJRLT",True,"Attitude of service provider"
"3023-GFLBR",True,"Attitude of service provider"
"0524-IAVZO",True,"Don't know"
"2737-YNGYW",True,"Attitude of support person"
"5159-YFPKQ",True,"Attitude of support person"
"4021-RQSNY",True,"Attitude of service provider"
"9061-TIHDA",True,"Attitude of service provider"
"8699-ASUFO",True,"Attitude of service provider"
"7927-AUXBZ",True,"Attitude of support person"
"4695-WJZUE",True,"Attitude of support person"
"7619-ODSGN",True,"Attitude of support person"
"3988-RQIXO",True,"Attitude of service provider"
"2514-GINMM",True,"Attitude of service provider"
"5931-FLJJF",True,"Attitude of service provider"
"2659-VXMWZ",True,"Attitude of support person"
"3207-OYBWH",True,"Attitude of support person"
"4285-GYRQC",True,"Attitude of support person"
"7216-EWTRS",True,"Attitude of service provider"
"8337-MSSXB",True,"Attitude of service provider"
"8182-BJDSI",True,"Attitude of service provider"
"2528-HFYZX",True,"Attitude of support person"
"2482-CZGBB",True,"Attitude of support person"
"0866-QLSIR",True,"Attitude of support person"
"7181-BQYBV",True,"Attitude of service provider"
"6204-IEUXJ",True,"Attitude of service provider"
"4529-CKBCL",True,"Attitude of service provider"
"2506-CLAKW",True,"Attitude of support person"
"1583-IHQZE",True,"Attitude of support person"
"0151-ONTOV",True,"Attitude of support person"
"4140-MUHUG",True,"Attitude of service provider"
"0320-JDNQG",True,"Don't know"
"7180-PISOG",True,"Attitude of service provider"
"3571-RFHAR",True,"Attitude of support person"
"9578-VRMNM",True,"Attitude of support person"
"1587-FKLZB",True,"Attitude of support person"
"6140-QNRQQ",True,"Attitude of service provider"
"4307-KTUMW",True,"Attitude of service provider"
"5440-FLBQG",True,"Attitude of service provider"
"7470-MCQTK",True,"Attitude of support person"
"7488-MXJIV",True,"Attitude of support person"
"2027-FECZV",True,"Attitude of support person"
"2672-DZUOY",True,"Attitude of service provider"
"3870-MQAMG",True,"Attitude of service provider"
"4800-CZMPC",True,"Attitude of service provider"
"7377-DMMRI",True,"Attitude of support person"
"8949-JTMAY",True,"Attitude of support person"
"2774-LVQUS",True,"Attitude of support person"
"3211-ILJTT",True,"Attitude of service provider"
"4612-THJBS",True,"Attitude of service provider"
"4094-NSEDU",True,"Attitude of service provider"
"5103-MHMHY",True,"Attitude of support person"
"1846-XWOQN",True,"Competitor made better offer"
"0235-KGSLC",True,"Moved"
"2884-GBPFB",True,"Moved"
"3757-NJYBX",True,"Moved"
"5136-KCKGI",True,"Competitor had better devices"
"3722-WPXTK",True,"Competitor offered higher download speeds"
"2929-ERCFZ",True,"Competitor offered more data"
"7548-SEPYI",True,"Competitor made better offer"
"8835-VSDSE",True,"Competitor had better devices"
"1623-NLDOT",True,"Competitor had better devices"
"9898-KZQDZ",True,"Competitor offered higher download speeds"
"5236-PERKL",True,"Competitor offered higher download speeds"
"7854-FOKSF",True,"Competitor offered higher download speeds"
"2519-FAKOD",True,"Competitor offered more data"
"8263-JQAIK",True,"Competitor offered more data"
"7089-IVVAZ",True,"Competitor offered more data"
"2205-YMZZJ",True,"Competitor made better offer"
"1254-IZEYF",True,"Competitor made better offer"
"9492-TOKRI",True,"Price too high"
"9221-OTIVJ",True,"Product dissatisfaction"
"3325-FUYCG",True,"Service dissatisfaction"
"5908-QMGOE",True,"Lack of self-service on Website"
"8481-YYXWG",True,"Network reliability"
"2609-IAICY",True,"Limited range of services"
"1740-CSDJP",True,"Lack of affordable download/upload speed"
"2636-OHFMN",True,"Long distance charges"
"1323-OOEPC",True,"Extra data charges"
"0397-GZBBC",True,"Price too high"
"7641-EUYET",True,"Product dissatisfaction"
"9921-ZVRHG",True,"Service dissatisfaction"
"4701-MLJPN",True,"Lack of self-service on Website"
"9206-GVPEQ",True,"Network reliability"
"1596-BBVTG",True,"Don't know"
"8433-WXGNA",True,"Don't know"
"3707-GNWHM",True,"Don't know"
"8922-LIEGH",True,"Poor expertise of online support"
"8245-UMPYT",True,"Poor expertise of phone support"
"5186-SAMNZ",True,"Price too high"
"5373-SFODM",True,"Product dissatisfaction"
"5766-ZJYBB",True,"Service dissatisfaction"
"8931-GJJIQ",True,"Lack of self-service on Website"
"4277-PVRAN",True,"Network reliability"
"0022-TCJCI",True,"Limited range of services"
"0203-HHYIJ",True,"Lack of affordable download/upload speed"
"0952-KMEEH",True,"Long distance charges"
"8178-EYZUO",True,"Extra data charges"
"5130-IEKQT",True,"Price too high"
"3230-WYKIR",True,"Product dissatisfaction"
"0407-BDJKB",True,"Service dissatisfaction"
"9600-UDOPK",True,"Lack of self-service on Website"
"4074-SJFFA",True,"Network reliability"
"3269-ATYWD",True,"Don't know"
"4910-GMJOT",True,"Don't know"
"0354-WYROK",True,"Don't know"
"7576-OYWBN",True,"Price too high"
"5539-TMZLF",True,"Product dissatisfaction"
"4323-SADQS",True,"Service dissatisfaction"
"4446-BZKHU",True,"Lack of self-service on Website"
"5202-IVJNU",True,"Network reliability"
"5976-JCJRH",True,"Limited range of services"
"0137-OCGAB",True,"Lack of affordable download/upload speed"
"3351-NQLDI",True,"Long distance charges"
"7593-JNWRU",True,"Extra data charges"
"4588-YBNIB",True,"Price too high"
"3336-JORSO",True,"Product dissatisfaction"
"5028-GZLDO",True,"Service dissatisfaction"
"6861-XWTWQ",True,"Lack of self-service on Website"
"6877-TJMBR",True,"Network reliability"
"6769-DCQLI",True,"Don't know"
"2433-KMEAS",True,"Don't know"
"2195-ZRVAX",True,"Don't know"
"3550-SAHFP",True,"Price too high"
"2011-TRQYE",True,"Product dissatisfaction"
"4873-ILOLJ",True,"Service dissatisfaction"
"2725-KXXWT",True,"Lack of self-service on Website"
"9565-DJPIB",True,"Network reliability"
"8348-HFYIV",True,"Limited range of services"
"7503-QQRVF",True,"Competitor had better devices"
"6849-WLEYG",True,"Lack of affordable download/upload speed"
"4659-NZRUF",True,"Long distance charges"
"8429-XIBUM",True,"Extra data charges"
"2608-BHKFN",True,"Price too high"
"7341-LXCAF",True,"Product dissatisfaction"
"9462-MJUAW",True,"Service dissatisfaction"
"8128-YVJRG",True,"Lack of self-service on Website"
"4283-FUTGF",True,"Network reliability"
"1569-TTNYJ",True,"Don't know"
"2397-BRLOM",True,"Don't know"
"4749-VFKVB",True,"Don't know"
"7598-UAASY",True,"Attitude of service provider"
"7938-OUHIO",True,"Attitude of service provider"
"8510-AWCXC",True,"Attitude of support person"
"0431-APWVY",True,"Don't know"
"3426-NIYYL",True,"Attitude of support person"
"8225-BTJAU",True,"Attitude of service provider"
"3387-VATUS",True,"Attitude of service provider"
"1143-NMNQJ",True,"Attitude of service provider"
"0415-MOSGF",True,"Attitude of support person"
"1724-BQUHA",True,"Attitude of support person"
"4826-XTSOH",True,"Attitude of support person"
"2495-INZWQ",True,"Attitude of service provider"
"4139-SUGLD",True,"Attitude of service provider"
"6857-VWJDT",True,"Attitude of service provider"
"5624-BQSSA",True,"Attitude of support person"
"2408-WITXK",True,"Deceased"
"5577-OTWWW",True,"Moved"
"2691-NZETQ",True,"Competitor offered higher download speeds"
"4404-HIBDJ",True,"Competitor offered more data"
"7295-JOMMD",True,"Competitor made better offer"
"5013-SBUIH",True,"Competitor had better devices"
"0709-TVGUR",True,"Competitor had better devices"
"6023-YEBUP",True,"Competitor offered higher download speeds"
"7209-JCUDS",True,"Competitor offered higher download speeds"
"3001-CBHLQ",True,"Competitor offered higher download speeds"
"6158-DWPZT",True,"Competitor offered more data"
"3763-GCZHZ",True,"Competitor offered more data"
"0772-GYEQQ",True,"Competitor offered more data"
"4831-EOBFE",True,"Don't know"
"4102-OQUPX",True,"Competitor made better offer"
"9170-GYZJC",True,"Price too high"
"3999-QGRJH",True,"Product dissatisfaction"
"2454-RPBRZ",True,"Service dissatisfaction"
"2002-MZHWP",True,"Lack of self-service on Website"
"2265-CYWIV",True,"Network reliability"
"2004-OCQXK",True,"Limited range of services"
"5027-QPKTE",True,"Lack of affordable download/upload speed"
"2672-HUYVI",True,"Long distance charges"
"7508-MYBOG",True,"Extra data charges"
"0148-DCDOS",True,"Price too high"
"9992-RRAMN",True,"Product dissatisfaction"
"0310-MVLET",True,"Service dissatisfaction"
"4550-VBOFE",True,"Lack of self-service on Website"
"5696-QURRL",True,"Network reliability"
"7409-KIUTL",True,"Don't know"
"1732-VHUBQ",True,"Don't know"
"0495-RVCBF",True,"Don't know"
"7854-EDSSA",True,"Poor expertise of online support"
"8869-TORSS",True,"Poor expertise of phone support"
"0679-IDSTG",True,"Price too high"
"2115-BFTIW",True,"Product dissatisfaction"
"0611-DFXKO",True,"Service dissatisfaction"
"7780-OTDSO",True,"Lack of self-service on Website"
"9747-DDZOS",True,"Network reliability"
"0564-JJHGS",True,"Limited range of services"
"3348-CFRNX",True,"Lack of affordable download/upload speed"
"1428-GTBJJ",True,"Long distance charges"
"8802-UNOJF",True,"Extra data charges"
"6313-GIDIT",True,"Price too high"
"2845-AFFTX",True,"Product dissatisfaction"
"2249-YPRNG",True,"Service dissatisfaction"
"7410-YTJIK",True,"Lack of self-service on Website"
"4626-GYCZP",True,"Network reliability"
"5590-BYNII",True,"Don't know"
"3237-AJGEH",True,"Don't know"
"1591-NFNLQ",True,"Don't know"
"2815-CPTUL",True,"Price too high"
"0596-BQCEQ",True,"Product dissatisfaction"
"1481-ZUWZA",True,"Service dissatisfaction"
"2309-OSFEU",True,"Lack of self-service on Website"
"1891-FZYSA",True,"Network reliability"
"7613-LLQFO",True,"Limited range of services"
"2640-PMGFL",True,"Lack of affordable download/upload speed"
"3801-HMYNL",True,"Long distance charges"
"9685-WKZGT",True,"Extra data charges"
"6022-UGGSO",True,"Price too high"
"4484-CGXFK",True,"Product dissatisfaction"
"6214-EDAKZ",True,"Service dissatisfaction"
"6127-ISGTU",True,"Lack of self-service on Website"
"8740-XLHDR",True,"Network reliability"
"1208-DNHLN",True,"Don't know"
"1761-AEZZR",True,"Don't know"
"3923-CSIHK",True,"Don't know"
"7120-RFMVS",True,"Price too high"
"7317-GGVPB",True,"Product dissatisfaction"
"1322-AGOQM",True,"Service dissatisfaction"
"3677-IYRBF",True,"Lack of self-service on Website"
"5692-FPTAH",True,"Network reliability"
"1550-LOAHA",True,"Limited range of services"
"0268-QKIWO",True,"Lack of affordable download/upload speed"
"0876-WDUUZ",True,"Long distance charges"
"0617-FHSGK",True,"Extra data charges"
"2858-MOFSQ",True,"Price too high"
"8118-LSUEL",True,"Product dissatisfaction"
"7005-CCBKV",True,"Service dissatisfaction"
"4250-FDVOU",True,"Lack of self-service on Website"
"5277-ZLOOR",True,"Network reliability"
"2141-RRYGO",True,"Don't know"
"6376-GAHQE",True,"Don't know"
"5052-PNLOS",True,"Don't know"
"6979-ZNSFF",True,"Price too high"
"2386-LAHRK",True,"Product dissatisfaction"
"6032-IGALN",True,"Service dissatisfaction"
"4248-HCETZ",True,"Lack of self-service on Website"
"0516-WJVXC",True,"Network reliability"
"9174-FKWZE",True,"Limited range of services"
"8809-RIHDD",True,"Lack of affordable download/upload speed"
"4822-NGOCH",True,"Long distance charges"
"5307-DZCVC",True,"Extra data charges"
"8679-JOEVF",True,"Price too high"
"1432-FPAXX",True,"Product dissatisfaction"
"4803-AXVYP",True,"Service dissatisfaction"
"3884-HCSWG",True,"Lack of self-service on Website"
"5077-DXTCG",True,"Network reliability"
"1142-WACZW",True,"Don't know"
"5649-ANRML",True,"Don't know"
"4892-VLANZ",True,"Don't know"
"2919-HBCJO",True,"Moved"
"4236-XPXAV",True,"Moved"
"3030-YZADT",True,"Competitor had better devices"
"7410-KTVFV",True,"Competitor offered higher download speeds"
"8393-DLHGA",True,"Competitor offered more data"
"7395-IGJOS",True,"Competitor made better offer"
"2834-SPCJV",True,"Competitor had better devices"
"7890-VYYWG",True,"Competitor had better devices"
"9907-SWKKF",True,"Competitor offered higher download speeds"
"0587-DMGBH",True,"Competitor offered higher download speeds"
"6397-JNZZG",True,"Competitor offered higher download speeds"
"3523-QRQLL",True,"Competitor offered more data"
"0895-DQHEW",True,"Competitor offered more data"
"8149-RSOUN",True,"Competitor offered more data"
"7250-EQKIY",True,"Competitor made better offer"
"4013-UBXWQ",True,"Competitor made better offer"
"5519-NPHVG",True,"Price too high"
"8849-GYOKR",True,"Product dissatisfaction"
"3148-BLQJT",True,"Service dissatisfaction"
"0461-CVKMU",True,"Lack of self-service on Website"
"8806-EAGWC",True,"Network reliability"
"7779-LGOVN",True,"Limited range of services"
"9710-ZUSHQ",True,"Lack of affordable download/upload speed"
"4183-WCSEP",True,"Long distance charges"
"5498-TXHLF",True,"Extra data charges"
"9722-UJOJR",True,"Price too high"
"3902-FOIGH",True,"Product dissatisfaction"
"6772-KSATR",True,"Service dissatisfaction"
"7112-OPOTK",True,"Lack of self-service on Website"
"4210-QFJMF",True,"Network reliability"
"3318-OSATS",True,"Don't know"
"5828-AVIPD",True,"Don't know"
"1086-LXKFY",True,"Don't know"
"2636-ALXXZ",True,"Poor expertise of online support"
"7774-OJSXI",True,"Poor expertise of phone support"
"7786-WBJYI",True,"Price too high"
"9885-CSMWE",True,"Product dissatisfaction"
"5016-ETTFF",True,"Service dissatisfaction"
"3866-MDTUB",True,"Lack of self-service on Website"
"8058-JMEQO",True,"Network reliability"
"0697-ZMSWS",True,"Limited range of services"
"7657-DYEPJ",True,"Lack of affordable download/upload speed"
"8276-MQBYC",True,"Long distance charges"
"7593-XFKDI",True,"Extra data charges"
"0337-CNPZE",True,"Price too high"
"1513-XNPPH",True,"Product dissatisfaction"
"6015-VVHHE",True,"Service dissatisfaction"
"6347-DCUIK",True,"Lack of self-service on Website"
"0897-FEGMU",True,"Network reliability"
"7663-RGWBC",True,"Don't know"
"1120-BMWUB",True,"Don't know"
"9124-LHCJQ",True,"Price too high"
"2235-ZGKPT",True,"Product dissatisfaction"
"3891-PUQOD",True,"Service dissatisfaction"
"0689-NKYLF",True,"Lack of self-service on Website"
"3658-KIBGF",True,"Network reliability"
"5519-YLDGW",True,"Limited range of services"
"4946-EDSEW",True,"Lack of affordable download/upload speed"
"2516-VQRRV",True,"Long distance charges"
"7580-UGXNC",True,"Extra data charges"
"5178-LMXOP",True,"Price too high"
"8185-UPYBR",True,"Product dissatisfaction"
"4585-HETAI",True,"Service dissatisfaction"
"7526-BEZQB",True,"Lack of self-service on Website"
"4951-UKAAQ",True,"Network reliability"
"2108-YKQTY",True,"Don't know"
"4918-QLLIW",True,"Don't know"
"7056-IMHCC",True,"Price too high"
"1625-JAIIY",True,"Product dissatisfaction"
"2947-DOMLJ",True,"Service dissatisfaction"
"4112-LUEIZ",True,"Lack of self-service on Website"
"4510-HIMLV",True,"Network reliability"
"8749-JMNKX",True,"Limited range of services"
"2430-USGXP",True,"Lack of affordable download/upload speed"
"5955-ERIHD",True,"Long distance charges"
"0917-EZOLA",True,"Extra data charges"
"5949-EBSQK",True,"Price too high"
"7274-RTAPZ",True,"Product dissatisfaction"
"0311-UNPFF",True,"Service dissatisfaction"
"3834-XUIFC",True,"Lack of self-service on Website"
"8414-MYSHR",True,"Network reliability"
"7599-FKVXZ",True,"Don't know"
"8229-TNIQA",True,"Don't know"
"6221-AVQYL",True,"Price too high"
"7743-EXURX",True,"Product dissatisfaction"
"5569-KGJHX",True,"Service dissatisfaction"
"4988-IQIGL",True,"Lack of self-service on Website"
"7730-IUTDZ",True,"Network reliability"
"0426-TIRNE",True,"Limited range of services"
"7587-RZNME",True,"Lack of affordable download/upload speed"
"0748-RDGGM",True,"Long distance charges"
"4706-AXVKM",True,"Extra data charges"
"5889-JTMUL",True,"Price too high"
"9026-RNUJS",True,"Product dissatisfaction"
"3746-EUBYR",True,"Service dissatisfaction"
"2332-EFBJY",True,"Lack of self-service on Website"
"9474-PHLYD",True,"Network reliability"
"2165-VOEGB",True,"Don't know"
"2219-MVUSO",True,"Don't know"
"8914-RBTSB",True,"Don't know"
"0963-ZBDRN",True,"Attitude of support person"
"7594-RQHXR",True,"Deceased"
"6331-EWIEB",True,"Moved"
"5998-VVEJY",True,"Moved"
"1624-NALOJ",True,"Moved"
"4317-VTEOA",True,"Competitor had better devices"
"1670-SVOWZ",True,"Competitor offered higher download speeds"
"7541-YLXCL",True,"Don't know"
"0260-ZDLGK",True,"Competitor made better offer"
"8722-NGNBH",True,"Competitor had better devices"
"6210-KBBPI",True,"Competitor had better devices"
"0133-BMFZO",True,"Competitor offered higher download speeds"
"6128-CZOMY",True,"Competitor offered higher download speeds"
"9540-JYROE",True,"Competitor offered higher download speeds"
"2260-USTRB",True,"Competitor offered more data"
"3656-TKRVZ",True,"Competitor offered more data"
"8623-TMRBY",True,"Competitor offered more data"
"1501-SGHBW",True,"Competitor made better offer"
"3208-YPIOE",True,"Competitor made better offer"
"2612-RANWT",True,"Price too high"
"6900-PXRMS",True,"Product dissatisfaction"
"3346-BRMIS",True,"Service dissatisfaction"
"2933-FILNV",True,"Lack of self-service on Website"
"9986-BONCE",True,"Network reliability"
"2722-JMONI",True,"Limited range of services"
"4083-EUGRJ",True,"Lack of affordable download/upload speed"
"7579-OOPEC",True,"Long distance charges"
"1771-OADNZ",True,"Extra data charges"
"0612-RTZZA",True,"Price too high"
"6410-LEFEN",True,"Product dissatisfaction"
"3194-ORPIK",True,"Service dissatisfaction"
"8816-VXNZD",True,"Lack of self-service on Website"
"9378-FXTIZ",True,"Network reliability"
"1723-HKXJQ",True,"Don't know"
"7825-GKXMW",True,"Don't know"
"1240-KNSEZ",True,"Don't know"
"0836-SEYLU",True,"Poor expertise of online support"
"4433-JCGCG",True,"Poor expertise of phone support"
"3716-BDVDB",True,"Competitor had better devices"
"5899-MQZZL",True,"Competitor offered higher download speeds"
"6849-OYAMU",True,"Competitor offered more data"
"9488-HGMJH",True,"Competitor made better offer"
"6038-GCYEC",True,"Competitor had better devices"
"1150-WFARN",True,"Competitor had better devices"
"3144-AUDBS",True,"Competitor offered higher download speeds"
"5616-PRTNT",True,"Competitor offered higher download speeds"
"4818-QIUFN",True,"Competitor offered higher download speeds"
"6961-VCPMC",True,"Competitor offered more data"
"6688-UZPWD",True,"Competitor offered more data"
"2839-RFSQE",True,"Competitor offered more data"
"0968-GSIKN",True,"Competitor made better offer"
"1965-DDBWU",True,"Competitor made better offer"
"9057-SIHCH",True,"Price too high"
"6771-XWBDM",True,"Product dissatisfaction"
"8601-QACRS",True,"Service dissatisfaction"
"2391-SOORI",True,"Lack of self-service on Website"
"2645-QTLMB",True,"Network reliability"
"4806-HIPDW",True,"Limited range of services"
"4424-TKOPW",True,"Lack of affordable download/upload speed"
"8443-ZRDBZ",True,"Long distance charges"
"9136-ALYBR",True,"Extra data charges"
"7479-NITWS",True,"Price too high"
"2959-MJHIC",True,"Product dissatisfaction"
"4201-JMNGR",True,"Service dissatisfaction"
"5960-WPXQM",True,"Lack of self-service on Website"
"0684-AOSIH",True,"Network reliability"
"8260-NGFNY",True,"Don't know"
"1866-RZZQS",True,"Competitor had better devices"
"8631-NBHFZ",True,"Competitor offered higher download speeds"
"4958-XCBDQ",True,"Competitor offered more data"
"8337-UPOAQ",True,"Competitor made better offer"
"1725-IQNIY",True,"Competitor had better devices"
"6598-RFFVI",True,"Competitor had better devices"
"6712-OAWRH",True,"Competitor offered higher download speeds"
"8614-VGMMV",True,"Competitor offered higher download speeds"
"2930-UOTMB",True,"Competitor offered higher download speeds"
"5914-DVBWJ",True,"Competitor offered more data"
"2533-QVMSK",True,"Competitor offered more data"
"8644-XLFBW",True,"Competitor offered more data"
"8625-AZYZY",True,"Competitor made better offer"
"9306-CPCBC",True,"Competitor made better offer"
"1833-VGRUM",True,"Price too high"
"8374-XGEJJ",True,"Product dissatisfaction"
"2656-TABEH",True,"Service dissatisfaction"
"6946-LMSQS",True,"Lack of self-service on Website"
"2325-ZUSFD",True,"Network reliability"
"3932-CMDTD",True,"Limited range of services"
"4039-HEUNW",True,"Lack of affordable download/upload speed"
"0812-WUPTB",True,"Long distance charges"
"3594-UVONA",True,"Extra data charges"
"0004-TLHLJ",True,"Price too high"
"5089-IFSDP",True,"Product dissatisfaction"
"4817-VYYWS",True,"Service dissatisfaction"
"1396-QWFBJ",True,"Lack of self-service on Website"
"5299-SJCZT",True,"Network reliability"
"2403-BCASL",True,"Don't know"
"2898-LSJGD",True,"Attitude of service provider"
"7359-PTSXY",True,"Attitude of support person"
"4503-BDXBD",True,"Attitude of support person"
"6086-ESGRL",True,"Attitude of support person"
"3886-CERTZ",True,"Attitude of service provider"
"5759-RCVCB",True,"Attitude of service provider"
"6372-RFVNS",True,"Attitude of service provider"
"8938-UMKPI",True,"Attitude of support person"
"0991-BRRFB",True,"Deceased"
"3871-IKPYH",True,"Moved"
"6319-IEJWJ",True,"Moved"
"9025-AOMKI",True,"Moved"
"5275-SQEIZ",True,"Competitor had better devices"
"7716-YTYHG",True,"Competitor offered higher download speeds"
"3677-TNKIO",True,"Don't know"
"4390-KYULV",True,"Competitor offered more data"
"1304-NECVQ",True,"Competitor made better offer"
"8945-GRKHX",True,"Competitor had better devices"
"6959-UWKHF",True,"Competitor had better devices"
"3815-SLMEF",True,"Competitor offered higher download speeds"
"5154-VEKBL",True,"Competitor offered higher download speeds"
"5655-JSMZM",True,"Competitor offered higher download speeds"
"4505-EXZHB",True,"Competitor offered more data"
"4587-VVTOX",True,"Competitor offered more data"
"4652-NNHNY",True,"Don't know"
"8972-HJWNV",True,"Competitor made better offer"
"8515-OCTJS",True,"Competitor made better offer"
"2860-RANUS",True,"Price too high"
"5261-QSHQM",True,"Product dissatisfaction"
"8868-WOZGU",True,"Service dissatisfaction"
"1334-FJSVR",True,"Lack of self-service on Website"
"7625-XCQRH",True,"Network reliability"
"1731-TVIUK",True,"Limited range of services"
"0406-BPDVR",True,"Lack of affordable download/upload speed"
"0618-XWMSS",True,"Long distance charges"
"5276-KQWHG",True,"Extra data charges"
"2565-JSLRY",True,"Price too high"
"6689-KXGBO",True,"Product dissatisfaction"
"6615-NGGZJ",True,"Service dissatisfaction"
"4255-DDUOU",True,"Lack of self-service on Website"
"2984-MIIZL",True,"Network reliability"
"5590-YRFJT",True,"Don't know"
"9667-EQRXU",True,"Don't know"
"3329-WDIOK",True,"Poor expertise of online support"
"2873-ZLIWT",True,"Poor expertise of phone support"
"3415-TAILE",True,"Competitor had better devices"
"1915-IOFGU",True,"Competitor offered higher download speeds"
"3045-XETSH",True,"Competitor offered more data"
"7239-HZZCX",True,"Competitor made better offer"
"7683-CBDKJ",True,"Competitor had better devices"
"0946-CLJTI",True,"Competitor had better devices"
"0628-CNQRM",True,"Don't know"
"7665-TOALD",True,"Competitor offered higher download speeds"
"0112-QWPNC",True,"Competitor offered higher download speeds"
"0324-BRPCJ",True,"Competitor offered more data"
"2777-PHDEI",True,"Competitor offered more data"
"1196-AMORA",True,"Competitor offered more data"
"4282-YMKNA",True,"Competitor made better offer"
"5356-RHIPP",True,"Competitor made better offer"
"9189-JWSHV",True,"Price too high"
"0746-JTRFU",True,"Product dissatisfaction"
"0576-WNXXC",True,"Service dissatisfaction"
"4628-CTTLA",True,"Lack of self-service on Website"
"2876-VBBBL",True,"Network reliability"
"6834-NXDCA",True,"Limited range of services"
"5597-GLBUC",True,"Lack of affordable download/upload speed"
"2748-MYRVK",True,"Long distance charges"
"4822-YCXMX",True,"Extra data charges"
"9821-POOTN",True,"Price too high"
"6559-ILWKJ",True,"Product dissatisfaction"
"4229-CZMLL",True,"Service dissatisfaction"
"3663-MITLP",True,"Lack of self-service on Website"
"9025-ZRPVR",True,"Network reliability"
"3285-UCQVC",True,"Don't know"
"5482-PLVPE",True,"Competitor had better devices"
"4902-OHLSK",True,"Competitor offered higher download speeds"
"0495-ZBNGW",True,"Competitor offered more data"
"2357-COQEK",True,"Competitor made better offer"
"3737-GCSPV",True,"Competitor had better devices"
"4088-YLDSU",True,"Competitor had better devices"
"2034-CGRHZ",True,"Competitor offered higher download speeds"
"5797-APWZC",True,"Competitor offered higher download speeds"
"3683-QKIUE",True,"Competitor offered higher download speeds"
"4228-ZGYUW",True,"Competitor offered more data"
"3519-ZKXGG",True,"Competitor offered more data"
"6416-TVAIH",True,"Competitor offered more data"
"5108-ADXWO",True,"Competitor made better offer"
"3066-RRJIO",True,"Competitor made better offer"
"6715-OFDBP",True,"Price too high"
"1567-DSCIC",True,"Product dissatisfaction"
"2150-UWTFY",True,"Service dissatisfaction"
"2683-BPJSO",True,"Lack of self-service on Website"
"2157-MXBJS",True,"Network reliability"
"9360-AHGNL",True,"Limited range of services"
"1087-UDSIH",True,"Lack of affordable download/upload speed"
"5485-WUYWF",True,"Long distance charges"
"2632-UCGVD",True,"Extra data charges"
"5445-PZWGX",True,"Price too high"
"9170-CCKOU",True,"Product dissatisfaction"
"1043-YCUTE",True,"Service dissatisfaction"
"3814-MLAXC",True,"Lack of self-service on Website"
"1226-UDFZR",True,"Network reliability"
"6425-YQLLO",True,"Don't know"
"5442-UTCVD",True,"Attitude of service provider"
"7734-DBOAI",True,"Attitude of support person"
"2091-RFFBA",True,"Attitude of support person"
"2114-MGINA",True,"Attitude of support person"
"4489-SNOJF",True,"Don't know"
"6899-PPEEA",True,"Attitude of service provider"
"2187-LZGPL",True,"Attitude of service provider"
"4597-NUCQV",True,"Attitude of support person"
"9019-QVLZD",True,"Competitor made better offer"
"3707-LRWZD",True,"Moved"
"1455-ESIQH",True,"Moved"
"2979-SXESE",True,"Moved"
"4013-TLDHQ",True,"Competitor had better devices"
"3754-DXMRT",True,"Competitor offered higher download speeds"
"7130-VTEWQ",True,"Competitor offered more data"
"6121-VZNQB",True,"Competitor made better offer"
"7903-CMPEY",True,"Competitor had better devices"
"6996-KNSML",True,"Competitor had better devices"
"1704-NRWYE",True,"Competitor offered higher download speeds"
"2592-SEIFQ",True,"Competitor offered higher download speeds"
"7481-ATQQS",True,"Competitor offered higher download speeds"
"8642-GVWRF",True,"Competitor offered more data"
"3400-ESFUW",True,"Competitor offered more data"
"2057-ZBLPD",True,"Competitor offered more data"
"5502-RLUYV",True,"Competitor made better offer"
"0023-HGHWL",True,"Competitor made better offer"
"9039-RBEEE",True,"Price too high"
"8417-FMLZI",True,"Product dissatisfaction"
"1792-UXAFY",True,"Service dissatisfaction"
"0515-YPMCW",True,"Lack of self-service on Website"
"0378-XSZPU",True,"Network reliability"
"4729-XKASR",True,"Limited range of services"
"5449-FIBXJ",True,"Lack of affordable download/upload speed"
"9837-BMCLM",True,"Long distance charges"
"0137-UDEUO",True,"Extra data charges"
"6161-UUUTA",True,"Price too high"
"6543-XRMYR",True,"Product dissatisfaction"
"4925-LMHOK",True,"Service dissatisfaction"
"1455-UGQVH",True,"Lack of self-service on Website"
"8280-MQRQN",True,"Network reliability"
"2037-SGXHH",True,"Don't know"
"3178-FESZO",True,"Don't know"
"6087-MVHJH",True,"Don't know"
"4603-JANFB",True,"Poor expertise of online support"
"3018-TFTSU",True,"Poor expertise of phone support"
"4806-KEXQR",True,"Competitor had better devices"
"7083-YNSKY",True,"Competitor offered higher download speeds"
"2479-BRAMR",True,"Competitor offered more data"
"7434-SHXLS",True,"Competitor made better offer"
"7908-QCBCA",True,"Competitor had better devices"
"6686-YPGHK",True,"Moved"
"6711-FLDFB",True,"Competitor had better devices"
"3714-JTVOV",True,"Competitor offered higher download speeds"
"4702-IOQDC",True,"Competitor offered higher download speeds"
"6178-KFNHS",True,"Competitor offered higher download speeds"
"1264-BYWMS",True,"Competitor offered more data"
"9658-WYUFB",True,"Competitor offered more data"
"2013-SGDXK",True,"Competitor offered more data"
"8580-QVLOC",True,"Competitor made better offer"
"2012-NWRPA",True,"Competitor made better offer"
"8808-ELEHO",True,"Price too high"
"3506-LCJDC",True,"Product dissatisfaction"
"3934-HXCFZ",True,"Service dissatisfaction"
"7666-WKRON",True,"Lack of self-service on Website"
"4910-AQFFX",True,"Network reliability"
"2154-KVJFF",True,"Limited range of services"
"9647-ERGBE",True,"Lack of affordable download/upload speed"
"3428-XZMAZ",True,"Long distance charges"
"0378-TOVMS",True,"Extra data charges"
"4355-HBJHH",True,"Price too high"
"9058-CBREO",True,"Product dissatisfaction"
"0318-QUUOB",True,"Service dissatisfaction"
"5520-FVEWJ",True,"Lack of self-service on Website"
"5572-ZDXHY",True,"Network reliability"
"3750-CKVKH",True,"Don't know"
"8063-GBATB",True,"Competitor had better devices"
"4547-KQRTM",True,"Competitor offered higher download speeds"
"4877-EVATK",True,"Competitor offered more data"
"7639-SUPCW",True,"Competitor made better offer"
"1069-XAIEM",True,"Competitor had better devices"
"4658-HCOHW",True,"Competitor had better devices"
"3440-JPSCL",True,"Competitor offered higher download speeds"
"2889-FPWRM",True,"Competitor offered higher download speeds"
"6987-XQSJT",True,"Competitor offered higher download speeds"
"4290-BSXUX",True,"Competitor offered more data"
"0325-XBFAC",True,"Competitor offered more data"
"2462-XIIJB",True,"Competitor offered more data"
"4760-XOHVN",True,"Competitor made better offer"
"7817-BOQPW",True,"Competitor made better offer"
"1853-UDXBW",True,"Price too high"
"5458-CQJTA",True,"Product dissatisfaction"
"5219-YIPTK",True,"Service dissatisfaction"
"3540-RZJYU",True,"Lack of self-service on Website"
"2091-MJTFX",True,"Network reliability"
"0883-EIBTI",True,"Limited range of services"
"0722-TROQR",True,"Lack of affordable download/upload speed"
"7571-YXDAD",True,"Long distance charges"
"3393-FMZPV",True,"Extra data charges"
"6402-ZFPPI",True,"Price too high"
"7486-KSRVI",True,"Product dissatisfaction"
"8443-WVPSS",True,"Service dissatisfaction"
"3006-XIMLN",True,"Lack of self-service on Website"
"9965-YOKZB",True,"Network reliability"
"0504-HHAPI",True,"Don't know"
"6305-YLBMM",True,"Attitude of service provider"
"3647-GMGDH",True,"Attitude of support person"
"3791-LGQCY",True,"Attitude of support person"
"8166-ZZTFS",True,"Attitude of support person"
"2956-GGUCQ",True,"Attitude of service provider"
"6595-COKXZ",True,"Attitude of service provider"
"0362-ZBZWJ",True,"Attitude of service provider"
"4211-MMAZN",True,"Attitude of support person"
"4274-OWWYO",True,"Deceased"
"1541-ETJZO",True,"Moved"
"4106-HADHQ",True,"Moved"
"2369-UAPKZ",True,"Moved"
"2778-OCLGR",True,"Competitor had better devices"
"0637-KVDLV",True,"Don't know"
"6633-MPWBS",True,"Competitor offered more data"
"8785-EPNCG",True,"Competitor made better offer"
"5729-KLZAR",True,"Competitor had better devices"
"1582-RAFML",True,"Competitor had better devices"
"8740-CRYFY",True,"Competitor offered higher download speeds"
"2962-XPMCQ",True,"Competitor offered higher download speeds"
"1678-FYZOW",True,"Competitor offered higher download speeds"
"8627-EHGIP",True,"Competitor offered more data"
"5480-TBGPH",True,"Competitor offered more data"
"8854-CCVSQ",True,"Competitor offered more data"
"0511-JTEOY",True,"Competitor made better offer"
"7067-KSAZT",True,"Competitor made better offer"
"6532-YLWSI",True,"Price too high"
"9300-AGZNL",True,"Product dissatisfaction"
"1112-CUNAO",True,"Service dissatisfaction"
"5175-AOBHI",True,"Lack of self-service on Website"
"5174-RNGBH",True,"Network reliability"
"7270-BDIOA",True,"Limited range of services"
"9565-JSNFM",True,"Lack of affordable download/upload speed"
"0607-DAAHE",True,"Long distance charges"
"9732-KPKBW",True,"Extra data charges"
"3389-YGYAI",True,"Price too high"
"9560-ARGQJ",True,"Product dissatisfaction"
"5134-IKDAY",True,"Service dissatisfaction"
"3070-DVEYC",True,"Lack of self-service on Website"
"5707-ORNDZ",True,"Network reliability"
"8696-JKZNU",True,"Don't know"
"5380-AFSSK",True,"Don't know"
"2055-PDADH",True,"Don't know"
"8714-EUHJO",True,"Poor expertise of online support"
"3721-CNEYS",True,"Poor expertise of phone support"
"2568-OIADY",True,"Competitor had better devices"
"1193-RTSLK",True,"Competitor offered higher download speeds"
"2302-ANTDP",True,"Competitor offered more data"
"5923-GXUOC",True,"Competitor made better offer"
"5233-GEEAX",True,"Competitor had better devices"
"4432-ADRLB",True,"Competitor had better devices"
"8993-PHFWD",True,"Competitor offered higher download speeds"
"1565-RHDJD",True,"Competitor offered higher download speeds"
"7137-RYLPP",True,"Competitor offered higher download speeds"
"3765-JXVKY",True,"Competitor offered more data"
"7330-WZLNC",True,"Competitor offered more data"
"3957-LXOLK",True,"Competitor offered more data"
"6635-MYYYZ",True,"Competitor made better offer"
"5281-BUZGT",True,"Competitor made better offer"
"5378-IKEEG",True,"Price too high"
"2718-GAXQD",True,"Product dissatisfaction"
"6413-XKKPU",True,"Service dissatisfaction"
"1449-XQEMT",True,"Lack of self-service on Website"
"2626-URJFX",True,"Network reliability"
"2612-RRIDN",True,"Limited range of services"
"4735-ASGMA",True,"Lack of affordable download/upload speed"
"3669-LVWZB",True,"Long distance charges"
"6892-EZDTG",True,"Extra data charges"
"9725-SCPZG",True,"Price too high"
"5884-GCYMI",True,"Product dissatisfaction"
"3217-FZDMN",True,"Service dissatisfaction"
"7853-GVUDZ",True,"Lack of self-service on Website"
"7480-QNVZJ",True,"Network reliability"
"3943-KDREE",True,"Don't know"
"9239-ZBZZV",True,"Competitor had better devices"
"4398-HSCJH",True,"Competitor offered higher download speeds"
"4430-UZIPO",True,"Competitor offered more data"
"4855-SNKMY",True,"Competitor made better offer"
"8008-HAWED",True,"Competitor had better devices"
"7124-UGSUR",True,"Competitor had better devices"
"1862-SKORY",True,"Competitor offered higher download speeds"
"1502-XFCVR",True,"Competitor offered higher download speeds"
"9692-TUSXH",True,"Competitor offered higher download speeds"
"7912-SYRQT",True,"Competitor offered more data"
"4816-JBHOV",True,"Competitor offered more data"
"8292-TYSPY",True,"Competitor offered more data"
"7623-TRNQN",True,"Extra data charges"
"1867-BDVFH",True,"Competitor made better offer"
"2359-QWQUL",True,"Competitor made better offer"
"9103-TCIHJ",True,"Price too high"
"4140-WJAWW",True,"Product dissatisfaction"
"6653-CBBOM",True,"Service dissatisfaction"
"3247-ZVOUO",True,"Lack of self-service on Website"
"6101-IMRMM",True,"Network reliability"
"1268-ASBGA",True,"Limited range of services"
"8943-URTMR",True,"Lack of affordable download/upload speed"
"4713-LZDRV",True,"Long distance charges"
"4325-NFSKC",True,"Extra data charges"
"2955-PSXOE",True,"Price too high"
"7762-URZQH",True,"Product dissatisfaction"
"6907-NZZIJ",True,"Service dissatisfaction"
"2911-UREFD",True,"Lack of self-service on Website"
"3744-ZRRDZ",True,"Network reliability"
"5673-TIYIB",True,"Don't know"
"1602-IJQQE",True,"Attitude of service provider"
"4628-WQCQQ",True,"Attitude of support person"
"1644-IRKSF",True,"Attitude of support person"
"3705-PSNGL",True,"Attitude of support person"
"6502-HCJTI",True,"Attitude of service provider"
"2606-RMDHZ",True,"Attitude of service provider"
"8258-GSTJK",True,"Attitude of service provider"
"6861-OKBCE",True,"Attitude of support person"
"9940-RHLFB",True,"Competitor made better offer"
"2995-UPRYS",True,"Moved"
"1383-EZRWL",True,"Moved"
"4759-TRPLW",True,"Competitor had better devices"
"8563-IIOXK",True,"Competitor offered higher download speeds"
"8020-BWHYL",True,"Competitor offered more data"
"2982-VPSGI",True,"Competitor made better offer"
"8199-ZLLSA",True,"Competitor had better devices"
"4625-EWPTF",True,"Competitor had better devices"
"5980-NOPLP",True,"Competitor offered higher download speeds"
"6892-XPFPU",True,"Competitor offered higher download speeds"
"8010-EZLOU",True,"Competitor offered higher download speeds"
"9874-QLCLH",True,"Competitor offered more data"
"8062-YBDOE",True,"Don't know"
"6000-APYLU",True,"Competitor offered more data"
"0947-IDHRQ",True,"Competitor made better offer"
"3672-YITQD",True,"Competitor made better offer"
"9048-JVYVF",True,"Price too high"
"8988-ECPJR",True,"Product dissatisfaction"
"3776-EKTKM",True,"Service dissatisfaction"
"1902-XBTFB",True,"Lack of self-service on Website"
"0643-OKLRP",True,"Network reliability"
"9381-NDKME",True,"Limited range of services"
"2794-XIMMO",True,"Lack of affordable download/upload speed"
"8382-SHQEH",True,"Long distance charges"
"2983-ZANRP",True,"Extra data charges"
"7845-URHJN",True,"Price too high"
"3034-ZBEQN",True,"Product dissatisfaction"
"8327-LZKAS",True,"Service dissatisfaction"
"3714-NTNFO",False,NULL
"1075-BGWOH",True,"Lack of self-service on Website"
"0302-JOIVN",True,"Network reliability"
"5366-IJEQJ",True,"Don't know"
"1981-INRFU",True,"Don't know"
"4971-PUYQO",True,"Don't know"
"8485-GJCDN",True,"Poor expertise of online support"
"1527-SXDPN",True,"Poor expertise of phone support"
"6029-WTIPC",True,"Competitor had better devices"
"8634-CILSZ",True,"Competitor offered higher download speeds"
"6682-QJDGB",True,"Competitor offered more data"
"8780-IXSTS",True,"Competitor made better offer"
"9530-EHPOH",True,"Competitor had better devices"
"0345-HKJVM",True,"Don't know"
"3049-SOLAY",True,"Competitor offered higher download speeds"
"3317-HRTNN",True,"Competitor offered higher download speeds"
"3235-ETOOB",True,"Competitor offered higher download speeds"
"8058-INTPH",True,"Competitor offered more data"
"5569-OUICF",True,"Competitor offered more data"
"8821-XNHVZ",True,"Competitor offered more data"
"2082-OJVTK",True,"Competitor made better offer"
"5940-NFXKV",True,"Competitor made better offer"
"8053-WWDRO",True,"Price too high"
"9564-KCLHR",True,"Product dissatisfaction"
"2082-CEFLT",True,"Service dissatisfaction"
"1213-NGCUN",True,"Lack of self-service on Website"
"5688-KZTSN",True,"Network reliability"
"2894-QOJRX",True,"Limited range of services"
"5747-PMBSQ",True,"Lack of affordable download/upload speed"
"3143-JQEGI",True,"Long distance charges"
"6386-SZZKH",True,"Extra data charges"
"2982-IHMFT",True,"Price too high"
"3521-SYVOR",True,"Product dissatisfaction"
"9526-JAWYF",True,"Service dissatisfaction"
"5649-VUKMC",True,"Lack of self-service on Website"
"5143-EGQFK",True,"Network reliability"
"4919-IKATY",True,"Don't know"
"9050-QLROH",True,"Competitor had better devices"
"6168-WFVVF",True,"Competitor offered higher download speeds"
"0877-SDMBN",True,"Competitor offered more data"
"8065-YKXKD",True,"Competitor made better offer"
"9637-EIHEQ",True,"Don't know"
"9689-PTNPG",True,"Competitor had better devices"
"9465-RWMXL",True,"Competitor offered higher download speeds"
"2362-IBOOY",True,"Competitor offered higher download speeds"
"0843-WTBXE",True,"Competitor offered higher download speeds"
"5515-IDEJJ",True,"Competitor offered more data"
"7450-NWRTR",True,"Competitor offered more data"
"5376-DEQCP",True,"Competitor offered more data"
"9095-HFAFX",True,"Competitor made better offer"
"2379-ENZGV",True,"Competitor made better offer"
"6005-OBZPH",True,"Price too high"
"7932-WPTDS",True,"Product dissatisfaction"
"2722-VOJQL",True,"Service dissatisfaction"
"5228-EXCET",True,"Lack of self-service on Website"
"7394-FKDNK",True,"Network reliability"
"6331-LWDTQ",True,"Limited range of services"
"1597-FZREH",True,"Lack of affordable download/upload speed"
"7000-WCEVQ",True,"Long distance charges"
"0727-IWKVK",True,"Extra data charges"
"5959-BELXA",True,"Price too high"
"3512-IZIKN",True,"Product dissatisfaction"
"6141-OOXUQ",True,"Service dissatisfaction"
"7503-ZGUZJ",True,"Lack of self-service on Website"
"2506-TNFCO",True,"Network reliability"
"8718-PTMEZ",True,"Don't know"
"2207-OBZNX",True,"Attitude of service provider"
"6142-VSJQO",True,"Attitude of support person"
"6437-UKHMV",True,"Attitude of support person"
"1114-CENIM",True,"Don't know"
"6060-DRTNL",True,"Attitude of service provider"
"8473-VUVJN",True,"Attitude of service provider"
"6289-CPNLD",True,"Attitude of service provider"
"5536-SLHPM",True,"Attitude of support person"
"0196-VULGZ",True,"Deceased"
"8837-VVWLQ",True,"Moved"
"2696-NARTR",True,"Moved"
"7614-QVWQL",True,"Moved"
"1976-CFOCS",True,"Competitor had better devices"
"4631-OACRM",True,"Competitor offered higher download speeds"
"3755-JBMNH",True,"Competitor offered more data"
"6345-ULYRW",True,"Competitor made better offer"
"1809-DMJHQ",True,"Competitor had better devices"
"6923-EFPNL",True,"Competitor had better devices"
"9574-RKJIF",True,"Competitor offered higher download speeds"
"2619-WFQWU",True,"Competitor offered higher download speeds"
"0778-NELLA",True,"Competitor offered higher download speeds"
"4614-NUVZD",True,"Competitor offered more data"
"3803-KMQFW",True,"Competitor offered more data"
"6804-GDMOI",True,"Competitor offered more data"
"9572-MTILT",True,"Competitor made better offer"
"9611-CTWIH",True,"Competitor made better offer"
"0329-GTIAJ",True,"Price too high"
"6629-CZTTH",True,"Product dissatisfaction"
"5364-EVNIB",True,"Service dissatisfaction"
"5087-SUURX",True,"Lack of self-service on Website"
"0013-EXCHZ",True,"Network reliability"
"5550-VFRLC",True,"Limited range of services"
"4929-BSTRX",True,"Lack of affordable download/upload speed"
"2225-ZRGSG",True,"Long distance charges"
"5271-YNWVR",True,"Extra data charges"
"2657-ALMWY",True,"Price too high"
"6330-JKLPC",True,"Product dissatisfaction"
"4667-OHGKG",True,"Service dissatisfaction"
"1660-HSOOQ",True,"Lack of self-service on Website"
"7253-UVNDW",True,"Network reliability"
"7228-OMTPN",True,"Don't know"
"6284-AHOOQ",True,"Don't know"
"2344-JMOGN",True,"Don't know"
"3799-ISUZQ",True,"Poor expertise of online support"
"1794-HBQTJ",True,"Poor expertise of phone support"
"2460-FPSYH",True,"Attitude of support person"
"4818-DRBQT",True,"Attitude of support person"
"1320-HTRDR",True,"Attitude of service provider"
"1493-AMTIE",True,"Attitude of service provider"
"6424-ELEYH",True,"Attitude of service provider"
"4391-RESHN",True,"Attitude of support person"
"6821-BUXUX",True,"Attitude of support person"
"5028-HTLJB",True,"Attitude of support person"
"9801-GDWGV",True,"Attitude of service provider"
"2320-JRSDE",True,"Attitude of service provider"
"0601-WZHJF",True,"Attitude of service provider"
"5143-WMWOG",True,"Attitude of support person"
"5393-RXQSZ",True,"Attitude of support person"
"0231-LXVAP",True,"Attitude of support person"
"9444-JTXHZ",True,"Don't know"
"5510-BOIUJ",True,"Attitude of service provider"
"4471-KXAUH",True,"Attitude of service provider"
"7638-QVMVY",True,"Attitude of support person"
"3244-DCJWY",True,"Attitude of support person"
"0875-CABNR",True,"Attitude of support person"
"7812-FZHPE",True,"Attitude of service provider"
"4797-AXPXK",True,"Attitude of service provider"
"5229-PRWKT",True,"Attitude of service provider"
"6982-UQZLY",True,"Attitude of support person"
"5057-LCOUI",True,"Attitude of support person"
"0193-ESZXP",True,"Attitude of support person"
"4369-HTUIF",True,"Attitude of service provider"
"0156-FVPTA",True,"Attitude of service provider"
"1984-FCOWB",True,"Attitude of service provider"
"0654-HMSHN",True,"Attitude of support person"
"5287-QWLKY",True,"Attitude of support person"
"5196-SGOAK",True,"Attitude of support person"
"1891-UAWWU",True,"Attitude of service provider"
"6108-OQZDQ",True,"Attitude of service provider"
"0363-QJVFX",True,"Attitude of service provider"
"9840-DVNDC",True,"Attitude of support person"
"3096-JRDSO",True,"Attitude of support person"
"8042-JVNFH",True,"Attitude of support person"
"3374-LXDEV",True,"Attitude of service provider"
"5049-GLYVG",True,"Attitude of service provider"
"5883-GTGVD",True,"Attitude of service provider"
"4817-QRJSX",True,"Attitude of support person"
"2398-YPMUR",True,"Don't know"
"9985-MWVIX",True,"Attitude of support person"
"1265-XTECC",True,"Attitude of service provider"
"2237-ZFSMY",True,"Attitude of service provider"
"4871-JTKJF",True,"Attitude of service provider"
"1415-YFWLT",True,"Attitude of support person"
"6711-VTNRE",True,"Attitude of support person"
"3500-RMZLT",True,"Attitude of support person"
"4548-SDBKE",True,"Attitude of service provider"
"8066-POXGX",True,"Attitude of service provider"
"4143-OOBWZ",True,"Attitude of service provider"
"7854-EKTJL",True,"Attitude of support person"
"9102-IAYHT",True,"Attitude of support person"
"3422-LYEPQ",True,"Attitude of support person"
"2642-DTVCO",True,"Attitude of service provider"
"4361-JEIVL",True,"Attitude of service provider"
"1363-TXLSL",True,"Attitude of service provider"
"9507-EXLTT",True,"Attitude of support person"
"9846-GKXAS",True,"Attitude of support person"
"6017-PPLPX",True,"Attitude of support person"
"7136-RVDTZ",True,"Attitude of service provider"
"4581-SSPWD",True,"Attitude of service provider"
"6927-WTFIV",True,"Attitude of service provider"
"3398-ZOUAA",True,"Attitude of support person"
"0378-NHQXU",True,"Deceased"
"4512-ZUIYL",True,"Moved"
"7969-AULMZ",True,"Moved"
"0568-ONFPC",True,"Moved"
"0733-VUNUW",True,"Competitor had better devices"
"4550-EVXNY",True,"Competitor offered higher download speeds"
"2968-SSGAA",True,"Competitor offered more data"
"4844-JJWUY",True,"Competitor made better offer"
"6777-TGHTM",True,"Competitor had better devices"
"3538-WZPHD",True,"Competitor had better devices"
"4785-QRJHC",True,"Competitor offered higher download speeds"
"8610-WFCJF",True,"Competitor offered higher download speeds"
"4905-JEFDW",True,"Competitor offered higher download speeds"
"7881-INRLC",True,"Competitor offered more data"
"0117-LFRMW",True,"Competitor offered more data"
"6172-FECYY",True,"Competitor offered more data"
"1965-AKTSX",True,"Competitor made better offer"
"4786-UKSNZ",True,"Competitor made better offer"
"7248-VZQLC",True,"Price too high"
"0011-IGKFF",True,"Product dissatisfaction"
"4192-GORJT",True,"Service dissatisfaction"
"6496-SLWHQ",True,"Lack of self-service on Website"
"9912-GVSEQ",True,"Network reliability"
"5383-MMTWC",True,"Limited range of services"
"7240-ETPTR",True,"Lack of affordable download/upload speed"
"2202-CUYXZ",True,"Long distance charges"
"5995-OIGLP",True,"Extra data charges"
"6261-RCVNS",True,"Price too high"
"7951-QKZPL",True,"Product dissatisfaction"
"3640-PHQXK",True,"Service dissatisfaction"
"6877-LGWXO",True,"Lack of self-service on Website"
"8019-ENHXU",True,"Network reliability"
"5167-GBFRE",True,"Don't know"
"9033-EOXWV",True,"Don't know"
"1324-NLTJE",True,"Don't know"
"1522-VVDMG",True,"Poor expertise of online support"
"9185-TQCVP",True,"Poor expertise of phone support"
"5567-WSELE",True,"Competitor had better devices"
"8063-RJYNF",True,"Competitor offered higher download speeds"
"0687-ZVTHB",True,"Competitor offered more data"
"9661-ACXBS",True,"Competitor made better offer"
"3727-RJMEO",True,"Competitor had better devices"
"6646-VRFOL",True,"Competitor had better devices"
"5685-IIXLY",True,"Competitor offered higher download speeds"
"4250-ZBWLV",True,"Competitor offered higher download speeds"
"5095-AESKG",True,"Competitor offered higher download speeds"
"1871-MOWRM",True,"Competitor offered more data"
"2027-OAQQC",True,"Competitor offered more data"
"9090-SGQXL",True,"Competitor offered more data"
"6595-YGXIT",True,"Competitor made better offer"
"9835-ZIITK",True,"Competitor made better offer"
"1555-DJEQW",True,"Price too high"
"5649-TJHOV",True,"Product dissatisfaction"
"0519-XUZJU",True,"Service dissatisfaction"
"6338-AVWCY",True,"Lack of self-service on Website"
"9253-QXKBE",True,"Network reliability"
"9445-SZLCH",True,"Limited range of services"
"7568-PODML",True,"Lack of affordable download/upload speed"
"5349-IECLD",True,"Long distance charges"
"3945-GFWQL",True,"Extra data charges"
"3797-VTIDR",True,"Price too high"
"9526-BIHHD",True,"Product dissatisfaction"
"4523-WXCEF",True,"Service dissatisfaction"
"8364-TRMMK",True,"Lack of self-service on Website"
"3063-QFSZL",True,"Network reliability"
"8775-LHDJH",True,"Don't know"
"3097-NQYSN",True,"Competitor had better devices"
"3565-UNOCC",True,"Competitor offered higher download speeds"
"9249-FXSCK",True,"Competitor offered more data"
"5493-SDRDQ",True,"Competitor made better offer"
"0871-URUWO",True,"Competitor had better devices"
"9190-MFJLN",True,"Competitor had better devices"
"1095-JUDTC",True,"Competitor offered higher download speeds"
"0870-VEMYL",True,"Competitor offered higher download speeds"
"5385-SUIRI",True,"Competitor offered higher download speeds"
"3982-XWFZQ",True,"Competitor offered more data"
"4009-ALQFH",True,"Competitor offered more data"
"3627-FCRDW",True,"Competitor offered more data"
"7562-GSUHK",True,"Competitor made better offer"
"4903-UYAVB",True,"Competitor made better offer"
"6776-TLWOI",True,"Price too high"
"4077-CROMM",True,"Product dissatisfaction"
"2868-MZAGQ",True,"Service dissatisfaction"
"4847-QNOKA",True,"Lack of self-service on Website"
"6379-RXJRQ",True,"Network reliability"
"8650-RHRKE",True,"Limited range of services"
"0475-RIJEP",True,"Lack of affordable download/upload speed"
"1260-TTRXI",True,"Long distance charges"
"6328-ZPBGN",True,"Extra data charges"
"4789-KWMXN",True,"Price too high"
"2867-UIMSS",True,"Product dissatisfaction"
"8111-RKSPX",True,"Service dissatisfaction"
"1585-MQSSU",True,"Lack of self-service on Website"
"2856-NNASM",True,"Network reliability"
"8559-CIZFV",True,"Don't know"
"7547-EKNFS",True,"Attitude of service provider"
"6769-DYBQN",True,"Attitude of support person"
"4439-JMPMT",True,"Attitude of support person"
"2446-BEGGB",True,"Attitude of support person"
"1496-GGSUK",True,"Attitude of service provider"
"2575-GFSOE",True,"Attitude of service provider"
"2842-JTCCU",True,"Attitude of service provider"
"3296-SILRA",True,"Attitude of support person"
"9681-OXGVC",True,"Competitor made better offer"
"5180-UCIIQ",True,"Moved"
"7153-OANIO",True,"Moved"
"6521-YYTYI",True,"Moved"
"8878-HMWBV",True,"Competitor had better devices"
"3751-KTZEL",True,"Competitor offered higher download speeds"
"1977-STDKI",True,"Competitor offered more data"
"5813-UECBU",True,"Competitor made better offer"
"0328-GRPMV",True,"Competitor had better devices"
"4342-HENTK",True,"Competitor had better devices"
"4195-SMMNX",True,"Competitor offered higher download speeds"
"6956-SMUCM",True,"Competitor offered higher download speeds"
"3223-WZWJM",True,"Competitor offered higher download speeds"
"9053-JZFKV",True,"Don't know"
"2530-ENDWQ",True,"Competitor offered more data"
"6615-ZGEDR",True,"Competitor offered more data"
"9250-WYPLL",True,"Competitor made better offer"
"2754-XBHTB",True,"Competitor made better offer"
"1597-LHYNC",True,"Price too high"
"7055-VKGDA",True,"Product dissatisfaction"
"0754-UKWQP",True,"Service dissatisfaction"
"7493-TPUWZ",True,"Lack of self-service on Website"
"1577-HKTFG",True,"Network reliability"
"8752-STIVR",True,"Limited range of services"
"4558-FANTW",True,"Lack of affordable download/upload speed"
"8651-ENBZX",True,"Long distance charges"
"9330-IJWIO",True,"Price too high"
"9286-DOJGF",True,"Product dissatisfaction"
"9661-MHUMO",True,"Service dissatisfaction"
"1842-EZJMK",True,"Lack of self-service on Website"
"8079-XRJRS",True,"Network reliability"
"8073-IJDCM",True,"Don't know"
"8884-ADFVN",True,"Don't know"
"2720-WGKHP",True,"Don't know"
"2869-ADAWR",True,"Poor expertise of online support"
"9894-EZEWG",True,"Poor expertise of phone support"
"7851-FLGGQ",True,"Competitor had better devices"
"0637-UBJRP",True,"Competitor offered higher download speeds"
"0940-OUQEC",True,"Competitor offered more data"
"0702-PGIBZ",True,"Competitor made better offer"
"1963-VAUKV",True,"Don't know"
"3058-HJCUY",True,"Competitor had better devices"
"3259-FDWOY",True,"Competitor offered higher download speeds"
"0807-ZABDG",True,"Competitor offered higher download speeds"
"5748-RNCJT",True,"Competitor offered higher download speeds"
"7739-LAXOG",True,"Competitor offered more data"
"9776-CLUJA",True,"Competitor offered more data"
"6034-ZRYCV",True,"Competitor offered more data"
"2079-FBMZK",True,"Competitor made better offer"
"6608-QQLVK",True,"Competitor made better offer"
"3551-HUAZH",True,"Price too high"
"6302-JGYRJ",True,"Product dissatisfaction"
"3685-YLCMQ",True,"Service dissatisfaction"
"8634-MPHTR",True,"Lack of self-service on Website"
"8761-NSOBC",True,"Network reliability"
"8413-VONUO",True,"Limited range of services"
"9223-UCPVT",True,"Lack of affordable download/upload speed"
"4351-QLCSU",True,"Long distance charges"
"5419-JPRRN",True,"Extra data charges"
"2100-BDNSN",True,"Price too high"
"0488-GSLFR",True,"Product dissatisfaction"
"9318-NKNFC",True,"Service dissatisfaction"
"9728-FTTVZ",True,"Lack of self-service on Website"
"7254-IQWOZ",True,"Network reliability"
"2474-BRUCM",True,"Don't know"
"0742-NXBGR",True,"Competitor had better devices"
"6110-OHIHY",True,"Competitor offered higher download speeds"
"5889-LFOLL",True,"Competitor offered more data"
"5708-EVONK",True,"Don't know"
"8708-XPXHZ",True,"Competitor had better devices"
"0616-ATFGB",True,"Competitor had better devices"
"7016-BPGEU",True,"Competitor offered higher download speeds"
"6876-ADESB",True,"Competitor offered higher download speeds"
"1963-SVUCV",True,"Competitor offered higher download speeds"
"0220-EBGCE",True,"Competitor offered more data"
"2754-VDLTR",True,"Competitor offered more data"
"3190-XFANI",True,"Competitor offered more data"
"7551-DACSP",True,"Competitor made better offer"
"7235-NXZCP",True,"Competitor made better offer"
"0520-FDVVT",True,"Price too high"
"1444-VVSGW",True,"Product dissatisfaction"
"5712-PTIWW",True,"Service dissatisfaction"
"3315-TOTBP",True,"Lack of self-service on Website"
"6661-HBGWL",True,"Network reliability"
"1518-VOWAV",True,"Limited range of services"
"5909-ECHUI",True,"Lack of affordable download/upload speed"
"1309-BXVOQ",True,"Long distance charges"
"9317-WZPGV",True,"Extra data charges"
"2856-HYAPG",True,"Price too high"
"4488-PSYCG",True,"Product dissatisfaction"
"3621-CEOVK",True,"Service dissatisfaction"
"6906-ANDWJ",True,"Lack of self-service on Website"
"1031-IIDEO",True,"Network reliability"
"5832-XKAES",True,"Don't know"
"4701-AHWMW",True,"Attitude of service provider"
"9210-IAHGH",True,"Attitude of support person"
"0023-XUOPT",True,"Don't know"
"4592-IWTJI",True,"Attitude of support person"
"7632-MNYOY",True,"Attitude of service provider"
"6518-LGAOV",True,"Attitude of service provider"
"7242-QZLXF",True,"Attitude of service provider"
"4576-CSAJH",True,"Attitude of support person"
"1000-AJSLD",True,"Competitor made better offer"
"1062-LHZOD",True,"Moved"
"9600-NAXZN",True,"Moved"
"6457-USBER",True,"Moved"
"4662-EKDPQ",True,"Competitor had better devices"
"9248-OJYKK",True,"Competitor offered higher download speeds"
"3398-FSHON",True,"Competitor offered more data"
"3319-DWOEP",True,"Competitor made better offer"
"9259-PACGQ",True,"Competitor had better devices"
"4415-IJZTP",True,"Competitor had better devices"
"1465-VINDH",True,"Competitor offered higher download speeds"
"2810-FTLEM",True,"Competitor offered higher download speeds"
"1925-TIBLE",True,"Competitor offered higher download speeds"
"0818-OCPZO",True,"Competitor offered more data"
"1447-GIQMR",True,"Competitor offered more data"
"0872-NXJYS",True,"Competitor offered more data"
"9412-ARGBX",True,"Competitor made better offer"
"1389-CXMLU",True,"Competitor made better offer"
"5561-NWEVX",True,"Price too high"
"2737-WFVYW",True,"Product dissatisfaction"
"2272-QAGFO",True,"Service dissatisfaction"
"9850-OWRHQ",True,"Lack of self-service on Website"
"3768-NLUBH",True,"Network reliability"
"8676-TRMJS",True,"Limited range of services"
"7359-SSBJK",True,"Lack of affordable download/upload speed"
"0685-MLYYM",True,"Long distance charges"
"8182-PNAGI",True,"Extra data charges"
"7957-RYHQD",True,"Price too high"
"2180-DXNEG",True,"Product dissatisfaction"
"5515-AKOAJ",True,"Service dissatisfaction"
"8976-OQHGT",True,"Lack of self-service on Website"
"6230-BSUXY",True,"Network reliability"
"5294-CDGWY",True,"Don't know"
"5295-PCJOO",True,"Don't know"
"9863-JZAIC",True,"Don't know"
"7660-HDPJV",True,"Poor expertise of online support"
"7931-PXHFC",True,"Poor expertise of phone support"
"3990-QYKBE",True,"Competitor had better devices"
"4919-MOAVT",True,"Competitor offered higher download speeds"
"3090-HAWSU",True,"Competitor offered more data"
"9820-RMCQV",True,"Competitor made better offer"
"7839-QRKXN",True,"Competitor had better devices"
"5204-QZXPU",True,"Competitor had better devices"
"4597-ELFTS",True,"Competitor offered higher download speeds"
"8450-JOVAH",True,"Competitor offered higher download speeds"
"1113-IUJYX",True,"Competitor offered higher download speeds"
"9274-CNFMO",True,"Competitor offered more data"
"7758-XKCBS",True,"Competitor offered more data"
"8992-JQYUN",True,"Competitor offered more data"
"0617-AQNWT",True,"Competitor made better offer"
"2446-PLQVO",True,"Don't know"
"3005-NFMTA",True,"Price too high"
"8784-CGILN",True,"Product dissatisfaction"
"5389-FFVKB",True,"Service dissatisfaction"
"8444-WRIDW",True,"Lack of self-service on Website"
"9451-LPGOO",True,"Network reliability"
"5868-YWPDW",True,"Limited range of services"
"2025-JKFWI",True,"Lack of affordable download/upload speed"
"4078-SAYYN",True,"Long distance charges"
"9940-HPQPG",True,"Extra data charges"
"6618-RYATB",True,"Price too high"
"9079-YEXQJ",True,"Product dissatisfaction"
"2685-SREOM",True,"Service dissatisfaction"
"0402-CQAJN",True,"Lack of self-service on Website"
"6692-UDPJC",True,"Network reliability"
"1273-MTETI",True,"Don't know"
"5480-HPRRX",True,"Attitude of support person"
"0295-PPHDO",True,"Attitude of support person"
"1195-OIYEJ",True,"Attitude of support person"
"5906-CVLHP",True,"Attitude of service provider"
"4501-EQDRN",True,"Attitude of service provider"
"2990-HWIML",True,"Attitude of service provider"
"7384-GHBPI",True,"Attitude of support person"
"7603-USHJS",True,"Attitude of support person"
"7234-FECYN",True,"Attitude of support person"
"5876-HZVZM",True,"Attitude of service provider"
"1400-MMYXY",True,"Attitude of service provider"
"3085-QUOZK",True,"Attitude of service provider"
"3926-CUQZX",True,"Don't know"
"1041-RXHRA",True,"Attitude of support person"
"1750-CSKKM",True,"Attitude of support person"
"7142-HVGBG",True,"Attitude of service provider"
"8267-ZNYVZ",True,"Attitude of service provider"
"6457-GIRWB",True,"Attitude of service provider"
"1450-SKCVI",True,"Attitude of support person"
"5570-PTWEH",True,"Attitude of support person"
"6502-MJQAE",True,"Attitude of support person"
"7693-LCKZL",True,"Attitude of service provider"
"0032-PGELS",True,"Attitude of service provider"
"6797-LNAQX",True,"Attitude of service provider"
"6394-MFYNG",True,"Attitude of support person"
"1564-NTYXF",True,"Attitude of support person"
"8155-IBNHG",True,"Attitude of support person"
"0886-QGENL",True,"Attitude of service provider"
"8739-WWKDU",True,"Attitude of service provider"
"8685-WHQPW",True,"Attitude of service provider"
"4745-LSPLO",True,"Attitude of support person"
"8083-YTZES",True,"Attitude of support person"
"7240-FQLHE",True,"Attitude of support person"
"6664-FPDAC",True,"Attitude of service provider"
"0786-VSSUD",True,"Attitude of service provider"
"3976-BWUCK",True,"Attitude of service provider"
"3585-ISXZP",True,"Attitude of support person"
"6583-QGCSI",True,"Competitor made better offer"
"4174-LPGTI",True,"Moved"
"2108-XWMPY",True,"Moved"
"6304-IJFSQ",True,"Moved"
"0093-XWZFY",True,"Competitor had better devices"
"1980-KXVPM",True,"Competitor offered higher download speeds"
"7703-ZEKEF",True,"Competitor offered more data"
"0723-DRCLG",True,"Competitor made better offer"
"5482-NUPNA",True,"Competitor had better devices"
"1122-JWTJW",True,"Competitor had better devices"
"1699-HPSBG",True,"Competitor offered higher download speeds"
"8775-CEBBJ",True,"Competitor offered higher download speeds"
"6894-LFHLY",True,"Competitor offered higher download speeds"
"0639-TSIQW",True,"Competitor offered more data"
"8361-LTMKD",True,"Competitor offered more data"
"7590-VHVEG",False,NULL
"5575-GNVDE",False,NULL
"7795-CFOCW",False,NULL
"1452-KIOVK",False,NULL
"6713-OKOMC",False,NULL
"6388-TABGU",False,NULL
"9763-GRSKD",False,NULL
"7469-LKBCI",False,NULL
"8091-TTVAX",False,NULL
"5129-JLPIS",False,NULL
"3655-SNQYZ",False,NULL
"8191-XWSZG",False,NULL
"9959-WOFKT",False,NULL
"4183-MYFRB",False,NULL
"1680-VDCWW",False,NULL
"3638-WEABW",False,NULL
"6322-HRPFA",False,NULL
"6865-JZNKO",False,NULL
"5248-YGIJN",False,NULL
"3841-NFECX",False,NULL
"4929-XIHVW",False,NULL
"6827-IEAUQ",False,NULL
"7310-EGVHZ",False,NULL
"3413-BMNZE",False,NULL
"6234-RAAPL",False,NULL
"6572-ADKRS",False,NULL
"8865-TNMNX",False,NULL
"9489-DEDVP",False,NULL
"9867-JCZSP",False,NULL
"4671-VJLCL",False,NULL
"4080-IIARD",False,NULL
"7639-LIAYI",False,NULL
"2954-PIBKO",False,NULL
"8012-SOUDQ",False,NULL
"6575-SUVOI",False,NULL
"4667-QONEA",False,NULL
"8769-KKTPH",False,NULL
"5067-XJQFU",False,NULL
"3957-SQXML",False,NULL
"5954-BDFSG",False,NULL
"0434-CSFON",False,NULL
"1215-FIGMP",False,NULL
"0526-SXDJP",False,NULL
"0557-ASKVU",False,NULL
"5122-CYFXA",False,NULL
"8627-ZYGSZ",False,NULL
"3410-YOQBQ",False,NULL
"3170-NMYVV",False,NULL
"7410-OIEDU",False,NULL
"2273-QCKXA",False,NULL
"0731-EBJQB",False,NULL
"1891-QRQSA",False,NULL
"8028-PNXHQ",False,NULL
"5630-AHZIL",False,NULL
"2673-CXQEU",False,NULL
"6416-JNVRK",False,NULL
"5590-ZSKRV",False,NULL
"0191-ZHSKZ",False,NULL
"3887-PBQAO",False,NULL
"8108-UXRQN",False,NULL
"9919-YLNNG",False,NULL
"0318-ZOPWS",False,NULL
"4445-ZJNMU",False,NULL
"4808-YNLEU",False,NULL
"1862-QRWPE",False,NULL
"2796-NNUFI",False,NULL
"3016-KSVCP",False,NULL
"4767-HZZHQ",False,NULL
"2424-WVHPL",False,NULL
"7233-PAHHL",False,NULL
"6067-NGCEU",False,NULL
"9848-JQJTX",False,NULL
"9803-FTJCG",False,NULL
"3212-KXOCR",False,NULL
"6380-ARCEH",False,NULL
"3679-XASPY",False,NULL
"7123-WQUHX",False,NULL
"5386-THSLQ",False,NULL
"6180-YBIQI",False,NULL
"6728-DKUCO",False,NULL
"9750-BOOHV",False,NULL
"8597-CWYHH",False,NULL
"2848-YXSMW",False,NULL
"4549-ZDQYY",False,NULL
"5712-AHQNN",False,NULL
"5256-SKJGO",False,NULL
"3071-VBYPO",False,NULL
"9560-BBZXK",False,NULL
"8402-OOOHJ",False,NULL
"9445-ZUEQE",False,NULL
"1091-SOZGA",False,NULL
"2928-HLDBA",False,NULL
"6497-TILVL",False,NULL
"7219-TLZHO",False,NULL
"4622-YNKIJ",False,NULL
"6734-PSBAW",False,NULL
"3930-ZGWVE",False,NULL
"2639-UGMAZ",False,NULL
"2876-GZYZC",False,NULL
"8587-XYZSF",False,NULL
"7799-LGRDP",False,NULL
"7850-VWJUU",False,NULL
"3774-VBNXY",False,NULL
"6217-KDYWC",False,NULL
"3146-MSEGF",False,NULL
"1095-WGNGG",False,NULL
"2636-SJDOU",False,NULL
"1131-QQZEB",False,NULL
"5716-EZXZN",False,NULL
"6837-BJYDQ",False,NULL
"6440-DKQGE",False,NULL
"3466-BYAVD",False,NULL
"3780-YVMFA",False,NULL
"1679-JRFBR",False,NULL
"9073-ZZIAY",False,NULL
"3077-RSNTJ",False,NULL
"6551-GNYDG",False,NULL
"9167-APMXZ",False,NULL
"2749-CTKAJ",False,NULL
"6371-NZYEG",False,NULL
"7554-NEWDD",False,NULL
"8992-VONJD",False,NULL
"4482-EWFMI",False,NULL
"4648-YPBTM",False,NULL
"2907-ILJBN",False,NULL
"6345-FZOQH",False,NULL
"5997-OPVFA",False,NULL
"1159-WFSGR",False,NULL
"7654-YWJUF",False,NULL
"6727-IOTLZ",False,NULL
"5918-VUKWP",False,NULL
"1744-JHKYS",False,NULL
"5947-SGKCL",False,NULL
"3712-PKXZA",False,NULL
"6582-OIVSP",False,NULL
"5524-KHNJP",False,NULL
"4827-USJHP",False,NULL
"8167-GJLRN",False,NULL
"0956-SYCWG",False,NULL
"8017-UVSZU",False,NULL
"7100-FQPRV",False,NULL
"2984-RGEYA",False,NULL
"9680-NIAUV",False,NULL
"2146-EGVDT",False,NULL
"2604-IJPDU",False,NULL
"9178-JHUVJ",False,NULL
"6168-YBYNP",False,NULL
"7255-SSFBC",False,NULL
"3645-DEYGF",False,NULL
"9323-HGFWY",False,NULL
"8544-GOQSH",False,NULL
"3363-DTIVD",False,NULL
"7018-WBJNK",False,NULL
"9142-KZXOP",False,NULL
"7674-YTAFD",False,NULL
"6348-SNFUS",False,NULL
"1347-KTTTA",False,NULL
"4195-NZGTA",False,NULL
"7157-SMCFK",False,NULL
"4709-LKHYG",False,NULL
"2504-DSHIH",False,NULL
"0699-NDKJM",False,NULL
"9286-BHDQG",False,NULL
"0230-WEQUW",False,NULL
"2040-LDIWQ",False,NULL
"6496-JDSSB",False,NULL
"4443-EMBNA",False,NULL
"6469-MRVET",False,NULL
"5961-VUSRV",False,NULL
"6778-JFCMK",False,NULL
"6341-JVQGF",False,NULL
"4811-JBUVU",False,NULL
"0945-TSONX",False,NULL
"2651-ZCBXV",False,NULL
"3316-UWXUY",False,NULL
"7083-MIOPC",False,NULL
"1984-GPTEH",False,NULL
"0621-JFHOL",False,NULL
"9903-LYSAB",False,NULL
"9227-UAQFT",False,NULL
"7301-ABVAD",False,NULL
"6614-FHDBO",False,NULL
"7576-ASEJU",False,NULL
"9058-HRZSV",False,NULL
"4522-AKYLR",False,NULL
"0221-WMXNQ",False,NULL
"0303-UNCIP",False,NULL
"0959-WHOKV",False,NULL
"4075-JFPGR",False,NULL
"3282-ZISZV",False,NULL
"3675-YDUPJ",False,NULL
"4111-BNXIF",False,NULL
"7017-VFHAY",False,NULL
"6655-LHBYW",False,NULL
"5046-NUHWD",False,NULL
"7529-ZDFXI",False,NULL
"7605-BDWDC",False,NULL
"1950-KSVVJ",False,NULL
"0123-CRBRT",False,NULL
"6292-TOSSS",False,NULL
"3197-ARFOY",False,NULL
"7014-ZZXAW",False,NULL
"7633-MVPUY",False,NULL
"4716-HHKQH",False,NULL
"3179-GBRWV",False,NULL
"8645-KWHJO",False,NULL
"4130-MZLCC",False,NULL
"0314-TKOSI",False,NULL
"8229-MYEJZ",False,NULL
"2080-SRCDE",False,NULL
"9577-WJVCQ",False,NULL
"6202-DYYFX",False,NULL
"3808-HFKDE",False,NULL
"3727-OWVYD",False,NULL
"2294-SALNE",False,NULL
"4847-TAJYI",False,NULL
"1563-IWQEX",False,NULL
"8203-XJZRC",False,NULL
"6556-DBKZF",False,NULL
"6851-WEFYX",False,NULL
"2985-JUUBZ",False,NULL
"0895-LMRSF",False,NULL
"8266-VBFQL",False,NULL
"8181-YHCMF",False,NULL
"2240-HSJQD",False,NULL
"1248-DYXUB",False,NULL
"4115-BNPJY",False,NULL
"3167-SNQPL",False,NULL
"4091-TVOCN",False,NULL
"1098-TDVUQ",False,NULL
"7277-OZCGZ",False,NULL
"1557-EMYVT",False,NULL
"2799-ARNLO",False,NULL
"5027-YOCXN",False,NULL
"3973-SKMLN",False,NULL
"6745-JEFZB",False,NULL
"9880-TDQAC",False,NULL
"8705-WZCYL",False,NULL
"7102-JJVTX",False,NULL
"8626-PTQGE",False,NULL
"4983-CLMLV",False,NULL
"5701-YVSVF",False,NULL
"5697-GOMBF",False,NULL
"2739-CACDQ",False,NULL
"9385-EHGDO",False,NULL
"9498-FIMXL",False,NULL
"2379-GYFLQ",False,NULL
"2088-IEBAU",False,NULL
"7982-VCELR",False,NULL
"6035-BXTTY",False,NULL
"6885-PKOAM",False,NULL
"7520-HQWJU",False,NULL
"9639-BUJXT",False,NULL
"5924-SNGKP",False,NULL
"0021-IKXGC",False,NULL
"8966-SNIZF",False,NULL
"6243-OZGFH",False,NULL
"4654-DLAMQ",False,NULL
"0513-RBGPE",False,NULL
"5160-UXJED",False,NULL
"4115-NZRKS",False,NULL
"3351-NGXYI",False,NULL
"8984-EYLLL",False,NULL
"9833-TGFHX",False,NULL
"9294-TDIPC",False,NULL
"5229-DTFYB",False,NULL
"0104-PPXDV",False,NULL
"5176-LMJXE",False,NULL
"3583-KRKMD",False,NULL
"9069-LGEUL",False,NULL
"7302-ZHMHP",False,NULL
"9571-EDEBV",False,NULL
"3520-FJGCV",False,NULL
"6563-VRERX",False,NULL
"6122-EFVKN",False,NULL
"2805-EDJPQ",False,NULL
"6862-CQUMB",False,NULL
"7156-MXBJE",False,NULL
"6158-HDPXZ",False,NULL
"2863-IMQDR",False,NULL
"5686-CMAWK",False,NULL
"5651-CRHKQ",False,NULL
"8204-YJCLA",False,NULL
"6583-SZVGP",False,NULL
"1708-PBBOA",False,NULL
"8782-LKFPK",False,NULL
"5522-JBWMO",False,NULL
"3597-MVHJT",False,NULL
"9774-NRNAU",False,NULL
"0224-RLWWD",False,NULL
"9967-ATRFS",False,NULL
"3951-NJCVI",False,NULL
"2977-CEBSX",False,NULL
"0177-PXBAT",False,NULL
"2519-ERQOJ",False,NULL
"5876-QMYLD",False,NULL
"2277-AXSDC",False,NULL
"9442-JTWDL",False,NULL
"3067-SVMTC",False,NULL
"5495-GPSRW",False,NULL
"7606-BPHHN",False,NULL
"4742-DRORA",False,NULL
"0111-KLBQG",False,NULL
"4163-NCJAK",False,NULL
"5233-AOZUF",False,NULL
"5973-EJGDP",False,NULL
"1996-DBMUS",False,NULL
"7916-VCCPB",False,NULL
"4686-GEFRM",False,NULL
"5249-QYHEX",False,NULL
"2233-FAGXV",False,NULL
"5605-IYGFG",False,NULL
"7663-ZTEGJ",False,NULL
"3935-TBRZZ",False,NULL
"8111-BKVDS",False,NULL
"2055-SIFSS",False,NULL
"2806-MLNTI",False,NULL
"8734-DKSTZ",False,NULL
"4360-PNRQB",False,NULL
"6152-ONASV",False,NULL
"7781-HVGMK",False,NULL
"2181-UAESM",False,NULL
"6048-NJXHX",False,NULL
"2320-SLKMB",False,NULL
"4980-URKXC",False,NULL
"4376-KFVRS",False,NULL
"5886-VLQVU",False,NULL
"3577-AMVUX",False,NULL
"0771-WLCLA",False,NULL
"5628-RKIFK",False,NULL
"0206-TBWLC",False,NULL
"2937-FTHUR",False,NULL
"1910-FMXJM",False,NULL
"0732-OCQOC",False,NULL
"5168-MSWXT",False,NULL
"1090-ESELR",False,NULL
"8592-PLTMQ",False,NULL
"5760-WRAHC",False,NULL
"8847-GEOOQ",False,NULL
"4785-FCIFB",False,NULL
"8313-NDOIA",False,NULL
"5149-CUZUJ",False,NULL
"0942-KOWSM",False,NULL
"4237-CLSMM",False,NULL
"1452-VOQCH",False,NULL
"4719-UMSIY",False,NULL
"6614-VBEGU",False,NULL
"1480-BKXGA",False,NULL
"2996-XAUVF",False,NULL
"9076-AXYIK",False,NULL
"5968-XQIVE",False,NULL
"8896-RAZCR",False,NULL
"4933-IKULF",False,NULL
"1304-BCCFO",False,NULL
"4104-PVRPS",False,NULL
"3780-DDGSE",False,NULL
"4431-EDMIQ",False,NULL
"0486-LGCCH",False,NULL
"4612-SSVHJ",False,NULL
"5168-MQQCA",False,NULL
"7971-HLVXI",False,NULL
"9094-AZPHK",False,NULL
"3649-JPUGY",False,NULL
"4472-LVYGI",False,NULL
"3552-CTCYF",False,NULL
"6778-YSNIH",False,NULL
"5756-OZRIO",False,NULL
"6579-JPICP",False,NULL
"4134-BSXLX",False,NULL
"0505-SPOOW",False,NULL
"4374-YMUSQ",False,NULL
"4513-CXYIX",False,NULL
"3957-HHLMR",False,NULL
"7803-XOCCZ",False,NULL
"5736-YEJAX",False,NULL
"8981-FJGLA",False,NULL
"1135-LMECX",False,NULL
"4332-MUOEZ",False,NULL
"8535-SFUTN",False,NULL
"8677-HDZEE",False,NULL
"2475-MROZF",False,NULL
"3482-ABPKK",False,NULL
"6705-LXORM",False,NULL
"7531-GQHME",False,NULL
"5174-ITUMV",False,NULL
"4109-CYRBD",False,NULL
"0913-XWSCN",False,NULL
"0750-EBAIU",False,NULL
"8606-CIQUL",False,NULL
"3571-DPYUH",False,NULL
"7601-GNDYK",False,NULL
"0356-OBMAC",False,NULL
"8067-NIOYM",False,NULL
"1403-GYAFU",False,NULL
"4234-XTNEA",False,NULL
"1297-VQDRP",False,NULL
"5348-CAGXB",False,NULL
"0621-HJWXJ",False,NULL
"5844-QVTAT",False,NULL
"8905-IAZPF",False,NULL
"5394-MEITZ",False,NULL
"6859-QNXIQ",False,NULL
"2782-LFZVW",False,NULL
"2866-IKBTM",False,NULL
"7129-AZJDE",False,NULL
"2560-PPCHE",False,NULL
"4676-MQUEA",False,NULL
"8138-EALND",False,NULL
"3580-HYCSP",False,NULL
"1352-HNSAW",False,NULL
"2075-PUEPR",False,NULL
"1982-FEBTD",False,NULL
"5791-KAJFD",False,NULL
"2654-VBVPB",False,NULL
"1154-HYWWO",False,NULL
"2501-XWWTZ",False,NULL
"3716-UVSPD",False,NULL
"6815-ABQFQ",False,NULL
"7343-EOBEU",False,NULL
"3701-SFMUH",False,NULL
"6103-LIANB",False,NULL
"7319-VENRZ",False,NULL
"5846-NEQVZ",False,NULL
"6967-QIQRV",False,NULL
"5781-RFZRP",False,NULL
"0308-IVGOK",False,NULL
"7293-LSCDV",False,NULL
"7025-WCBNE",False,NULL
"5756-JYOJT",False,NULL
"6030-REHUX",False,NULL
"9548-LIGTA",False,NULL
"5150-LJNSR",False,NULL
"8270-RKSAP",False,NULL
"6522-YRBXD",False,NULL
"2640-LYMOV",False,NULL
"1423-BMPBQ",False,NULL
"2393-DIVAI",False,NULL
"4568-KNYWR",False,NULL
"8752-IMQOS",False,NULL
"0742-LAFQK",False,NULL
"0795-LAFGP",False,NULL
"0619-OLYUR",False,NULL
"5512-IDZEI",False,NULL
"0459-SPZHJ",False,NULL
"0215-BQKGS",False,NULL
"9244-ZVAPM",False,NULL
"8208-EUMTE",False,NULL
"5172-MIGPM",False,NULL
"1710-RCXUS",False,NULL
"0374-FIUCA",False,NULL
"5839-SUYVZ",False,NULL
"5173-ZXXXL",False,NULL
"1096-ADRUX",False,NULL
"2001-MCUUW",False,NULL
"2731-GJRDG",False,NULL
"4723-BEGSG",False,NULL
"6516-NKQBO",False,NULL
"8672-OAUPW",False,NULL
"8207-DMRVL",False,NULL
"2804-ETQDK",False,NULL
"6689-VRRTK",False,NULL
"7138-GIRSH",False,NULL
"9396-ZSFLL",False,NULL
"6464-KEXXH",False,NULL
"7134-MJPDY",False,NULL
"5240-CAOYT",False,NULL
"4059-IIEBK",False,NULL
"4881-JVQOD",False,NULL
"0516-UXRMT",False,NULL
"4851-BQDNX",False,NULL
"5148-HKFIR",False,NULL
"3003-CMDUU",False,NULL
"5016-IBERQ",False,NULL
"6797-UCJHZ",False,NULL
"2469-DTSGX",False,NULL
"9931-KGHOA",False,NULL
"1775-KWJKQ",False,NULL
"7665-VIGUD",False,NULL
"9411-TPQQV",False,NULL
"7954-MLBUN",False,NULL
"2077-DDHJK",False,NULL
"9574-BOSMD",False,NULL
"4908-XAXAY",False,NULL
"8404-VLQFB",False,NULL
"2391-IPLOP",False,NULL
"3509-GWQGF",False,NULL
"5845-BZZIB",False,NULL
"1140-UKVZG",False,NULL
"5183-SNMJQ",False,NULL
"8100-PNJMH",False,NULL
"7838-LAZFO",False,NULL
"2085-JVGAD",False,NULL
"8095-WANWK",False,NULL
"3030-ZKIWL",False,NULL
"9565-FLVCG",False,NULL
"8755-OGKNA",False,NULL
"2800-VEQXM",False,NULL
"5533-RJFTJ",False,NULL
"0214-JHPFW",False,NULL
"5642-MHDQT",False,NULL
"3088-FVYWK",False,NULL
"9092-GDZKO",False,NULL
"3729-OWRVL",False,NULL
"2324-AALNO",False,NULL
"5760-IFJOZ",False,NULL
"2826-UWHIS",False,NULL
"7501-IWUNG",False,NULL
"4957-TREIR",False,NULL
"7251-LJBQN",False,NULL
"8040-MNRTF",False,NULL
"1536-HBSWP",False,NULL
"5313-FPXWG",False,NULL
"0946-FKYTX",False,NULL
"5076-YVXCM",False,NULL
"8262-COGGB",False,NULL
"6663-JOCQO",False,NULL
"9620-QJREV",False,NULL
"2682-KEVRP",False,NULL
"2480-JZOSN",False,NULL
"0078-XZMHT",False,NULL
"9978-HYCIN",False,NULL
"8338-QIUNR",False,NULL
"1525-LNLOJ",False,NULL
"9450-TRJUU",False,NULL
"1766-GKNMI",False,NULL
"6942-LBFDP",False,NULL
"1456-TWCGB",False,NULL
"7596-ZYWBB",False,NULL
"8329-UTMVM",False,NULL
"3014-WJKSM",False,NULL
"3347-YJZZE",False,NULL
"7929-DMBCV",False,NULL
"9661-JALZV",False,NULL
"5433-KYGHE",False,NULL
"4312-KFRXN",False,NULL
"5575-TPIZQ",False,NULL
"0114-IGABW",False,NULL
"9944-AEXBM",False,NULL
"1853-ARAAQ",False,NULL
"6952-OMNWB",False,NULL
"4697-LUPSU",False,NULL
"8434-VGEQQ",False,NULL
"6549-YMFAW",False,NULL
"4950-HKQTE",False,NULL
"6786-OBWQR",False,NULL
"2753-JMMCV",False,NULL
"6621-YOBKI",False,NULL
"1216-JWVUX",False,NULL
"7564-GHCVB",False,NULL
"1173-NOEYG",False,NULL
"7595-EHCDL",False,NULL
"6647-ZEDXT",False,NULL
"2521-NPUZR",False,NULL
"1307-TVUFB",False,NULL
"7503-MIOGA",False,NULL
"4381-MHQDC",False,NULL
"6923-JHPMP",False,NULL
"4018-PPNDW",False,NULL
"1635-FJFCC",False,NULL
"2499-AJYUA",False,NULL
"6919-ELBGL",False,NULL
"3966-HRMZA",False,NULL
"6425-JWTDV",False,NULL
"8405-IGQFX",False,NULL
"8224-IVVPA",False,NULL
"9477-LGWQI",False,NULL
"1410-RSCMR",False,NULL
"3115-CZMZD",False,NULL
"0139-IVFJG",False,NULL
"5730-DBDSI",False,NULL
"0030-FNXPP",False,NULL
"5684-FJVYR",False,NULL
"4013-GUXND",False,NULL
"1266-NZYUI",False,NULL
"7969-FFOWG",False,NULL
"4718-DHSMV",False,NULL
"5175-WLYXL",False,NULL
"7817-OMJNA",False,NULL
"8728-SKJLR",False,NULL
"3137-NYQQI",False,NULL
"7706-DZNKK",False,NULL
"8823-RLPWL",False,NULL
"9505-SQFSW",False,NULL
"3758-CKOQL",False,NULL
"5676-CFLYY",False,NULL
"7521-AFHAB",False,NULL
"0285-INHLN",False,NULL
"5125-CNDSP",False,NULL
"4992-LTJNE",False,NULL
"2202-OUTMO",False,NULL
"0810-BDHAW",False,NULL
"0229-LFJAF",False,NULL
"7131-ZQZNK",False,NULL
"3442-ZHHCC",False,NULL
"5726-CVNYA",False,NULL
"9871-ELEYA",False,NULL
"4257-GAESD",False,NULL
"5173-WXOQV",False,NULL
"2040-OBMLJ",False,NULL
"6286-ZHAOK",False,NULL
"3807-XHCJH",False,NULL
"5671-RQRLP",False,NULL
"8859-AXJZP",False,NULL
"3174-AKMAS",False,NULL
"9926-PJHDQ",False,NULL
"7382-DFJTU",False,NULL
"2798-NYLMZ",False,NULL
"8098-TDCBU",False,NULL
"3551-GAEGL",False,NULL
"4785-NKHCX",False,NULL
"3196-NVXLZ",False,NULL
"0036-IHMOT",False,NULL
"4178-EGMON",False,NULL
"4220-TINQT",False,NULL
"5318-YKDPV",False,NULL
"7975-TZMLR",False,NULL
"0295-QVKPB",False,NULL
"4335-BSMJS",False,NULL
"9146-JRIOX",False,NULL
"5337-IIWKZ",False,NULL
"9650-VBUOG",False,NULL
"3487-EARAT",False,NULL
"2672-TGEFF",False,NULL
"4250-WAROZ",False,NULL
"8184-WMOFI",False,NULL
"6092-QZVPP",False,NULL
"4625-LAMOB",False,NULL
"0392-BZIUW",False,NULL
"6549-NNDYT",False,NULL
"0422-OHQHQ",False,NULL
"6916-HIJSE",False,NULL
"2316-ESMLS",False,NULL
"9778-OGKQZ",False,NULL
"7408-OFWXJ",False,NULL
"6007-TCTST",False,NULL
"2252-NKNSI",False,NULL
"8713-IGZSO",False,NULL
"7905-TVXTA",False,NULL
"7695-PKLCZ",False,NULL
"8374-UULRV",False,NULL
"3224-DFQNQ",False,NULL
"5275-PMFUT",False,NULL
"4795-UXVCJ",False,NULL
"9777-IQHWP",False,NULL
"0979-MOZQI",False,NULL
"2732-ISEZX",False,NULL
"0323-XWWTN",False,NULL
"1937-OTUKY",False,NULL
"1573-LGXBA",False,NULL
"1764-VUUMT",False,NULL
"4713-ZBURT",False,NULL
"3050-GBUSH",False,NULL
"7876-AEHIG",False,NULL
"7945-HLKEA",False,NULL
"9342-VNIMQ",False,NULL
"3523-BRGUW",False,NULL
"3199-NPKCN",False,NULL
"5170-PTRKA",False,NULL
"4661-NJEUX",False,NULL
"2123-AGEEN",False,NULL
"1258-YMZNM",False,NULL
"0048-LUMLS",False,NULL
"5898-IGSLP",False,NULL
"6259-WJQLC",False,NULL
"7997-EASSD",False,NULL
"0730-KOAVE",False,NULL
"8975-SKGRX",False,NULL
"0678-RLHVP",False,NULL
"2267-FPIMA",False,NULL
"1051-GEJLJ",False,NULL
"5285-MVEHD",False,NULL
"0379-DJQHR",False,NULL
"5543-QDCRY",False,NULL
"0297-RBCSG",False,NULL
"4694-PHWFW",False,NULL
"0835-JKADZ",False,NULL
"7508-SMHXL",False,NULL
"3865-YIOTT",False,NULL
"5993-BQHEA",False,NULL
"6024-RUGGH",False,NULL
"3956-CJUST",False,NULL
"4079-WWQQQ",False,NULL
"6103-BOCOU",False,NULL
"5149-TGWDZ",False,NULL
"7471-WNSUF",False,NULL
"8942-DBMHZ",False,NULL
"4301-VVZKA",False,NULL
"9199-PWQVC",False,NULL
"4824-GUCBY",False,NULL
"5393-HJZSM",False,NULL
"0862-PRCBS",False,NULL
"8812-ZRHFP",False,NULL
"5146-CBVOE",False,NULL
"0454-OKRCT",False,NULL
"5787-KXGIY",False,NULL
"4198-VFOEA",False,NULL
"6630-UJZMY",False,NULL
"5709-LVOEQ",False,NULL
"2692-AQCPF",False,NULL
"0347-UBKUZ",False,NULL
"0835-DUUIQ",False,NULL
"0811-GSDTP",False,NULL
"7567-ECMCM",False,NULL
"6115-ZTBFQ",False,NULL
"6353-BRMMA",False,NULL
"6231-WFGFH",False,NULL
"9904-EHEVJ",False,NULL
"6169-PPETC",False,NULL
"8584-KMVXD",False,NULL
"8467-WYNSR",False,NULL
"0851-DFJKB",False,NULL
"5382-SOYZL",False,NULL
"3261-CQXOL",False,NULL
"8388-FYNPZ",False,NULL
"4002-BQWPQ",False,NULL
"5651-YLPRD",False,NULL
"2826-DXLQO",False,NULL
"4378-BZYFP",False,NULL
"9489-UTFKA",False,NULL
"4849-PYRLQ",False,NULL
"7764-BDPEE",False,NULL
"3429-IFLEM",False,NULL
"5002-GCQFH",False,NULL
"0556-FJEGU",False,NULL
"0604-THJFP",False,NULL
"5879-SESNB",False,NULL
"6461-PPAXN",False,NULL
"3318-ISQFQ",False,NULL
"1106-HRLKZ",False,NULL
"2483-XSSMZ",False,NULL
"8165-ZJRNM",False,NULL
"2604-XVDAM",False,NULL
"3717-OFRTN",False,NULL
"9046-JBFWA",False,NULL
"3280-NMUVX",False,NULL
"1206-EHBDD",False,NULL
"1352-VHKAJ",False,NULL
"8361-LBRDI",False,NULL
"4883-KCPZJ",False,NULL
"9108-EQPNQ",False,NULL
"7277-KAMWT",False,NULL
"2545-LXYVJ",False,NULL
"3234-VKACU",False,NULL
"8120-JDCAM",False,NULL
"8917-FAEMR",False,NULL
"7047-YXDMZ",False,NULL
"2858-EIMXH",False,NULL
"6419-ZTTLE",False,NULL
"0929-HYQEW",False,NULL
"6614-YOLAC",False,NULL
"7426-RHZGU",False,NULL
"4065-JJAVA",False,NULL
"7649-SIJJF",False,NULL
"9361-YNQWJ",False,NULL
"3748-FVMZZ",False,NULL
"9391-TTOYH",False,NULL
"1452-XRSJV",False,NULL
"3422-WJOYD",False,NULL
"8242-SOQUO",False,NULL
"7460-ITWWP",False,NULL
"7147-AYBAA",False,NULL
"7868-TMWMZ",False,NULL
"6732-FZUGP",False,NULL
"8329-GWVPJ",False,NULL
"2632-TACXW",False,NULL
"8146-QQKZH",False,NULL
"1767-CJKBA",False,NULL
"6445-TNRXS",False,NULL
"4581-LNWUM",False,NULL
"4869-EPIUS",False,NULL
"1915-OAKWD",False,NULL
"7296-PIXQY",False,NULL
"3354-OADJP",False,NULL
"3524-WQDSG",False,NULL
"0810-DHDBD",False,NULL
"4026-SKKHW",False,NULL
"2829-HYVZP",False,NULL
"3845-JHAMY",False,NULL
"7013-PSXHK",False,NULL
"3486-NPGST",False,NULL
"6100-FJZDG",False,NULL
"4829-ZLJTK",False,NULL
"1730-VFMWO",False,NULL
"7143-BQIBA",False,NULL
"3800-LYTRK",False,NULL
"9646-NMHXE",False,NULL
"7030-NJVDP",False,NULL
"8883-GRDWQ",False,NULL
"7771-ZONAT",False,NULL
"2111-DWYHN",False,NULL
"4194-WHFCB",False,NULL
"4121-AGSIN",False,NULL
"9845-PEEKO",False,NULL
"0455-XFASS",False,NULL
"0301-KOBTQ",False,NULL
"1751-NCDLI",False,NULL
"4367-NUYAO",False,NULL
"9170-ARBTB",False,NULL
"7241-AJHFS",False,NULL
"4546-FOKWR",False,NULL
"9036-CSKBW",False,NULL
"5832-TRLPB",False,NULL
"8590-YFFQO",False,NULL
"8659-IOOPU",False,NULL
"1338-CECEE",False,NULL
"7439-DKZTW",False,NULL
"4646-QZXTF",False,NULL
"9742-XOKTS",False,NULL
"6921-OZMFH",False,NULL
"9578-FOMUK",False,NULL
"4712-UYOOI",False,NULL
"7722-CVFXN",False,NULL
"8717-VCTXJ",False,NULL
"7363-QTBIW",False,NULL
"4159-NAAIX",False,NULL
"0971-QIFJK",False,NULL
"9397-TZSHA",False,NULL
"3391-JSQEW",False,NULL
"0343-QLUZP",False,NULL
"2176-LVPNX",False,NULL
"3312-UUMZW",False,NULL
"1271-UODNO",False,NULL
"8461-EFQYM",False,NULL
"6900-RBKER",False,NULL
"6891-JPYFF",False,NULL
"1459-QNFQT",False,NULL
"1047-NNCBF",False,NULL
"3696-XRIEN",False,NULL
"0074-HDKDG",False,NULL
"8791-GFXLZ",False,NULL
"9330-DHBFL",False,NULL
"0098-BOWSO",False,NULL
"3452-ABWRL",False,NULL
"5859-HZYLF",False,NULL
"3156-QLHBO",False,NULL
"2208-NQBCT",False,NULL
"1779-PWPMG",False,NULL
"6621-NRZAK",False,NULL
"0831-JNISG",False,NULL
"0774-IFUVM",False,NULL
"3082-WQRVY",False,NULL
"9553-DLCLU",False,NULL
"1641-BYBTK",False,NULL
"2460-NGXBJ",False,NULL
"2446-ZKVAF",False,NULL
"3522-CDKHF",False,NULL
"1430-SFQSA",False,NULL
"0411-EZJZE",False,NULL
"8807-ARQET",False,NULL
"8992-CEUEN",False,NULL
"4320-QMLLA",False,NULL
"8777-PVYGU",False,NULL
"8292-ITGYJ",False,NULL
"6870-ZWMNX",False,NULL
"0621-CXBKL",False,NULL
"5268-DSMNQ",False,NULL
"5334-JLAXU",False,NULL
"6242-MBHPK",False,NULL
"9359-UGBTK",False,NULL
"4782-OSFXZ",False,NULL
"6479-OAUSD",False,NULL
"7129-ACFOG",False,NULL
"4189-NAKJS",False,NULL
"5562-BETPV",False,NULL
"1282-IHQAC",False,NULL
"9127-FHJBZ",False,NULL
"1641-RQDAY",False,NULL
"6994-ORCWG",False,NULL
"1346-UFHAX",False,NULL
"2933-XEUJM",False,NULL
"5461-QKNTN",False,NULL
"4835-YSJMR",False,NULL
"3164-YAXFY",False,NULL
"0887-WBJVH",False,NULL
"4660-IRIBM",False,NULL
"7670-ZBPOQ",False,NULL
"8089-UZWLX",False,NULL
"0080-OROZO",False,NULL
"3916-NRPAP",False,NULL
"6807-SIWJI",False,NULL
"8221-HVAYI",False,NULL
"5232-NXPAY",False,NULL
"8967-SZQAS",False,NULL
"4468-KAZHE",False,NULL
"0455-ENTCR",False,NULL
"8944-AILEF",False,NULL
"5542-NKVRU",False,NULL
"7126-RBHSD",False,NULL
"5370-IIVVL",False,NULL
"6789-HJBWG",False,NULL
"9087-EYCPR",False,NULL
"6791-YBNAK",False,NULL
"6077-BDPXA",False,NULL
"0013-MHZWF",False,NULL
"8268-YDIXR",False,NULL
"4291-SHSBH",False,NULL
"6980-IMXXE",False,NULL
"0040-HALCW",False,NULL
"0784-GTUUK",False,NULL
"2294-DMMUS",False,NULL
"0872-JCPIB",False,NULL
"3055-MJDSB",False,NULL
"9091-WTUUY",False,NULL
"7115-IRDHS",False,NULL
"8496-DMZUK",False,NULL
"2040-VZIKE",False,NULL
"9068-VPWQQ",False,NULL
"0178-SZBHO",False,NULL
"0384-RVBPI",False,NULL
"1299-AURJA",False,NULL
"4525-VZCZG",False,NULL
"1543-LLLFT",False,NULL
"2788-CJQAQ",False,NULL
"0319-QZTCO",False,NULL
"2120-SMPEX",False,NULL
"0096-FCPUF",False,NULL
"0668-OGMHD",False,NULL
"6507-ZJSUR",False,NULL
"9408-HRXRK",False,NULL
"5593-SUAOO",False,NULL
"6766-HFKLA",False,NULL
"7617-EYGLW",False,NULL
"9220-ZNKJI",False,NULL
"2226-ICFDO",False,NULL
"0723-VSOBE",False,NULL
"5529-GIBVH",False,NULL
"9992-UJOEL",False,NULL
"4741-WWJQZ",False,NULL
"6625-UTXEW",False,NULL
"6244-BESBM",False,NULL
"1004-NOZNR",False,NULL
"1251-STYSZ",False,NULL
"2612-PHGOX",False,NULL
"8480-PPONV",False,NULL
"8780-IHCRN",False,NULL
"4598-ZADCK",False,NULL
"1257-SXUXQ",False,NULL
"9681-KYGYB",False,NULL
"7182-OVLBJ",False,NULL
"5095-ETBRJ",False,NULL
"7005-CYUIL",False,NULL
"4821-WQOYN",False,NULL
"4730-AWNAU",False,NULL
"3452-FLHYD",False,NULL
"2388-LAESQ",False,NULL
"9531-NSBMR",False,NULL
"6260-ONULR",False,NULL
"4389-UEFCZ",False,NULL
"8711-LOBKY",False,NULL
"8985-OOPOS",False,NULL
"8800-ZKRFW",False,NULL
"2616-FLVQC",False,NULL
"9968-FFVVH",False,NULL
"3108-PCCGG",False,NULL
"8390-FESFV",False,NULL
"3022-BEXHZ",False,NULL
"6248-TKCQV",False,NULL
"6729-GDNGC",False,NULL
"6198-ZFIOJ",False,NULL
"5989-OMNJE",False,NULL
"1291-CUOCY",False,NULL
"9795-SHUHB",False,NULL
"3230-IUALN",False,NULL
"3070-BDOQC",False,NULL
"0042-RLHYP",False,NULL
"4945-RVMTE",False,NULL
"1866-NXPSP",False,NULL
"3941-XTSKM",False,NULL
"1661-CZBAU",False,NULL
"5158-RIVOP",False,NULL
"9788-YTFGE",False,NULL
"9277-JOOMO",False,NULL
"1907-YLNYW",False,NULL
"8947-YRTDV",False,NULL
"3161-ONRWK",False,NULL
"0114-RSRRW",False,NULL
"4565-NLZBV",False,NULL
"6682-VCIXC",False,NULL
"6475-VHUIZ",False,NULL
"3910-MRQOY",False,NULL
"0661-WCQNQ",False,NULL
"7537-RBWEA",False,NULL
"4656-CAURT",False,NULL
"0121-SNYRK",False,NULL
"3733-LSYCE",False,NULL
"6265-FRMTQ",False,NULL
"1371-DWPAZ",False,NULL
"2017-CCBLH",False,NULL
"7690-KPNCU",False,NULL
"0536-BGFMZ",False,NULL
"2293-IJWPS",False,NULL
"5469-NUJUR",False,NULL
"2625-TRCZQ",False,NULL
"4102-HLENU",False,NULL
"7266-GSSJX",False,NULL
"7722-VJRQD",False,NULL
"7073-QETQY",False,NULL
"5624-RYAMH",False,NULL
"0196-JTUQI",False,NULL
"7130-YXBRO",False,NULL
"9272-LSVYH",False,NULL
"3084-DOWLE",False,NULL
"1084-MNSMJ",False,NULL
"4238-HFHSN",False,NULL
"6250-CGGUN",False,NULL
"5478-JJVZK",False,NULL
"7596-IIWYC",False,NULL
"9793-WECQC",False,NULL
"4291-HPAXL",False,NULL
"8999-YPYBV",False,NULL
"1839-FBNFR",False,NULL
"3071-MVJCD",False,NULL
"1697-BCSHV",False,NULL
"0562-KBDVM",False,NULL
"1131-SUEKT",False,NULL
"3717-OEAUQ",False,NULL
"4538-WNTMJ",False,NULL
"9432-RUVSL",False,NULL
"8060-HIWJJ",False,NULL
"7684-XSZIY",False,NULL
"9089-UOWJG",False,NULL
"8039-ACLPL",False,NULL
"9885-AIBVB",False,NULL
"1934-MKPXS",False,NULL
"2592-YKDIF",False,NULL
"2272-JKMSI",False,NULL
"8714-CTZJW",False,NULL
"3569-EDBPQ",False,NULL
"3131-NWVFJ",False,NULL
"7521-YXVZY",False,NULL
"2373-NTKOD",False,NULL
"1970-KKFWL",False,NULL
"9337-SRRNI",False,NULL
"0895-UADGO",False,NULL
"5678-VFNEQ",False,NULL
"5977-CKHON",False,NULL
"2692-BUCFV",False,NULL
"1830-GGFNM",False,NULL
"5302-BDJNT",False,NULL
"5223-UZAVK",False,NULL
"4859-ZSRDZ",False,NULL
"5651-WYIPH",False,NULL
"9350-VLHMB",False,NULL
"3498-LZGQZ",False,NULL
"8785-CJSHH",False,NULL
"3870-SPZSI",False,NULL
"6234-PFPXL",False,NULL
"7560-QRBXH",False,NULL
"7077-XJMET",False,NULL
"8752-GHJFU",False,NULL
"6896-SRVYQ",False,NULL
"4652-ODEVH",False,NULL
"6510-UPNKS",False,NULL
"6718-BDGHG",False,NULL
"9046-DQMTP",False,NULL
"6439-LAJXL",False,NULL
"9052-VKDUW",False,NULL
"1666-JZPZT",False,NULL
"5777-KJIRB",False,NULL
"7677-SJJJK",False,NULL
"2480-EJWYP",False,NULL
"3253-HKOKL",False,NULL
"7055-HNEOJ",False,NULL
"5514-YQENT",False,NULL
"3211-AAPKX",False,NULL
"8445-DNBAE",False,NULL
"2958-NHPPS",False,NULL
"6806-YDEUL",False,NULL
"1735-XMJVH",False,NULL
"6890-PFRQX",False,NULL
"0222-CNVPT",False,NULL
"5899-OUVKV",False,NULL
"8681-ICONS",False,NULL
"1621-YNCJH",False,NULL
"6362-QHAFM",False,NULL
"9824-QCJPK",False,NULL
"4283-IVYCI",False,NULL
"1866-OBPNR",False,NULL
"8205-MQUGY",False,NULL
"8970-ANWXO",False,NULL
"9480-BQJEI",False,NULL
"6979-TNDEU",False,NULL
"9777-WJJPR",False,NULL
"9495-SKLKD",False,NULL
"6048-UWKAL",False,NULL
"5067-DGXLL",False,NULL
"6281-FKEWS",False,NULL
"8898-KASCD",False,NULL
"9242-TKFSV",False,NULL
"9290-SHCMB",False,NULL
"0743-HNPFG",False,NULL
"2277-BKJKN",False,NULL
"5035-PGZXH",False,NULL
"8695-WDYEA",False,NULL
"6543-JXSOO",False,NULL
"8016-ZMGMO",False,NULL
"8605-ITULD",False,NULL
"6416-YJTTB",False,NULL
"4472-VESGY",False,NULL
"3195-TQDZX",False,NULL
"3128-YOVTD",False,NULL
"1728-CXQBE",False,NULL
"7041-TXQJH",False,NULL
"5014-GSOUQ",False,NULL
"5724-BIDBU",False,NULL
"0481-SUMCB",False,NULL
"1769-GRUIK",False,NULL
"8819-WFGGJ",False,NULL
"7427-AUFPY",False,NULL
"2811-POVEX",False,NULL
"7898-PDWQE",False,NULL
"9972-EWRJS",False,NULL
"9314-IJWSQ",False,NULL
"5799-JRCZO",False,NULL
"1921-KYSAY",False,NULL
"6198-RTPMF",False,NULL
"2924-KHUVI",False,NULL
"1925-GMVBW",False,NULL
"6184-DYUOB",False,NULL
"9207-ZPANB",False,NULL
"9327-QSDED",False,NULL
"1656-DRSMG",False,NULL
"3012-VFFMN",False,NULL
"2984-AFWNC",False,NULL
"0640-YJTPY",False,NULL
"8096-LOIST",False,NULL
"9764-REAFF",False,NULL
"7107-UBYKY",False,NULL
"4881-GQJTW",False,NULL
"7876-DNYAP",False,NULL
"7905-NJMXS",False,NULL
"2882-WDTBA",False,NULL
"2091-GPPIQ",False,NULL
"5071-FBJFS",False,NULL
"2796-UUZZO",False,NULL
"2429-AYKKO",False,NULL
"9798-OPFEM",False,NULL
"3794-NFNCH",False,NULL
"5193-QLVZB",False,NULL
"7114-AEOZE",False,NULL
"5522-NYKPB",False,NULL
"9957-YODKZ",False,NULL
"6518-KZXCB",False,NULL
"2245-ADZFJ",False,NULL
"7776-QGYJC",False,NULL
"9313-QOLTZ",False,NULL
"4672-FOTSD",False,NULL
"9818-XQCUV",False,NULL
"7338-ERIVA",False,NULL
"8259-NFJTV",False,NULL
"3223-DWFIO",False,NULL
"6968-GMKPR",False,NULL
"4751-ERMAN",False,NULL
"1436-ZMJAN",False,NULL
"3292-PBZEJ",False,NULL
"0799-DDIHE",False,NULL
"3070-FNFZQ",False,NULL
"2812-SFXMJ",False,NULL
"5014-WUQMG",False,NULL
"5312-TSZVC",False,NULL
"0993-OSGPT",False,NULL
"7108-DGVUU",False,NULL
"2782-JEEBU",False,NULL
"5127-BZENZ",False,NULL
"2720-FVBQP",False,NULL
"9906-NHHVC",False,NULL
"4522-XRWWI",False,NULL
"3766-EJLFL",False,NULL
"5939-SXWHM",False,NULL
"8152-UOBNY",False,NULL
"7351-KYHQH",False,NULL
"7643-RCHXS",False,NULL
"8246-SHFGA",False,NULL
"0620-XEFWH",False,NULL
"6485-QXWWE",False,NULL
"7321-VGNKU",False,NULL
"5327-CNLUQ",False,NULL
"7552-KEYGT",False,NULL
"5816-JMLGY",False,NULL
"2927-QRRQV",False,NULL
"6265-SXWBU",False,NULL
"7941-RCJOW",False,NULL
"6374-NTQLP",False,NULL
"2387-KDZQY",False,NULL
"3584-WKTTW",False,NULL
"3399-BMLVW",False,NULL
"1971-DTCZB",False,NULL
"3374-PZLXD",False,NULL
"3813-DHBBB",False,NULL
"2812-REYAT",False,NULL
"6518-PPLMZ",False,NULL
"4939-KYYPY",False,NULL
"5930-GBIWP",False,NULL
"6022-KOUQO",False,NULL
"2361-UPSND",False,NULL
"6035-RIIOM",False,NULL
"9504-DSHWM",False,NULL
"5035-BVCXS",False,NULL
"6267-DCFFZ",False,NULL
"3533-UVMOM",False,NULL
"2439-LYPMQ",False,NULL
"1478-VPOAD",False,NULL
"9995-HOTOH",False,NULL
"2988-PLAHS",False,NULL
"1371-OJCEK",False,NULL
"4999-IEZLT",False,NULL
"8883-ANODQ",False,NULL
"2351-RRBUE",False,NULL
"5980-BDHPY",False,NULL
"1498-DQNRX",False,NULL
"9469-WEJBT",False,NULL
"2581-VKIRT",False,NULL
"7426-WEIJX",False,NULL
"2851-MMUTZ",False,NULL
"3307-TLCUD",False,NULL
"6625-FLENO",False,NULL
"2967-MXRAV",False,NULL
"8189-HBVRW",False,NULL
"4163-KIUHY",False,NULL
"3500-NSDOA",False,NULL
"1171-TYKUR",False,NULL
"3761-FLYZI",False,NULL
"1219-NNDDO",False,NULL
"8388-DMKAE",False,NULL
"4403-BWPAY",False,NULL
"9659-QEQSY",False,NULL
"5405-ZMYXQ",False,NULL
"1442-OKRJE",False,NULL
"4737-AQCPU",False,NULL
"2808-CHTDM",False,NULL
"0793-TWELN",False,NULL
"3283-WCWXT",False,NULL
"1060-ENTOF",False,NULL
"0999-QXNSA",False,NULL
"5451-MHQOF",False,NULL
"4836-WNFNO",False,NULL
"9225-BZLNZ",False,NULL
"0354-VXMJC",False,NULL
"4422-QVIJA",False,NULL
"9365-SRSZE",False,NULL
"8332-OSJDW",False,NULL
"4735-BJKOU",False,NULL
"0274-JKUJR",False,NULL
"5740-YHGTW",False,NULL
"8917-SZTTJ",False,NULL
"1696-MZVAU",False,NULL
"7359-WWYJV",False,NULL
"4906-ZHGPK",False,NULL
"3795-GWTRD",False,NULL
"1298-PHBTI",False,NULL
"6223-DHJGV",False,NULL
"6961-MJKBO",False,NULL
"8158-WPEZG",False,NULL
"4918-FYJNT",False,NULL
"0727-BNRLG",False,NULL
"4854-CIDCF",False,NULL
"3280-MRDOF",False,NULL
"6435-SRWBJ",False,NULL
"9964-WBQDJ",False,NULL
"6303-KFWSL",False,NULL
"1702-CCFNJ",False,NULL
"8932-CZHRQ",False,NULL
"0386-CWRGM",False,NULL
"5515-RUGKN",False,NULL
"0404-AHASP",False,NULL
"7279-NMVJC",False,NULL
"2081-VEYEH",False,NULL
"6407-UTSLV",False,NULL
"9060-HJJRW",False,NULL
"2587-YNLES",False,NULL
"7398-SKNQZ",False,NULL
"5935-FCCNB",False,NULL
"1958-RNRKS",False,NULL
"5136-RGMZO",False,NULL
"8345-MVDYC",False,NULL
"8226-BXGES",False,NULL
"9705-IOVQQ",False,NULL
"1015-OWJKI",False,NULL
"2040-XBAVJ",False,NULL
"8887-IPQNC",False,NULL
"8646-JCOMS",False,NULL
"1222-KJNZD",False,NULL
"0106-GHRQR",False,NULL
"3768-VHXQO",False,NULL
"8952-WCVCD",False,NULL
"2418-TPEUN",False,NULL
"3963-RYFNS",False,NULL
"8540-ZQGEA",False,NULL
"1320-REHCS",False,NULL
"4137-JOPHL",False,NULL
"7801-CEDNV",False,NULL
"2057-BOYKM",False,NULL
"3658-QQJYD",False,NULL
"1803-BGNBD",False,NULL
"0134-XWXCE",False,NULL
"6950-TWMYB",False,NULL
"5848-FHRFC",False,NULL
"2243-FNMMI",False,NULL
"2511-MORQY",False,NULL
"5356-KZCKT",False,NULL
"9470-XCCEM",False,NULL
"6519-CFDBX",False,NULL
"3902-MIVLE",False,NULL
"0409-WTMPL",False,NULL
"8763-KIAFH",False,NULL
"3669-WHAFY",False,NULL
"3055-VTCGS",False,NULL
"3144-KMTWZ",False,NULL
"2007-QVGAW",False,NULL
"5207-PLSTK",False,NULL
"2307-FYNNL",False,NULL
"5605-XNWEN",False,NULL
"2155-AMQRX",False,NULL
"6181-AXXYF",False,NULL
"5091-HFAZW",False,NULL
"2519-LBNQL",False,NULL
"8623-ULFNQ",False,NULL
"1568-LJSZU",False,NULL
"7789-HKSBS",False,NULL
"7416-CKTEP",False,NULL
"2586-CWXVV",False,NULL
"2348-KCJLT",False,NULL
"8401-EMUWF",False,NULL
"4193-IBKSW",False,NULL
"5377-NDTOU",False,NULL
"2474-LCNUE",False,NULL
"0839-QNXME",False,NULL
"3506-OVLKD",False,NULL
"6650-VJONK",False,NULL
"2178-PMGCJ",False,NULL
"7492-TAFJD",False,NULL
"2773-MADBQ",False,NULL
"6016-LVTJQ",False,NULL
"7860-KSUGX",False,NULL
"8966-KZXXA",False,NULL
"5149-QYTTU",False,NULL
"2070-XYMFH",False,NULL
"2085-BOJKI",False,NULL
"0817-HSUSE",False,NULL
"5442-PPTJY",False,NULL
"1927-QEWMY",False,NULL
"1663-MHLHE",False,NULL
"5663-QBGIS",False,NULL
"4450-MDZFX",False,NULL
"6701-DHKWQ",False,NULL
"7554-AKDQF",False,NULL
"0794-YVSGE",False,NULL
"5423-BHIXO",False,NULL
"6908-VVYHM",False,NULL
"2959-EEXWB",False,NULL
"1839-UMACK",False,NULL
"3030-YDNRM",False,NULL
"7321-KKSDU",False,NULL
"3402-XRIUO",False,NULL
"8286-AFUYI",False,NULL
"8356-WUAOJ",False,NULL
"8058-DMYRU",False,NULL
"9350-ZXYJC",False,NULL
"8958-JPTRR",False,NULL
"6959-GQEGV",False,NULL
"3173-WSSUE",False,NULL
"1265-HVPZB",False,NULL
"4115-UMJFQ",False,NULL
"7369-TRPFD",False,NULL
"1098-KFQEC",False,NULL
"7190-XHTWJ",False,NULL
"3537-RYBHH",False,NULL
"5296-BFCYD",False,NULL
"9359-JANWS",False,NULL
"3279-DYZQM",False,NULL
"0523-VNGTF",False,NULL
"9575-IWCAZ",False,NULL
"7105-MXJLL",False,NULL
"7064-FRRSW",False,NULL
"7940-UQQUG",False,NULL
"3961-SXAXY",False,NULL
"7010-BRBUU",False,NULL
"3566-HJGPK",False,NULL
"3062-ICYZQ",False,NULL
"9938-PRCVK",False,NULL
"0973-KYVNF",False,NULL
"5129-HHMZC",False,NULL
"9637-CDTKZ",False,NULL
"3946-JEWRQ",False,NULL
"7873-CVMAW",False,NULL
"0463-WZZKO",False,NULL
"4524-QCSSM",False,NULL
"5832-EXGTT",False,NULL
"2039-JONDJ",False,NULL
"7217-JYHOQ",False,NULL
"6695-FRVEC",False,NULL
"9894-QMIMJ",False,NULL
"8069-YQQAJ",False,NULL
"1636-NTNCO",False,NULL
"3466-WAESX",False,NULL
"9281-PKKZE",False,NULL
"3638-VBZTA",False,NULL
"7459-IMVYU",False,NULL
"8563-OYMQY",False,NULL
"0754-EEBDC",False,NULL
"5777-ZPQNC",False,NULL
"1951-IEYXM",False,NULL
"3318-NMQXL",False,NULL
"1022-RKXDR",False,NULL
"2361-FJWNO",False,NULL
"2272-UOINI",False,NULL
"8232-UTFOZ",False,NULL
"3750-YHRYO",False,NULL
"6637-KYRCV",False,NULL
"5668-MEISB",False,NULL
"0129-QMPDR",False,NULL
"7188-CBBBA",False,NULL
"5356-CSVSQ",False,NULL
"3221-CJMSG",False,NULL
"3219-JQRSL",False,NULL
"2801-NISEI",False,NULL
"4623-ZKHLY",False,NULL
"6732-VAILE",False,NULL
"8201-AAXCB",False,NULL
"7696-CFTAT",False,NULL
"1845-CSBRZ",False,NULL
"2123-VSCOT",False,NULL
"2018-QKYGT",False,NULL
"2792-VPPET",False,NULL
"7409-JURKQ",False,NULL
"3247-MHJKM",False,NULL
"1964-SVLEA",False,NULL
"7297-DVYGA",False,NULL
"2239-CGBUZ",False,NULL
"0854-UYHZD",False,NULL
"7243-LCGGZ",False,NULL
"8267-KFGYD",False,NULL
"4890-VMUAV",False,NULL
"9261-WDCAF",False,NULL
"3764-MNMOI",False,NULL
"7442-YGZFK",False,NULL
"8229-BUJHX",False,NULL
"7449-HVPIV",False,NULL
"5504-WSIUR",False,NULL
"8466-PZBLH",False,NULL
"8735-IJJEG",False,NULL
"0564-MUUQK",False,NULL
"0701-RFGFI",False,NULL
"0019-EFAEP",False,NULL
"5619-PTMIK",False,NULL
"3737-XBQDD",False,NULL
"5882-CMAZQ",False,NULL
"5846-QFDFI",False,NULL
"4445-KWOKW",False,NULL
"3511-APPBJ",False,NULL
"7967-HYCDE",False,NULL
"2430-RRYUW",False,NULL
"3723-BFBGR",False,NULL
"5447-WZAFP",False,NULL
"5110-CHOPY",False,NULL
"4425-OWHWB",False,NULL
"7892-QVYKW",False,NULL
"9675-ICXCT",False,NULL
"4703-MQYKT",False,NULL
"5692-ICXLW",False,NULL
"0602-DDUML",False,NULL
"2208-MPXIO",False,NULL
"1960-UYCNN",False,NULL
"3190-FZATL",False,NULL
"7336-RLLRH",False,NULL
"7710-JSYOA",False,NULL
"9885-MFVSU",False,NULL
"0607-MVMGC",False,NULL
"3365-SAIGS",False,NULL
"8022-BECSI",False,NULL
"9993-LHIEB",False,NULL
"0266-CLZKZ",False,NULL
"7020-OZKXZ",False,NULL
"3977-QCRSL",False,NULL
"0017-DINOC",False,NULL
"7639-OPLNG",False,NULL
"1492-QGCLU",False,NULL
"7328-OWMOM",False,NULL
"4418-LZMSV",False,NULL
"5155-AZQPB",False,NULL
"1087-GRUYI",False,NULL
"2546-KZAAT",False,NULL
"0181-RITDD",False,NULL
"5989-PGKJB",False,NULL
"8272-ONJLV",False,NULL
"1488-PBLJN",False,NULL
"0308-GIQJT",False,NULL
"3778-FOAQW",False,NULL
"4452-ROHMO",False,NULL
"3090-LETTY",False,NULL
"5349-AZPEW",False,NULL
"9720-JJJOR",False,NULL
"8100-HZZLJ",False,NULL
"8775-ERLNB",False,NULL
"8309-IEYJD",False,NULL
"7398-HPYZQ",False,NULL
"3546-GHEAE",False,NULL
"7361-YPXFS",False,NULL
"6557-BZXLQ",False,NULL
"2550-QHZGP",False,NULL
"7519-JTWQH",False,NULL
"2538-OIMXF",False,NULL
"8543-MSDMF",False,NULL
"1170-SASML",False,NULL
"4872-JCVCA",False,NULL
"5346-BZCHP",False,NULL
"2038-LLMLM",False,NULL
"1216-BGTSP",False,NULL
"4138-NAXED",False,NULL
"0744-BIKKF",False,NULL
"7483-IQWIB",False,NULL
"5248-KWLAR",False,NULL
"7996-MHXLW",False,NULL
"7833-PKIHD",False,NULL
"7061-OVMIM",False,NULL
"5153-RTHKF",False,NULL
"1852-QSWCD",False,NULL
"4832-VRBMR",False,NULL
"9079-LWTFD",False,NULL
"3392-EHMNK",False,NULL
"5986-WWXDV",False,NULL
"3061-BCKYI",False,NULL
"7901-TBKJX",False,NULL
"7228-PAQPD",False,NULL
"7746-QYVCO",False,NULL
"5804-HYIEZ",False,NULL
"9919-FZDED",False,NULL
"5934-TSSAU",False,NULL
"3486-KHMLI",False,NULL
"6784-XYJAE",False,NULL
"3933-DQPWX",False,NULL
"6661-EIPZC",False,NULL
"8957-THMOA",False,NULL
"2251-PYLPB",False,NULL
"5555-RNPGT",False,NULL
"1057-FOGLZ",False,NULL
"8087-LGYHQ",False,NULL
"4137-BTIKL",False,NULL
"2190-BCXEC",False,NULL
"6227-FBDXH",False,NULL
"2911-WDXMV",False,NULL
"7206-PQBBZ",False,NULL
"4547-FZJWE",False,NULL
"7422-WNBTY",False,NULL
"0842-IWYCP",False,NULL
"3521-HTQTV",False,NULL
"3744-ZBHON",False,NULL
"3373-DIUUN",False,NULL
"8383-SGHJU",False,NULL
"7607-QKKTJ",False,NULL
"7707-PYBBH",False,NULL
"8984-HPEMB",False,NULL
"4139-DETXS",False,NULL
"9779-DPNEJ",False,NULL
"9805-FILKB",False,NULL
"5793-YOLJN",False,NULL
"0673-IGUQO",False,NULL
"4123-FCVCB",False,NULL
"8819-IMISP",False,NULL
"8311-UEUAB",False,NULL
"5858-EAFCZ",False,NULL
"1163-ONYEY",False,NULL
"5656-MJEFC",False,NULL
"6082-OQFBA",False,NULL
"8974-OVACP",False,NULL
"4010-YLMVT",False,NULL
"1379-FRVEB",False,NULL
"8612-GXIDD",False,NULL
"6288-CHQJB",False,NULL
"8160-HOWOX",False,NULL
"6648-INWPS",False,NULL
"4223-BKEOR",False,NULL
"4079-VTGLK",False,NULL
"1763-WQFUK",False,NULL
"1391-UBDAR",False,NULL
"8894-JVDCV",False,NULL
"2023-VQFDL",False,NULL
"1345-GKDZZ",False,NULL
"2014-MKGMH",False,NULL
"5628-FCGYG",False,NULL
"2560-WBWXF",False,NULL
"0248-IPDFW",False,NULL
"7978-DKUQH",False,NULL
"4335-UPJSI",False,NULL
"1784-EZDKJ",False,NULL
"9297-FVVDH",False,NULL
"8007-YYPWD",False,NULL
"7101-HRBLJ",False,NULL
"6635-CPNUN",False,NULL
"5453-YBTWV",False,NULL
"5039-LZRQT",False,NULL
"2931-VUVJN",False,NULL
"6418-PIQSP",False,NULL
"8220-OCUFY",False,NULL
"3995-WFCSM",False,NULL
"1895-QTKDO",False,NULL
"2038-OEQZH",False,NULL
"1178-PZGAB",False,NULL
"2626-VEEWG",False,NULL
"2878-RMWXY",False,NULL
"1657-DYMBM",False,NULL
"7311-MQJCH",False,NULL
"7375-WMVMT",False,NULL
"1136-XGEQU",False,NULL
"2530-FMFXO",False,NULL
"6844-DZKRF",False,NULL
"5970-GHJAW",False,NULL
"8879-XUAHX",False,NULL
"3689-MOZGR",False,NULL
"4195-PNGZS",False,NULL
"5003-XZWWO",False,NULL
"7622-FWGEW",False,NULL
"6922-NCEDI",False,NULL
"9891-NQDBD",False,NULL
"6131-IUNXN",False,NULL
"8548-AWOFC",False,NULL
"9798-DRYDS",False,NULL
"8532-UEFWH",False,NULL
"6296-DDOOR",False,NULL
"7951-VRDVK",False,NULL
"4815-YOSUK",False,NULL
"0380-NEAVX",False,NULL
"4365-MSDYN",False,NULL
"7036-TYDEC",False,NULL
"5802-ADBRC",False,NULL
"8076-FEZKJ",False,NULL
"5197-YPYBZ",False,NULL
"4312-GVYNH",False,NULL
"8495-LJDFO",False,NULL
"0839-JTCUD",False,NULL
"5494-WOZRZ",False,NULL
"1302-UHBDD",False,NULL
"2234-EOFPT",False,NULL
"8619-IJNDK",False,NULL
"8378-LKJAF",False,NULL
"1153-GNOLC",False,NULL
"3298-QEICA",False,NULL
"0788-DXBFY",False,NULL
"3597-YASZG",False,NULL
"3496-LFSZU",False,NULL
"5242-UOWHD",False,NULL
"6479-SZPLM",False,NULL
"8097-VBQTZ",False,NULL
"4500-HKANN",False,NULL
"9917-KWRBE",False,NULL
"3420-ZDBMA",False,NULL
"2212-LYASK",False,NULL
"1393-IMKZG",False,NULL
"8069-RHUXK",False,NULL
"3398-GCPMU",False,NULL
"2908-WGAXL",False,NULL
"3378-AJRAO",False,NULL
"1013-QCWAM",False,NULL
"6050-FFXES",False,NULL
"0362-RAOQO",False,NULL
"9554-DFKIC",False,NULL
"5527-ACHSO",False,NULL
"0829-DDVLK",False,NULL
"1399-UBQIU",False,NULL
"1813-JLKWR",False,NULL
"0336-PIKEI",False,NULL
"7322-OCWHC",False,NULL
"9537-VHDTA",False,NULL
"4957-TIALW",False,NULL
"2054-PJOCK",False,NULL
"9150-HEPMB",False,NULL
"9030-QGZNL",False,NULL
"3126-WQMGH",False,NULL
"7176-WRTNX",False,NULL
"5732-IKGQH",False,NULL
"9239-GZHZE",False,NULL
"7205-BAIAD",False,NULL
"0093-EXYQL",False,NULL
"8064-RAVOH",False,NULL
"0219-QAERP",False,NULL
"9168-INPSZ",False,NULL
"0015-UOCOJ",False,NULL
"5334-AFQJB",False,NULL
"2754-SDJRD",False,NULL
"8963-JLGJT",False,NULL
"1465-LNTLJ",False,NULL
"2135-DQWAQ",False,NULL
"4056-QHXHZ",False,NULL
"7401-JIXNM",False,NULL
"9339-FIIJL",False,NULL
"4706-DGAHW",False,NULL
"6670-MFRPK",False,NULL
"6177-PEVRA",False,NULL
"4813-HQMGZ",False,NULL
"7579-KKLOE",False,NULL
"8402-EIVQS",False,NULL
"4947-DSMXK",False,NULL
"7245-NIIWQ",False,NULL
"0002-ORFBO",False,NULL
"3324-OIRTO",False,NULL
"5414-OFQCB",False,NULL
"4967-WPNCF",False,NULL
"8552-OBVRU",False,NULL
"8499-BRXTD",False,NULL
"9154-QDGTH",False,NULL
"8197-BFWVU",False,NULL
"2577-GVSIL",False,NULL
"9367-OIUXP",False,NULL
"6770-UAYGJ",False,NULL
"6463-HHXJR",False,NULL
"7928-VJYAB",False,NULL
"1187-WILMM",False,NULL
"9776-OJUZI",False,NULL
"1306-RPWXZ",False,NULL
"3097-PYWXL",False,NULL
"2266-SJNAT",False,NULL
"0869-PAPRP",False,NULL
"4238-JSSWH",False,NULL
"2972-YDYUW",False,NULL
"1104-FEJAM",False,NULL
"2809-ILCYT",False,NULL
"5499-ECUTN",False,NULL
"4981-FLTMF",False,NULL
"9121-PHQSR",False,NULL
"3113-IWHLC",False,NULL
"4277-BWBML",False,NULL
"0234-TEVTT",False,NULL
"4304-TSPVK",False,NULL
"1552-AAGRX",False,NULL
"2637-FKFSY",False,NULL
"9796-MVYXX",False,NULL
"7874-ECPQJ",False,NULL
"0020-INWCK",False,NULL
"7089-RKVSZ",False,NULL
"2683-JXWQQ",False,NULL
"9548-ZMVTX",False,NULL
"8739-XNIKG",False,NULL
"9755-JHNMN",False,NULL
"3981-QSVQI",False,NULL
"2789-HQBOU",False,NULL
"9424-CMPOG",False,NULL
"5067-WJEUN",False,NULL
"3450-WXOAT",False,NULL
"9251-WNSOD",False,NULL
"6974-DAFLI",False,NULL
"2616-UUTFK",False,NULL
"7064-JHXCE",False,NULL
"7989-AWGEH",False,NULL
"4373-VVHQL",False,NULL
"4559-UWIHT",False,NULL
"7268-IGMFD",False,NULL
"6650-BWFRT",False,NULL
"9570-KYEUA",False,NULL
"6993-YGFJV",False,NULL
"2712-SYWAY",False,NULL
"0730-BGQGF",False,NULL
"5498-IBWPI",False,NULL
"9101-NTIXF",False,NULL
"0013-SMEOE",False,NULL
"9314-QDMDW",False,NULL
"9308-ANMVE",False,NULL
"3413-DHLPB",False,NULL
"7649-PHJVR",False,NULL
"6114-TCFID",False,NULL
"3787-TRIAL",False,NULL
"2573-GYRUU",False,NULL
"5156-UMKOW",False,NULL
"1247-QBVSH",False,NULL
"6734-GMPVK",False,NULL
"9822-OAOVB",False,NULL
"6161-ERDGD",False,NULL
"1226-JZNKR",False,NULL
"7318-EIVKO",False,NULL
"3771-PZOBW",False,NULL
"8231-BSWXX",False,NULL
"6486-LHTMA",False,NULL
"4083-BFNYK",False,NULL
"7389-KBFIT",False,NULL
"7176-WIONM",False,NULL
"5141-ZUVBH",False,NULL
"1089-HDMKP",False,NULL
"7623-HKYRK",False,NULL
"0310-SUCIN",False,NULL
"5197-PYEPU",False,NULL
"6619-RPLQZ",False,NULL
"3275-RHRNE",False,NULL
"3503-TYDAY",False,NULL
"6901-GOGZG",False,NULL
"7021-XSNYE",False,NULL
"9621-OUPYD",False,NULL
"8982-NHAVY",False,NULL
"4307-KWMXE",False,NULL
"0141-YEAYS",False,NULL
"2450-ZKEED",False,NULL
"3694-DELSO",False,NULL
"3893-JRNFS",False,NULL
"9603-OAIHC",False,NULL
"1133-KXCGE",False,NULL
"0142-GVYSN",False,NULL
"1049-FYSYG",False,NULL
"8406-LNMHF",False,NULL
"1821-BUCWY",False,NULL
"0023-UYUPN",False,NULL
"8314-DPQHL",False,NULL
"1465-WCZVT",False,NULL
"9481-SFCQY",False,NULL
"6360-SVNWV",False,NULL
"0567-GGCAC",False,NULL
"8884-MRNSU",False,NULL
"2171-UDMFD",False,NULL
"9050-IKDZA",False,NULL
"9802-CAQUT",False,NULL
"0187-WZNAB",False,NULL
"1475-VWVDO",False,NULL
"1357-MVDOZ",False,NULL
"7602-MVRMB",False,NULL
"1197-BVMVG",False,NULL
"5406-KGRMX",False,NULL
"5968-HYJRZ",False,NULL
"5198-EFNBM",False,NULL
"7516-GMHUV",False,NULL
"7140-ADSMJ",False,NULL
"2230-XTUWL",False,NULL
"7706-YLMQA",False,NULL
"2585-KTFRE",False,NULL
"7994-UYIVZ",False,NULL
"7717-BICXI",False,NULL
"6559-RAKOZ",False,NULL
"4716-MRVEN",False,NULL
"2143-LJULT",False,NULL
"3200-MNQTF",False,NULL
"6164-HXUGH",False,NULL
"5630-IXDXV",False,NULL
"0320-DWVTU",False,NULL
"9135-MGVPY",False,NULL
"1212-GLHMD",False,NULL
"7878-JGDKK",False,NULL
"1088-AUUZZ",False,NULL
"6614-YWYSC",False,NULL
"9588-OZDMQ",False,NULL
"6476-EPYZR",False,NULL
"1174-FGIFN",False,NULL
"6620-HVDUJ",False,NULL
"1032-MAELW",False,NULL
"7641-TQFHN",False,NULL
"1552-TKMXS",False,NULL
"8622-ZLFKO",False,NULL
"6188-UXBBR",False,NULL
"2333-KWEWW",False,NULL
"5702-SKUOB",False,NULL
"1134-YWTYF",False,NULL
"6061-GWWAV",False,NULL
"0679-TDGAK",False,NULL
"6585-WCEWR",False,NULL
"9067-YGSCA",False,NULL
"9067-SQTNS",False,NULL
"1776-SPBWV",False,NULL
"8735-SDUFN",False,NULL
"9668-PUGNU",False,NULL
"9405-GPBBG",False,NULL
"1926-QUZNN",False,NULL
"7016-NVRIC",False,NULL
"5829-NVSQN",False,NULL
"9565-AXSMR",False,NULL
"8869-LIHMK",False,NULL
"0447-RXSGD",False,NULL
"4927-WWOOZ",False,NULL
"5788-YPOEG",False,NULL
"0661-KBKPA",False,NULL
"9081-WWXKP",False,NULL
"0784-ZQJZX",False,NULL
"3133-PZNSR",False,NULL
"0722-SVSFK",False,NULL
"3612-YVGSJ",False,NULL
"9825-YCXWZ",False,NULL
"5397-NSKQG",False,NULL
"8565-HBFNN",False,NULL
"2000-DHJUY",False,NULL
"8670-ERCJH",False,NULL
"7758-UJWYS",False,NULL
"2050-ONYDQ",False,NULL
"7055-JCGNI",False,NULL
"0739-UUAJR",False,NULL
"4826-DXMUP",False,NULL
"7285-KLOTR",False,NULL
"0654-PQKDW",False,NULL
"7175-NTIXE",False,NULL
"7963-SHNDT",False,NULL
"9796-BPKIW",False,NULL
"0188-GWFLE",False,NULL
"8129-GMVGI",False,NULL
"2882-DDZPG",False,NULL
"3547-LQRIK",False,NULL
"9137-NOQKA",False,NULL
"5843-TTHGI",False,NULL
"1849-RJYIG",False,NULL
"8868-GAGIO",False,NULL
"4061-UKJWL",False,NULL
"5380-XPJNZ",False,NULL
"8263-QMNTJ",False,NULL
"3230-JCNZS",False,NULL
"0277-ORXQS",False,NULL
"7996-BPXHY",False,NULL
"3227-WLKLI",False,NULL
"2266-FUBDZ",False,NULL
"8237-ULIXL",False,NULL
"8216-AZUUZ",False,NULL
"9153-BTBVV",False,NULL
"5186-PEIZU",False,NULL
"1074-AMIOH",False,NULL
"4361-FEBGN",False,NULL
"7748-UMTRK",False,NULL
"0380-ZCSBI",False,NULL
"7145-FEJWU",False,NULL
"6463-MVYRY",False,NULL
"3969-JQABI",False,NULL
"9624-EGDEQ",False,NULL
"1051-EQPZR",False,NULL
"5849-ASHZJ",False,NULL
"5780-INQIK",False,NULL
"4526-ZJJTM",False,NULL
"8384-FZBJK",False,NULL
"3750-RNQKR",False,NULL
"0962-CQPWQ",False,NULL
"3096-YXENJ",False,NULL
"1265-BCFEO",False,NULL
"5837-LXSDN",False,NULL
"5945-AZYHT",False,NULL
"8325-QRPZR",False,NULL
"6384-VMJHP",False,NULL
"2262-SLNVK",False,NULL
"7730-CLDSV",False,NULL
"1135-HIORI",False,NULL
"0164-APGRB",False,NULL
"6481-ESCNL",False,NULL
"1790-NESIO",False,NULL
"1550-EENBN",False,NULL
"8198-RKSZG",False,NULL
"9297-EONCV",False,NULL
"1069-QJOEE",False,NULL
"7799-DSEWS",False,NULL
"8766-PAFNE",False,NULL
"5315-CKEQK",False,NULL
"3130-ICDUP",False,NULL
"0820-FNRNX",False,NULL
"0880-FVFWF",False,NULL
"4611-ANLQC",False,NULL
"4213-HKBJO",False,NULL
"2792-LSHWX",False,NULL
"0014-BMAQU",False,NULL
"9018-PCIOK",False,NULL
"4837-QUSFT",False,NULL
"9953-ZMKSM",False,NULL
"0907-HQNTS",False,NULL
"7665-NKLAV",False,NULL
"4391-LNRXK",False,NULL
"8250-ZNGGW",False,NULL
"8562-GHPPI",False,NULL
"5893-PYOLZ",False,NULL
"4986-MXSFP",False,NULL
"6131-FOYAS",False,NULL
"3027-YNWZU",False,NULL
"5609-IMCGG",False,NULL
"4727-MCYZG",False,NULL
"9481-WHGWY",False,NULL
"4328-VUFWD",False,NULL
"3301-LSLWQ",False,NULL
"7473-ZBDSN",False,NULL
"3166-PNEOF",False,NULL
"5639-NTUPK",False,NULL
"8780-YRMTT",False,NULL
"5140-FOMCQ",False,NULL
"6242-SGYTS",False,NULL
"8166-ORCHU",False,NULL
"8414-OOEEL",False,NULL
"8454-AATJP",False,NULL
"4531-AUZNK",False,NULL
"4191-XOVOM",False,NULL
"2150-OEGBV",False,NULL
"1855-CFULU",False,NULL
"4878-BUNFV",False,NULL
"1872-EBWSC",False,NULL
"7026-YMSBE",False,NULL
"6997-UVGOX",False,NULL
"9674-EHPPG",False,NULL
"5440-VHLUL",False,NULL
"5781-BKHOP",False,NULL
"5213-TWWJU",False,NULL
"8628-MFKAX",False,NULL
"7629-WIXZF",False,NULL
"5445-GLVOT",False,NULL
"3976-HXHCE",False,NULL
"2466-NEJOJ",False,NULL
"0254-KCJGT",False,NULL
"5472-CVMDX",False,NULL
"6461-SZMCV",False,NULL
"8150-QUDFX",False,NULL
"9508-ILZDG",False,NULL
"2346-DJQTB",False,NULL
"1697-LYYYX",False,NULL
"1942-OQFRW",False,NULL
"9640-ZSLDC",False,NULL
"4231-LZUYM",False,NULL
"6128-AQBMT",False,NULL
"3594-BDSOA",False,NULL
"5133-VRSAB",False,NULL
"5996-DAOQL",False,NULL
"6838-YAUVY",False,NULL
"0484-JPBRU",False,NULL
"7883-ROJOC",False,NULL
"0244-LGNFY",False,NULL
"7274-CGTOD",False,NULL
"4295-YURET",False,NULL
"4635-EJYPD",False,NULL
"1866-ZSLJM",False,NULL
"4636-TVXVG",False,NULL
"4236-UJPWO",False,NULL
"9392-XBGTD",False,NULL
"6402-SSEJG",False,NULL
"1169-SAOCL",False,NULL
"1110-KYLGQ",False,NULL
"9929-PLVPA",False,NULL
"3518-PZXZQ",False,NULL
"2371-JUNGC",False,NULL
"7693-QPEFS",False,NULL
"0924-BJCRC",False,NULL
"5074-FBGHB",False,NULL
"2351-BKRZW",False,NULL
"4455-BFSPD",False,NULL
"3948-KXDUF",False,NULL
"2323-ARSVR",False,NULL
"0815-MFZGM",False,NULL
"5480-XTFFL",False,NULL
"8295-FHIVV",False,NULL
"9086-YJYXS",False,NULL
"1179-INLAT",False,NULL
"7909-FIOIY",False,NULL
"6351-SCJKT",False,NULL
"5468-BPMMO",False,NULL
"0197-PNKNK",False,NULL
"2439-QKJUL",False,NULL
"1194-SPVSP",False,NULL
"9534-NSXEM",False,NULL
"8929-KSWIH",False,NULL
"2250-IVBWA",False,NULL
"1810-MVMAI",False,NULL
"9506-UXUSK",False,NULL
"1229-RCALF",False,NULL
"3572-UOLYZ",False,NULL
"1429-UYJSV",False,NULL
"6366-XIVKZ",False,NULL
"3470-OBUET",False,NULL
"2770-NSVDG",False,NULL
"9375-MHRRS",False,NULL
"4860-YZGZM",False,NULL
"6599-GZWCM",False,NULL
"5533-NHFRF",False,NULL
"7037-MTYVW",False,NULL
"4760-THGOT",False,NULL
"4016-BJKTZ",False,NULL
"6584-VQMYT",False,NULL
"9838-BFCQT",False,NULL
"2790-XUYMV",False,NULL
"0581-MDMPW",False,NULL
"1023-BQXZE",False,NULL
"9163-GHAYE",False,NULL
"3904-UKFRE",False,NULL
"5353-WILCI",False,NULL
"0058-EVZWM",False,NULL
"7009-PCARS",False,NULL
"0519-DRGTI",False,NULL
"1017-FBQMM",False,NULL
"1985-MBRYP",False,NULL
"9372-TXXPS",False,NULL
"3259-QMXUN",False,NULL
"1015-JPFYW",False,NULL
"6645-MXQJT",False,NULL
"4360-QRAVE",False,NULL
"8433-WPJTV",False,NULL
"5804-JMYIO",False,NULL
"6484-LATFU",False,NULL
"7599-NTMDP",False,NULL
"0536-ACXIP",False,NULL
"0936-NQLJU",False,NULL
"1575-KRZZE",False,NULL
"3251-YMVWZ",False,NULL
"9348-ROUAI",False,NULL
"4884-LEVMQ",False,NULL
"8857-CUPFQ",False,NULL
"7610-TVOPG",False,NULL
"3638-DIMPH",False,NULL
"1845-ZLLIG",False,NULL
"8559-WNQZS",False,NULL
"1699-UOTXU",False,NULL
"0635-WKOLD",False,NULL
"5993-JSUWV",False,NULL
"4518-FZBSX",False,NULL
"5387-ASZNZ",False,NULL
"6988-CJEYV",False,NULL
"3097-FQTVJ",False,NULL
"5465-BUBFA",False,NULL
"7299-GNVPL",False,NULL
"9743-DQKQW",False,NULL
"1215-VFYVK",False,NULL
"9371-BITHB",False,NULL
"9093-FPDLG",False,NULL
"0541-FITGH",False,NULL
"6985-HAYWX",False,NULL
"7508-KBIMB",False,NULL
"6838-HVLXG",False,NULL
"2277-DJJDL",False,NULL
"1897-OKVMW",False,NULL
"5485-ITNPC",False,NULL
"0233-FTHAV",False,NULL
"4644-PIZRT",False,NULL
"8922-NPKBJ",False,NULL
"2740-TVLFN",False,NULL
"7771-CFQRQ",False,NULL
"9512-PHSMG",False,NULL
"6963-EZQEE",False,NULL
"2452-KDRRH",False,NULL
"4146-SVFUD",False,NULL
"1564-HJUVY",False,NULL
"3617-XLSGQ",False,NULL
"7517-LDMPS",False,NULL
"7244-KXYZN",False,NULL
"5226-NOZFC",False,NULL
"1400-WIVLL",False,NULL
"8148-NLEGT",False,NULL
"8347-GDTMP",False,NULL
"6746-WAUWT",False,NULL
"0428-IKYCP",False,NULL
"2187-PKZAY",False,NULL
"4003-OCTMP",False,NULL
"6652-YFFJO",False,NULL
"7225-IILWY",False,NULL
"5248-RPYWW",False,NULL
"7923-IYJWY",False,NULL
"3170-GWYKC",False,NULL
"9830-ECLEN",False,NULL
"2668-TZSPS",False,NULL
"7446-SFAOA",False,NULL
"9443-JUBUO",False,NULL
"9522-ZSINC",False,NULL
"8234-GSZYK",False,NULL
"6505-OZNPG",False,NULL
"6164-HAQTX",False,NULL
"7765-LWVVH",False,NULL
"1658-TJVOA",False,NULL
"0953-LGOVU",False,NULL
"4692-NNQRU",False,NULL
"7742-MYPGI",False,NULL
"9619-GSATL",False,NULL
"5622-UEJFI",False,NULL
"0674-DGMAQ",False,NULL
"6203-HBZPA",False,NULL
"0484-FFVBJ",False,NULL
"0301-FIDRB",False,NULL
"4139-JPIAM",False,NULL
"2181-TIDSV",False,NULL
"2761-XECQW",False,NULL
"1936-CZAKF",False,NULL
"9453-PATOS",False,NULL
"4402-FTBXC",False,NULL
"2931-XIQBR",False,NULL
"0106-UGRDO",False,NULL
"5542-TBBWB",False,NULL
"1930-QPBVZ",False,NULL
"2606-PKWJB",False,NULL
"5322-ZSMZY",False,NULL
"8059-UDZFY",False,NULL
"7740-BTPUX",False,NULL
"5220-AGAAX",False,NULL
"0208-BPQEJ",False,NULL
"9435-JMLSX",False,NULL
"3352-ALMCK",False,NULL
"5312-IRCFR",False,NULL
"5294-IMHHT",False,NULL
"6176-YJWAS",False,NULL
"5310-NOOVA",False,NULL
"4526-EXKKN",False,NULL
"5311-IHLEI",False,NULL
"3987-KQDDU",False,NULL
"3404-JNXAX",False,NULL
"5131-PONJI",False,NULL
"3489-VSFRD",False,NULL
"3345-JHUEO",False,NULL
"5815-HGGHV",False,NULL
"5260-UMPWX",False,NULL
"5649-RXQTV",False,NULL
"2674-MIAHT",False,NULL
"2576-HXMPA",False,NULL
"7587-AOVVU",False,NULL
"6898-MDLZW",False,NULL
"4707-YNOQA",False,NULL
"9357-UJRUN",False,NULL
"8648-PFRMP",False,NULL
"7663-CUXZB",False,NULL
"0258-NOKBL",False,NULL
"1163-VIPRI",False,NULL
"3043-TYBNO",False,NULL
"4830-FAXFM",False,NULL
"5906-BFOZT",False,NULL
"2960-NKRSO",False,NULL
"8996-ZROXE",False,NULL
"5598-IKHQQ",False,NULL
"0397-ZXWQF",False,NULL
"5266-PFRQK",False,NULL
"4674-HGNUA",False,NULL
"6765-MBQNU",False,NULL
"9786-IJYDL",False,NULL
"1303-SRDOK",False,NULL
"3769-MHZNV",False,NULL
"6295-OSINB",False,NULL
"3308-MHOOC",False,NULL
"2207-QPJED",False,NULL
"4177-JPDFU",False,NULL
"2239-CFOUJ",False,NULL
"8046-DNVTL",False,NULL
"2209-XADXF",False,NULL
"6620-JDYNW",False,NULL
"4770-UEZOX",False,NULL
"1038-RQOST",False,NULL
"4568-TTZRT",False,NULL
"9513-DXHDA",False,NULL
"0516-QREYC",False,NULL
"8084-OIVBS",False,NULL
"8896-BQTTI",False,NULL
"3865-QBWSJ",False,NULL
"3352-RICWQ",False,NULL
"2160-GPFXD",False,NULL
"2065-MMKGR",False,NULL
"5857-TYBCJ",False,NULL
"1498-NHTLT",False,NULL
"1402-PTHGN",False,NULL
"4176-RELJR",False,NULL
"5199-FPUSP",False,NULL
"6377-KSLXC",False,NULL
"1796-JANOW",False,NULL
"0238-WHBIQ",False,NULL
"8735-NBLWT",False,NULL
"6651-RLGGM",False,NULL
"1614-JBEBI",False,NULL
"5696-EXCYS",False,NULL
"5795-KTGUD",False,NULL
"7924-GJZFI",False,NULL
"4702-HDRKD",False,NULL
"8512-WIWYV",False,NULL
"5897-ZYEKH",False,NULL
"5456-ITGIC",False,NULL
"1406-PUQVY",False,NULL
"9114-AAFQH",False,NULL
"8715-KKTFG",False,NULL
"1728-BQDMA",False,NULL
"5117-ZSMHQ",False,NULL
"5151-HQRDG",False,NULL
"0960-HUWBM",False,NULL
"6465-GSRCL",False,NULL
"0263-FJTQO",False,NULL
"7319-ZNRTR",False,NULL
"7503-EPSZW",False,NULL
"7089-XXAYG",False,NULL
"8070-AAWZP",False,NULL
"1666-JXLKU",False,NULL
"7855-DIWPO",False,NULL
"5133-POWUA",False,NULL
"5652-MSDEY",False,NULL
"1810-BOHSY",False,NULL
"1784-BXEFA",False,NULL
"7351-MHQVU",False,NULL
"9224-VTYID",False,NULL
"9500-IWPXQ",False,NULL
"5762-TJXGK",False,NULL
"4504-YOULA",False,NULL
"5569-IDSEY",False,NULL
"7284-ZZLOH",False,NULL
"1777-JYQPJ",False,NULL
"3401-URHDA",False,NULL
"1599-EAHXY",False,NULL
"8631-XVRZL",False,NULL
"3853-LYGAM",False,NULL
"5751-USDBL",False,NULL
"5680-LQOGP",False,NULL
"8189-DUKMV",False,NULL
"9931-DCEZH",False,NULL
"1898-JSNDC",False,NULL
"0315-LVCRK",False,NULL
"3911-RSNHI",False,NULL
"2410-CIYFZ",False,NULL
"5505-OVWQW",False,NULL
"7271-AJDTL",False,NULL
"1867-TJHTS",False,NULL
"6860-YRJZP",False,NULL
"4429-WYGFR",False,NULL
"2817-LVCPP",False,NULL
"5038-ETMLM",False,NULL
"5056-FIMPT",False,NULL
"4521-WFJAI",False,NULL
"6569-KTMDU",False,NULL
"8809-XKHMD",False,NULL
"0396-YCHWO",False,NULL
"0867-LDTTC",False,NULL
"9391-DXGGG",False,NULL
"9844-FELAJ",False,NULL
"2122-SZZZD",False,NULL
"3148-AOIQT",False,NULL
"8395-ETZKQ",False,NULL
"6692-YQHXC",False,NULL
"3889-VWBID",False,NULL
"5222-JCXZT",False,NULL
"9754-CLVZW",False,NULL
"2739-CCZMB",False,NULL
"7080-TNUWP",False,NULL
"0496-AHOOK",False,NULL
"8336-TAVKX",False,NULL
"2468-SJFLM",False,NULL
"3181-VTHOE",False,NULL
"7168-HDQHG",False,NULL
"4567-AKPIA",False,NULL
"7901-HXJVA",False,NULL
"5924-IFQTT",False,NULL
"7968-QUXNS",False,NULL
"8903-WMRNW",False,NULL
"2452-SNHFZ",False,NULL
"3629-WEAAM",False,NULL
"6029-CSMJE",False,NULL
"7993-NQLJE",False,NULL
"9909-DFRJA",False,NULL
"9099-FTUHS",False,NULL
"0581-BXBUB",False,NULL
"4962-CHQPW",False,NULL
"9467-ROOLM",False,NULL
"5150-ITWWB",False,NULL
"2253-KPMNB",False,NULL
"1345-ZUKID",False,NULL
"6429-SHBCB",False,NULL
"9281-OFDMF",False,NULL
"2603-HVKCG",False,NULL
"1834-WULEG",False,NULL
"9097-ZUBYC",False,NULL
"5148-ORICT",False,NULL
"4893-GYUJU",False,NULL
"4578-PHJYZ",False,NULL
"7272-QDCKA",False,NULL
"8908-SLFCJ",False,NULL
"9766-HGEDE",False,NULL
"6968-MHOMU",False,NULL
"5044-XDPYX",False,NULL
"1814-WFGVS",False,NULL
"3721-WKIIL",False,NULL
"6734-CKRSM",False,NULL
"1265-ZFOSD",False,NULL
"6568-POCUI",False,NULL
"5197-LQXXH",False,NULL
"3457-PQBYH",False,NULL
"7682-AZNDK",False,NULL
"5384-ZTTWP",False,NULL
"3745-HRPHI",False,NULL
"7636-OWBPG",False,NULL
"1231-YNDEK",False,NULL
"1407-DIGZV",False,NULL
"0570-BFQHT",False,NULL
"4393-OBCRR",False,NULL
"8564-LDKFL",False,NULL
"3696-DFHHB",False,NULL
"4717-GHADL",False,NULL
"5501-TVMGM",False,NULL
"5879-HMFFH",False,NULL
"6772-WFQRD",False,NULL
"3810-DVDQQ",False,NULL
"6972-SNKKW",False,NULL
"3694-GLTJM",False,NULL
"8550-XSXUQ",False,NULL
"9055-MOJJJ",False,NULL
"4359-INNWN",False,NULL
"0585-EGDDA",False,NULL
"4032-RMHCI",False,NULL
"0549-CYCQN",False,NULL
"3481-JHUZH",False,NULL
"3594-IVHJZ",False,NULL
"6869-FGJJC",False,NULL
"3896-ZVNET",False,NULL
"8205-VSLRB",False,NULL
"5960-MVTUK",False,NULL
"6817-WTYHE",False,NULL
"3082-VQXNH",False,NULL
"4931-TRZWN",False,NULL
"0750-EKNGL",False,NULL
"7669-LCRSD",False,NULL
"3567-PQTSO",False,NULL
"8043-PNYSD",False,NULL
"9938-EKRGF",False,NULL
"2703-AMTUL",False,NULL
"0928-JMXNP",False,NULL
"8173-RXAYP",False,NULL
"4825-XJGDM",False,NULL
"5402-HTOTQ",False,NULL
"6734-JDTTV",False,NULL
"7850-THJMU",False,NULL
"3890-RTCMS",False,NULL
"3717-FDJFU",False,NULL
"3665-JATSN",False,NULL
"7966-YOTQW",False,NULL
"8853-TZDGH",False,NULL
"4324-BZCKL",False,NULL
"6924-TDGMT",False,NULL
"1536-YHDOE",False,NULL
"8123-QBNAZ",False,NULL
"3629-ZNKXA",False,NULL
"4827-LTQRJ",False,NULL
"7711-YIJWC",False,NULL
"5482-VXSXJ",False,NULL
"7365-BVCJH",False,NULL
"9620-ENEJV",False,NULL
"2378-YIZKA",False,NULL
"0689-DSXGL",False,NULL
"6818-DJXAA",False,NULL
"0464-WJTKO",False,NULL
"8902-ZEOVF",False,NULL
"6778-EICRF",False,NULL
"2662-NNTDK",False,NULL
"4132-KALRO",False,NULL
"2874-YXVVA",False,NULL
"1245-HARPS",False,NULL
"4323-ELYYB",False,NULL
"4293-ETKAP",False,NULL
"6064-PUPMC",False,NULL
"6504-VBLFL",False,NULL
"6322-PJJDJ",False,NULL
"0330-BGYZE",False,NULL
"1085-LDWAM",False,NULL
"7586-ZATGZ",False,NULL
"7197-VOJMM",False,NULL
"1843-TLSGD",False,NULL
"9626-VFRGG",False,NULL
"7075-BNDVQ",False,NULL
"9143-CANJF",False,NULL
"7284-BUYEC",False,NULL
"2041-JIJCI",False,NULL
"4900-MSOMT",False,NULL
"2229-VWQJH",False,NULL
"9194-GFVOI",False,NULL
"1336-EZFZY",False,NULL
"4282-MSACW",False,NULL
"1403-LKLIK",False,NULL
"0136-IFMYD",False,NULL
"5144-TVGLP",False,NULL
"9643-AVVWI",False,NULL
"0253-ZTEOB",False,NULL
"2706-QZIHY",False,NULL
"6080-TCMYC",False,NULL
"6061-PQHMK",False,NULL
"6137-MFAJN",False,NULL
"9122-UMROB",False,NULL
"4232-JGKIY",False,NULL
"2402-TAIRZ",False,NULL
"9659-ZTWSM",False,NULL
"9139-TWBAS",False,NULL
"6685-GBWJZ",False,NULL
"2195-VVRJF",False,NULL
"3913-RDSJZ",False,NULL
"4203-QGNZA",False,NULL
"5043-TRZWM",False,NULL
"9494-BDNNC",False,NULL
"1640-PLFMP",False,NULL
"5366-OBVMR",False,NULL
"7644-OMVMY",False,NULL
"4573-JKNAE",False,NULL
"9817-APLHW",False,NULL
"8380-MQINP",False,NULL
"0840-DFEZH",False,NULL
"8690-ZVLCL",False,NULL
"1125-SNVCK",False,NULL
"0384-LPITE",False,NULL
"4616-EWBNJ",False,NULL
"1335-HQMKX",False,NULL
"2545-EBUPK",False,NULL
"6923-AQONU",False,NULL
"2172-EJXVF",False,NULL
"4536-PLEQY",False,NULL
"7029-IJEJK",False,NULL
"8871-JLMHM",False,NULL
"5447-VYTKW",False,NULL
"3623-FQBOX",False,NULL
"8659-HDIYE",False,NULL
"3474-BAFSJ",False,NULL
"3865-ZFZIB",False,NULL
"1855-AGAWH",False,NULL
"7109-CQYUZ",False,NULL
"1370-GGAWX",False,NULL
"4680-KUTAJ",False,NULL
"5307-UVGNB",False,NULL
"2883-ILGWO",False,NULL
"3642-BYHDO",False,NULL
"9629-NHXFW",False,NULL
"2696-RZVZW",False,NULL
"5766-FTRTS",False,NULL
"0396-HUJBP",False,NULL
"8879-ZKJOF",False,NULL
"6285-FTQBF",False,NULL
"1474-JUWSM",False,NULL
"3530-CRZSB",False,NULL
"8498-XXGWA",False,NULL
"9617-INGJY",False,NULL
"0621-TSSMU",False,NULL
"1530-ZTDOZ",False,NULL
"7234-KMNRQ",False,NULL
"7636-PEPNS",False,NULL
"4683-WYDOU",False,NULL
"9052-DHNKM",False,NULL
"6794-HKIAJ",False,NULL
"5578-NKCXI",False,NULL
"1642-HMARX",False,NULL
"3096-WPXBT",False,NULL
"8434-PNQZX",False,NULL
"5950-AAAGJ",False,NULL
"4299-OPXEJ",False,NULL
"9618-LFJRU",False,NULL
"6693-DJWTY",False,NULL
"0744-GKNGE",False,NULL
"6447-EGDIV",False,NULL
"1167-OYZJF",False,NULL
"4806-DXQCE",False,NULL
"4854-SSLTN",False,NULL
"5294-DMSFH",False,NULL
"4837-PZTIC",False,NULL
"0603-OLQDC",False,NULL
"3272-VUHPV",False,NULL
"4176-FXYBO",False,NULL
"1063-DHQJF",False,NULL
"8663-UPDGF",False,NULL
"6719-FGEDO",False,NULL
"1837-YQUCE",False,NULL
"0369-ZGOVK",False,NULL
"9919-KNPOO",False,NULL
"7872-BAAZR",False,NULL
"9391-LMANN",False,NULL
"8174-TBVCF",False,NULL
"1698-XFZCI",False,NULL
"1877-HKBQX",False,NULL
"4450-DLLMH",False,NULL
"0428-AXXLJ",False,NULL
"2746-DIJLO",False,NULL
"3508-VLHCZ",False,NULL
"4086-ATNFV",False,NULL
"0468-YRPXN",False,NULL
"5996-NRVXR",False,NULL
"3739-YBWAB",False,NULL
"7047-FWEYA",False,NULL
"2000-MPKCA",False,NULL
"9762-YAQAA",False,NULL
"5473-KHBPS",False,NULL
"0100-DUVFC",False,NULL
"5397-TUPSH",False,NULL
"8950-MTZNV",False,NULL
"0326-VDYXE",False,NULL
"6773-LQTVT",False,NULL
"0436-TWFFZ",False,NULL
"8566-YPRGL",False,NULL
"6609-MXJHJ",False,NULL
"2669-OIDSD",False,NULL
"8400-WZICQ",False,NULL
"9576-SYUHJ",False,NULL
"0410-IPFTY",False,NULL
"2831-EBWRN",False,NULL
"9430-NKQLY",False,NULL
"0247-SLUJI",False,NULL
"9402-ORRAH",False,NULL
"6483-OATDN",False,NULL
"1293-HHSHJ",False,NULL
"4840-ORQXB",False,NULL
"3982-DQLUS",False,NULL
"8610-ZIKJJ",False,NULL
"3756-VNWDH",False,NULL
"7801-KICAO",False,NULL
"7673-LPRNY",False,NULL
"6060-QBMGV",False,NULL
"7339-POGZN",False,NULL
"2828-SLQPF",False,NULL
"4465-VDKIQ",False,NULL
"2921-XWDJH",False,NULL
"2558-BUOZZ",False,NULL
"9257-AZMTZ",False,NULL
"0003-MKNFE",False,NULL
"0975-UYDTX",False,NULL
"4682-BLBUC",False,NULL
"0975-VOOVL",False,NULL
"5968-VXZLG",False,NULL
"5201-FRKKS",False,NULL
"9799-CAYJJ",False,NULL
"5443-SCMKX",False,NULL
"8295-KMENE",False,NULL
"6738-ISCBM",False,NULL
"9821-BESNZ",False,NULL
"3678-MNGZX",False,NULL
"1335-NTIUC",False,NULL
"2916-BQZLN",False,NULL
"4558-CGYCZ",False,NULL
"2368-GAKKQ",False,NULL
"8710-YGLWG",False,NULL
"3199-XGZCY",False,NULL
"3785-KTYSH",False,NULL
"6814-ZPWFQ",False,NULL
"4063-EIKNQ",False,NULL
"6993-YCOBK",False,NULL
"5206-HPJKM",False,NULL
"8393-JMVMB",False,NULL
"5019-GQVCR",False,NULL
"6036-TTFYU",False,NULL
"2550-AEVRU",False,NULL
"0969-RGKCU",False,NULL
"0378-CJKPV",False,NULL
"2880-FPNAE",False,NULL
"1703-MGIAB",False,NULL
"4311-QTTAI",False,NULL
"4318-RAJVY",False,NULL
"3612-YUNGG",False,NULL
"2254-DLXRI",False,NULL
"5062-CJJKH",False,NULL
"9028-LIHRP",False,NULL
"1053-MXTTK",False,NULL
"1301-LOPVR",False,NULL
"0853-TWRVK",False,NULL
"6212-ATMLK",False,NULL
"8200-LGKSR",False,NULL
"1568-BEKZM",False,NULL
"0670-ANMUU",False,NULL
"6897-RWMUB",False,NULL
"6999-CHVCF",False,NULL
"6134-KWTBV",False,NULL
"1077-HUUJM",False,NULL
"0895-LNKRC",False,NULL
"2045-BMBTJ",False,NULL
"8417-GSODA",False,NULL
"5171-EPLKN",False,NULL
"4452-QIIEB",False,NULL
"6741-EGCBI",False,NULL
"7820-ZYGNY",False,NULL
"9677-AVKED",False,NULL
"2227-JRSJX",False,NULL
"9847-HNVGP",False,NULL
"6696-YDAYZ",False,NULL
"8980-WQFWL",False,NULL
"1730-ZMAME",False,NULL
"6506-EYCNH",False,NULL
"4634-JLRJT",False,NULL
"9501-UKKNL",False,NULL
"2560-QTSBS",False,NULL
"4795-WRNVT",False,NULL
"7860-UXCRM",False,NULL
"6357-JJPQT",False,NULL
"2292-XQWSV",False,NULL
"9552-TGUZV",False,NULL
"5913-INRQV",False,NULL
"9643-YBLUR",False,NULL
"8734-FNWVH",False,NULL
"9447-YPTBX",False,NULL
"9026-LHEVG",False,NULL
"7011-CVEUC",False,NULL
"6185-TASNN",False,NULL
"7925-PNRGI",False,NULL
"1552-CZCLL",False,NULL
"3038-PQIUY",False,NULL
"9313-CDOGY",False,NULL
"8148-BPLZQ",False,NULL
"2623-DRYAM",False,NULL
"9987-LUTYD",False,NULL
"4488-KQFDT",False,NULL
"5693-PIPCS",False,NULL
"0491-KAPQG",False,NULL
"1925-LFCZZ",False,NULL
"8039-EQPIM",False,NULL
"8707-RMEZH",False,NULL
"3209-ZPKFI",False,NULL
"6479-VDGRK",False,NULL
"9373-WSLOY",False,NULL
"3569-JFODW",False,NULL
"9819-FBNSV",False,NULL
"9544-PYPSJ",False,NULL
"1591-XWLGB",False,NULL
"0396-UKGAI",False,NULL
"3243-ZHOHY",False,NULL
"5186-EJEGL",False,NULL
"7527-QNRUS",False,NULL
"2203-GHNWN",False,NULL
"3878-AVSOQ",False,NULL
"3258-SYSWS",False,NULL
"5296-PSYVW",False,NULL
"6319-QSUSR",False,NULL
"0512-FLFDW",False,NULL
"0487-CRLZF",False,NULL
"2107-FBPTK",False,NULL
"9451-WLYRI",False,NULL
"8219-VYBVI",False,NULL
"1991-VOPLL",False,NULL
"9738-QLWTP",False,NULL
"1016-DJTSV",False,NULL
"9419-IPPBE",False,NULL
"0174-QRVVY",False,NULL
"5699-BNCAS",False,NULL
"2900-PHPLN",False,NULL
"8106-GWQOK",False,NULL
"8751-EDEKA",False,NULL
"6878-GGDWG",False,NULL
"4039-PIMHX",False,NULL
"4227-OJHAL",False,NULL
"8450-LUGUK",False,NULL
"3604-WLABM",False,NULL
"0795-GMVQO",False,NULL
"2259-OUUSZ",False,NULL
"1142-IHLOO",False,NULL
"4633-MKHYU",False,NULL
"6257-RJOHI",False,NULL
"1545-JFUML",False,NULL
"7826-VVKWT",False,NULL
"1353-GHZOS",False,NULL
"2587-EKXTS",False,NULL
"5442-BXVND",False,NULL
"9753-OYLBX",False,NULL
"2364-UFROM",False,NULL
"6656-JWRQX",False,NULL
"6473-ULUHT",False,NULL
"7688-AWMDX",False,NULL
"2842-BCQGE",False,NULL
"7244-QWYHG",False,NULL
"5312-UXESG",False,NULL
"2150-WLKUW",False,NULL
"7159-FVYPK",False,NULL
"7032-LMBHI",False,NULL
"6088-BXMRG",False,NULL
"4821-SJHJV",False,NULL
"7346-MEDWM",False,NULL
"1137-DGOWI",False,NULL
"3812-LRZIR",False,NULL
"9483-GCPWE",False,NULL
"9220-CXRSC",False,NULL
"4993-JCRGJ",False,NULL
"9537-JALFH",False,NULL
"6698-OXETB",False,NULL
"2103-ZRXFN",False,NULL
"3724-BSCVH",False,NULL
"4877-TSOFF",False,NULL
"9209-NWPGU",False,NULL
"7306-YDSOI",False,NULL
"5288-AHOUP",False,NULL
"0655-YDGFJ",False,NULL
"8468-EHYJA",False,NULL
"6823-SIDFQ",False,NULL
"1097-FSPVW",False,NULL
"8328-SKJNO",False,NULL
"7010-ZMVBF",False,NULL
"5201-CBWYG",False,NULL
"6352-GIGGQ",False,NULL
"3635-QQRQD",False,NULL
"2897-DOVND",False,NULL
"3082-YVEKW",False,NULL
"0191-EQUUH",False,NULL
"7134-HBPBS",False,NULL
"3489-HHPFY",False,NULL
"2926-JEJJC",False,NULL
"4950-BDEUX",False,NULL
"5789-LDFXO",False,NULL
"0508-OOLTO",False,NULL
"2984-TBYKU",False,NULL
"9822-WMWVG",False,NULL
"9040-KZVWO",False,NULL
"1548-ARAGG",False,NULL
"6339-RZCBJ",False,NULL
"4415-WNGVR",False,NULL
"2522-AHJXR",False,NULL
"0412-UCCNP",False,NULL
"1816-FLZDK",False,NULL
"7096-UCLNH",False,NULL
"4615-PIVVU",False,NULL
"8885-QSQBX",False,NULL
"8617-ENBDS",False,NULL
"9385-NXKDA",False,NULL
"0430-IHCDJ",False,NULL
"6674-KVJHG",False,NULL
"1814-DKOLC",False,NULL
"9351-HXDMR",False,NULL
"3537-HPKQT",False,NULL
"2129-ALKBS",False,NULL
"5821-MMEIL",False,NULL
"1309-XGFSN",False,NULL
"6968-URWQU",False,NULL
"4742-TXUEX",False,NULL
"9631-XEYKE",False,NULL
"1335-MXCSE",False,NULL
"8873-TMKGR",False,NULL
"8800-JOOCF",False,NULL
"1469-LBJQJ",False,NULL
"0064-YIJGF",False,NULL
"2386-OWURY",False,NULL
"0310-VQXAM",False,NULL
"3453-RTHJQ",False,NULL
"6278-FEPBZ",False,NULL
"4280-DLSHD",False,NULL
"1508-DFXCU",False,NULL
"7868-BGSZA",False,NULL
"2800-QQUSO",False,NULL
"7973-DZRKH",False,NULL
"7698-YFGEZ",False,NULL
"9773-PEQBZ",False,NULL
"0650-BWOZN",False,NULL
"7785-RDVIG",False,NULL
"9602-WCXPI",False,NULL
"2903-YYTBW",False,NULL
"3620-MWJNE",False,NULL
"8573-JGCZW",False,NULL
"6837-HAEVO",False,NULL
"6701-YVNQG",False,NULL
"4304-XUMGI",False,NULL
"9504-YAZWB",False,NULL
"8819-ZBYNA",False,NULL
"6174-NRBTZ",False,NULL
"9481-IEBZY",False,NULL
"6137-NICCO",False,NULL
"9065-ZCPQX",False,NULL
"6402-EJMWF",False,NULL
"9278-VZKCD",False,NULL
"3620-EHIMZ",False,NULL
"3213-VVOLG",False,NULL
"6870-ECSHE",False,NULL
"8747-UDCOI",False,NULL
"4626-OZDTJ",False,NULL
"9169-BSVIN",False,NULL
"8194-PEEBY",False,NULL
"6872-HXFNF",False,NULL
"7714-YXSMB",False,NULL
"8387-UGUSU",False,NULL
"1080-BWSYE",False,NULL
"1194-HVAIF",False,NULL
"1767-TGTKO",False,NULL
"8439-LTUGF",False,NULL
"8805-JNRAZ",False,NULL
"6418-HNFED",False,NULL
"0206-OYVOC",False,NULL
"7291-CDTMJ",False,NULL
"7128-GGCNO",False,NULL
"0237-YFUTL",False,NULL
"7691-KGKGP",False,NULL
"6710-HSJRD",False,NULL
"3675-EQOZA",False,NULL
"0840-DCNZE",False,NULL
"1732-FEKLD",False,NULL
"9862-KJTYK",False,NULL
"0479-HMSWA",False,NULL
"5854-KSRBJ",False,NULL
"0365-BZUWY",False,NULL
"5701-SVCWR",False,NULL
"3129-AAQOU",False,NULL
"4922-CVPDX",False,NULL
"1357-BIJKI",False,NULL
"1099-BTKWT",False,NULL
"2018-PZKMU",False,NULL
"7340-KEFQE",False,NULL
"4570-QHXHL",False,NULL
"7392-YYPYJ",False,NULL
"2223-GDSHL",False,NULL
"9470-RTWDV",False,NULL
"2176-OSJUV",False,NULL
"9348-YVOMK",False,NULL
"8104-OSKWT",False,NULL
"4521-YEEHE",False,NULL
"4090-KPJIP",False,NULL
"3786-WOVKF",False,NULL
"2592-HODOV",False,NULL
"7995-ZHHNZ",False,NULL
"3824-RHKVR",False,NULL
"5816-SCGFC",False,NULL
"5989-AXPUC",False,NULL
"4979-HPRFL",False,NULL
"8590-OHDIW",False,NULL
"8015-IHCGW",False,NULL
"2332-TODQS",False,NULL
"8008-OTEZX",False,NULL
"2773-OVBPK",False,NULL
"5999-LCXAO",False,NULL
"5206-XZZQI",False,NULL
"4803-LBYPN",False,NULL
"2139-FQHLM",False,NULL
"8261-GWDBQ",False,NULL
"1093-YSWCA",False,NULL
"3882-IYOIJ",False,NULL
"8749-TZYEC",False,NULL
"1755-FZQEC",False,NULL
"3115-JPJDD",False,NULL
"5600-KTXFM",False,NULL
"6339-TBELP",False,NULL
"7964-YESJC",False,NULL
"6173-GOLSU",False,NULL
"9938-ZREHM",False,NULL
"7950-XWOVN",False,NULL
"4647-MUZON",False,NULL
"9702-AIUJO",False,NULL
"8849-PRIQJ",False,NULL
"8851-RAGOV",False,NULL
"5396-IZEPB",False,NULL
"1729-VLAZJ",False,NULL
"8285-ABVLB",False,NULL
"0701-TJSEF",False,NULL
"5712-VBOXD",False,NULL
"6629-LADHQ",False,NULL
"1559-DTODC",False,NULL
"4797-MIWUM",False,NULL
"8720-RQSBJ",False,NULL
"4537-CIBHB",False,NULL
"4324-AHJKS",False,NULL
"4355-CVPVS",False,NULL
"4495-LHSSK",False,NULL
"5915-ANOEI",False,NULL
"9861-PDSZP",False,NULL
"7225-CBZPL",False,NULL
"6704-UTUKK",False,NULL
"2019-HDCZY",False,NULL
"8788-DOXSU",False,NULL
"7404-JLKQG",False,NULL
"7421-ZLUPA",False,NULL
"3274-NSDWE",False,NULL
"2632-IVXVF",False,NULL
"3692-JHONH",False,NULL
"8915-NNTRC",False,NULL
"5914-GXMDA",False,NULL
"7463-IFMQU",False,NULL
"2920-RNCEZ",False,NULL
"2541-YGPKE",False,NULL
"5382-TEMLV",False,NULL
"3441-CGZJH",False,NULL
"9592-ERDKV",False,NULL
"4778-IZARL",False,NULL
"0432-CAJZV",False,NULL
"7008-LZVOZ",False,NULL
"1200-TUZHR",False,NULL
"9365-CSLBQ",False,NULL
"5884-FBCTL",False,NULL
"7130-CTCUS",False,NULL
"6242-FEGFD",False,NULL
"6194-HBGQN",False,NULL
"7634-WSWDB",False,NULL
"6986-IXNDM",False,NULL
"2987-BJXIK",False,NULL
"9769-TSBZE",False,NULL
"1395-WSWXR",False,NULL
"6023-GSSXW",False,NULL
"6752-APNJL",False,NULL
"0420-HLGXF",False,NULL
"7446-KQISO",False,NULL
"9823-EALYC",False,NULL
"0582-AVCLN",False,NULL
"5803-NQJZO",False,NULL
"2607-DHDAK",False,NULL
"1073-XXCZD",False,NULL
"0743-HRVFF",False,NULL
"4006-HKYHO",False,NULL
"3727-JEZTU",False,NULL
"8143-ETQTI",False,NULL
"9667-TKTVZ",False,NULL
"3657-COGMW",False,NULL
"8570-KLJYJ",False,NULL
"7754-IXRMC",False,NULL
"9473-CBZOP",False,NULL
"2969-WGHQO",False,NULL
"4334-HOWRP",False,NULL
"5863-OOKCL",False,NULL
"1686-STUHN",False,NULL
"1329-VHWNP",False,NULL
"0266-GMEAO",False,NULL
"5574-NXZIU",False,NULL
"0019-GFNTW",False,NULL
"4256-ZWTZI",False,NULL
"8309-PPCED",False,NULL
"4098-NAUKP",False,NULL
"5196-WPYOW",False,NULL
"4608-LCIMN",False,NULL
"1485-YDHMM",False,NULL
"4054-CUMIA",False,NULL
"0603-TPMIB",False,NULL
"2525-GVKQU",False,NULL
"8161-QYMTT",False,NULL
"9581-GVBXT",False,NULL
"5862-BRIXZ",False,NULL
"5404-GGUKR",False,NULL
"3308-JSGML",False,NULL
"2126-GSEGL",False,NULL
"0440-QEXBZ",False,NULL
"2434-EEVDB",False,NULL
"6762-QVYJO",False,NULL
"6199-IWKGC",False,NULL
"2675-DHUTR",False,NULL
"8152-VETUR",False,NULL
"7446-YPODE",False,NULL
"9522-BNTHX",False,NULL
"4676-WLUHT",False,NULL
"7980-MHFLQ",False,NULL
"0757-WCUUZ",False,NULL
"1629-DQQVB",False,NULL
"0374-AACSZ",False,NULL
"4872-VXRIL",False,NULL
"9140-CZQZZ",False,NULL
"3423-HHXAO",False,NULL
"9938-TKDGL",False,NULL
"0531-ZZJWQ",False,NULL
"6537-QLGEX",False,NULL
"2688-BHGOG",False,NULL
"3160-TYXLT",False,NULL
"1325-USMEC",False,NULL
"0916-QOFDP",False,NULL
"5606-AMZBO",False,NULL
"6199-IPCAO",False,NULL
"5640-CAXOA",False,NULL
"2235-EZAIK",False,NULL
"3847-BAERP",False,NULL
"1453-RZFON",False,NULL
"8263-OKETD",False,NULL
"0670-KDOMA",False,NULL
"2476-YGEFM",False,NULL
"8687-BAFGU",False,NULL
"0641-EVBOJ",False,NULL
"0829-XXPLX",False,NULL
"9974-JFBHQ",False,NULL
"6624-JDRDS",False,NULL
"0608-JDVEC",False,NULL
"9780-FKVVF",False,NULL
"1919-RTPQD",False,NULL
"5214-NLTIT",False,NULL
"3345-PBBFH",False,NULL
"5055-BRMNE",False,NULL
"2190-PHBHR",False,NULL
"2650-GYRYL",False,NULL
"5208-FVQKB",False,NULL
"7184-LRUUR",False,NULL
"6627-CFOSN",False,NULL
"3982-JGSFD",False,NULL
"1574-DYCWE",False,NULL
"7247-XOZPB",False,NULL
"2466-FCCPT",False,NULL
"6211-WWLTF",False,NULL
"4826-TZEVA",False,NULL
"6016-NXBNJ",False,NULL
"9138-EFSMO",False,NULL
"4632-XJMEX",False,NULL
"8910-LEDAG",False,NULL
"3452-GWUIN",False,NULL
"2716-GFZOR",False,NULL
"3724-UCSHY",False,NULL
"8626-XHBIE",False,NULL
"3192-LNKRK",False,NULL
"4439-YRNVD",False,NULL
"2208-UGTGR",False,NULL
"3005-TYFRD",False,NULL
"8670-MEFCP",False,NULL
"3079-BCHLN",False,NULL
"7777-UNYHB",False,NULL
"7278-CKDNC",False,NULL
"8450-UYIBU",False,NULL
"2969-VAPYH",False,NULL
"7181-OQCUT",False,NULL
"8474-UMLNT",False,NULL
"3836-FZSDJ",False,NULL
"9142-XMYJH",False,NULL
"0187-QSXOE",False,NULL
"7733-UDMTP",False,NULL
"2649-HWLYB",False,NULL
"5214-CHIWJ",False,NULL
"6904-JLBGY",False,NULL
"2465-BLLEU",False,NULL
"1685-VAYJF",False,NULL
"8874-EJNSR",False,NULL
"6917-YACBP",False,NULL
"5049-MUBWG",False,NULL
"4223-WOZCM",False,NULL
"0769-MURVM",False,NULL
"9253-VIFJQ",False,NULL
"7030-FZTFM",False,NULL
"9741-YLNTD",False,NULL
"5917-RYRMG",False,NULL
"5120-ZBLAI",False,NULL
"1194-BHJYC",False,NULL
"0906-QVPMS",False,NULL
"1905-OEILC",False,NULL
"7858-GTZSP",False,NULL
"6248-BSHKG",False,NULL
"4685-TFLLS",False,NULL
"3470-BTGQO",False,NULL
"1209-VFFOC",False,NULL
"8224-DWCKX",False,NULL
"4553-DVPZG",False,NULL
"6917-IAYHD",False,NULL
"8620-RJPZN",False,NULL
"7572-KPVKK",False,NULL
"2642-MAWLJ",False,NULL
"7103-ZGVNT",False,NULL
"2027-WKXMW",False,NULL
"7137-NAXML",False,NULL
"2428-ZMCTB",False,NULL
"2961-VNFKL",False,NULL
"1768-HNVGJ",False,NULL
"6963-KQYQB",False,NULL
"5934-RMPOV",False,NULL
"1207-BLKSA",False,NULL
"8316-BBQAY",False,NULL
"1166-PQLGG",False,NULL
"3146-JTQHR",False,NULL
"4291-YZODP",False,NULL
"4395-PZMSN",False,NULL
"6427-FEFIG",False,NULL
"0017-IUDMW",False,NULL
"8706-HRADD",False,NULL
"9955-QOPOY",False,NULL
"4385-ZKVNW",False,NULL
"5446-DKWYW",False,NULL
"9031-ZVQPT",False,NULL
"2990-IAJSV",False,NULL
"8107-KNCIM",False,NULL
"9027-YFHQJ",False,NULL
"5176-LDKUH",False,NULL
"4644-OBGFZ",False,NULL
"7926-IJOOU",False,NULL
"6480-YAGIY",False,NULL
"4029-HPFVY",False,NULL
"7602-DBTOU",False,NULL
"5345-BMKWB",False,NULL
"5457-COLHT",False,NULL
"5451-YHYPW",False,NULL
"7998-WNZEM",False,NULL
"4664-NJCMS",False,NULL
"0307-BCOPK",False,NULL
"7629-WFGLW",False,NULL
"2542-HYGIQ",False,NULL
"5016-LIPDW",False,NULL
"6481-LXPWL",False,NULL
"6124-ACRHJ",False,NULL
"9362-MWODR",False,NULL
"9975-GPKZU",False,NULL
"9625-RZFUK",False,NULL
"5153-LXKDT",False,NULL
"5161-UBZXI",False,NULL
"1020-JPQOW",False,NULL
"7919-ZODZZ",False,NULL
"0565-JUPYD",False,NULL
"6867-ACCZI",False,NULL
"5939-XAIXZ",False,NULL
"9054-FOWNV",False,NULL
"8207-VVMYB",False,NULL
"9732-EQMWY",False,NULL
"5269-NRGDP",False,NULL
"6195-MELTI",False,NULL
"2121-JAFOM",False,NULL
"8818-DOPVL",False,NULL
"1227-UDMZR",False,NULL
"5198-HQAEN",False,NULL
"2167-FQSTQ",False,NULL
"2819-GWENI",False,NULL
"3572-UUHRS",False,NULL
"2692-PFYTJ",False,NULL
"6288-LBEAR",False,NULL
"5955-EPOAZ",False,NULL
"6821-JPCDC",False,NULL
"8815-LMFLX",False,NULL
"9135-HSWOC",False,NULL
"8582-KRHPJ",False,NULL
"5811-IWXYM",False,NULL
"7044-YAACC",False,NULL
"8189-XRIKE",False,NULL
"1506-YJTYT",False,NULL
"4123-DVHPH",False,NULL
"2228-BZDEE",False,NULL
"2789-CZANW",False,NULL
"7596-LDUXP",False,NULL
"3740-RLMVT",False,NULL
"2192-OZITF",False,NULL
"5651-CPDND",False,NULL
"2186-QZEYA",False,NULL
"1131-ALZWV",False,NULL
"7729-XBTWX",False,NULL
"9134-WYRVP",False,NULL
"3284-SVCRO",False,NULL
"9732-OUYRN",False,NULL
"0559-CKHUS",False,NULL
"2931-SVLTV",False,NULL
"7504-UWHNB",False,NULL
"2582-FFFZR",False,NULL
"8908-NMQTX",False,NULL
"1431-AIDJQ",False,NULL
"8413-YNHNV",False,NULL
"5808-TOTXO",False,NULL
"4369-NYSCF",False,NULL
"6333-YDVLT",False,NULL
"5324-KTGCG",False,NULL
"5599-HVLTW",False,NULL
"7394-LWLYN",False,NULL
"6873-UDNLD",False,NULL
"2700-LUEVA",False,NULL
"0958-YHXGP",False,NULL
"1101-SSWAG",False,NULL
"5743-KHMNA",False,NULL
"4194-FJARJ",False,NULL
"5325-UWTWJ",False,NULL
"3969-GYXEL",False,NULL
"9208-OLGAQ",False,NULL
"3244-CQPHU",False,NULL
"2674-MLXMN",False,NULL
"9708-HPXWZ",False,NULL
"6992-TKNYO",False,NULL
"4468-YDOVK",False,NULL
"5792-JALQC",False,NULL
"2200-DSAAL",False,NULL
"4302-ZYFEL",False,NULL
"9351-LZYGF",False,NULL
"4366-CTOUZ",False,NULL
"1518-OMDIK",False,NULL
"6671-NGWON",False,NULL
"0595-ITUDF",False,NULL
"1955-IBMMB",False,NULL
"0096-BXERS",False,NULL
"3806-YAZOV",False,NULL
"7998-ZLXWN",False,NULL
"6253-WRFHY",False,NULL
"9133-AYJZG",False,NULL
"2675-OTVVJ",False,NULL
"8680-CGLTP",False,NULL
"8430-TWCBX",False,NULL
"5018-GWURO",False,NULL
"6741-QRLUP",False,NULL
"4737-HOBAX",False,NULL
"0537-QYZZN",False,NULL
"3340-QBBFM",False,NULL
"8200-KLNYW",False,NULL
"3372-CDXFJ",False,NULL
"4781-ZXYGU",False,NULL
"7632-YUTXB",False,NULL
"2718-YSKCS",False,NULL
"9896-UYMIE",False,NULL
"0853-NWIFK",False,NULL
"8212-CRQXP",False,NULL
"6980-CDGFC",False,NULL
"7691-XVTZH",False,NULL
"2520-SGTTA",False,NULL
"2277-VWCNI",False,NULL
"1088-CNNKB",False,NULL
"1930-BZLHI",False,NULL
"5868-YTYKS",False,NULL
"3525-DVKFN",False,NULL
"1482-OXZSY",False,NULL
"0377-JBKKT",False,NULL
"5778-BVOFB",False,NULL
"3373-YZZYM",False,NULL
"0228-MAUWC",False,NULL
"7663-YJHSN",False,NULL
"4915-BFSXL",False,NULL
"3086-RUCRN",False,NULL
"5215-LNLDJ",False,NULL
"7576-JMYWV",False,NULL
"0257-KXZGU",False,NULL
"1307-ATKGB",False,NULL
"3714-XPXBW",False,NULL
"1850-AKQEP",False,NULL
"2824-DXNKN",False,NULL
"5227-JSCFE",False,NULL
"0848-ZGQIJ",False,NULL
"3621-CHYVB",False,NULL
"8042-RNLKO",False,NULL
"5372-FBKBN",False,NULL
"0420-TXVSG",False,NULL
"6217-TOWGS",False,NULL
"1045-LTCYT",False,NULL
"1544-JJMYL",False,NULL
"4636-JGAAI",False,NULL
"6874-SGLHU",False,NULL
"5951-AOFIH",False,NULL
"3059-NGMXB",False,NULL
"8652-YHIYU",False,NULL
"5278-PNYOX",False,NULL
"3486-HOOGQ",False,NULL
"5061-PBXFW",False,NULL
"8630-FJLIB",False,NULL
"3891-NLXJB",False,NULL
"4749-OJKQU",False,NULL
"0577-WHMEV",False,NULL
"5453-AXEPF",False,NULL
"3639-XJHKQ",False,NULL
"3716-LRGXK",False,NULL
"2263-SFSQZ",False,NULL
"9950-MTGYX",False,NULL
"3397-AVTKU",False,NULL
"4825-FUREZ",False,NULL
"2672-OJQZP",False,NULL
"3134-DSHVC",False,NULL
"7821-DPRQE",False,NULL
"2001-EWBQU",False,NULL
"1608-GMEWB",False,NULL
"6695-AMZUF",False,NULL
"8410-BGQXN",False,NULL
"1619-YWUBB",False,NULL
"7611-YKYTC",False,NULL
"0365-GXEZS",False,NULL
"0082-OQIQY",False,NULL
"3606-SBKRY",False,NULL
"0667-NSRGI",False,NULL
"6893-ODYYE",False,NULL
"8242-JSVBO",False,NULL
"9541-ZPSEA",False,NULL
"2665-NPTGL",False,NULL
"1139-WUOAH",False,NULL
"4693-VWVBO",False,NULL
"6937-GCDGQ",False,NULL
"0988-JRWWP",False,NULL
"5075-JSDKI",False,NULL
"8644-XYTSV",False,NULL
"3873-WOSBC",False,NULL
"7465-ZZRVX",False,NULL
"7975-JMZNT",False,NULL
"7251-XFOIL",False,NULL
"4116-IQRFR",False,NULL
"8259-DZLIZ",False,NULL
"0442-ZXKVS",False,NULL
"7853-WNZSY",False,NULL
"3120-FAZKD",False,NULL
"8606-OEGQZ",False,NULL
"0225-ZORZP",False,NULL
"9489-JMTTN",False,NULL
"0575-CUQOV",False,NULL
"0967-BMLBD",False,NULL
"2830-LEWOA",False,NULL
"5006-MXVRN",False,NULL
"8327-WKMIE",False,NULL
"6917-FIJHC",False,NULL
"5329-KRDTM",False,NULL
"7797-EJMDP",False,NULL
"3530-VWVGU",False,NULL
"6368-NWMCE",False,NULL
"3633-CDBUW",False,NULL
"0707-HOVVN",False,NULL
"3956-MGXOG",False,NULL
"9274-UARKJ",False,NULL
"4077-HWUYD",False,NULL
"0103-CSITQ",False,NULL
"8671-KKKOS",False,NULL
"7305-ZWMAJ",False,NULL
"9518-XXBXE",False,NULL
"6578-KRMAW",False,NULL
"4860-IJUDE",False,NULL
"9688-YGXVR",False,NULL
"0423-UDIJQ",False,NULL
"1945-XISKS",False,NULL
"5360-LJCNJ",False,NULL
"2607-FBDFF",False,NULL
"1100-DDVRV",False,NULL
"6728-WYQBC",False,NULL
"9029-FEGVJ",False,NULL
"7216-KAOID",False,NULL
"6145-NNPNO",False,NULL
"5339-TJFEK",False,NULL
"2074-GUHPQ",False,NULL
"4625-XMOYM",False,NULL
"5827-MWCZK",False,NULL
"1385-TQOZW",False,NULL
"5914-XRFQB",False,NULL
"4329-YPDDQ",False,NULL
"4804-NCPET",False,NULL
"5944-UGLLK",False,NULL
"7787-BNTZM",False,NULL
"2252-ISRNH",False,NULL
"9415-TPKRV",False,NULL
"5322-TEUJK",False,NULL
"1866-DIOQZ",False,NULL
"8375-KVTHK",False,NULL
"2697-NQBPF",False,NULL
"3709-OIJEA",False,NULL
"1386-ZIKUV",False,NULL
"0599-XNYDO",False,NULL
"6377-WHAOX",False,NULL
"6855-VLGOS",False,NULL
"8999-XXGNS",False,NULL
"8746-OQQRW",False,NULL
"3181-MIZBN",False,NULL
"0471-ARVMX",False,NULL
"7766-CLTIC",False,NULL
"5650-YLIBA",False,NULL
"0825-CPPQH",False,NULL
"9084-OAYKL",False,NULL
"6122-LJADA",False,NULL
"2400-XIWIO",False,NULL
"7524-VRLPL",False,NULL
"7569-NMZYQ",False,NULL
"5201-USSQZ",False,NULL
"2105-PHWON",False,NULL
"1494-EJZDW",False,NULL
"4884-TVUQF",False,NULL
"8003-EWNDZ",False,NULL
"1897-RCFUM",False,NULL
"9256-JTBNZ",False,NULL
"2211-RMNHO",False,NULL
"2432-TFSMK",False,NULL
"4929-ROART",False,NULL
"1834-ABKHQ",False,NULL
"1741-WTPON",False,NULL
"3932-IJWDZ",False,NULL
"1240-HCBOH",False,NULL
"3594-KADLU",False,NULL
"8065-BVEPF",False,NULL
"3796-ENZGF",False,NULL
"1734-ZMNTZ",False,NULL
"2853-CWQFQ",False,NULL
"0813-TAXXS",False,NULL
"2519-TWKFS",False,NULL
"0626-QXNGV",False,NULL
"6723-CEGQI",False,NULL
"4732-RRJZC",False,NULL
"9499-XPZXM",False,NULL
"4338-EYCER",False,NULL
"3007-FDPEA",False,NULL
"6350-XFYGW",False,NULL
"8513-OLYGY",False,NULL
"0311-QYWSS",False,NULL
"8705-DWKTI",False,NULL
"8755-IWJHN",False,NULL
"4480-QQRHC",False,NULL
"0929-PECLO",False,NULL
"3680-CTHUH",False,NULL
"1202-KKGFU",False,NULL
"6112-KTHFQ",False,NULL
"1852-XEMDW",False,NULL
"1820-DJFPH",False,NULL
"9426-SXNHE",False,NULL
"9068-FHQHD",False,NULL
"1269-FOYWN",False,NULL
"9470-YFUYI",False,NULL
"7402-EYFXX",False,NULL
"9895-VFOXH",False,NULL
"1230-QAJDW",False,NULL
"5701-ZIKJE",False,NULL
"5032-MIYKT",False,NULL
"7396-VJUZB",False,NULL
"9717-QEBGU",False,NULL
"5172-RKOCB",False,NULL
"6509-TSGWN",False,NULL
"3178-CIFOT",False,NULL
"4530-NDRKU",False,NULL
"5985-TBABQ",False,NULL
"9800-ONTFE",False,NULL
"6743-HHQPF",False,NULL
"8455-HIRAQ",False,NULL
"6616-AALSR",False,NULL
"9415-ZNBSX",False,NULL
"4018-KJYUY",False,NULL
"3884-UEBXB",False,NULL
"8780-RSYYU",False,NULL
"5537-UXXVS",False,NULL
"1791-PQHBB",False,NULL
"8701-DGLVH",False,NULL
"8741-LQOBK",False,NULL
"8082-GHXOP",False,NULL
"0980-FEXWF",False,NULL
"3011-WQKSZ",False,NULL
"8218-FFJDS",False,NULL
"1986-PHGZF",False,NULL
"9360-OMDZZ",False,NULL
"0345-XMMUG",False,NULL
"8024-XNAFQ",False,NULL
"2988-GBIVW",False,NULL
"2832-SCUCO",False,NULL
"7036-ZZKBD",False,NULL
"0265-PSUAE",False,NULL
"0463-TXOAK",False,NULL
"0594-UFTUL",False,NULL
"9509-MPYOD",False,NULL
"9128-CPXKI",False,NULL
"0129-KPTWJ",False,NULL
"5855-EIBDE",False,NULL
"5365-LLFYV",False,NULL
"5956-YHHRX",False,NULL
"6008-NAIXK",False,NULL
"1928-BXYIV",False,NULL
"5760-FXFVO",False,NULL
"0961-ZWLVI",False,NULL
"5181-OABFK",False,NULL
"4007-NHVHI",False,NULL
"7816-VGHTO",False,NULL
"5871-DGTXZ",False,NULL
"7550-WIQVA",False,NULL
"7544-ZVIKX",False,NULL
"0016-QLJIS",False,NULL
"7508-DQAKK",False,NULL
"5176-OLSKT",False,NULL
"9356-AXGMP",False,NULL
"3556-BVQGL",False,NULL
"8979-CAMGB",False,NULL
"7581-EBBOU",False,NULL
"5073-RZGBK",False,NULL
"2192-CKRLV",False,NULL
"3154-HMWUU",False,NULL
"6119-SPUDB",False,NULL
"6522-OIQSX",False,NULL
"7813-ZGGAW",False,NULL
"8748-HFWBO",False,NULL
"1052-QJIBV",False,NULL
"1319-YLZJG",False,NULL
"0723-FDLAY",False,NULL
"3050-RLLXC",False,NULL
"9298-WGMRW",False,NULL
"3088-LHEFH",False,NULL
"6583-KQJLK",False,NULL
"8544-JNBOX",False,NULL
"6681-ZSEXG",False,NULL
"6139-ZZRBQ",False,NULL
"6116-RFVHN",False,NULL
"8884-FEEWR",False,NULL
"3125-RAHBV",False,NULL
"0373-AIVNJ",False,NULL
"1682-VCOIO",False,NULL
"2072-ZVJJX",False,NULL
"8849-AYPTR",False,NULL
"9518-IMLHK",False,NULL
"3646-ITDGM",False,NULL
"3569-VLDHH",False,NULL
"8224-KDLKN",False,NULL
"7594-LZNWR",False,NULL
"4001-TSBTV",False,NULL
"8727-XDPUD",False,NULL
"1043-UXOVO",False,NULL
"1064-FBXNK",False,NULL
"3996-ZNWYK",False,NULL
"2878-DHMIN",False,NULL
"7762-ONLJY",False,NULL
"5795-BKOYE",False,NULL
"7402-PWYJJ",False,NULL
"0018-NYROU",False,NULL
"7501-VTYLJ",False,NULL
"7608-RGIRO",False,NULL
"0480-BIXDE",False,NULL
"5895-QSXOD",False,NULL
"9814-AOUDH",False,NULL
"6175-IRFIT",False,NULL
"8760-ZRHKE",False,NULL
"1622-HSHSF",False,NULL
"6749-UTDVX",False,NULL
"5542-DHSXL",False,NULL
"9102-OXKFY",False,NULL
"5216-WASFJ",False,NULL
"7808-DVWEP",False,NULL
"2284-VFLKH",False,NULL
"0366-NQSHS",False,NULL
"3807-BPOMJ",False,NULL
"3892-NXAZG",False,NULL
"4948-WBBKL",False,NULL
"4182-BGSIQ",False,NULL
"0988-AADSA",False,NULL
"9972-NKTFD",False,NULL
"3717-LNXKW",False,NULL
"5734-EJKXG",False,NULL
"2207-RYYRL",False,NULL
"6729-FZWSY",False,NULL
"9695-IDRZR",False,NULL
"8144-DGHXP",False,NULL
"7814-LEEVE",False,NULL
"8631-WUXGY",False,NULL
"5906-DVAPM",False,NULL
"6654-QGBZZ",False,NULL
"8348-JLBUG",False,NULL
"5641-DMBFJ",False,NULL
"9200-NLNPD",False,NULL
"2664-XJZNO",False,NULL
"3339-EAQNV",False,NULL
"0921-OHLVP",False,NULL
"8350-NYMVI",False,NULL
"1600-DILPE",False,NULL
"0536-ESJEP",False,NULL
"4654-GGUII",False,NULL
"6478-HRRCZ",False,NULL
"8510-BBWMU",False,NULL
"6857-TKDJV",False,NULL
"2360-RDGRO",False,NULL
"0584-BJQGZ",False,NULL
"1360-XFJMR",False,NULL
"5730-RIITO",False,NULL
"9058-MJLZC",False,NULL
"0902-XKXPN",False,NULL
"5177-RVZNU",False,NULL
"0056-EPFBG",False,NULL
"8993-IZEUX",False,NULL
"8190-ZTQFB",False,NULL
"0931-MHTEM",False,NULL
"7515-LODFU",False,NULL
"0440-UEDAI",False,NULL
"1337-BOZWO",False,NULL
"0868-VJRDR",False,NULL
"6344-SFJVH",False,NULL
"3950-VPYJB",False,NULL
"8041-TMEID",False,NULL
"7321-ZNSLA",False,NULL
"6941-KXRRV",False,NULL
"8727-JQFHV",False,NULL
"9475-NNDGC",False,NULL
"1355-KUSBG",False,NULL
"3688-FTHLT",False,NULL
"0899-LIIBW",False,NULL
"1384-RCUXW",False,NULL
"5825-XJOCM",False,NULL
"6848-YLDFR",False,NULL
"8125-QPFJD",False,NULL
"2320-YKQBO",False,NULL
"4973-RLZVI",False,NULL
"7869-ZYDST",False,NULL
"4501-UYKBC",False,NULL
"1215-EXRMO",False,NULL
"2305-MRGLV",False,NULL
"8404-VIOMB",False,NULL
"2359-KLTEK",False,NULL
"5304-EFJLP",False,NULL
"2673-ZALNP",False,NULL
"9184-GALIL",False,NULL
"4393-RYCRE",False,NULL
"9746-MDMBK",False,NULL
"3162-ZJZFU",False,NULL
"8404-GFGCZ",False,NULL
"8875-AKBYH",False,NULL
"0533-UCAAU",False,NULL
"1394-SUIUH",False,NULL
"3521-MNKLV",False,NULL
"2533-TIBIX",False,NULL
"5092-STPKP",False,NULL
"0114-PEGZZ",False,NULL
"3359-DSRKA",False,NULL
"8639-NHQEI",False,NULL
"7161-DFHUF",False,NULL
"3720-DBRWL",False,NULL
"8565-WUXZU",False,NULL
"4994-OBRSZ",False,NULL
"0562-FGDCR",False,NULL
"2436-QBZFP",False,NULL
"3420-YJLQT",False,NULL
"6040-CGACY",False,NULL
"6582-PLFUU",False,NULL
"8242-PDSGJ",False,NULL
"0264-CNITK",False,NULL
"0089-IIQKO",False,NULL
"7839-NUIAA",False,NULL
"6075-QMNRR",False,NULL
"5966-EMAZU",False,NULL
"0440-EKDCF",False,NULL
"4774-HHGGS",False,NULL
"2055-BFOCC",False,NULL
"8180-AKMJV",False,NULL
"4298-OYIFC",False,NULL
"5566-SOEZD",False,NULL
"9842-EFSYY",False,NULL
"2272-WUSPA",False,NULL
"4584-LBNMK",False,NULL
"3898-GUYTS",False,NULL
"0930-EHUZA",False,NULL
"9975-SKRNR",False,NULL
"3703-KBKZP",False,NULL
"4973-MGTON",False,NULL
"3682-YEUWS",False,NULL
"1223-UNPKS",False,NULL
"3446-QDSZF",False,NULL
"5117-IFGPS",False,NULL
"7379-FNIUJ",False,NULL
"1627-AFWVJ",False,NULL
"4486-EFAEB",False,NULL
"0060-FUALY",False,NULL
"6954-OOYZZ",False,NULL
"7088-FBAWU",False,NULL
"8313-AFGBW",False,NULL
"3097-IDVPU",False,NULL
"2197-OMWGI",False,NULL
"2303-PJYHN",False,NULL
"9795-VOWON",False,NULL
"1237-WIYYZ",False,NULL
"1987-AUELQ",False,NULL
"7852-LECYP",False,NULL
"4822-LPTYJ",False,NULL
"8165-CBKXO",False,NULL
"6527-PZFPV",False,NULL
"9593-CVZKR",False,NULL
"8595-SIZNC",False,NULL
"5236-XMZJY",False,NULL
"4827-DPADN",False,NULL
"2694-CIUMO",False,NULL
"5846-ABOBJ",False,NULL
"1439-LCGVL",False,NULL
"0909-SDHNU",False,NULL
"4647-XXZAM",False,NULL
"7740-KKCXF",False,NULL
"5360-XGYAZ",False,NULL
"3557-HTYWR",False,NULL
"8920-NAVAY",False,NULL
"8541-QVFKM",False,NULL
"1699-TLDLZ",False,NULL
"5600-PDUJF",False,NULL
"0567-XRHCU",False,NULL
"2067-QYTCF",False,NULL
"7407-SUJIZ",False,NULL
"9150-KPBJQ",False,NULL
"0052-DCKON",False,NULL
"3654-ARMGP",False,NULL
"9699-UBQFS",False,NULL
"9367-TCUYN",False,NULL
"1261-FWTTE",False,NULL
"3528-HFRIQ",False,NULL
"0708-SJDIS",False,NULL
"2073-QBVBI",False,NULL
"6928-ONTRW",False,NULL
"3320-VEOYC",False,NULL
"5231-FIQPA",False,NULL
"6617-WLBQC",False,NULL
"2599-CIPQE",False,NULL
"8774-GSBUN",False,NULL
"7326-RIGQZ",False,NULL
"1401-FTHFQ",False,NULL
"0254-FNMCI",False,NULL
"1848-LBZHY",False,NULL
"8118-TJAFG",False,NULL
"5429-LWCMV",False,NULL
"7298-IZWLY",False,NULL
"9758-MFWGD",False,NULL
"3955-JBZZM",False,NULL
"4815-TUMEQ",False,NULL
"9909-IDLEK",False,NULL
"4092-OFQZS",False,NULL
"1561-BWHIN",False,NULL
"9927-DSWDF",False,NULL
"9500-LTVBP",False,NULL
"7252-NTGSS",False,NULL
"8149-AIQCG",False,NULL
"1360-JYXKQ",False,NULL
"0899-WZRSD",False,NULL
"3255-GRXMG",False,NULL
"4828-FAZPK",False,NULL
"6094-ZIVKX",False,NULL
"6925-BAYGL",False,NULL
"3262-EIDHV",False,NULL
"7354-OIJLX",False,NULL
"1376-HHBDV",False,NULL
"6133-OZILE",False,NULL
"4135-FRWKJ",False,NULL
"6551-ZCOTS",False,NULL
"7191-ADRGF",False,NULL
"5018-LXQQG",False,NULL
"6892-BOGQE",False,NULL
"1746-TGTWV",False,NULL
"5995-SNNEW",False,NULL
"8050-WYBND",False,NULL
"3021-VLNRJ",False,NULL
"2821-WARNZ",False,NULL
"4879-GZLFH",False,NULL
"8314-HTWVE",False,NULL
"9402-ROUMJ",False,NULL
"2507-QZPQS",False,NULL
"7159-NOKYQ",False,NULL
"5707-ZMDJP",False,NULL
"8779-YIQQA",False,NULL
"7136-IHZJA",False,NULL
"8966-OIQHG",False,NULL
"7074-STDCN",False,NULL
"8739-QOTTN",False,NULL
"1399-OUPJN",False,NULL
"0277-BKSQP",False,NULL
"5774-XZTQC",False,NULL
"2676-SSLTO",False,NULL
"6266-QHOJZ",False,NULL
"7269-JISCY",False,NULL
"0363-SVHYR",False,NULL
"8547-NSBBO",False,NULL
"6591-QGOYB",False,NULL
"9070-BCKQP",False,NULL
"6421-SZVEM",False,NULL
"1328-EUZHC",False,NULL
"8878-RYUKI",False,NULL
"9633-DENPU",False,NULL
"7811-JIVPF",False,NULL
"7113-HIPFI",False,NULL
"9258-CNWAC",False,NULL
"5371-VYLSX",False,NULL
"6374-AFWOX",False,NULL
"5317-FLPJF",False,NULL
"7621-VPNET",False,NULL
"6034-YMTOB",False,NULL
"4903-CNOZC",False,NULL
"4353-HYOJD",False,NULL
"7267-FRMJW",False,NULL
"4188-FRABG",False,NULL
"4128-ETESU",False,NULL
"0620-DLSLK",False,NULL
"3850-OKINF",False,NULL
"1156-ZFYDO",False,NULL
"3295-YVUSR",False,NULL
"8016-NCFVO",False,NULL
"4119-ZYPZY",False,NULL
"5549-ZGHFB",False,NULL
"7577-SWIFR",False,NULL
"0303-WMMRN",False,NULL
"6408-OTUBZ",False,NULL
"5204-HMGYF",False,NULL
"1078-TDCRN",False,NULL
"3727-OVPRY",False,NULL
"3797-FKOGQ",False,NULL
"7622-NXQZR",False,NULL
"6196-HBOBZ",False,NULL
"3970-XGJDU",False,NULL
"2080-CAZNM",False,NULL
"7017-VFULY",False,NULL
"5562-YJQGT",False,NULL
"8807-OPMBM",False,NULL
"5439-WIKXB",False,NULL
"8294-UIMBA",False,NULL
"8109-YUOHE",False,NULL
"5840-NVDCG",False,NULL
"8092-NLTGF",False,NULL
"5928-QLDHB",False,NULL
"9840-EFJQB",False,NULL
"0696-UKTOX",False,NULL
"4801-KFYKL",False,NULL
"3472-OAOOR",False,NULL
"6135-OZQVA",False,NULL
"2252-JHJGE",False,NULL
"4188-PCPIG",False,NULL
"7105-BENQF",False,NULL
"7721-DVEKZ",False,NULL
"3566-VVORZ",False,NULL
"9507-HSMMZ",False,NULL
"2480-SQIOB",False,NULL
"7813-TKCVO",False,NULL
"0128-MKWSG",False,NULL
"4350-ZTLPI",False,NULL
"0361-HJRDX",False,NULL
"5727-MYATE",False,NULL
"3823-KYNQY",False,NULL
"7570-WELNY",False,NULL
"1028-FFNJK",False,NULL
"6907-FLBER",False,NULL
"3001-UNBTL",False,NULL
"5982-PSMKW",False,NULL
"3507-GASNP",False,NULL
"7096-ZNBZI",False,NULL
"1676-MQAOA",False,NULL
"0786-IVLAW",False,NULL
"7566-DSRLQ",False,NULL
"7245-JMTTQ",False,NULL
"6050-IJRHS",False,NULL
"6202-JVYEU",False,NULL
"8591-TKMZH",False,NULL
"0734-OXWBT",False,NULL
"4282-ACRXS",False,NULL
"0365-TRTPY",False,NULL
"7349-ALMUX",False,NULL
"6502-KUGLL",False,NULL
"1841-YSJGV",False,NULL
"3511-BFTJW",False,NULL
"7668-XCFYV",False,NULL
"5018-HEKFO",False,NULL
"2923-ARZLG",False,NULL
"3976-NLDEZ",False,NULL
"2282-YGNOR",False,NULL
"5336-UFNZP",False,NULL
"6854-EXGSF",False,NULL
"1241-EZFMJ",False,NULL
"9233-PSYHO",False,NULL
"5376-PCKNB",False,NULL
"8044-BGWPI",False,NULL
"4060-LDNLU",False,NULL
"3589-PPVKW",False,NULL
"5887-IKKYO",False,NULL
"1755-RMCXH",False,NULL
"3858-XHYJO",False,NULL
"4299-SIMNS",False,NULL
"7025-IWFHT",False,NULL
"6261-LHRTG",False,NULL
"7841-FCRQD",False,NULL
"2056-EVGZL",False,NULL
"8777-MBMTS",False,NULL
"7753-USQYQ",False,NULL
"7661-CPURM",False,NULL
"6233-HXJMX",False,NULL
"5902-WBLSE",False,NULL
"3239-TPHPZ",False,NULL
"5115-GZDEL",False,NULL
"3338-CVVEH",False,NULL
"2615-YVMYX",False,NULL
"2851-STERV",False,NULL
"4393-GEADV",False,NULL
"8486-AYEQH",False,NULL
"5419-JKZNQ",False,NULL
"2495-KZNFB",False,NULL
"1409-PHXTF",False,NULL
"4560-WQAQW",False,NULL
"9591-YVTEB",False,NULL
"9309-BZGNT",False,NULL
"4274-DRSQT",False,NULL
"2027-DNKIV",False,NULL
"8075-GXIUB",False,NULL
"2885-HIJDH",False,NULL
"5424-RLQLC",False,NULL
"6507-DTJZV",False,NULL
"7673-BQGKU",False,NULL
"6723-WSNTY",False,NULL
"2725-IWWBA",False,NULL
"1061-PNTHC",False,NULL
"0394-YONDK",False,NULL
"6574-MCOEH",False,NULL
"7399-QHBJS",False,NULL
"0997-YTLNY",False,NULL
"9479-HYNYL",False,NULL
"9708-KFDBY",False,NULL
"3642-GKTCT",False,NULL
"0774-RMNUW",False,NULL
"1334-PDUKM",False,NULL
"0756-MPZRL",False,NULL
"2242-MFOTG",False,NULL
"2927-CVULT",False,NULL
"2144-BFDSO",False,NULL
"8745-PVESG",False,NULL
"7647-GYYKX",False,NULL
"5647-FXOTP",False,NULL
"9700-ISPUP",False,NULL
"9839-ETQOE",False,NULL
"6078-VESFR",False,NULL
"9027-TMATR",False,NULL
"1941-HOSAM",False,NULL
"9110-HSGTV",False,NULL
"0704-VCUMB",False,NULL
"6171-ZTVYB",False,NULL
"1935-IMVBB",False,NULL
"2535-PBCGC",False,NULL
"1470-PSXNM",False,NULL
"2498-XLDZR",False,NULL
"9866-OCCKE",False,NULL
"5338-YHWYT",False,NULL
"7718-UPSKJ",False,NULL
"8731-WBBMB",False,NULL
"1448-CYWKC",False,NULL
"7901-IIDQV",False,NULL
"2690-DVRVK",False,NULL
"1270-XKUCC",False,NULL
"0334-ZFJSR",False,NULL
"5583-EJXRD",False,NULL
"4565-EVZMJ",False,NULL
"3327-YBAKM",False,NULL
"9441-QHEVC",False,NULL
"6705-LNMDD",False,NULL
"2580-ASVVY",False,NULL
"3370-GQEAL",False,NULL
"5032-USPKF",False,NULL
"4254-QPEDE",False,NULL
"6283-GITPX",False,NULL
"0771-CHWSK",False,NULL
"9788-HNGUT",False,NULL
"9495-REDIY",False,NULL
"5375-XLDOF",False,NULL
"1172-VIYBP",False,NULL
"6559-PDZLR",False,NULL
"8992-OBVDG",False,NULL
"4273-MBHYA",False,NULL
"4724-WXVWF",False,NULL
"5701-GUXDC",False,NULL
"1460-UZPRJ",False,NULL
"6082-GLJIX",False,NULL
"2495-TTHBQ",False,NULL
"0485-ZBSLN",False,NULL
"3810-PJUHR",False,NULL
"0847-HGRML",False,NULL
"8232-CTLKO",False,NULL
"9227-YBAXE",False,NULL
"9860-LISIZ",False,NULL
"0112-QAWRZ",False,NULL
"2786-GCDPI",False,NULL
"4043-MKDTV",False,NULL
"9229-RQABD",False,NULL
"8313-KTIHG",False,NULL
"5320-BRKGK",False,NULL
"6284-KMNUF",False,NULL
"6229-UOLQL",False,NULL
"3137-LUPIX",False,NULL
"6143-JQKEA",False,NULL
"8676-OOQEJ",False,NULL
"9701-CDXHR",False,NULL
"8124-NZVGJ",False,NULL
"2162-FRZAA",False,NULL
"5118-MUEYH",False,NULL
"5627-TVBPP",False,NULL
"3936-QQFLL",False,NULL
"2589-AYCRP",False,NULL
"4067-HLYQI",False,NULL
"5124-EOGYE",False,NULL
"5057-RKGLH",False,NULL
"0292-WEGCH",False,NULL
"8910-ICHIU",False,NULL
"4097-YODCF",False,NULL
"9715-WZCLW",False,NULL
"9786-YWNHU",False,NULL
"6407-GSJNL",False,NULL
"4049-ZPALD",False,NULL
"3733-UOCWF",False,NULL
"6833-JMZYP",False,NULL
"1310-QRITU",False,NULL
"8961-QDZZJ",False,NULL
"9715-SBVSU",False,NULL
"8490-BXHEO",False,NULL
"7173-TETGO",False,NULL
"7929-SKFGK",False,NULL
"2300-RQGOI",False,NULL
"3563-SVYLG",False,NULL
"6435-VWCCY",False,NULL
"4998-IKFSE",False,NULL
"8630-QSGXK",False,NULL
"2455-USLMV",False,NULL
"9488-FVZCC",False,NULL
"5995-WWKKG",False,NULL
"7879-CGSFV",False,NULL
"9921-EZKBY",False,NULL
"7432-FFVAR",False,NULL
"7246-ZGQDF",False,NULL
"4456-RHSNB",False,NULL
"2481-SBOYW",False,NULL
"7109-MFBYV",False,NULL
"1833-TCXKK",False,NULL
"1832-PEUTS",False,NULL
"8660-BUETV",False,NULL
"0580-PIQHM",False,NULL
"5696-CEIQJ",False,NULL
"1696-HXOWK",False,NULL
"3026-ATZYV",False,NULL
"4012-YCFAI",False,NULL
"9970-QBCDA",False,NULL
"9496-IVVRP",False,NULL
"2657-VPXTA",False,NULL
"6551-VLJMV",False,NULL
"1221-GHZEP",False,NULL
"9289-LBQVU",False,NULL
"3458-IDMFK",False,NULL
"6933-FHBZC",False,NULL
"0221-NAUXK",False,NULL
"9770-KXGQU",False,NULL
"6538-POCHL",False,NULL
"6726-NNFWD",False,NULL
"3002-WQZWT",False,NULL
"4277-UDIEF",False,NULL
"1208-NBVFH",False,NULL
"4912-PIGUY",False,NULL
"2725-TTRIQ",False,NULL
"3374-TTZTK",False,NULL
"8990-ZXLSU",False,NULL
"2275-RBYQS",False,NULL
"4419-UJMUS",False,NULL
"7794-JASDG",False,NULL
"7609-YBPXG",False,NULL
"5519-TEEUH",False,NULL
"7856-GANIL",False,NULL
"0804-XBFBV",False,NULL
"2676-OXPPQ",False,NULL
"3703-TTEPD",False,NULL
"2799-TSLAG",False,NULL
"2208-NKVVH",False,NULL
"7139-JZFVG",False,NULL
"4987-GQWPO",False,NULL
"1757-TCATG",False,NULL
"4776-XSKYQ",False,NULL
"8048-DSDFQ",False,NULL
"5753-QQWPW",False,NULL
"6010-DDPPW",False,NULL
"6693-FRIRW",False,NULL
"6586-MYGKD",False,NULL
"3173-NVMPX",False,NULL
"0248-PGHBZ",False,NULL
"0623-GDISB",False,NULL
"2892-GESUL",False,NULL
"7472-EQOAV",False,NULL
"2043-WVTQJ",False,NULL
"8034-RYTVV",False,NULL
"3863-QSTYI",False,NULL
"5044-LRQAQ",False,NULL
"1716-LSAMB",False,NULL
"1333-PBMXB",False,NULL
"6546-OPBBH",False,NULL
"5985-BEHZK",False,NULL
"9127-QRZMH",False,NULL
"5919-VCZYM",False,NULL
"9644-KVCNC",False,NULL
"2137-DQMEV",False,NULL
"8174-LNWMW",False,NULL
"9279-CJEOJ",False,NULL
"7964-VEXDG",False,NULL
"2404-JIBFC",False,NULL
"8029-XYPWT",False,NULL
"4632-PAOYU",False,NULL
"2990-OGYTD",False,NULL
"6646-JPPHA",False,NULL
"7658-UYUQS",False,NULL
"7880-XSOJX",False,NULL
"4589-IUAJB",False,NULL
"8746-BFOAJ",False,NULL
"8457-XIGKN",False,NULL
"6072-NUQCB",False,NULL
"8838-GPHZP",False,NULL
"8750-QWZAJ",False,NULL
"6918-UMQCG",False,NULL
"0675-NCDYU",False,NULL
"6339-DKLMK",False,NULL
"1346-PJWTK",False,NULL
"5088-QZLRL",False,NULL
"8023-QHAIO",False,NULL
"4397-FRLTA",False,NULL
"3057-VJJQE",False,NULL
"2302-OUZXB",False,NULL
"8133-ANHHJ",False,NULL
"2270-CHBFN",False,NULL
"5982-FPVQN",False,NULL
"9107-UKCKY",False,NULL
"4654-ULTTN",False,NULL
"5546-BYZSM",False,NULL
"1492-KGETH",False,NULL
"4163-HFTUK",False,NULL
"8215-NGSPE",False,NULL
"8859-YSTWS",False,NULL
"7601-DHFWZ",False,NULL
"1998-VHJHK",False,NULL
"1707-HABPF",False,NULL
"0487-VVUVK",False,NULL
"5063-IUOKK",False,NULL
"4508-OEBEY",False,NULL
"0027-KWYKW",False,NULL
"2308-STERM",False,NULL
"5982-XMDEX",False,NULL
"6051-PTVNS",False,NULL
"2877-VDUER",False,NULL
"9152-AMKAK",False,NULL
"9432-VOFYX",False,NULL
"8049-WJCLQ",False,NULL
"6586-PSJOX",False,NULL
"9705-ZJBCG",False,NULL
"6847-KJLTS",False,NULL
"9670-BPNXF",False,NULL
"3913-FCUUW",False,NULL
"3301-VKTGC",False,NULL
"9555-SAHUZ",False,NULL
"0816-TSPHQ",False,NULL
"9932-WBWIK",False,NULL
"4619-EVPHY",False,NULL
"5286-YHCVC",False,NULL
"9115-YQHGA",False,NULL
"4462-CYWMH",False,NULL
"4537-DKTAL",False,NULL
"8963-MQVYN",False,NULL
"2458-EOMRE",False,NULL
"9334-GWGOW",False,NULL
"6542-LWGXJ",False,NULL
"5567-GZKQY",False,NULL
"1222-LRYKO",False,NULL
"2087-QAREY",False,NULL
"4423-JWZJN",False,NULL
"6490-FGZAT",False,NULL
"7452-FOLON",False,NULL
"2320-TZRRH",False,NULL
"4942-VZZOM",False,NULL
"7502-BNYGS",False,NULL
"4291-HYEBC",False,NULL
"6147-CBCRA",False,NULL
"6047-SUHPR",False,NULL
"9752-ZNQUT",False,NULL
"1576-PFZIW",False,NULL
"5666-MBJPT",False,NULL
"7312-XSBAT",False,NULL
"3096-GKWEB",False,NULL
"2371-JQHZZ",False,NULL
"0674-GCDXG",False,NULL
"1121-QSIVB",False,NULL
"4396-KLSEH",False,NULL
"2824-MYYBN",False,NULL
"6345-HOVES",False,NULL
"8318-LCNBW",False,NULL
"6469-QJKZW",False,NULL
"0147-ESWWR",False,NULL
"1217-VASWC",False,NULL
"6370-ZVHDV",False,NULL
"5915-DGNVC",False,NULL
"6260-XLACS",False,NULL
"3566-CAAYU",False,NULL
"4983-CCWMC",False,NULL
"9103-CXVOK",False,NULL
"2896-TBNBE",False,NULL
"2522-WLNSF",False,NULL
"3841-CONLJ",False,NULL
"4475-NVTLU",False,NULL
"9386-LDCZR",False,NULL
"9585-KKMFD",False,NULL
"5399-ZIMKF",False,NULL
"0336-KXKFK",False,NULL
"5619-XZZKR",False,NULL
"3948-FVVRP",False,NULL
"5327-XOKKY",False,NULL
"0983-TATYJ",False,NULL
"1813-JYWTO",False,NULL
"6719-OXYBR",False,NULL
"3312-ZWLGF",False,NULL
"6476-YHMGA",False,NULL
"0795-XCCTE",False,NULL
"0168-XZKBB",False,NULL
"3785-NRHYR",False,NULL
"7072-MBHEV",False,NULL
"5602-BVFMK",False,NULL
"6297-NOOPG",False,NULL
"8204-TIFGJ",False,NULL
"8050-DVOJX",False,NULL
"8903-XEBGX",False,NULL
"8169-SAEJD",False,NULL
"1089-XZWHH",False,NULL
"2325-WINES",False,NULL
"6064-ZATLR",False,NULL
"7824-PANSQ",False,NULL
"9648-BCHKM",False,NULL
"2888-ADFAO",False,NULL
"8707-HOEDG",False,NULL
"4072-IPYLT",False,NULL
"7167-PCEYD",False,NULL
"4936-YPJNK",False,NULL
"1580-BMCMR",False,NULL
"4817-KEQSP",False,NULL
"6408-WHTEF",False,NULL
"9251-AWQGT",False,NULL
"8749-CLJXC",False,NULL
"7989-VCQOH",False,NULL
"4199-QHJNM",False,NULL
"8882-TLVRW",False,NULL
"5135-GRQJV",False,NULL
"2384-OVPSA",False,NULL
"1371-WEPDS",False,NULL
"3580-GICBM",False,NULL
"9730-DRTMJ",False,NULL
"4686-UXDML",False,NULL
"3349-ANQNH",False,NULL
"0932-YIXYU",False,NULL
"7480-SPLEF",False,NULL
"7636-XUHWW",False,NULL
"1431-CYWMH",False,NULL
"5937-EORGB",False,NULL
"6349-JDHQP",False,NULL
"5539-HIVAK",False,NULL
"5847-MXBEO",False,NULL
"4583-PARNH",False,NULL
"1116-FRYVH",False,NULL
"1421-HCERK",False,NULL
"9633-XQABV",False,NULL
"0716-BQNDX",False,NULL
"1183-CANVH",False,NULL
"1972-XMUWV",False,NULL
"8679-LZBMD",False,NULL
"3407-JMJQQ",False,NULL
"6252-DFGTK",False,NULL
"1539-LNKHM",False,NULL
"8645-KOMJQ",False,NULL
"0289-IVARM",False,NULL
"9761-XUJWD",False,NULL
"4057-FKCZK",False,NULL
"4291-TPNFG",False,NULL
"6087-YPWHO",False,NULL
"3090-QFUVD",False,NULL
"1722-LDZJS",False,NULL
"1818-ESQMW",False,NULL
"7401-RUBNK",False,NULL
"0506-YLVKJ",False,NULL
"8661-BOYNW",False,NULL
"4815-GBTCD",False,NULL
"2805-AUFQN",False,NULL
"0980-PVMRC",False,NULL
"7233-DRTRF",False,NULL
"3873-NFTGI",False,NULL
"1162-ECVII",False,NULL
"7048-GXDAY",False,NULL
"8571-ZCMCX",False,NULL
"1169-WCVAK",False,NULL
"7129-CAKJW",False,NULL
"8695-ARGXZ",False,NULL
"3570-YUEKJ",False,NULL
"1555-HAPSU",False,NULL
"1697-NVVGY",False,NULL
"8464-EETCQ",False,NULL
"2419-FSORS",False,NULL
"8132-YPVBX",False,NULL
"6754-LZUKA",False,NULL
"8099-MZPUJ",False,NULL
"0787-LHDYT",False,NULL
"0374-IOEGQ",False,NULL
"3197-NNYNB",False,NULL
"3396-DKDEL",False,NULL
"1752-OZXFY",False,NULL
"9066-QRSDU",False,NULL
"9112-WSNPU",False,NULL
"9867-NNXLC",False,NULL
"5321-NTRKC",False,NULL
"3161-GETRM",False,NULL
"0402-OAMEN",False,NULL
"6933-VLYFX",False,NULL
"6754-WKSHP",False,NULL
"4976-LNFVV",False,NULL
"5055-MGMGF",False,NULL
"4641-FROLU",False,NULL
"2862-JVEOY",False,NULL
"2969-QWUBZ",False,NULL
"9822-BIIGN",False,NULL
"2077-MPJQO",False,NULL
"1534-OULXE",False,NULL
"2971-SGAFL",False,NULL
"1480-IVEVR",False,NULL
"2905-KFQUV",False,NULL
"3370-HXOPH",False,NULL
"9391-YZEJW",False,NULL
"9958-MEKUC",False,NULL
"0281-CNTZX",False,NULL
"4118-CEVPF",False,NULL
"9114-VEPUF",False,NULL
"7876-BEUTG",False,NULL
"2338-BQEZT",False,NULL
"9873-MNDKV",False,NULL
"8241-JUIQO",False,NULL
"2194-IIQOF",False,NULL
"9631-RXVJM",False,NULL
"9584-EXCDZ",False,NULL
"5093-FEGLU",False,NULL
"2621-UDNLU",False,NULL
"7526-IVLYU",False,NULL
"2428-HYUNX",False,NULL
"9214-EKVXR",False,NULL
"3410-MHHUM",False,NULL
"2122-YWVYA",False,NULL
"2296-DKZFP",False,NULL
"8909-BOLNL",False,NULL
"6603-YRDCJ",False,NULL
"3229-USWAR",False,NULL
"2138-VFAPZ",False,NULL
"6131-JLWZM",False,NULL
"0269-XFESX",False,NULL
"1709-EJDOX",False,NULL
"4316-XCSLJ",False,NULL
"9693-XMUOB",False,NULL
"0383-CLDDA",False,NULL
"2709-UQGNP",False,NULL
"3549-ZTMNH",False,NULL
"8033-ATFAS",False,NULL
"1635-NZATJ",False,NULL
"0562-HKHML",False,NULL
"8277-RVRSV",False,NULL
"9943-VSZUV",False,NULL
"7054-ENNGU",False,NULL
"1455-HFBXA",False,NULL
"9402-CXWPL",False,NULL
"1628-BIZYP",False,NULL
"0082-LDZUE",False,NULL
"5343-SGUBI",False,NULL
"0856-NAOES",False,NULL
"1976-AZZPJ",False,NULL
"6156-UZDLF",False,NULL
"3099-OONVS",False,NULL
"9500-WBGRP",False,NULL
"5183-KLYEM",False,NULL
"5144-PQCDZ",False,NULL
"8514-VZHEB",False,NULL
"6625-IUTTT",False,NULL
"9355-NPPFS",False,NULL
"0068-FIGTF",False,NULL
"5965-GGPRW",False,NULL
"8035-PWSEV",False,NULL
"2236-HILPA",False,NULL
"1840-BIUOG",False,NULL
"1356-MKYSK",False,NULL
"6080-LNESI",False,NULL
"1830-IPXVJ",False,NULL
"5828-DWPIL",False,NULL
"8398-TBIYD",False,NULL
"2931-FSOHN",False,NULL
"9418-RUKPH",False,NULL
"9971-ZWPBF",False,NULL
"4712-AUQZO",False,NULL
"9711-FJTBX",False,NULL
"2908-ZTPNF",False,NULL
"8421-WZOOW",False,NULL
"1414-YADCW",False,NULL
"8756-RDDLT",False,NULL
"2862-PFNIK",False,NULL
"5816-QVHRX",False,NULL
"4430-YHXGG",False,NULL
"6888-SBYAI",False,NULL
"7395-XWZOY",False,NULL
"7169-YWAMK",False,NULL
"6859-RKMZJ",False,NULL
"2729-VNVAP",False,NULL
"2957-JIRMN",False,NULL
"2049-BAFNW",False,NULL
"3842-QTGDL",False,NULL
"7163-OCEQI",False,NULL
"9782-LGXMC",False,NULL
"5975-BAICR",False,NULL
"4673-KKSLS",False,NULL
"4853-OITSN",False,NULL
"9800-OUIGR",False,NULL
"2324-EFHVG",False,NULL
"7094-MSZAO",False,NULL
"6907-CQGPN",False,NULL
"0780-XNZFN",False,NULL
"0239-OXEXL",False,NULL
"2675-IJRGJ",False,NULL
"7049-GKVZY",False,NULL
"8577-QSOCG",False,NULL
"3721-CNZHX",False,NULL
"0212-ISBBF",False,NULL
"3585-YNADK",False,NULL
"5271-DBYSJ",False,NULL
"1099-GODLO",False,NULL
"6828-HMKWP",False,NULL
"1472-TNCWL",False,NULL
"2080-GKCWQ",False,NULL
"2193-SFWQW",False,NULL
"5656-JAMLX",False,NULL
"3462-BJQQA",False,NULL
"0442-TDYUO",False,NULL
"6733-LRIZX",False,NULL
"9503-XJUME",False,NULL
"4367-NHWMM",False,NULL
"3779-OSWCF",False,NULL
"6736-DHUQI",False,NULL
"3915-ODIYG",False,NULL
"1360-RCYRT",False,NULL
"2724-FJDYW",False,NULL
"4451-RWASJ",False,NULL
"3460-TJBWI",False,NULL
"5917-HBSDW",False,NULL
"5671-UUNXD",False,NULL
"0956-ACVZC",False,NULL
"2325-NBPZG",False,NULL
"4482-FTFFX",False,NULL
"8859-DZTGQ",False,NULL
"0440-MOGPM",False,NULL
"0020-JDNXP",False,NULL
"3752-CQSJI",False,NULL
"5025-GOOKI",False,NULL
"4698-KVLLG",False,NULL
"2887-JPYLU",False,NULL
"4770-QAZXN",False,NULL
"4896-CPRPF",False,NULL
"9714-EDSUC",False,NULL
"0282-NVSJS",False,NULL
"7353-YOWFP",False,NULL
"8008-ESFLK",False,NULL
"7537-CBQUZ",False,NULL
"3363-EWLGO",False,NULL
"4750-UKWJK",False,NULL
"1689-YQBYY",False,NULL
"9881-VCZEP",False,NULL
"4487-ZYJZK",False,NULL
"2959-FENLU",False,NULL
"0708-LGSMF",False,NULL
"7634-HLQJR",False,NULL
"0487-RPVUM",False,NULL
"4079-ULGFR",False,NULL
"2516-XSJKX",False,NULL
"0057-QBUQH",False,NULL
"6599-SFQVE",False,NULL
"8331-ZXFOE",False,NULL
"4003-FUSHP",False,NULL
"0356-ERHVT",False,NULL
"7325-ENZFI",False,NULL
"4884-ZTHVF",False,NULL
"3920-HIHMQ",False,NULL
"3055-OYMSE",False,NULL
"0613-WUXUM",False,NULL
"4458-KVRBJ",False,NULL
"1397-XKKWR",False,NULL
"8097-OMULG",False,NULL
"6013-BHCAW",False,NULL
"0401-WDBXM",False,NULL
"3387-PLKUI",False,NULL
"6096-EGVTU",False,NULL
"5081-NWSUP",False,NULL
"2580-ATZSQ",False,NULL
"8085-MSNLK",False,NULL
"9691-HKOVS",False,NULL
"8757-TFHHJ",False,NULL
"1468-DEFNC",False,NULL
"5119-KEPFY",False,NULL
"0916-KNFAJ",False,NULL
"8319-QBEHW",False,NULL
"9625-QNLUX",False,NULL
"4024-CSNBY",False,NULL
"7110-BDTWG",False,NULL
"7493-GVFIO",False,NULL
"0690-SRQID",False,NULL
"9605-WGJVW",False,NULL
"9114-DPSIA",False,NULL
"4700-UBQMV",False,NULL
"7711-GQBZC",False,NULL
"4627-MIHJH",False,NULL
"9795-NREXC",False,NULL
"8573-CGOCC",False,NULL
"7356-AYNJP",False,NULL
"6286-SUUWT",False,NULL
"4819-HJPIW",False,NULL
"8654-DHAOW",False,NULL
"5438-QMDDL",False,NULL
"9812-GHVRI",False,NULL
"5553-AOINX",False,NULL
"1228-ZLNBX",False,NULL
"4226-KKDON",False,NULL
"3831-YCPUO",False,NULL
"7445-WMRBW",False,NULL
"3308-DGHKL",False,NULL
"9924-JPRMC",False,NULL
"0080-EMYVY",False,NULL
"6218-KNUBD",False,NULL
"7337-CINUD",False,NULL
"7609-NRNCA",False,NULL
"0623-EJQEG",False,NULL
"7153-CHRBV",False,NULL
"6198-PNNSZ",False,NULL
"3317-VLGQT",False,NULL
"4132-POCZS",False,NULL
"5614-DNZCE",False,NULL
"3896-RCYYE",False,NULL
"9638-JIQYA",False,NULL
"3258-SANFR",False,NULL
"3726-TBHQT",False,NULL
"3190-ITQXP",False,NULL
"4833-QTJNO",False,NULL
"3039-MJSLN",False,NULL
"0178-CIIKR",False,NULL
"5774-QPLTF",False,NULL
"2322-VCZHZ",False,NULL
"5010-IPEAQ",False,NULL
"6383-ZTSIW",False,NULL
"8990-YOZLV",False,NULL
"3069-SSVSN",False,NULL
"5222-IMUKT",False,NULL
"6685-XSHHU",False,NULL
"8901-UPRHR",False,NULL
"0118-JPNOY",False,NULL
"3845-FXCYS",False,NULL
"5857-XRECV",False,NULL
"0725-CXOTM",False,NULL
"4343-EJVQB",False,NULL
"9000-PLFUZ",False,NULL
"3427-GGZZI",False,NULL
"7779-ORAEL",False,NULL
"0644-OQMDK",False,NULL
"3154-CFSZG",False,NULL
"2220-IAHLS",False,NULL
"1658-XUHBX",False,NULL
"2378-HTWFW",False,NULL
"4377-VDHYI",False,NULL
"3719-TDVQB",False,NULL
"0201-MIBOL",False,NULL
"4937-QPZPO",False,NULL
"2925-VDZHY",False,NULL
"6981-TDRFT",False,NULL
"3413-CSSTH",False,NULL
"8033-VCZGH",False,NULL
"0224-NIJLP",False,NULL
"7542-CYDDM",False,NULL
"4718-WXBGI",False,NULL
"8495-PRWFH",False,NULL
"0439-IFYUN",False,NULL
"5716-LIBJC",False,NULL
"2868-LLSKM",False,NULL
"2988-QRAJY",False,NULL
"0071-NDAFP",False,NULL
"7328-ZJAJO",False,NULL
"6458-CYIDZ",False,NULL
"1090-PYKCI",False,NULL
"3058-WQDRE",False,NULL
"2279-AXJJK",False,NULL
"0909-SELIE",False,NULL
"3417-TSCIC",False,NULL
"1042-HFUCW",False,NULL
"6537-OTKMY",False,NULL
"8999-EXMNO",False,NULL
"6725-TPKJO",False,NULL
"7162-WPHPM",False,NULL
"1599-MMYRQ",False,NULL
"8821-KVZKQ",False,NULL
"6434-TTGJP",False,NULL
"0042-JVWOJ",False,NULL
"0130-SXOUN",False,NULL
"2330-PQGDQ",False,NULL
"1452-UZOSF",False,NULL
"2097-YVPKN",False,NULL
"8597-CTXVJ",False,NULL
"6631-HMANX",False,NULL
"9962-BFPDU",False,NULL
"6394-HHHZM",False,NULL
"5995-LFTLE",False,NULL
"1932-UEDCX",False,NULL
"5188-HGMLP",False,NULL
"0665-XHDJU",False,NULL
"8265-HKSOW",False,NULL
"3544-FBCAS",False,NULL
"5331-RGMTT",False,NULL
"4759-PXTAN",False,NULL
"7054-DMVAS",False,NULL
"3428-MMGUB",False,NULL
"6549-BTYPG",False,NULL
"7823-JSOAG",False,NULL
"3705-RHRFR",False,NULL
"9374-YOLBJ",False,NULL
"9074-KGVOX",False,NULL
"6128-DAFVY",False,NULL
"9933-QRGTX",False,NULL
"4476-OSWTN",False,NULL
"5066-GFJMM",False,NULL
"2661-GKBTK",False,NULL
"0458-HEUZG",False,NULL
"7268-WNTCP",False,NULL
"0824-VWDPO",False,NULL
"8409-WQJUX",False,NULL
"2578-JQPHZ",False,NULL
"3278-FSIXX",False,NULL
"9746-UGFAC",False,NULL
"2946-KIQSP",False,NULL
"0625-AFOHS",False,NULL
"6726-WEXXK",False,NULL
"4636-OLWOE",False,NULL
"4685-ERGHK",False,NULL
"0885-HMGPY",False,NULL
"5003-OKNNK",False,NULL
"7208-PSIHR",False,NULL
"4012-ZTHBR",False,NULL
"0489-WMEMG",False,NULL
"7435-ZNUYY",False,NULL
"1354-YZFNB",False,NULL
"2985-FMWYF",False,NULL
"2812-ENYMO",False,NULL
"2717-HVIZY",False,NULL
"3422-GALYP",False,NULL
"2890-WFBHU",False,NULL
"0327-WFZSY",False,NULL
"7977-HXJKU",False,NULL
"7033-CLAMM",False,NULL
"4023-RTIQM",False,NULL
"0864-FVJNJ",False,NULL
"7356-IWLFW",False,NULL
"9541-PWTWO",False,NULL
"3967-VQOGC",False,NULL
"7872-RDDLZ",False,NULL
"6308-CQRBU",False,NULL
"0186-CAERR",False,NULL
"3043-SUDUA",False,NULL
"5442-BHQNG",False,NULL
"2169-RRLFW",False,NULL
"5872-OEQNH",False,NULL
"3162-KKZXO",False,NULL
"8873-GLDMH",False,NULL
"5696-JVVQY",False,NULL
"8946-BFWSG",False,NULL
"0547-HURJB",False,NULL
"8904-OPDCK",False,NULL
"8845-LWKGE",False,NULL
"0691-NIKRI",False,NULL
"5022-JNQEQ",False,NULL
"3249-VHRIP",False,NULL
"3736-BLEPA",False,NULL
"4701-LKOZD",False,NULL
"6603-QWSPR",False,NULL
"9921-QFQUL",False,NULL
"1929-ZCBHE",False,NULL
"4378-MYPGO",False,NULL
"4129-LYCOI",False,NULL
"7798-JVXYM",False,NULL
"8647-SDTWQ",False,NULL
"2696-ECXKC",False,NULL
"2081-KJSQF",False,NULL
"3323-CPBWR",False,NULL
"3384-CTMSF",False,NULL
"0902-RFHOF",False,NULL
"6048-QBXKL",False,NULL
"7718-RXDGG",False,NULL
"1025-FALIX",False,NULL
"3451-VAWLI",False,NULL
"3407-QGWLG",False,NULL
"2347-WKKAE",False,NULL
"8735-DCXNF",False,NULL
"3214-IYUUQ",False,NULL
"1936-UAFEH",False,NULL
"3587-PMCOY",False,NULL
"1027-LKKQQ",False,NULL
"7148-XZPHA",False,NULL
"5309-TAIKL",False,NULL
"6856-RAURS",False,NULL
"8778-LMWTJ",False,NULL
"9717-IOAAF",False,NULL
"2845-KDHVX",False,NULL
"0848-SOMKO",False,NULL
"6734-FQAJX",False,NULL
"1535-VTJOQ",False,NULL
"6368-TZZDT",False,NULL
"0943-ZQPXH",False,NULL
"1293-BSEUN",False,NULL
"1302-TPUBN",False,NULL
"2378-VTKDH",False,NULL
"0927-CNGRH",False,NULL
"8608-OZTLB",False,NULL
"2335-GSODA",False,NULL
"1952-DVVSW",False,NULL
"6656-GULJQ",False,NULL
"9853-JFZDU",False,NULL
"3777-XROBG",False,NULL
"6994-FGRHH",False,NULL
"4000-VGMQP",False,NULL
"3999-WRNGR",False,NULL
"3466-RITXD",False,NULL
"2680-XKKNJ",False,NULL
"2974-GGUXS",False,NULL
"7994-XIRTR",False,NULL
"2101-RANCD",False,NULL
"7921-BEPCI",False,NULL
"8510-TMWYB",False,NULL
"3258-ZKPAI",False,NULL
"1428-IEDPR",False,NULL
"5298-GSTLM",False,NULL
"4450-YOOHP",False,NULL
"6728-CZFEI",False,NULL
"3653-NCRDJ",False,NULL
"6121-TNHBO",False,NULL
"5119-NZPTV",False,NULL
"6519-ZHPXP",False,NULL
"3472-QPRCH",False,NULL
"8224-UAXBZ",False,NULL
"9610-WCESF",False,NULL
"2486-WYVVE",False,NULL
"3865-ZYKAD",False,NULL
"1422-DGUBX",False,NULL
"2999-AANRQ",False,NULL
"8668-KNZTI",False,NULL
"0480-KYJVA",False,NULL
"9746-YKGXB",False,NULL
"3926-YZVVX",False,NULL
"0872-CASZJ",False,NULL
"6000-UKLWI",False,NULL
"6332-FBZRI",False,NULL
"2096-XOTMO",False,NULL
"3266-FTKHB",False,NULL
"8221-EQDGL",False,NULL
"2346-LOCWC",False,NULL
"0298-XACET",False,NULL
"7560-QJAVJ",False,NULL
"2995-YWTCD",False,NULL
"9137-UIYPG",False,NULL
"2809-ZMYOQ",False,NULL
"5084-OOVCJ",False,NULL
"0254-WWRKD",False,NULL
"7727-SHVZV",False,NULL
"5339-PXDVH",False,NULL
"2205-LPVGL",False,NULL
"8782-NUUOL",False,NULL
"7601-WFVZV",False,NULL
"4609-KNNWG",False,NULL
"4868-AADLV",False,NULL
"9529-OFXHY",False,NULL
"2669-QVCRG",False,NULL
"2478-EEWWM",False,NULL
"9174-IHETN",False,NULL
"2233-TXSIU",False,NULL
"9644-UMGQA",False,NULL
"3256-EZDBI",False,NULL
"0419-YAAPX",False,NULL
"4726-DLWQN",False,NULL
"8164-OCKUJ",False,NULL
"3094-JOJAI",False,NULL
"9494-MRNYX",False,NULL
"2599-CZABP",False,NULL
"7945-PRBVF",False,NULL
"4544-RXFMG",False,NULL
"0859-YGKFW",False,NULL
"1150-FTQGN",False,NULL
"7196-LIWRH",False,NULL
"5448-VWNAM",False,NULL
"1177-XZBJL",False,NULL
"3518-FSTWG",False,NULL
"9330-VOFSZ",False,NULL
"0939-EREMR",False,NULL
"9389-ACWBI",False,NULL
"3644-QXEHN",False,NULL
"2911-IJORQ",False,NULL
"5921-NGYRH",False,NULL
"5998-DZLYR",False,NULL
"3985-HOYPM",False,NULL
"9548-LERKT",False,NULL
"6576-FBXOJ",False,NULL
"4310-KEDTB",False,NULL
"4062-HBMOS",False,NULL
"2676-ISHSF",False,NULL
"9236-NDUCW",False,NULL
"4753-PADAS",False,NULL
"6103-QCKFX",False,NULL
"7781-EWARA",False,NULL
"7018-FPXHH",False,NULL
"0572-ZJKLT",False,NULL
"5135-RDDQL",False,NULL
"1353-LJWEM",False,NULL
"1794-SWWKL",False,NULL
"6166-YIPFO",False,NULL
"9332-GYWLO",False,NULL
"4184-VODJZ",False,NULL
"1092-WPIVQ",False,NULL
"7233-IOQNP",False,NULL
"2834-JKOOW",False,NULL
"2400-FEQME",False,NULL
"4957-SREEC",False,NULL
"0230-UBYPQ",False,NULL
"4923-ADWXJ",False,NULL
"1763-KUAAW",False,NULL
"1104-TNLZA",False,NULL
"5195-KPUNQ",False,NULL
"3439-GVUSX",False,NULL
"5949-HGVJL",False,NULL
"5203-XEHAX",False,NULL
"1635-HDGFT",False,NULL
"8050-XGRVL",False,NULL
"9828-QHFBK",False,NULL
"3908-MKIMJ",False,NULL
"5012-YSPJJ",False,NULL
"6728-VOIFY",False,NULL
"4891-NLUBA",False,NULL
"8969-PRHFK",False,NULL
"0661-KQHNK",False,NULL
"8709-KRDVL",False,NULL
"1427-VERSM",False,NULL
"9801-NOSHQ",False,NULL
"6339-YPSAH",False,NULL
"2159-TURXX",False,NULL
"1548-FEHVL",False,NULL
"3795-CAWEX",False,NULL
"6215-NQCPY",False,NULL
"5647-URDKA",False,NULL
"2229-DPMBI",False,NULL
"9626-WEQRM",False,NULL
"2188-SXWVT",False,NULL
"6258-PVZWJ",False,NULL
"1094-BKOSX",False,NULL
"6969-MVBAI",False,NULL
"2978-XXSOG",False,NULL
"2342-CKIAO",False,NULL
"6953-PBDIN",False,NULL
"3898-BSJYF",False,NULL
"3938-YFPXD",False,NULL
"7696-AMHOD",False,NULL
"2453-SAFNS",False,NULL
"9558-IHEZX",False,NULL
"9617-UDPEU",False,NULL
"6340-DACFT",False,NULL
"4955-VCWBI",False,NULL
"6813-GZQCG",False,NULL
"7426-GSWPO",False,NULL
"3389-KTRXV",False,NULL
"3118-UHVVQ",False,NULL
"3205-MXZRA",False,NULL
"8317-BVKSO",False,NULL
"5702-KVQRD",False,NULL
"0083-PIVIK",False,NULL
"6169-PGNCD",False,NULL
"4909-JOUPP",False,NULL
"4657-FWVFY",False,NULL
"2257-BOVXD",False,NULL
"7729-JTEEC",False,NULL
"9696-RMYBA",False,NULL
"8690-UPCZI",False,NULL
"9770-LXDBK",False,NULL
"4086-WITJG",False,NULL
"8344-WFMFH",False,NULL
"8822-KNBHV",False,NULL
"8404-FYDIB",False,NULL
"2791-SFVEW",False,NULL
"6762-NSODU",False,NULL
"9888-ZCUMM",False,NULL
"1074-WVEVG",False,NULL
"9979-RGMZT",False,NULL
"6437-UDQJM",False,NULL
"1226-IENZN",False,NULL
"2108-GLPQB",False,NULL
"5474-LAMUQ",False,NULL
"3468-DRVQJ",False,NULL
"1122-YJBCS",False,NULL
"4990-ALDGW",False,NULL
"4816-OKWNX",False,NULL
"3315-IKYZQ",False,NULL
"4747-LCAQL",False,NULL
"3411-WLRSQ",False,NULL
"0898-XCGTF",False,NULL
"8006-PYCSW",False,NULL
"8249-THVEC",False,NULL
"8722-PRFDV",False,NULL
"2164-SOQXL",False,NULL
"4020-KIUDI",False,NULL
"5850-BDWCY",False,NULL
"2038-YSEZE",False,NULL
"0827-ITJPH",False,NULL
"8799-OXZMD",False,NULL
"1705-GUHPV",False,NULL
"4779-ZGICK",False,NULL
"0048-PIHNL",False,NULL
"3967-KXAPS",False,NULL
"3704-IEAXF",False,NULL
"6810-VCAEX",False,NULL
"0674-EYYZV",False,NULL
"4480-MBMLB",False,NULL
"1395-OFUWC",False,NULL
"0822-QGCXA",False,NULL
"2832-KJCRD",False,NULL
"3588-WSTTJ",False,NULL
"4075-WKNIU",False,NULL
"5090-EMGTC",False,NULL
"2346-CZYIL",False,NULL
"3798-EPWRR",False,NULL
"6258-NGCNG",False,NULL
"4186-ZBUEW",False,NULL
"5274-XHAKY",False,NULL
"1442-BQPVU",False,NULL
"3978-YNKDD",False,NULL
"4940-KHCWD",False,NULL
"9589-ABEPT",False,NULL
"9388-ZEYVT",False,NULL
"0305-SQECB",False,NULL
"7605-SNLQG",False,NULL
"4670-TABXH",False,NULL
"0064-SUDOG",False,NULL
"8561-NMTBD",False,NULL
"5161-XEUVX",False,NULL
"8292-FRFZQ",False,NULL
"8591-NXRCV",False,NULL
"7895-VONWT",False,NULL
"4526-RMTLL",False,NULL
"6253-GNHWH",False,NULL
"4566-NECEV",False,NULL
"8080-POTJR",False,NULL
"6906-MPARY",False,NULL
"3662-FXJFO",False,NULL
"8107-RZLNV",False,NULL
"0516-OOHAR",False,NULL
"2027-CWDNU",False,NULL
"9912-OMZDS",False,NULL
"3733-ZEECP",False,NULL
"7878-RTCZG",False,NULL
"2452-MRMZF",False,NULL
"7103-IPXPJ",False,NULL
"4342-HFXWS",False,NULL
"3545-CNWRG",False,NULL
"1785-BPHTP",False,NULL
"4989-LIXVT",False,NULL
"7315-WYOAW",False,NULL
"1173-XZPYF",False,NULL
"2509-TFPJU",False,NULL
"9530-GRMJG",False,NULL
"6898-RBTLU",False,NULL
"5481-NTDOH",False,NULL
"2068-WWXQZ",False,NULL
"2061-VVFST",False,NULL
"0749-IRGQE",False,NULL
"2380-DAMQP",False,NULL
"2256-YLYLP",False,NULL
"1272-ILHFG",False,NULL
"0164-XAIRP",False,NULL
"5666-CYCYZ",False,NULL
"4011-ARPHK",False,NULL
"6365-HITVU",False,NULL
"7558-IMLMT",False,NULL
"9488-FYQAU",False,NULL
"3590-TCXTB",False,NULL
"6994-KERXL",False,NULL
"1960-UOTYM",False,NULL
"2740-JFBOK",False,NULL
"6500-JVEGC",False,NULL
"5245-VDBUR",False,NULL
"8469-SNFFH",False,NULL
"2144-ESWKO",False,NULL
"1241-FPMOF",False,NULL
"9928-BZVLZ",False,NULL
"4114-QMKVN",False,NULL
"2775-SEFEE",False,NULL
"9003-CPATH",False,NULL
"1754-GKYPY",False,NULL
"7956-XQWGU",False,NULL
"1591-MQJTP",False,NULL
"2369-FEVNO",False,NULL
"7471-MQPOS",False,NULL
"5115-SQAAU",False,NULL
"9845-QOMAD",False,NULL
"7672-VFMXZ",False,NULL
"9739-JLPQJ",False,NULL
"9916-AYHTC",False,NULL
"3855-ONCAR",False,NULL
"1488-SYSFC",False,NULL
"0970-QXPXW",False,NULL
"3259-KNMRR",False,NULL
"6120-RJKLU",False,NULL
"9572-WUKSB",False,NULL
"5893-KCLGT",False,NULL
"0076-LVEPS",False,NULL
"3640-JQGJG",False,NULL
"1596-OQSPS",False,NULL
"9867-XOBQA",False,NULL
"9546-KDTRB",False,NULL
"3174-RKMOW",False,NULL
"1760-CAZHT",False,NULL
"8441-SHIPE",False,NULL
"1320-GVNHT",False,NULL
"1047-RNXZV",False,NULL
"3541-ZNUHK",False,NULL
"8725-JEDFD",False,NULL
"7562-UXTPG",False,NULL
"8071-SBTRN",False,NULL
"6668-CNMFP",False,NULL
"5626-MGTUK",False,NULL
"5681-LLOEI",False,NULL
"8212-DJRCH",False,NULL
"4323-OHFOW",False,NULL
"4933-BSAIP",False,NULL
"2030-BTZRO",False,NULL
"1116-DXXDF",False,NULL
"6563-VNPMN",False,NULL
"2267-WTPYD",False,NULL
"0270-THENM",False,NULL
"4707-MAXGU",False,NULL
"2710-WYVXG",False,NULL
"6300-BWMJX",False,NULL
"7009-LGECI",False,NULL
"5022-KVDQT",False,NULL
"7976-CICYS",False,NULL
"1036-GUDCL",False,NULL
"2005-DWQZJ",False,NULL
"8148-WOCMK",False,NULL
"7815-PDTHL",False,NULL
"9173-IVZVP",False,NULL
"9129-UXERG",False,NULL
"3635-JBPSG",False,NULL
"7964-ZRKKG",False,NULL
"6229-LSCKB",False,NULL
"1724-IQWNM",False,NULL
"8217-QYOHV",False,NULL
"5546-QUERU",False,NULL
"6897-UUBNU",False,NULL
"6127-IYJOZ",False,NULL
"8930-XOTDP",False,NULL
"5916-QEWPT",False,NULL
"5060-TQUQN",False,NULL
"0531-XBKMM",False,NULL
"8465-SBRXP",False,NULL
"2408-PSJVE",False,NULL
"9700-ZCLOT",False,NULL
"8738-JOKAR",False,NULL
"4534-WGCIR",False,NULL
"1930-WNXSB",False,NULL
"3508-CFVZL",False,NULL
"0657-DOGUM",False,NULL
"8792-AOROI",False,NULL
"5146-YYFRZ",False,NULL
"3452-SRFEG",False,NULL
"4070-OKWVH",False,NULL
"5297-MDOIR",False,NULL
"6369-MCAKO",False,NULL
"4926-UMJZD",False,NULL
"6848-HJTXY",False,NULL
"6341-AEVKX",False,NULL
"0682-USIXD",False,NULL
"6976-BWGLQ",False,NULL
"7078-NVFAM",False,NULL
"8065-QBYTO",False,NULL
"2133-TSRRM",False,NULL
"2511-ALLCS",False,NULL
"3191-CSNMG",False,NULL
"7952-OBOYL",False,NULL
"7470-DYNOE",False,NULL
"7853-OETYL",False,NULL
"1545-ACTAS",False,NULL
"5126-RCXYW",False,NULL
"2363-BJLSL",False,NULL
"1956-YIFGE",False,NULL
"7921-LMDFQ",False,NULL
"2925-MXLSX",False,NULL
"5820-PTRYM",False,NULL
"9609-BENEA",False,NULL
"6211-WHMYA",False,NULL
"4459-BBGHE",False,NULL
"9945-PSVIP",False,NULL
"9108-EJFJP",False,NULL
"0530-IJVDB",False,NULL
"0508-SQWPL",False,NULL
"2215-ZAFGX",False,NULL
"8213-TAZPM",False,NULL
"1304-SEGFY",False,NULL
"7242-EDTYC",False,NULL
"2904-GGUAZ",False,NULL
"5136-GFPMB",False,NULL
"2595-KIWPV",False,NULL
"5243-SAOTC",False,NULL
"9398-MMQTO",False,NULL
"7619-PLRLP",False,NULL
"6508-NJYRO",False,NULL
"4710-NKCAW",False,NULL
"5306-BVTKJ",False,NULL
"0357-NVCRI",False,NULL
"2371-KFUOG",False,NULL
"0463-ZSDNT",False,NULL
"6257-DTAYD",False,NULL
"4616-ULAOA",False,NULL
"7746-AWNQW",False,NULL
"5996-EBTKM",False,NULL
"2758-RNWXS",False,NULL
"2314-TNDJQ",False,NULL
"2405-LBMUW",False,NULL
"3454-JFUBC",False,NULL
"9039-ZVJDC",False,NULL
"9013-AQORL",False,NULL
"2898-MRKPI",False,NULL
"2750-BJLSB",False,NULL
"3648-GZPHF",False,NULL
"2075-RMJIK",False,NULL
"9588-YRFHY",False,NULL
"9364-YKUVW",False,NULL
"5392-AKEMH",False,NULL
"2451-YMUXS",False,NULL
"3914-FDRHP",False,NULL
"3078-ZKNTS",False,NULL
"1024-KPRBB",False,NULL
"4690-PKDQG",False,NULL
"9547-ITEFG",False,NULL
"1264-FUHCX",False,NULL
"7789-CRUVC",False,NULL
"6598-KELSS",False,NULL
"9972-VAFJJ",False,NULL
"0422-UXFAP",False,NULL
"1904-WAJAA",False,NULL
"5130-YPIRV",False,NULL
"2843-CQMEG",False,NULL
"6439-PKTRR",False,NULL
"5351-QESIO",False,NULL
"5568-DMXZS",False,NULL
"8468-FZTOE",False,NULL
"6633-SYEUS",False,NULL
"6447-GORXK",False,NULL
"6967-PEJLL",False,NULL
"5981-ZVXOT",False,NULL
"1684-FLBGS",False,NULL
"1389-WNUIB",False,NULL
"0376-OIWME",False,NULL
"0218-QNVAS",False,NULL
"0804-YGEQV",False,NULL
"7164-BPTUT",False,NULL
"2523-EWWZL",False,NULL
"0928-XUTSN",False,NULL
"0052-YNYOT",False,NULL
"9586-JGQKH",False,NULL
"4501-VCPFK",False,NULL
"6075-SLNIL",False,NULL
"9347-AERRL",False,NULL
"2274-XUATA",False,NULL
"6691-CCIHA",False,NULL
"1685-BQULA",False,NULL
"9053-EJUNL",False,NULL
"0666-UXTJO",False,NULL
"1471-GIQKQ",False,NULL
"4807-IZYOZ",False,NULL
"9710-NJERN",False,NULL
"9837-FWLCH",False,NULL
"7203-OYKCT",False,NULL
"1035-IPQPU",False,NULL
"7398-LXGYX",False,NULL
"2823-LKABH",False,NULL
"0550-DCXLH",False,NULL
"9281-CEDRU",False,NULL
"2235-DWLJU",False,NULL
"0871-OPBXW",False,NULL
"3605-JISKB",False,NULL
"9767-FFLEM",False,NULL
"8456-QDAVC",False,NULL
"7750-EYXWZ",False,NULL
"2569-WGERO",False,NULL
"6840-RESVB",False,NULL
"2234-XADUH",False,NULL
"4801-JZAZL",False,NULL
"3186-AJIEK",False,NULL
