"customer_id","gender","senior_citizen","partner","dependents"
"3668-QPYBK","Male",False,False,False
"9237-HQITU","Female",False,False,True
"9305-CDSKC","Female",False,False,True
"7892-POOKP","Female",False,True,True
"0280-XJGEX","Male",False,False,True
"4190-MFLUW","Female",False,True,False
"8779-QRDMV","Male",True,False,False
"1066-JKSGK","Male",False,False,False
"6467-CHFZW","Male",False,True,True
"8665-UTDHZ","Male",False,True,False
"8773-HHUOZ","Female",False,False,False
"6047-YHPVI","Male",False,False,True
"5380-WJKOV","Male",False,False,True
"8168-UQWWF","Female",False,False,True
"7760-OYPDY","Female",False,False,True
"9420-LOJKX","Female",False,False,True
"7495-OOKFY","Female",True,True,True
"1658-BYGOY","Male",True,False,True
"5698-BQJOH","Female",False,False,True
"5919-TMRGD","Female",False,False,True
"9191-MYQKX","Female",False,True,True
"8637-XJIVR","Female",False,False,True
"0278-YXOOG","Male",False,False,False
"4598-XLKNJ","Female",True,True,True
"3192-NQECA","Male",False,True,False
"0486-HECZI","Male",False,True,True
"4846-WHAFZ","Female",True,True,True
"5299-RULOA","Female",False,True,True
"0404-SWRVG","Male",False,False,True
"4412-YLTKF","Female",True,False,True
"6207-WIOLX","Female",False,True,False
"3091-FYHKI","Male",False,False,False
"2372-HWUHI","Male",False,False,False
"0390-DCFDQ","Female",True,True,True
"4080-OGPJL","Female",False,False,False
"2135-RXIHG","Male",False,False,False
"3874-EQOEP","Male",False,False,True
"0867-MKZVY","Female",False,True,True
"3376-BMGFE","Female",False,False,True
"3445-HXXGF","Male",True,True,False
"1875-QIVME","Female",False,True,True
"0691-JVSYA","Female",False,True,False
"2656-FMOKZ","Female",True,False,True
"2070-FNEXE","Female",True,False,True
"6317-YPKDH","Female",False,False,False
"9367-WXLCH","Male",False,False,True
"1918-ZBFQJ","Female",False,False,True
"1024-GUALD","Female",False,True,False
"2472-OVKUP","Male",False,True,True
"1285-OKIPP","Male",False,False,True
"7825-ECJRF","Female",False,False,True
"7841-TZDMQ","Male",False,False,False
"9408-SSNVZ","Female",False,False,True
"0742-MOABM","Male",False,True,False
"2232-DMLXU","Female",False,True,False
"8937-RDTHP","Male",False,False,True
"1251-KRREG","Male",False,False,False
"0094-OIFMO","Female",True,False,True
"9947-OTFQU","Male",True,False,False
"0322-YINQP","Male",False,False,False
"4629-NRXKX","Female",False,True,False
"9514-JDSKI","Male",True,True,False
"4959-JOSRX","Female",False,True,False
"7273-TEFQD","Male",True,False,False
"3606-TWKGI","Male",True,False,False
"6323-AYBRX","Male",False,False,False
"4385-GZQXV","Female",True,False,False
"6366-ZGQGL","Male",False,False,False
"5940-AHUHD","Male",False,False,False
"6432-TWQLB","Male",False,True,False
"4484-GLZOU","Female",False,True,False
"9512-UIBFX","Male",False,True,False
"5583-SXDAG","Male",False,True,False
"3488-PGMQJ","Male",True,False,False
"3580-REOAC","Male",False,False,False
"7534-BFESC","Male",True,False,False
"6390-DSAZX","Female",False,False,False
"8098-LLAZX","Female",True,False,False
"0265-EDXBD","Male",True,True,False
"7563-BIUPC","Male",False,False,False
"2321-OMBXY","Female",False,True,False
"2840-XANRC","Male",True,True,False
"5020-ZSTTY","Female",True,False,False
"5804-LEPIM","Female",True,False,False
"0122-OAHPZ","Female",False,False,False
"2868-SNELZ","Female",False,False,False
"4322-RCYMT","Male",False,True,False
"6680-NENYN","Female",False,False,False
"1343-EHPYB","Male",False,True,False
"2034-GDRCN","Female",False,False,False
"0219-YTZUE","Male",False,True,False
"0623-IIHUG","Female",True,False,False
"4572-DVCGN","Female",False,False,False
"9057-MSWCO","Male",True,True,False
"1010-DIAUQ","Male",False,False,False
"0259-GBZSH","Male",False,False,False
"9601-BRXPO","Female",False,True,False
"6905-NIQIN","Male",False,False,False
"5167-ZFFMM","Male",False,False,False
"4895-TMWIR","Male",True,True,False
"0533-BNWKF","Female",True,True,False
"6599-CEBNN","Female",False,False,False
"0979-PHULV","Male",False,True,False
"4800-VHZKI","Female",False,False,False
"7989-CHGTL","Male",False,False,False
"0334-GDDSO","Male",True,False,False
"0578-SKVMF","Female",False,True,False
"5564-NEMQO","Female",True,False,False
"9063-ZGTUY","Female",False,True,False
"2957-LOLHO","Male",False,False,False
"7752-XUSCI","Female",False,False,False
"4110-PFEUZ","Female",False,False,False
"0256-LTHVJ","Female",False,True,False
"0880-TKATG","Male",False,True,False
"3811-VBYBZ","Male",False,False,False
"4640-UHDOS","Female",False,True,False
"3583-EKAPL","Male",False,False,False
"9399-APLBT","Female",False,True,False
"2359-KMGLI","Male",False,False,False
"0306-JAELE","Male",False,False,False
"6227-HWPWX","Female",False,False,False
"0447-BEMNG","Female",False,True,False
"5949-XIKAE","Female",False,True,False
"8372-JUXUI","Male",False,False,False
"0388-EOPEX","Female",False,True,False
"8205-OTCHB","Male",False,False,False
"6235-VDHOM","Female",True,False,False
"7783-YKGDV","Female",False,False,False
"5609-CEBID","Female",True,False,False
"7218-HKQFK","Male",False,True,False
"4636-QRJKY","Female",False,True,False
"5956-VKDTT","Female",True,True,False
"9412-GHEEC","Male",False,False,False
"0257-ZESQC","Female",True,True,False
"6825-UYPFK","Female",False,False,False
"8397-MVTAZ","Male",False,True,False
"9282-IZGQK","Female",False,False,False
"1342-JPNKI","Male",False,False,False
"2817-NTQDO","Male",False,False,False
"6986-IJDHX","Male",False,True,False
"5301-GAUUY","Male",False,False,False
"0939-YAPAF","Female",False,False,False
"4710-FDUIZ","Male",False,True,False
"1218-VKFPE","Female",False,True,False
"3627-FHKBK","Female",False,False,False
"2865-TCHJW","Female",True,False,False
"5192-EBGOV","Female",True,False,False
"0719-SYFRB","Female",False,False,False
"3419-SNJJD","Female",True,True,False
"6543-CPZMK","Male",False,True,False
"4765-OXPPD","Female",False,True,False
"1009-IRMNA","Female",False,False,False
"4554-YGZIH","Male",True,True,False
"5099-BAILX","Male",True,True,False
"7207-RMRDB","Female",False,True,False
"4913-EHYUI","Male",True,True,False
"0195-IESCP","Male",False,True,False
"4580-TMHJU","Female",False,True,False
"0970-ETWGE","Male",False,False,False
"1626-ERCMM","Male",True,True,False
"0887-HJGAR","Male",False,False,False
"5644-PDMZC","Female",True,False,False
"9576-ANLXO","Female",False,False,False
"2024-BASKD","Female",False,False,False
"4160-AMJTL","Female",True,False,False
"4464-JCOLN","Male",False,True,False
"5650-VDUDS","Female",False,False,False
"7538-GWHML","Female",False,False,False
"3859-CVCET","Female",False,False,False
"3276-HDUEG","Female",False,False,False
"0823-HSCDJ","Male",True,False,False
"0822-GAVAP","Female",False,False,False
"1448-PWKYE","Male",False,True,False
"0067-DKWBL","Male",True,False,False
"2276-YDAVZ","Female",False,False,False
"5896-NPFWW","Male",False,True,False
"7133-VBDCG","Female",False,False,False
"1029-QFBEN","Male",False,False,False
"4952-YSOGZ","Female",False,True,False
"1589-AGTLK","Male",False,False,False
"5244-IRFIH","Male",True,True,False
"2684-EIWEO","Female",True,False,False
"6439-GTPCA","Female",False,False,False
"5138-WVKYJ","Male",False,False,False
"6683-VLCTZ","Male",True,False,False
"2189-WWOEW","Female",False,False,False
"1894-IGFSG","Female",False,False,False
"7379-POKDZ","Male",False,True,False
"0236-HFWSV","Male",False,False,False
"3900-AQPHZ","Female",False,False,False
"5842-POCOP","Female",False,True,False
"2037-XJFUP","Male",False,True,False
"7314-OXENN","Male",False,False,False
"0322-CHQRU","Male",False,False,False
"4678-DVQEO","Female",False,False,False
"0691-IFBQW","Female",True,False,False
"3009-JWMPU","Male",False,False,False
"1450-GALXR","Female",False,False,False
"3138-BKYAV","Male",False,False,False
"4289-DTDKW","Male",False,True,False
"1820-TQVEV","Male",False,False,False
"2239-JALAW","Male",False,False,False
"4853-RULSV","Male",False,False,False
"6275-YDUVO","Female",False,False,False
"0115-TFERT","Male",False,True,False
"2311-QYMUQ","Female",False,True,False
"3643-AHCFP","Male",True,True,False
"3104-OWCGK","Male",False,True,False
"9101-BWFSS","Female",False,True,False
"9231-ZJYAM","Female",True,False,False
"6982-SSHFK","Male",False,False,False
"0727-BMPLR","Female",True,False,False
"1038-ZAGBI","Female",False,True,False
"3027-ZTDHO","Male",False,False,False
"2382-BCKQJ","Female",False,False,False
"2207-NHRJK","Male",False,False,False
"0947-MUGVO","Male",True,True,False
"9944-HKVVB","Female",False,False,False
"4124-MMETB","Male",False,False,False
"3671-SHRSP","Male",False,True,False
"3313-QKNKB","Male",False,True,False
"5073-WXOYN","Female",False,False,False
"0207-MDKNV","Female",False,False,False
"9851-KIELU","Male",False,False,False
"3908-BLSYF","Female",False,False,False
"7549-MYGPK","Female",False,True,False
"3804-RVTGV","Male",False,True,False
"9227-LUNBG","Female",False,False,False
"4315-MURBD","Female",False,False,False
"9734-YWGEX","Female",False,False,False
"2719-BDAQO","Male",False,False,False
"0781-LKXBR","Male",True,False,False
"1907-UBQFC","Male",True,False,False
"6513-EECDB","Male",True,True,False
"7074-IEVOJ","Female",True,False,False
"9625-QSTYE","Female",False,False,False
"4750-ZRXIU","Female",True,False,False
"6400-BWQKW","Female",False,False,False
"6680-WKXRZ","Female",False,False,False
"7028-DVOIQ","Male",True,False,False
"4208-UFFGW","Male",True,False,False
"9448-REEVD","Male",False,True,False
"9117-SHLZX","Male",False,False,False
"9889-TMAHG","Male",True,False,False
"4541-RMRLG","Male",False,False,False
"3158-MOERK","Female",False,False,False
"7294-TMAOP","Female",False,False,False
"8919-FYFQZ","Male",True,True,False
"2834-JRTUA","Male",False,False,False
"5875-YPQFJ","Male",False,False,False
"6646-QVXLR","Male",True,True,False
"8603-IJWDN","Male",False,False,False
"9369-XFEHK","Female",True,True,False
"3842-IYKUE","Female",False,False,False
"6641-XRPSU","Female",False,False,False
"1374-DMZUI","Female",True,False,False
"8357-EQXFO","Female",False,False,False
"1989-PRJHP","Male",True,True,False
"9524-EGPJC","Female",False,False,False
"6993-OHLXR","Female",False,False,False
"8818-XYFCQ","Male",False,True,False
"4695-VADHF","Male",False,True,False
"3863-IUBJR","Male",False,True,False
"4822-RVYBB","Male",True,False,False
"8436-BJUMM","Male",False,True,False
"4184-TJFAN","Female",True,True,False
"4145-UQXUQ","Female",True,False,False
"9948-YPTDG","Male",False,True,False
"1236-WFCDV","Male",True,False,False
"4883-QICIH","Male",False,True,False
"8329-IBCTI","Female",False,False,False
"1271-SJBGZ","Male",True,False,False
"5669-SRAIP","Female",False,False,False
"5981-ITEMU","Male",False,True,False
"6941-PMGEP","Female",False,False,False
"1624-WOIWJ","Female",False,False,False
"2074-GKOWZ","Male",False,True,False
"0376-YMCJC","Male",False,False,False
"0634-SZPQA","Female",False,False,False
"5536-RTPWK","Male",False,True,False
"6166-ILMNY","Female",False,False,False
"3097-NNSPB","Female",False,False,False
"0655-RBDUG","Male",False,False,False
"4361-BKAXE","Female",False,False,False
"9878-TNQGW","Male",False,False,False
"4441-NIHPT","Female",True,False,False
"8999-BOHSE","Female",True,False,False
"7029-RPUAV","Male",True,True,False
"4607-CHPCA","Male",False,True,False
"8824-RWFXJ","Male",False,True,False
"9763-PDTKK","Female",False,False,False
"7627-JKIAZ","Female",False,True,False
"4081-DYXAV","Female",False,False,False
"8111-SLLHI","Male",True,True,False
"0927-LCSMG","Male",False,False,False
"8257-RZAHR","Female",False,True,False
"5293-WXJAK","Female",True,True,False
"0841-NULXI","Male",False,False,False
"7851-WZEKY","Female",False,False,False
"8844-TONUD","Male",False,True,False
"4086-YQSNZ","Female",True,True,False
"5868-CZJDR","Male",False,False,False
"0135-NMXAP","Female",False,False,False
"6270-OMFIW","Male",False,True,False
"6818-WOBHJ","Female",True,True,False
"0107-WESLM","Male",False,False,False
"3992-YWPKO","Female",False,False,False
"0125-LZQXK","Male",False,False,False
"8399-YNDCH","Male",True,False,False
"5673-FSSMF","Female",False,False,False
"1579-KLYDT","Male",False,False,False
"3927-NLNRY","Male",False,True,False
"6358-LYNGM","Male",False,False,False
"5494-HECPR","Female",False,False,False
"9824-BEMCV","Male",False,True,False
"1373-ORVIZ","Female",False,True,False
"9866-QEVEE","Male",False,False,False
"9897-KXHCM","Female",False,True,False
"7979-CORPM","Male",False,False,False
"1618-CFHME","Female",False,False,False
"3165-HDOEW","Male",False,True,False
"6581-NQCBA","Female",False,True,False
"1689-MRZQR","Male",False,True,False
"5835-BEQEU","Male",False,False,False
"5565-FILXA","Female",True,False,False
"5552-ZNFSJ","Male",False,False,False
"2223-KAGMX","Female",False,False,False
"7321-PKUYW","Female",False,False,False
"2833-SLKDQ","Male",False,False,False
"7595-EUIVN","Female",False,False,False
"2026-TGDHM","Female",False,False,False
"4030-VPZBD","Female",False,False,False
"4187-CINZD","Female",True,False,False
"2408-TZMJL","Male",False,True,False
"9134-CEQMF","Male",True,True,False
"7993-PYKOF","Male",False,True,False
"5027-XWQHA","Male",False,False,False
"4566-QVRRW","Female",False,True,False
"8519-IMDHU","Male",True,True,False
"0201-OAMXR","Female",False,False,False
"3372-KWFBM","Male",True,False,False
"7831-QGOXH","Female",False,False,False
"6393-WRYZE","Female",False,True,False
"6599-RCLCJ","Male",False,True,False
"9831-BPFRI","Female",False,True,False
"1725-MIMXW","Male",False,False,False
"0031-PVLZI","Female",False,True,False
"7206-GZCDC","Female",True,False,False
"4791-QRGMF","Male",False,True,False
"1768-ZAIFU","Female",True,False,False
"4671-LXRDQ","Male",False,False,False
"1934-SJVJK","Male",False,False,False
"3838-OZURD","Male",False,True,False
"9269-CQOOL","Male",False,False,False
"2845-HSJCY","Female",False,True,False
"1184-PJVDB","Male",False,True,False
"9415-DPEWS","Female",False,False,False
"7943-RQCHR","Female",False,False,False
"3793-MMFUH","Female",True,False,False
"3249-ZPQRG","Male",False,False,False
"2568-BRGYX","Male",False,False,False
"7721-JXEAW","Male",False,True,False
"7249-WBIYX","Male",False,True,False
"6567-HOOPW","Female",True,False,False
"3164-AALRN","Male",False,False,False
"3334-CTHOL","Female",False,False,False
"4704-ERYFC","Female",False,True,False
"8621-MNIHH","Female",True,True,False
"0471-LVHGK","Male",False,True,False
"9518-RWHZL","Female",False,False,False
"5419-CONWX","Female",True,False,False
"6240-EURKS","Female",False,False,False
"6960-HVYXR","Female",False,False,False
"7024-OHCCK","Female",True,False,False
"7861-UVUFT","Female",False,True,False
"5357-TZHPP","Male",True,False,False
"0680-DFNNY","Male",False,True,False
"7767-UXAGJ","Male",False,False,False
"1571-SAVHK","Male",False,False,False
"9546-CQJSU","Female",False,False,False
"0506-LVNGN","Female",True,False,False
"2951-QOQTK","Male",False,False,False
"3473-XIIIT","Female",False,True,False
"7893-IXHRQ","Male",False,False,False
"2952-QAYZF","Male",False,False,False
"4763-PGDPO","Female",False,False,False
"5394-SVGJV","Male",False,False,False
"9283-LZQOH","Male",False,True,False
"6100-QQHEB","Male",False,True,False
"7079-QRCBC","Female",False,False,False
"5469-CTCWN","Male",False,True,False
"9851-QXEEQ","Male",False,False,False
"9809-IMGCQ","Male",True,False,False
"5208-HFSBT","Female",False,False,False
"3254-YRILK","Male",True,False,False
"2667-WYLWJ","Female",False,True,False
"0529-ONKER","Male",True,False,False
"5240-IJOQT","Male",True,False,False
"1092-GANHU","Male",False,False,False
"0661-XEYAN","Female",True,False,False
"7881-EVUAD","Female",False,False,False
"5766-XQXMQ","Female",False,False,False
"3703-VAVCL","Male",False,True,False
"8519-QJGJD","Female",False,False,False
"6326-MTTXK","Male",False,False,False
"0330-IVZHA","Female",False,True,False
"2886-KEFUM","Female",False,True,False
"4237-RLAQD","Male",False,False,False
"9651-GTSAQ","Female",False,True,False
"3186-BAXNB","Female",False,False,False
"0637-YLETY","Female",False,False,False
"1157-BQCUW","Male",False,False,False
"2660-EMUBI","Male",True,False,False
"7675-OZCZG","Female",True,False,False
"2003-CKLOR","Male",False,False,False
"9254-RBFON","Female",False,True,False
"1205-WNWPJ","Female",False,False,False
"9391-EOYLI","Male",True,True,False
"8387-MOJJT","Female",False,True,False
"2761-OCIAX","Male",True,False,False
"3068-OMWZA","Male",True,False,False
"6032-KRXXO","Male",False,False,False
"7459-RRWQZ","Female",False,False,False
"4154-AQUGT","Male",True,True,False
"3092-IGHWF","Male",False,True,False
"8017-LXHFA","Female",True,False,False
"6352-TWCAU","Female",False,False,False
"2929-QNSRW","Female",False,True,False
"1262-OPMFY","Female",False,True,False
"4248-QPAVC","Female",True,True,False
"1899-VXWXM","Male",False,False,False
"4690-LLKUA","Male",True,False,False
"3331-HQDTW","Female",False,False,False
"9490-DFPMD","Female",True,False,False
"5442-XSDCW","Male",False,True,False
"3049-NDXFL","Female",False,False,False
"8580-AECUZ","Male",True,False,False
"7963-GQRMY","Female",False,True,False
"1228-FZFRV","Male",False,True,False
"2058-DCJBE","Male",False,False,False
"5364-XYIRR","Male",False,True,False
"4829-AUOAX","Female",False,False,False
"5047-LHVLY","Male",True,False,False
"9158-VCTQB","Female",False,True,False
"6311-UEUME","Female",False,False,False
"2634-HCZGT","Male",True,True,False
"6839-ITVZJ","Female",False,True,False
"0375-HVGXO","Female",False,False,False
"8593-WHYHV","Male",False,False,False
"6097-EQISJ","Female",False,True,False
"4423-YLHDV","Female",False,True,False
"0107-YHINA","Male",False,False,False
"8640-SDGKB","Male",False,False,False
"4116-TZAQJ","Female",False,False,False
"3877-JRJIP","Male",False,False,False
"8375-DKEBR","Female",True,False,False
"7511-YMXVQ","Male",False,False,False
"7551-JOHTI","Female",False,False,False
"9804-ICWBG","Male",False,False,False
"5318-IXUZF","Female",False,False,False
"3198-VELRD","Female",False,True,False
"9436-ZBZCT","Male",False,False,False
"7279-BUYWN","Female",True,False,False
"7156-MHUGY","Male",True,False,False
"7198-GLXTC","Male",False,False,False
"0516-VRYBW","Female",False,False,False
"8380-PEFPE","Male",False,False,False
"5687-DKDTV","Female",False,False,False
"7530-HDYDS","Female",False,False,False
"3096-IZETN","Female",False,False,False
"5922-ABDVO","Female",False,True,False
"9172-ANCRX","Female",False,False,False
"6910-HADCM","Female",False,False,False
"5948-UJZLF","Male",False,False,False
"4816-LXZYW","Female",False,False,False
"9606-PBKBQ","Male",True,True,False
"3536-IQCTX","Male",True,True,False
"4911-BANWH","Female",False,False,False
"8496-EJAUI","Male",False,False,False
"3132-TVFDZ","Male",True,True,False
"8080-DDEMJ","Male",True,False,False
"6365-MTGZX","Male",False,False,False
"1349-WXNGG","Male",False,False,False
"6990-YNRIO","Male",False,True,False
"0621-TWIEM","Male",False,False,False
"2485-ITVKB","Female",False,True,False
"3669-OYSJI","Male",False,False,False
"1612-EOHDH","Female",False,False,False
"6702-OHFWR","Male",True,False,False
"4510-PYUSH","Female",True,False,False
"7517-SAWMO","Female",False,True,False
"4143-HHPMK","Male",False,False,False
"7054-LGEQW","Female",False,False,False
"0923-PNFUB","Female",False,False,False
"3494-JCHRQ","Male",False,False,False
"6474-FVJLC","Male",False,False,False
"8840-DQLGN","Female",True,True,False
"4547-LYTDD","Female",False,False,False
"6770-XUAGN","Female",False,True,False
"4193-ORFCL","Female",True,False,False
"7776-QWNFX","Male",True,True,False
"6689-TCZHQ","Female",True,False,False
"3143-ILDAL","Male",False,False,False
"4720-VSTSI","Female",False,False,False
"3946-MHCZW","Male",False,False,False
"6651-AZVTJ","Male",False,True,False
"4566-GOLUK","Male",False,True,False
"2484-DGXPZ","Female",False,True,False
"4587-NUKOX","Female",False,False,False
"0420-BWTPW","Male",False,False,False
"8183-ONMXC","Female",False,False,False
"9614-RMGHA","Male",False,True,False
"5054-IEXZT","Male",False,False,False
"5834-ASPWA","Male",False,False,False
"3948-XHGNA","Male",False,False,False
"0565-IYCGT","Male",False,False,False
"5445-UTODQ","Female",False,True,False
"1024-VRZHF","Male",False,True,False
"9497-QCMMS","Male",True,False,False
"0348-SDKOL","Female",False,True,False
"4373-MAVJG","Female",False,True,False
"8901-HJXTF","Female",False,True,False
"5419-KLXBN","Female",False,True,False
"3424-NMNBO","Male",True,True,False
"4514-GFCFI","Female",True,False,False
"9828-AOQLM","Female",False,True,False
"8000-REIQB","Female",True,False,False
"7615-ESMYF","Female",False,True,False
"3858-VOBET","Male",False,False,False
"1447-PJGGA","Female",False,False,False
"8565-CLBZW","Male",False,False,False
"9139-WQQDY","Female",False,True,False
"0224-HJAPT","Male",False,False,False
"8086-OVPWV","Male",False,False,False
"9430-FRQOC","Female",False,False,False
"3074-GQWYX","Male",False,False,False
"6845-RGTYS","Female",False,True,False
"8861-HGGKB","Female",False,False,False
"7065-YUNRY","Female",False,False,False
"7694-VLBWQ","Male",False,True,False
"4795-KTRTH","Female",True,True,False
"6481-OGDOO","Male",False,True,False
"3753-TSEMP","Female",False,True,False
"8305-VHZBZ","Male",False,False,False
"9172-JITSM","Female",False,True,False
"6298-QDFNH","Male",False,False,False
"9961-JBNMK","Male",True,False,False
"6173-ITPWD","Male",False,True,False
"9734-UYXQI","Female",False,False,False
"2189-UXTKY","Female",False,True,False
"4958-GZWIY","Male",False,True,False
"6356-ELRKD","Female",False,False,False
"8624-GIOUT","Female",False,False,False
"6179-GJPSO","Female",True,False,False
"3177-LASXD","Female",False,False,False
"4897-QSUYC","Female",False,False,False
"1084-UQCHV","Male",False,False,False
"8290-YWKHZ","Female",True,True,False
"2955-BJZHG","Male",False,True,False
"3806-DXQOM","Female",False,False,False
"9300-RENDD","Male",False,False,False
"0761-AETCS","Female",False,False,False
"2153-MREFK","Female",False,True,False
"3106-ULWFW","Female",False,True,False
"0925-VYDLG","Female",False,False,False
"4349-GFQHK","Male",False,False,False
"7802-EFKNY","Male",False,True,False
"8035-BUYVG","Male",False,True,False
"9787-XVQIU","Male",False,False,False
"8945-MUQUF","Male",False,False,False
"8051-HJRLT","Female",True,False,False
"3023-GFLBR","Female",False,True,False
"0524-IAVZO","Female",False,True,False
"2737-YNGYW","Female",False,False,False
"5159-YFPKQ","Female",False,False,False
"4021-RQSNY","Male",True,True,False
"9061-TIHDA","Male",True,True,False
"8699-ASUFO","Male",True,True,False
"7927-AUXBZ","Female",False,False,False
"4695-WJZUE","Female",True,False,False
"7619-ODSGN","Male",False,True,True
"3988-RQIXO","Female",True,False,False
"2514-GINMM","Male",False,False,False
"5931-FLJJF","Male",True,True,False
"2659-VXMWZ","Male",False,True,False
"3207-OYBWH","Male",True,True,False
"4285-GYRQC","Female",False,True,False
"7216-EWTRS","Female",True,True,False
"8337-MSSXB","Female",False,False,False
"8182-BJDSI","Female",False,False,False
"2528-HFYZX","Male",True,True,False
"2482-CZGBB","Male",False,False,False
"0866-QLSIR","Female",False,False,False
"7181-BQYBV","Female",False,True,False
"6204-IEUXJ","Female",False,False,False
"4529-CKBCL","Female",False,False,False
"2506-CLAKW","Female",False,False,False
"1583-IHQZE","Male",False,False,False
"0151-ONTOV","Female",False,False,False
"4140-MUHUG","Female",True,False,False
"0320-JDNQG","Male",False,True,False
"7180-PISOG","Male",False,True,False
"3571-RFHAR","Male",False,False,False
"9578-VRMNM","Female",False,False,False
"1587-FKLZB","Male",True,True,False
"6140-QNRQQ","Male",False,False,False
"4307-KTUMW","Male",False,True,False
"5440-FLBQG","Male",True,True,False
"7470-MCQTK","Female",False,True,False
"7488-MXJIV","Female",False,False,False
"2027-FECZV","Male",False,False,False
"2672-DZUOY","Male",False,False,False
"3870-MQAMG","Female",False,True,False
"4800-CZMPC","Female",False,True,False
"7377-DMMRI","Male",False,False,False
"8949-JTMAY","Female",False,False,False
"2774-LVQUS","Female",True,True,False
"3211-ILJTT","Male",False,True,False
"4612-THJBS","Female",True,False,False
"4094-NSEDU","Female",True,False,False
"5103-MHMHY","Female",False,False,True
"1846-XWOQN","Female",True,False,False
"0235-KGSLC","Female",False,False,False
"2884-GBPFB","Female",False,True,False
"3757-NJYBX","Male",True,True,False
"5136-KCKGI","Female",False,True,False
"3722-WPXTK","Male",False,False,False
"2929-ERCFZ","Female",False,True,False
"7548-SEPYI","Female",False,False,False
"8835-VSDSE","Female",False,True,False
"1623-NLDOT","Female",False,True,False
"9898-KZQDZ","Female",True,True,False
"5236-PERKL","Female",False,False,False
"7854-FOKSF","Male",False,False,False
"2519-FAKOD","Male",False,False,False
"8263-JQAIK","Male",True,False,False
"7089-IVVAZ","Female",False,False,False
"2205-YMZZJ","Male",True,False,False
"1254-IZEYF","Female",True,False,False
"9492-TOKRI","Female",False,False,False
"9221-OTIVJ","Female",True,False,False
"3325-FUYCG","Male",False,True,False
"5908-QMGOE","Male",True,False,False
"8481-YYXWG","Female",False,False,False
"2609-IAICY","Female",False,False,False
"1740-CSDJP","Male",False,False,False
"2636-OHFMN","Male",False,True,False
"1323-OOEPC","Female",False,True,False
"0397-GZBBC","Male",True,True,False
"7641-EUYET","Male",True,True,False
"9921-ZVRHG","Female",False,False,False
"4701-MLJPN","Male",False,False,False
"9206-GVPEQ","Male",False,True,False
"1596-BBVTG","Male",False,False,False
"8433-WXGNA","Male",False,False,False
"3707-GNWHM","Male",False,False,False
"8922-LIEGH","Female",True,False,False
"8245-UMPYT","Female",True,False,False
"5186-SAMNZ","Male",True,False,False
"5373-SFODM","Male",True,True,False
"5766-ZJYBB","Male",False,False,False
"8931-GJJIQ","Female",False,False,False
"4277-PVRAN","Female",False,False,False
"0022-TCJCI","Male",True,False,False
"0203-HHYIJ","Male",False,False,False
"0952-KMEEH","Male",False,False,False
"8178-EYZUO","Male",False,False,False
"5130-IEKQT","Male",True,False,False
"3230-WYKIR","Male",False,False,False
"0407-BDJKB","Male",False,True,False
"9600-UDOPK","Male",False,True,False
"4074-SJFFA","Female",False,False,False
"3269-ATYWD","Male",True,False,False
"4910-GMJOT","Female",False,False,False
"0354-WYROK","Female",True,True,False
"7576-OYWBN","Male",True,False,False
"5539-TMZLF","Male",True,False,False
"4323-SADQS","Male",False,True,True
"4446-BZKHU","Male",False,True,False
"5202-IVJNU","Female",False,False,True
"5976-JCJRH","Male",False,True,False
"0137-OCGAB","Female",False,False,False
"3351-NQLDI","Female",False,True,False
"7593-JNWRU","Male",False,True,True
"4588-YBNIB","Female",False,False,False
"3336-JORSO","Female",True,False,False
"5028-GZLDO","Male",False,False,False
"6861-XWTWQ","Male",True,True,False
"6877-TJMBR","Male",False,True,False
"6769-DCQLI","Male",False,False,False
"2433-KMEAS","Male",False,False,False
"2195-ZRVAX","Female",False,True,False
"3550-SAHFP","Female",False,False,False
"2011-TRQYE","Male",False,False,False
"4873-ILOLJ","Male",False,False,False
"2725-KXXWT","Male",False,True,False
"9565-DJPIB","Female",False,False,False
"8348-HFYIV","Male",False,False,False
"7503-QQRVF","Male",True,True,False
"6849-WLEYG","Male",False,False,True
"4659-NZRUF","Female",False,False,False
"8429-XIBUM","Male",False,False,False
"2608-BHKFN","Female",False,False,False
"7341-LXCAF","Male",False,True,False
"9462-MJUAW","Male",False,False,False
"8128-YVJRG","Female",False,False,False
"4283-FUTGF","Male",True,False,False
"1569-TTNYJ","Male",False,True,False
"2397-BRLOM","Male",True,True,False
"4749-VFKVB","Female",False,False,False
"7598-UAASY","Male",False,True,False
"7938-OUHIO","Male",False,False,False
"8510-AWCXC","Female",True,False,False
"0431-APWVY","Female",False,True,False
"3426-NIYYL","Male",False,False,False
"8225-BTJAU","Male",True,False,False
"3387-VATUS","Male",False,False,False
"1143-NMNQJ","Female",False,False,False
"0415-MOSGF","Female",False,False,False
"1724-BQUHA","Male",True,False,False
"4826-XTSOH","Male",True,True,False
"2495-INZWQ","Male",False,False,False
"4139-SUGLD","Male",False,True,True
"6857-VWJDT","Female",False,False,False
"5624-BQSSA","Female",False,False,False
"2408-WITXK","Female",True,False,False
"5577-OTWWW","Female",False,False,False
"2691-NZETQ","Male",False,False,False
"4404-HIBDJ","Female",False,False,False
"7295-JOMMD","Female",False,False,False
"5013-SBUIH","Female",False,False,False
"0709-TVGUR","Female",True,False,False
"6023-YEBUP","Male",False,False,False
"7209-JCUDS","Male",False,False,False
"3001-CBHLQ","Male",True,True,False
"6158-DWPZT","Male",False,True,False
"3763-GCZHZ","Male",False,True,False
"0772-GYEQQ","Male",False,False,False
"4831-EOBFE","Male",False,True,False
"4102-OQUPX","Male",True,True,False
"9170-GYZJC","Female",False,True,True
"3999-QGRJH","Male",True,False,False
"2454-RPBRZ","Female",True,True,False
"2002-MZHWP","Female",False,False,False
"2265-CYWIV","Female",True,True,False
"2004-OCQXK","Female",False,False,False
"5027-QPKTE","Male",False,True,False
"2672-HUYVI","Female",False,False,False
"7508-MYBOG","Male",False,True,False
"0148-DCDOS","Male",False,False,False
"9992-RRAMN","Male",False,True,False
"0310-MVLET","Female",False,True,False
"4550-VBOFE","Male",True,True,False
"5696-QURRL","Male",False,False,False
"7409-KIUTL","Female",True,False,False
"1732-VHUBQ","Female",True,True,False
"0495-RVCBF","Female",False,False,False
"7854-EDSSA","Male",False,False,False
"8869-TORSS","Female",False,False,False
"0679-IDSTG","Female",True,True,False
"2115-BFTIW","Male",False,False,False
"0611-DFXKO","Male",False,True,False
"7780-OTDSO","Male",False,True,False
"9747-DDZOS","Female",False,False,False
"0564-JJHGS","Male",False,False,False
"3348-CFRNX","Female",False,True,False
"1428-GTBJJ","Male",False,False,False
"8802-UNOJF","Male",True,False,False
"6313-GIDIT","Male",True,False,False
"2845-AFFTX","Male",True,True,False
"2249-YPRNG","Female",False,True,False
"7410-YTJIK","Female",False,False,False
"4626-GYCZP","Male",False,False,False
"5590-BYNII","Male",False,False,False
"3237-AJGEH","Female",False,True,True
"1591-NFNLQ","Male",False,False,False
"2815-CPTUL","Male",True,False,False
"0596-BQCEQ","Female",False,True,False
"1481-ZUWZA","Male",False,False,False
"2309-OSFEU","Male",False,False,False
"1891-FZYSA","Male",True,True,False
"7613-LLQFO","Male",False,False,False
"2640-PMGFL","Male",False,False,False
"3801-HMYNL","Male",False,True,False
"9685-WKZGT","Male",True,False,False
"6022-UGGSO","Female",True,False,False
"4484-CGXFK","Female",False,False,False
"6214-EDAKZ","Female",False,True,True
"6127-ISGTU","Female",False,True,False
"8740-XLHDR","Male",False,False,False
"1208-DNHLN","Male",False,True,False
"1761-AEZZR","Male",False,False,False
"3923-CSIHK","Female",True,True,False
"7120-RFMVS","Male",False,False,False
"7317-GGVPB","Male",False,True,False
"1322-AGOQM","Male",False,False,False
"3677-IYRBF","Female",True,False,False
"5692-FPTAH","Female",False,False,False
"1550-LOAHA","Female",False,True,False
"0268-QKIWO","Female",False,False,False
"0876-WDUUZ","Female",False,False,False
"0617-FHSGK","Male",False,False,False
"2858-MOFSQ","Female",False,False,False
"8118-LSUEL","Male",True,False,False
"7005-CCBKV","Male",False,False,False
"4250-FDVOU","Female",False,False,False
"5277-ZLOOR","Female",True,False,False
"2141-RRYGO","Female",False,False,False
"6376-GAHQE","Male",False,False,False
"5052-PNLOS","Male",False,False,False
"6979-ZNSFF","Female",False,False,False
"2386-LAHRK","Male",False,False,False
"6032-IGALN","Female",False,False,False
"4248-HCETZ","Male",True,True,False
"0516-WJVXC","Female",False,False,False
"9174-FKWZE","Female",True,False,False
"8809-RIHDD","Male",False,True,False
"4822-NGOCH","Female",False,False,False
"5307-DZCVC","Female",True,True,False
"8679-JOEVF","Female",True,False,False
"1432-FPAXX","Female",False,False,False
"4803-AXVYP","Female",True,False,False
"3884-HCSWG","Female",False,False,False
"5077-DXTCG","Female",False,False,False
"1142-WACZW","Male",False,False,False
"5649-ANRML","Male",True,False,False
"4892-VLANZ","Male",False,False,False
"2919-HBCJO","Female",False,False,False
"4236-XPXAV","Female",False,True,False
"3030-YZADT","Male",False,False,False
"7410-KTVFV","Male",False,True,False
"8393-DLHGA","Male",False,False,False
"7395-IGJOS","Male",True,True,False
"2834-SPCJV","Male",False,True,False
"7890-VYYWG","Male",True,True,False
"9907-SWKKF","Female",True,False,False
"0587-DMGBH","Female",False,False,False
"6397-JNZZG","Female",True,True,False
"3523-QRQLL","Female",False,True,False
"0895-DQHEW","Male",False,True,False
"8149-RSOUN","Female",False,False,False
"7250-EQKIY","Female",False,True,True
"4013-UBXWQ","Female",False,False,False
"5519-NPHVG","Female",False,False,False
"8849-GYOKR","Female",False,True,False
"3148-BLQJT","Male",False,False,False
"0461-CVKMU","Female",False,True,False
"8806-EAGWC","Male",False,False,False
"7779-LGOVN","Male",True,True,False
"9710-ZUSHQ","Female",True,False,False
"4183-WCSEP","Male",False,False,False
"5498-TXHLF","Female",False,True,False
"9722-UJOJR","Male",False,True,False
"3902-FOIGH","Male",True,True,False
"6772-KSATR","Male",False,False,False
"7112-OPOTK","Male",False,False,False
"4210-QFJMF","Female",False,False,False
"3318-OSATS","Male",True,False,False
"5828-AVIPD","Male",False,True,False
"1086-LXKFY","Female",False,True,False
"2636-ALXXZ","Female",True,False,False
"7774-OJSXI","Male",False,False,False
"7786-WBJYI","Female",False,False,False
"9885-CSMWE","Female",True,False,False
"5016-ETTFF","Male",False,False,False
"3866-MDTUB","Female",False,False,False
"8058-JMEQO","Female",True,False,False
"0697-ZMSWS","Male",False,False,False
"7657-DYEPJ","Male",True,False,False
"8276-MQBYC","Male",True,False,False
"7593-XFKDI","Male",False,False,False
"0337-CNPZE","Female",False,False,False
"1513-XNPPH","Female",False,False,False
"6015-VVHHE","Female",True,False,False
"6347-DCUIK","Male",False,False,False
"0897-FEGMU","Female",False,True,False
"7663-RGWBC","Male",False,False,False
"1120-BMWUB","Female",False,False,False
"9124-LHCJQ","Female",False,False,False
"2235-ZGKPT","Female",False,True,True
"3891-PUQOD","Female",False,False,True
"0689-NKYLF","Male",False,False,False
"3658-KIBGF","Female",False,False,False
"5519-YLDGW","Female",False,True,False
"4946-EDSEW","Female",False,True,True
"2516-VQRRV","Female",True,False,False
"7580-UGXNC","Female",True,False,False
"5178-LMXOP","Male",True,True,False
"8185-UPYBR","Male",False,True,False
"4585-HETAI","Female",False,True,False
"7526-BEZQB","Male",False,False,False
"4951-UKAAQ","Female",False,False,False
"2108-YKQTY","Female",False,False,False
"4918-QLLIW","Male",False,False,False
"7056-IMHCC","Male",True,True,False
"1625-JAIIY","Female",False,True,False
"2947-DOMLJ","Male",False,False,True
"4112-LUEIZ","Male",False,False,False
"4510-HIMLV","Male",False,False,False
"8749-JMNKX","Male",True,True,False
"2430-USGXP","Male",False,True,False
"5955-ERIHD","Male",False,True,False
"0917-EZOLA","Male",True,True,False
"5949-EBSQK","Male",False,True,True
"7274-RTAPZ","Male",False,False,False
"0311-UNPFF","Female",False,False,False
"3834-XUIFC","Male",False,False,False
"8414-MYSHR","Male",True,False,False
"7599-FKVXZ","Male",False,True,False
"8229-TNIQA","Female",False,False,False
"6221-AVQYL","Male",False,False,False
"7743-EXURX","Male",False,True,True
"5569-KGJHX","Female",False,True,False
"4988-IQIGL","Male",True,False,False
"7730-IUTDZ","Male",False,False,False
"0426-TIRNE","Female",False,False,False
"7587-RZNME","Male",False,False,False
"0748-RDGGM","Male",False,True,False
"4706-AXVKM","Female",True,False,False
"5889-JTMUL","Female",True,True,False
"9026-RNUJS","Male",True,False,False
"3746-EUBYR","Male",False,True,False
"2332-EFBJY","Male",False,False,False
"9474-PHLYD","Female",False,False,False
"2165-VOEGB","Female",False,False,False
"2219-MVUSO","Male",False,False,False
"8914-RBTSB","Male",False,True,False
"0963-ZBDRN","Male",False,False,False
"7594-RQHXR","Female",False,False,False
"6331-EWIEB","Male",False,False,False
"5998-VVEJY","Male",False,False,False
"1624-NALOJ","Male",True,False,False
"4317-VTEOA","Male",False,False,False
"1670-SVOWZ","Female",False,True,False
"7541-YLXCL","Male",False,False,False
"0260-ZDLGK","Female",False,False,True
"8722-NGNBH","Male",False,False,False
"6210-KBBPI","Male",True,False,False
"0133-BMFZO","Female",False,False,False
"6128-CZOMY","Female",False,False,False
"9540-JYROE","Male",False,False,False
"2260-USTRB","Female",True,False,False
"3656-TKRVZ","Female",False,False,False
"8623-TMRBY","Male",True,True,False
"1501-SGHBW","Male",False,False,False
"3208-YPIOE","Male",False,False,False
"2612-RANWT","Female",False,False,False
"6900-PXRMS","Male",True,True,False
"3346-BRMIS","Female",True,True,False
"2933-FILNV","Female",False,True,True
"9986-BONCE","Female",False,False,False
"2722-JMONI","Female",True,True,False
"4083-EUGRJ","Male",False,False,False
"7579-OOPEC","Female",True,True,False
"1771-OADNZ","Male",True,True,False
"0612-RTZZA","Female",True,False,False
"6410-LEFEN","Female",False,False,False
"3194-ORPIK","Female",False,True,False
"8816-VXNZD","Female",False,False,False
"9378-FXTIZ","Female",False,True,False
"1723-HKXJQ","Male",False,False,False
"7825-GKXMW","Female",False,False,False
"1240-KNSEZ","Male",False,False,False
"0836-SEYLU","Male",False,True,False
"4433-JCGCG","Male",True,True,False
"3716-BDVDB","Male",False,False,False
"5899-MQZZL","Female",False,False,False
"6849-OYAMU","Male",False,True,False
"9488-HGMJH","Female",True,False,False
"6038-GCYEC","Female",False,False,False
"1150-WFARN","Female",False,True,False
"3144-AUDBS","Female",False,True,False
"5616-PRTNT","Male",False,False,True
"4818-QIUFN","Female",True,False,False
"6961-VCPMC","Male",True,True,False
"6688-UZPWD","Female",False,True,False
"2839-RFSQE","Female",False,False,False
"0968-GSIKN","Female",False,False,False
"1965-DDBWU","Male",False,False,False
"9057-SIHCH","Female",False,False,False
"6771-XWBDM","Female",False,True,False
"8601-QACRS","Female",False,False,False
"2391-SOORI","Male",False,False,True
"2645-QTLMB","Male",False,False,False
"4806-HIPDW","Female",False,True,False
"4424-TKOPW","Male",True,False,False
"8443-ZRDBZ","Male",False,False,False
"9136-ALYBR","Male",False,False,False
"7479-NITWS","Male",False,False,False
"2959-MJHIC","Male",False,True,False
"4201-JMNGR","Female",True,False,False
"5960-WPXQM","Male",False,False,False
"0684-AOSIH","Male",False,True,False
"8260-NGFNY","Female",False,False,False
"1866-RZZQS","Male",True,False,False
"8631-NBHFZ","Male",True,True,False
"4958-XCBDQ","Male",True,False,False
"8337-UPOAQ","Male",True,True,False
"1725-IQNIY","Male",False,True,False
"6598-RFFVI","Male",False,False,False
"6712-OAWRH","Female",True,False,False
"8614-VGMMV","Female",False,False,False
"2930-UOTMB","Female",False,False,False
"5914-DVBWJ","Female",True,False,False
"2533-QVMSK","Male",False,True,False
"8644-XLFBW","Male",True,False,False
"8625-AZYZY","Male",False,True,False
"9306-CPCBC","Female",False,False,False
"1833-VGRUM","Female",True,False,False
"8374-XGEJJ","Male",True,True,False
"2656-TABEH","Male",False,True,False
"6946-LMSQS","Male",True,True,False
"2325-ZUSFD","Female",False,True,False
"3932-CMDTD","Female",False,False,False
"4039-HEUNW","Male",True,True,False
"0812-WUPTB","Male",True,True,False
"3594-UVONA","Female",False,False,False
"0004-TLHLJ","Male",False,False,False
"5089-IFSDP","Female",False,True,False
"4817-VYYWS","Female",False,False,False
"1396-QWFBJ","Female",False,True,False
"5299-SJCZT","Male",False,False,False
"2403-BCASL","Male",True,True,False
"2898-LSJGD","Female",False,True,False
"7359-PTSXY","Male",False,False,False
"4503-BDXBD","Male",False,False,False
"6086-ESGRL","Female",False,False,False
"3886-CERTZ","Female",False,True,False
"5759-RCVCB","Female",False,False,False
"6372-RFVNS","Female",False,True,False
"8938-UMKPI","Female",False,False,False
"0991-BRRFB","Male",False,False,False
"3871-IKPYH","Male",True,False,False
"6319-IEJWJ","Male",False,True,False
"9025-AOMKI","Female",False,False,False
"5275-SQEIZ","Male",False,False,False
"7716-YTYHG","Female",False,True,False
"3677-TNKIO","Female",False,False,False
"4390-KYULV","Male",False,True,False
"1304-NECVQ","Female",True,False,False
"8945-GRKHX","Female",False,False,False
"6959-UWKHF","Male",False,False,False
"3815-SLMEF","Female",False,False,False
"5154-VEKBL","Female",False,False,False
"5655-JSMZM","Male",True,False,False
"4505-EXZHB","Female",True,False,False
"4587-VVTOX","Female",False,True,False
"4652-NNHNY","Male",False,True,False
"8972-HJWNV","Female",True,True,False
"8515-OCTJS","Female",False,False,False
"2860-RANUS","Female",True,False,False
"5261-QSHQM","Female",False,False,False
"8868-WOZGU","Male",False,False,False
"1334-FJSVR","Male",False,False,False
"7625-XCQRH","Female",False,False,False
"1731-TVIUK","Female",False,False,False
"0406-BPDVR","Female",True,True,False
"0618-XWMSS","Male",False,False,False
"5276-KQWHG","Female",True,False,False
"2565-JSLRY","Male",False,False,False
"6689-KXGBO","Female",False,False,False
"6615-NGGZJ","Male",False,False,False
"4255-DDUOU","Female",False,True,True
"2984-MIIZL","Male",False,False,False
"5590-YRFJT","Female",False,True,False
"9667-EQRXU","Female",True,False,False
"3329-WDIOK","Female",False,False,False
"2873-ZLIWT","Female",False,True,False
"3415-TAILE","Female",False,True,True
"1915-IOFGU","Female",False,False,False
"3045-XETSH","Female",False,False,False
"7239-HZZCX","Male",False,False,False
"7683-CBDKJ","Male",False,True,True
"0946-CLJTI","Male",True,True,False
"0628-CNQRM","Male",False,True,False
"7665-TOALD","Female",False,False,False
"0112-QWPNC","Male",False,True,False
"0324-BRPCJ","Female",True,True,False
"2777-PHDEI","Female",False,False,False
"1196-AMORA","Male",False,False,False
"4282-YMKNA","Female",False,False,False
"5356-RHIPP","Male",False,False,False
"9189-JWSHV","Female",True,True,False
"0746-JTRFU","Male",False,False,False
"0576-WNXXC","Male",True,True,False
"4628-CTTLA","Male",False,False,False
"2876-VBBBL","Female",False,False,False
"6834-NXDCA","Female",False,False,False
"5597-GLBUC","Female",False,False,False
"2748-MYRVK","Female",False,False,False
"4822-YCXMX","Male",False,False,False
"9821-POOTN","Male",False,True,False
"6559-ILWKJ","Male",False,True,False
"4229-CZMLL","Male",False,False,False
"3663-MITLP","Female",False,False,False
"9025-ZRPVR","Male",False,False,False
"3285-UCQVC","Female",False,False,False
"5482-PLVPE","Female",True,False,False
"4902-OHLSK","Female",True,False,False
"0495-ZBNGW","Male",True,True,False
"2357-COQEK","Female",True,False,False
"3737-GCSPV","Female",False,True,False
"4088-YLDSU","Male",False,True,False
"2034-CGRHZ","Male",True,False,False
"5797-APWZC","Female",False,False,False
"3683-QKIUE","Female",False,False,False
"4228-ZGYUW","Male",False,False,False
"3519-ZKXGG","Female",False,True,False
"6416-TVAIH","Male",False,True,False
"5108-ADXWO","Male",False,False,False
"3066-RRJIO","Female",False,False,False
"6715-OFDBP","Male",False,False,False
"1567-DSCIC","Male",False,False,False
"2150-UWTFY","Female",False,True,True
"2683-BPJSO","Male",False,True,False
"2157-MXBJS","Male",False,True,False
"9360-AHGNL","Female",True,True,False
"1087-UDSIH","Female",False,False,False
"5485-WUYWF","Male",True,False,False
"2632-UCGVD","Male",True,True,False
"5445-PZWGX","Male",False,False,False
"9170-CCKOU","Male",False,True,False
"1043-YCUTE","Male",False,True,False
"3814-MLAXC","Female",False,False,False
"1226-UDFZR","Female",False,False,False
"6425-YQLLO","Female",True,True,False
"5442-UTCVD","Male",False,False,False
"7734-DBOAI","Female",False,True,True
"2091-RFFBA","Female",True,False,False
"2114-MGINA","Female",False,False,False
"4489-SNOJF","Female",False,True,True
"6899-PPEEA","Female",True,False,False
"2187-LZGPL","Female",False,False,False
"4597-NUCQV","Male",True,False,False
"9019-QVLZD","Female",False,False,False
"3707-LRWZD","Female",False,False,False
"1455-ESIQH","Male",False,False,False
"2979-SXESE","Female",False,True,False
"4013-TLDHQ","Male",False,False,False
"3754-DXMRT","Male",True,False,False
"7130-VTEWQ","Female",True,False,False
"6121-VZNQB","Female",False,False,False
"7903-CMPEY","Male",True,True,False
"6996-KNSML","Female",False,False,False
"1704-NRWYE","Female",True,False,False
"2592-SEIFQ","Male",False,False,False
"7481-ATQQS","Female",True,False,False
"8642-GVWRF","Female",False,True,False
"3400-ESFUW","Male",False,True,False
"2057-ZBLPD","Female",False,True,False
"5502-RLUYV","Female",False,True,False
"0023-HGHWL","Male",True,False,False
"9039-RBEEE","Male",False,False,False
"8417-FMLZI","Male",False,True,False
"1792-UXAFY","Female",True,False,False
"0515-YPMCW","Male",False,False,False
"0378-XSZPU","Male",False,True,False
"4729-XKASR","Male",False,False,True
"5449-FIBXJ","Male",False,True,False
"9837-BMCLM","Male",False,False,False
"0137-UDEUO","Female",False,False,False
"6161-UUUTA","Male",True,False,False
"6543-XRMYR","Female",True,False,False
"4925-LMHOK","Male",False,False,False
"1455-UGQVH","Male",False,True,False
"8280-MQRQN","Female",False,False,False
"2037-SGXHH","Male",False,True,False
"3178-FESZO","Female",False,False,False
"6087-MVHJH","Female",False,False,False
"4603-JANFB","Male",False,False,False
"3018-TFTSU","Male",False,False,False
"4806-KEXQR","Male",False,False,False
"7083-YNSKY","Female",False,False,False
"2479-BRAMR","Male",True,True,False
"7434-SHXLS","Female",False,False,False
"7908-QCBCA","Female",False,True,False
"6686-YPGHK","Male",True,False,False
"6711-FLDFB","Female",False,False,False
"3714-JTVOV","Female",True,True,False
"4702-IOQDC","Female",False,False,False
"6178-KFNHS","Female",False,False,False
"1264-BYWMS","Male",False,False,False
"9658-WYUFB","Female",False,False,False
"2013-SGDXK","Female",False,False,False
"8580-QVLOC","Female",True,True,False
"2012-NWRPA","Female",True,True,False
"8808-ELEHO","Male",True,False,False
"3506-LCJDC","Male",False,True,True
"3934-HXCFZ","Male",False,True,False
"7666-WKRON","Female",False,False,False
"4910-AQFFX","Male",False,True,False
"2154-KVJFF","Female",False,False,False
"9647-ERGBE","Female",False,True,False
"3428-XZMAZ","Male",False,False,False
"0378-TOVMS","Female",False,False,False
"4355-HBJHH","Male",False,True,False
"9058-CBREO","Female",True,False,False
"0318-QUUOB","Male",False,True,False
"5520-FVEWJ","Female",False,True,False
"5572-ZDXHY","Female",False,False,False
"3750-CKVKH","Male",False,False,False
"8063-GBATB","Female",True,False,False
"4547-KQRTM","Female",False,False,False
"4877-EVATK","Male",False,False,False
"7639-SUPCW","Female",False,False,False
"1069-XAIEM","Female",True,False,False
"4658-HCOHW","Female",False,True,False
"3440-JPSCL","Female",False,False,False
"2889-FPWRM","Male",False,True,False
"6987-XQSJT","Female",True,False,False
"4290-BSXUX","Male",False,True,False
"0325-XBFAC","Male",False,False,False
"2462-XIIJB","Male",False,False,False
"4760-XOHVN","Female",False,True,True
"7817-BOQPW","Female",False,False,False
"1853-UDXBW","Male",False,True,False
"5458-CQJTA","Male",False,True,False
"5219-YIPTK","Female",False,True,False
"3540-RZJYU","Female",False,False,False
"2091-MJTFX","Female",False,True,True
"0883-EIBTI","Female",False,False,False
"0722-TROQR","Female",True,False,False
"7571-YXDAD","Female",False,False,False
"3393-FMZPV","Female",False,False,False
"6402-ZFPPI","Female",True,False,False
"7486-KSRVI","Male",False,False,False
"8443-WVPSS","Male",False,True,False
"3006-XIMLN","Female",False,False,False
"9965-YOKZB","Male",True,False,False
"0504-HHAPI","Female",True,False,False
"6305-YLBMM","Male",False,False,False
"3647-GMGDH","Male",False,True,False
"3791-LGQCY","Female",True,True,False
"8166-ZZTFS","Female",True,True,False
"2956-GGUCQ","Male",True,True,False
"6595-COKXZ","Female",False,False,False
"0362-ZBZWJ","Male",False,False,False
"4211-MMAZN","Male",False,False,False
"4274-OWWYO","Male",False,False,False
"1541-ETJZO","Male",False,False,False
"4106-HADHQ","Male",False,True,False
"2369-UAPKZ","Male",False,False,False
"2778-OCLGR","Male",True,True,False
"0637-KVDLV","Male",False,False,False
"6633-MPWBS","Male",False,False,False
"8785-EPNCG","Male",False,False,False
"5729-KLZAR","Female",False,True,False
"1582-RAFML","Male",False,False,False
"8740-CRYFY","Male",False,False,False
"2962-XPMCQ","Male",False,False,False
"1678-FYZOW","Female",False,False,False
"8627-EHGIP","Male",False,False,False
"5480-TBGPH","Female",False,True,False
"8854-CCVSQ","Male",False,False,False
"0511-JTEOY","Female",False,False,False
"7067-KSAZT","Female",True,True,False
"6532-YLWSI","Female",False,True,False
"9300-AGZNL","Male",True,False,False
"1112-CUNAO","Female",True,False,False
"5175-AOBHI","Female",False,False,False
"5174-RNGBH","Female",False,False,False
"7270-BDIOA","Female",False,False,False
"9565-JSNFM","Male",False,False,False
"0607-DAAHE","Male",False,False,False
"9732-KPKBW","Male",False,False,False
"3389-YGYAI","Female",True,False,False
"9560-ARGQJ","Female",False,False,False
"5134-IKDAY","Female",False,True,False
"3070-DVEYC","Male",True,False,False
"5707-ORNDZ","Male",True,False,False
"8696-JKZNU","Female",True,False,False
"5380-AFSSK","Female",False,False,False
"2055-PDADH","Female",True,False,False
"8714-EUHJO","Female",False,True,False
"3721-CNEYS","Female",False,False,False
"2568-OIADY","Female",False,True,False
"1193-RTSLK","Female",False,False,False
"2302-ANTDP","Female",True,True,False
"5923-GXUOC","Male",False,False,False
"5233-GEEAX","Male",True,False,False
"4432-ADRLB","Male",False,False,False
"8993-PHFWD","Female",False,False,False
"1565-RHDJD","Female",False,False,False
"7137-RYLPP","Male",True,True,False
"3765-JXVKY","Female",False,False,False
"7330-WZLNC","Female",False,False,False
"3957-LXOLK","Female",True,False,False
"6635-MYYYZ","Female",False,False,False
"5281-BUZGT","Male",True,False,False
"5378-IKEEG","Female",False,False,False
"2718-GAXQD","Female",True,True,True
"6413-XKKPU","Male",False,True,False
"1449-XQEMT","Male",False,False,False
"2626-URJFX","Male",False,True,True
"2612-RRIDN","Male",False,False,False
"4735-ASGMA","Male",False,False,False
"3669-LVWZB","Male",False,False,False
"6892-EZDTG","Female",False,True,False
"9725-SCPZG","Male",False,False,False
"5884-GCYMI","Male",False,False,False
"3217-FZDMN","Female",True,False,False
"7853-GVUDZ","Female",False,True,True
"7480-QNVZJ","Male",True,False,False
"3943-KDREE","Female",False,False,False
"9239-ZBZZV","Female",False,False,False
"4398-HSCJH","Female",False,False,False
"4430-UZIPO","Male",False,False,False
"4855-SNKMY","Female",False,False,False
"8008-HAWED","Male",False,False,False
"7124-UGSUR","Female",True,True,False
"1862-SKORY","Female",True,True,False
"1502-XFCVR","Female",False,False,False
"9692-TUSXH","Female",False,False,False
"7912-SYRQT","Female",False,False,False
"4816-JBHOV","Male",True,False,False
"8292-TYSPY","Male",False,False,False
"7623-TRNQN","Male",False,False,True
"1867-BDVFH","Male",False,True,False
"2359-QWQUL","Female",False,True,False
"9103-TCIHJ","Female",False,False,False
"4140-WJAWW","Female",False,False,False
"6653-CBBOM","Female",False,False,False
"3247-ZVOUO","Male",True,True,False
"6101-IMRMM","Male",False,False,False
"1268-ASBGA","Female",True,True,False
"8943-URTMR","Female",False,False,False
"4713-LZDRV","Female",True,False,False
"4325-NFSKC","Male",True,False,False
"2955-PSXOE","Female",False,False,False
"7762-URZQH","Male",False,True,False
"6907-NZZIJ","Female",False,False,False
"2911-UREFD","Female",False,True,False
"3744-ZRRDZ","Male",False,False,False
"5673-TIYIB","Male",False,False,False
"1602-IJQQE","Female",False,False,False
"4628-WQCQQ","Male",False,False,False
"1644-IRKSF","Female",False,True,False
"3705-PSNGL","Male",False,False,False
"6502-HCJTI","Male",True,True,False
"2606-RMDHZ","Male",False,False,False
"8258-GSTJK","Male",True,False,False
"6861-OKBCE","Female",False,False,True
"9940-RHLFB","Female",False,False,False
"2995-UPRYS","Female",True,True,False
"1383-EZRWL","Female",False,False,False
"4759-TRPLW","Male",False,False,False
"8563-IIOXK","Male",False,True,False
"8020-BWHYL","Female",True,False,False
"2982-VPSGI","Female",False,True,False
"8199-ZLLSA","Male",False,False,False
"4625-EWPTF","Male",False,False,False
"5980-NOPLP","Female",False,True,False
"6892-XPFPU","Male",True,True,False
"8010-EZLOU","Male",True,False,False
"9874-QLCLH","Female",False,True,False
"8062-YBDOE","Male",True,False,False
"6000-APYLU","Male",False,False,False
"0947-IDHRQ","Female",False,False,False
"3672-YITQD","Male",True,True,False
"9048-JVYVF","Male",False,False,False
"8988-ECPJR","Female",True,True,False
"3776-EKTKM","Female",True,False,False
"1902-XBTFB","Male",False,False,False
"0643-OKLRP","Female",True,True,False
"9381-NDKME","Female",True,True,False
"2794-XIMMO","Male",False,True,False
"8382-SHQEH","Female",False,True,False
"2983-ZANRP","Female",False,True,False
"7845-URHJN","Female",False,True,False
"3034-ZBEQN","Female",False,True,False
"8327-LZKAS","Female",True,True,False
"3714-NTNFO","Female",False,False,False
"1075-BGWOH","Male",True,True,False
"0302-JOIVN","Female",False,True,False
"5366-IJEQJ","Male",False,False,False
"1981-INRFU","Female",False,False,False
"4971-PUYQO","Female",False,False,False
"8485-GJCDN","Female",True,False,False
"1527-SXDPN","Male",False,True,False
"6029-WTIPC","Male",True,False,False
"8634-CILSZ","Male",False,False,False
"6682-QJDGB","Male",False,False,True
"8780-IXSTS","Female",False,False,False
"9530-EHPOH","Male",False,False,False
"0345-HKJVM","Female",False,False,False
"3049-SOLAY","Female",False,True,False
"3317-HRTNN","Female",True,False,False
"3235-ETOOB","Male",False,True,False
"8058-INTPH","Female",False,False,False
"5569-OUICF","Female",True,True,False
"8821-XNHVZ","Female",False,True,False
"2082-OJVTK","Male",False,True,False
"5940-NFXKV","Male",False,True,False
"8053-WWDRO","Female",False,True,False
"9564-KCLHR","Male",False,False,False
"2082-CEFLT","Male",False,False,False
"1213-NGCUN","Female",False,False,False
"5688-KZTSN","Male",False,True,True
"2894-QOJRX","Female",False,True,False
"5747-PMBSQ","Male",True,True,False
"3143-JQEGI","Female",False,True,False
"6386-SZZKH","Female",False,True,False
"2982-IHMFT","Female",True,False,False
"3521-SYVOR","Female",False,False,False
"9526-JAWYF","Male",False,False,False
"5649-VUKMC","Female",False,False,False
"5143-EGQFK","Female",True,False,False
"4919-IKATY","Male",False,True,False
"9050-QLROH","Male",False,False,False
"6168-WFVVF","Female",True,False,False
"0877-SDMBN","Female",False,False,False
"8065-YKXKD","Female",False,False,False
"9637-EIHEQ","Female",False,False,False
"9689-PTNPG","Male",False,False,False
"9465-RWMXL","Male",False,True,False
"2362-IBOOY","Male",False,False,False
"0843-WTBXE","Male",False,False,False
"5515-IDEJJ","Male",False,True,True
"7450-NWRTR","Male",True,False,False
"5376-DEQCP","Female",False,False,False
"9095-HFAFX","Female",False,False,False
"2379-ENZGV","Male",False,False,False
"6005-OBZPH","Female",True,False,False
"7932-WPTDS","Female",True,True,False
"2722-VOJQL","Male",False,False,False
"5228-EXCET","Male",False,False,False
"7394-FKDNK","Female",False,True,False
"6331-LWDTQ","Male",False,False,False
"1597-FZREH","Female",False,False,False
"7000-WCEVQ","Female",True,False,False
"0727-IWKVK","Male",False,True,False
"5959-BELXA","Male",True,False,False
"3512-IZIKN","Female",False,True,False
"6141-OOXUQ","Male",False,False,False
"7503-ZGUZJ","Male",False,False,False
"2506-TNFCO","Female",True,True,False
"8718-PTMEZ","Female",False,False,False
"2207-OBZNX","Male",False,False,False
"6142-VSJQO","Female",False,True,True
"6437-UKHMV","Female",False,False,False
"1114-CENIM","Male",False,False,True
"6060-DRTNL","Female",True,False,False
"8473-VUVJN","Male",True,False,False
"6289-CPNLD","Male",False,True,False
"5536-SLHPM","Female",False,True,False
"0196-VULGZ","Female",True,True,False
"8837-VVWLQ","Female",False,False,False
"2696-NARTR","Male",False,False,False
"7614-QVWQL","Male",False,True,False
"1976-CFOCS","Female",True,True,False
"4631-OACRM","Male",True,False,False
"3755-JBMNH","Male",True,True,False
"6345-ULYRW","Male",True,True,False
"1809-DMJHQ","Female",False,False,True
"6923-EFPNL","Male",False,False,False
"9574-RKJIF","Male",False,True,False
"2619-WFQWU","Female",False,False,False
"0778-NELLA","Male",False,False,False
"4614-NUVZD","Female",False,False,False
"3803-KMQFW","Female",False,True,True
"6804-GDMOI","Female",False,False,False
"9572-MTILT","Male",False,True,False
"9611-CTWIH","Female",False,False,False
"0329-GTIAJ","Female",False,False,False
"6629-CZTTH","Male",False,False,False
"5364-EVNIB","Male",False,False,False
"5087-SUURX","Female",False,True,False
"0013-EXCHZ","Female",True,True,False
"5550-VFRLC","Female",True,False,False
"4929-BSTRX","Female",False,False,False
"2225-ZRGSG","Female",False,True,False
"5271-YNWVR","Male",False,True,False
"2657-ALMWY","Female",True,True,False
"6330-JKLPC","Male",False,True,False
"4667-OHGKG","Male",False,False,False
"1660-HSOOQ","Male",False,False,False
"7253-UVNDW","Female",False,False,False
"7228-OMTPN","Male",False,False,False
"6284-AHOOQ","Male",True,False,False
"2344-JMOGN","Male",False,True,False
"3799-ISUZQ","Male",False,True,False
"1794-HBQTJ","Female",False,False,False
"2460-FPSYH","Female",True,False,False
"4818-DRBQT","Male",False,True,False
"1320-HTRDR","Female",False,False,False
"1493-AMTIE","Male",False,False,False
"6424-ELEYH","Female",False,True,False
"4391-RESHN","Male",False,False,False
"6821-BUXUX","Female",False,False,False
"5028-HTLJB","Male",True,False,False
"9801-GDWGV","Female",False,False,False
"2320-JRSDE","Female",False,True,True
"0601-WZHJF","Male",False,True,False
"5143-WMWOG","Male",False,False,False
"5393-RXQSZ","Male",False,False,False
"0231-LXVAP","Male",False,False,False
"9444-JTXHZ","Male",False,True,False
"5510-BOIUJ","Male",False,False,True
"4471-KXAUH","Female",False,True,False
"7638-QVMVY","Female",False,False,False
"3244-DCJWY","Female",False,False,False
"0875-CABNR","Female",True,False,False
"7812-FZHPE","Female",False,True,True
"4797-AXPXK","Female",False,False,True
"5229-PRWKT","Male",False,False,False
"6982-UQZLY","Female",True,True,False
"5057-LCOUI","Female",False,False,False
"0193-ESZXP","Female",True,True,False
"4369-HTUIF","Male",True,False,False
"0156-FVPTA","Male",False,True,False
"1984-FCOWB","Female",False,True,False
"0654-HMSHN","Male",False,True,False
"5287-QWLKY","Male",True,True,False
"5196-SGOAK","Female",False,False,False
"1891-UAWWU","Female",True,True,False
"6108-OQZDQ","Female",False,True,False
"0363-QJVFX","Male",False,False,False
"9840-DVNDC","Male",False,False,False
"3096-JRDSO","Female",True,True,False
"8042-JVNFH","Male",False,False,False
"3374-LXDEV","Female",False,False,False
"5049-GLYVG","Male",False,False,False
"5883-GTGVD","Male",False,False,False
"4817-QRJSX","Female",False,False,False
"2398-YPMUR","Female",True,True,False
"9985-MWVIX","Female",False,False,False
"1265-XTECC","Female",True,True,False
"2237-ZFSMY","Female",False,False,False
"4871-JTKJF","Female",True,False,False
"1415-YFWLT","Female",True,False,False
"6711-VTNRE","Female",False,False,False
"3500-RMZLT","Female",True,False,False
"4548-SDBKE","Female",False,False,False
"8066-POXGX","Female",False,False,False
"4143-OOBWZ","Male",False,True,False
"7854-EKTJL","Female",False,False,True
"9102-IAYHT","Female",False,True,False
"3422-LYEPQ","Male",False,True,False
"2642-DTVCO","Male",True,False,False
"4361-JEIVL","Male",False,False,True
"1363-TXLSL","Male",True,True,False
"9507-EXLTT","Female",False,True,False
"9846-GKXAS","Female",False,False,False
"6017-PPLPX","Male",False,True,False
"7136-RVDTZ","Male",True,False,False
"4581-SSPWD","Female",False,False,False
"6927-WTFIV","Male",True,False,False
"3398-ZOUAA","Male",True,True,False
"0378-NHQXU","Female",False,True,False
"4512-ZUIYL","Female",False,False,False
"7969-AULMZ","Female",False,False,False
"0568-ONFPC","Male",False,True,True
"0733-VUNUW","Male",False,False,False
"4550-EVXNY","Female",False,False,False
"2968-SSGAA","Female",False,False,False
"4844-JJWUY","Female",True,False,False
"6777-TGHTM","Female",False,False,False
"3538-WZPHD","Male",False,False,False
"4785-QRJHC","Male",True,True,False
"8610-WFCJF","Female",False,True,False
"4905-JEFDW","Male",False,False,False
"7881-INRLC","Male",False,False,False
"0117-LFRMW","Male",False,True,True
"6172-FECYY","Male",False,True,False
"1965-AKTSX","Female",True,False,False
"4786-UKSNZ","Male",False,False,False
"7248-VZQLC","Female",True,False,False
"0011-IGKFF","Male",True,True,False
"4192-GORJT","Male",False,True,False
"6496-SLWHQ","Male",True,False,False
"9912-GVSEQ","Female",True,True,False
"5383-MMTWC","Female",True,True,False
"7240-ETPTR","Female",False,True,False
"2202-CUYXZ","Male",False,False,False
"5995-OIGLP","Male",False,False,False
"6261-RCVNS","Female",False,False,False
"7951-QKZPL","Female",False,True,False
"3640-PHQXK","Female",False,False,False
"6877-LGWXO","Male",True,True,False
"8019-ENHXU","Male",False,True,False
"5167-GBFRE","Male",True,False,False
"9033-EOXWV","Female",False,False,False
"1324-NLTJE","Female",True,False,False
"1522-VVDMG","Male",False,True,False
"9185-TQCVP","Male",False,True,False
"5567-WSELE","Male",True,True,False
"8063-RJYNF","Male",False,False,False
"0687-ZVTHB","Male",False,True,False
"9661-ACXBS","Female",False,False,False
"3727-RJMEO","Male",False,True,False
"6646-VRFOL","Male",True,True,False
"5685-IIXLY","Female",False,True,False
"4250-ZBWLV","Male",False,False,False
"5095-AESKG","Female",False,True,False
"1871-MOWRM","Male",False,True,False
"2027-OAQQC","Female",False,False,False
"9090-SGQXL","Male",True,True,False
"6595-YGXIT","Male",True,False,False
"9835-ZIITK","Male",True,True,False
"1555-DJEQW","Female",False,True,False
"5649-TJHOV","Male",True,True,False
"0519-XUZJU","Female",False,False,False
"6338-AVWCY","Male",False,False,False
"9253-QXKBE","Male",True,True,False
"9445-SZLCH","Female",False,True,False
"7568-PODML","Male",False,False,False
"5349-IECLD","Male",False,False,False
"3945-GFWQL","Female",False,False,True
"3797-VTIDR","Male",False,True,False
"9526-BIHHD","Male",False,False,False
"4523-WXCEF","Female",False,True,False
"8364-TRMMK","Female",False,False,False
"3063-QFSZL","Female",False,False,False
"8775-LHDJH","Female",True,True,False
"3097-NQYSN","Male",True,True,False
"3565-UNOCC","Female",True,True,False
"9249-FXSCK","Female",False,False,False
"5493-SDRDQ","Male",False,False,False
"0871-URUWO","Male",False,True,False
"9190-MFJLN","Male",True,False,False
"1095-JUDTC","Female",True,False,False
"0870-VEMYL","Female",False,False,False
"5385-SUIRI","Male",True,True,False
"3982-XWFZQ","Female",False,True,False
"4009-ALQFH","Female",False,False,False
"3627-FCRDW","Female",False,False,False
"7562-GSUHK","Female",False,False,False
"4903-UYAVB","Male",False,True,False
"6776-TLWOI","Male",False,False,False
"4077-CROMM","Female",False,True,False
"2868-MZAGQ","Male",False,False,False
"4847-QNOKA","Female",False,False,False
"6379-RXJRQ","Male",False,True,False
"8650-RHRKE","Male",False,False,False
"0475-RIJEP","Male",False,False,False
"1260-TTRXI","Male",False,False,False
"6328-ZPBGN","Female",True,False,False
"4789-KWMXN","Male",False,True,False
"2867-UIMSS","Male",False,False,False
"8111-RKSPX","Male",False,False,False
"1585-MQSSU","Male",False,False,False
"2856-NNASM","Male",True,False,False
"8559-CIZFV","Male",False,True,False
"7547-EKNFS","Male",False,True,False
"6769-DYBQN","Male",True,False,False
"4439-JMPMT","Female",False,True,False
"2446-BEGGB","Female",True,False,False
"1496-GGSUK","Female",True,False,False
"2575-GFSOE","Female",False,True,False
"2842-JTCCU","Male",False,False,False
"3296-SILRA","Female",True,True,False
"9681-OXGVC","Female",False,False,False
"5180-UCIIQ","Male",True,True,True
"7153-OANIO","Male",False,False,False
"6521-YYTYI","Male",False,False,False
"8878-HMWBV","Male",False,False,False
"3751-KTZEL","Female",False,False,False
"1977-STDKI","Female",True,False,False
"5813-UECBU","Male",True,False,False
"0328-GRPMV","Female",False,False,False
"4342-HENTK","Female",True,False,False
"4195-SMMNX","Male",False,False,False
"6956-SMUCM","Female",False,False,False
"3223-WZWJM","Male",False,False,False
"9053-JZFKV","Male",False,False,False
"2530-ENDWQ","Female",False,True,False
"6615-ZGEDR","Male",False,False,False
"9250-WYPLL","Female",False,False,False
"2754-XBHTB","Female",False,False,False
"1597-LHYNC","Female",True,False,False
"7055-VKGDA","Male",False,False,False
"0754-UKWQP","Male",False,False,False
"7493-TPUWZ","Male",False,False,False
"1577-HKTFG","Female",False,True,False
"8752-STIVR","Female",False,False,False
"4558-FANTW","Female",False,True,False
"8651-ENBZX","Female",True,False,False
"9330-IJWIO","Female",False,False,False
"9286-DOJGF","Female",True,True,False
"9661-MHUMO","Male",True,True,True
"1842-EZJMK","Male",False,True,False
"8079-XRJRS","Male",False,True,False
"8073-IJDCM","Female",False,False,False
"8884-ADFVN","Male",True,True,False
"2720-WGKHP","Male",True,False,False
"2869-ADAWR","Female",False,False,False
"9894-EZEWG","Female",False,False,False
"7851-FLGGQ","Male",False,False,False
"0637-UBJRP","Male",False,True,False
"0940-OUQEC","Male",False,False,False
"0702-PGIBZ","Male",False,False,False
"1963-VAUKV","Female",False,False,False
"3058-HJCUY","Male",False,True,False
"3259-FDWOY","Male",False,True,False
"0807-ZABDG","Female",False,False,True
"5748-RNCJT","Male",False,False,False
"7739-LAXOG","Female",False,True,False
"9776-CLUJA","Female",True,True,False
"6034-ZRYCV","Female",False,True,False
"2079-FBMZK","Female",False,False,False
"6608-QQLVK","Male",False,False,False
"3551-HUAZH","Male",True,False,False
"6302-JGYRJ","Male",False,False,False
"3685-YLCMQ","Male",False,False,False
"8634-MPHTR","Male",True,True,False
"8761-NSOBC","Male",False,False,False
"8413-VONUO","Male",False,False,False
"9223-UCPVT","Female",False,False,False
"4351-QLCSU","Female",False,False,False
"5419-JPRRN","Male",False,False,False
"2100-BDNSN","Female",False,True,False
"0488-GSLFR","Female",False,False,False
"9318-NKNFC","Male",False,False,False
"9728-FTTVZ","Female",False,False,False
"7254-IQWOZ","Male",False,False,False
"2474-BRUCM","Male",True,True,False
"0742-NXBGR","Female",False,False,False
"6110-OHIHY","Male",False,False,False
"5889-LFOLL","Female",False,False,False
"5708-EVONK","Female",False,True,False
"8708-XPXHZ","Female",False,True,False
"0616-ATFGB","Male",True,True,False
"7016-BPGEU","Female",False,False,False
"6876-ADESB","Male",False,False,True
"1963-SVUCV","Male",False,False,False
"0220-EBGCE","Male",False,False,False
"2754-VDLTR","Male",False,False,False
"3190-XFANI","Male",False,False,False
"7551-DACSP","Male",False,True,True
"7235-NXZCP","Male",True,False,False
"0520-FDVVT","Male",False,False,False
"1444-VVSGW","Male",False,True,False
"5712-PTIWW","Male",False,False,False
"3315-TOTBP","Male",False,False,False
"6661-HBGWL","Female",True,False,False
"1518-VOWAV","Female",False,False,False
"5909-ECHUI","Female",False,False,False
"1309-BXVOQ","Male",False,True,False
"9317-WZPGV","Female",True,False,False
"2856-HYAPG","Female",False,False,False
"4488-PSYCG","Male",False,False,False
"3621-CEOVK","Female",True,True,False
"6906-ANDWJ","Male",False,True,False
"1031-IIDEO","Female",False,False,False
"5832-XKAES","Male",False,False,False
"4701-AHWMW","Male",False,True,False
"9210-IAHGH","Female",False,False,False
"0023-XUOPT","Female",False,True,False
"4592-IWTJI","Female",False,True,True
"7632-MNYOY","Male",True,False,False
"6518-LGAOV","Female",False,True,False
"7242-QZLXF","Male",False,False,True
"4576-CSAJH","Male",False,False,False
"1000-AJSLD","Male",False,False,False
"1062-LHZOD","Male",False,True,False
"9600-NAXZN","Male",False,False,False
"6457-USBER","Male",False,False,False
"4662-EKDPQ","Male",False,False,False
"9248-OJYKK","Male",True,False,False
"3398-FSHON","Female",True,False,False
"3319-DWOEP","Male",True,True,False
"9259-PACGQ","Female",False,True,False
"4415-IJZTP","Female",False,False,False
"1465-VINDH","Female",False,True,False
"2810-FTLEM","Female",False,False,False
"1925-TIBLE","Female",False,True,False
"0818-OCPZO","Male",True,False,False
"1447-GIQMR","Male",False,True,False
"0872-NXJYS","Female",False,False,False
"9412-ARGBX","Female",False,False,False
"1389-CXMLU","Male",True,False,False
"5561-NWEVX","Female",True,True,False
"2737-WFVYW","Female",False,False,False
"2272-QAGFO","Female",True,False,False
"9850-OWRHQ","Female",False,True,False
"3768-NLUBH","Male",True,True,False
"8676-TRMJS","Male",False,False,False
"7359-SSBJK","Female",True,False,False
"0685-MLYYM","Female",True,False,False
"8182-PNAGI","Male",False,False,False
"7957-RYHQD","Female",True,False,False
"2180-DXNEG","Female",False,False,False
"5515-AKOAJ","Female",False,False,False
"8976-OQHGT","Female",False,True,True
"6230-BSUXY","Female",True,False,False
"5294-CDGWY","Male",False,True,False
"5295-PCJOO","Male",False,False,True
"9863-JZAIC","Male",False,False,False
"7660-HDPJV","Female",False,False,False
"7931-PXHFC","Male",False,False,False
"3990-QYKBE","Male",True,True,False
"4919-MOAVT","Male",False,False,False
"3090-HAWSU","Male",False,False,False
"9820-RMCQV","Female",False,False,False
"7839-QRKXN","Female",False,False,False
"5204-QZXPU","Male",False,False,False
"4597-ELFTS","Male",False,False,False
"8450-JOVAH","Male",False,True,True
"1113-IUJYX","Female",False,True,False
"9274-CNFMO","Male",True,True,False
"7758-XKCBS","Male",False,False,False
"8992-JQYUN","Male",False,True,False
"0617-AQNWT","Female",False,True,False
"2446-PLQVO","Male",False,False,False
"3005-NFMTA","Male",True,False,False
"8784-CGILN","Female",False,False,False
"5389-FFVKB","Male",True,True,False
"8444-WRIDW","Female",True,False,False
"9451-LPGOO","Male",False,False,False
"5868-YWPDW","Male",True,True,False
"2025-JKFWI","Male",False,False,False
"4078-SAYYN","Female",False,False,False
"9940-HPQPG","Female",False,True,False
"6618-RYATB","Female",False,False,False
"9079-YEXQJ","Female",False,False,False
"2685-SREOM","Female",False,True,False
"0402-CQAJN","Female",False,False,False
"6692-UDPJC","Female",False,True,True
"1273-MTETI","Female",True,False,False
"5480-HPRRX","Female",True,False,False
"0295-PPHDO","Male",False,False,False
"1195-OIYEJ","Male",False,False,False
"5906-CVLHP","Female",False,True,False
"4501-EQDRN","Female",False,False,False
"2990-HWIML","Female",False,False,False
"7384-GHBPI","Male",False,True,False
"7603-USHJS","Male",False,False,True
"7234-FECYN","Female",True,False,False
"5876-HZVZM","Female",False,True,True
"1400-MMYXY","Male",True,True,False
"3085-QUOZK","Female",False,False,False
"3926-CUQZX","Male",False,False,False
"1041-RXHRA","Female",False,False,False
"1750-CSKKM","Male",False,False,True
"7142-HVGBG","Male",True,True,False
"8267-ZNYVZ","Female",False,True,False
"6457-GIRWB","Male",False,False,False
"1450-SKCVI","Female",False,False,False
"5570-PTWEH","Female",False,True,False
"6502-MJQAE","Male",False,False,False
"7693-LCKZL","Male",False,True,True
"0032-PGELS","Female",False,True,True
"6797-LNAQX","Male",False,True,False
"6394-MFYNG","Female",False,False,False
"1564-NTYXF","Female",True,False,False
"8155-IBNHG","Female",False,True,False
"0886-QGENL","Female",True,True,False
"8739-WWKDU","Male",True,False,False
"8685-WHQPW","Female",True,False,False
"4745-LSPLO","Male",False,False,False
"8083-YTZES","Male",False,False,False
"7240-FQLHE","Female",True,True,False
"6664-FPDAC","Female",True,False,False
"0786-VSSUD","Male",True,False,False
"3976-BWUCK","Female",False,True,False
"3585-ISXZP","Female",False,False,False
"6583-QGCSI","Female",True,True,False
"4174-LPGTI","Female",False,True,False
"2108-XWMPY","Male",False,False,False
"6304-IJFSQ","Male",False,False,False
"0093-XWZFY","Male",False,False,False
"1980-KXVPM","Female",True,False,False
"7703-ZEKEF","Male",False,False,False
"0723-DRCLG","Female",True,True,False
"5482-NUPNA","Female",False,False,False
"1122-JWTJW","Male",False,True,True
"1699-HPSBG","Male",False,False,False
"8775-CEBBJ","Female",False,False,False
"6894-LFHLY","Male",True,False,False
"0639-TSIQW","Female",False,False,False
"8361-LTMKD","Male",True,True,False
"7590-VHVEG","Female",False,True,False
"5575-GNVDE","Male",False,False,False
"7795-CFOCW","Male",False,False,False
"1452-KIOVK","Male",False,False,True
"6713-OKOMC","Female",False,False,False
"6388-TABGU","Male",False,False,False
"9763-GRSKD","Male",False,True,True
"7469-LKBCI","Male",False,False,False
"8091-TTVAX","Male",False,True,False
"5129-JLPIS","Male",False,False,False
"3655-SNQYZ","Female",False,True,False
"8191-XWSZG","Female",False,False,False
"9959-WOFKT","Male",False,False,False
"4183-MYFRB","Female",False,False,False
"1680-VDCWW","Male",False,True,False
"3638-WEABW","Female",False,True,False
"6322-HRPFA","Male",False,True,True
"6865-JZNKO","Female",False,False,False
"5248-YGIJN","Male",False,True,False
"3841-NFECX","Female",True,True,False
"4929-XIHVW","Male",True,True,False
"6827-IEAUQ","Female",False,True,False
"7310-EGVHZ","Male",False,False,False
"3413-BMNZE","Male",True,False,False
"6234-RAAPL","Female",False,True,False
"6572-ADKRS","Female",False,False,False
"8865-TNMNX","Male",False,True,False
"9489-DEDVP","Female",False,True,False
"9867-JCZSP","Female",False,True,False
"4671-VJLCL","Female",False,False,False
"4080-IIARD","Female",False,True,False
"7639-LIAYI","Male",False,False,False
"2954-PIBKO","Female",False,True,False
"8012-SOUDQ","Female",True,False,False
"6575-SUVOI","Female",True,True,False
"4667-QONEA","Female",True,True,False
"8769-KKTPH","Female",False,True,False
"5067-XJQFU","Male",True,True,False
"3957-SQXML","Female",False,True,False
"5954-BDFSG","Female",False,False,False
"0434-CSFON","Female",False,True,False
"1215-FIGMP","Male",False,False,False
"0526-SXDJP","Male",False,True,False
"0557-ASKVU","Female",False,True,False
"5122-CYFXA","Female",False,False,False
"8627-ZYGSZ","Male",False,True,False
"3410-YOQBQ","Female",False,False,False
"3170-NMYVV","Female",False,True,False
"7410-OIEDU","Male",False,False,False
"2273-QCKXA","Male",False,False,False
"0731-EBJQB","Female",False,True,False
"1891-QRQSA","Male",True,True,False
"8028-PNXHQ","Male",False,True,False
"5630-AHZIL","Female",False,False,True
"2673-CXQEU","Female",True,False,False
"6416-JNVRK","Female",False,False,False
"5590-ZSKRV","Female",False,True,True
"0191-ZHSKZ","Male",True,False,False
"3887-PBQAO","Female",False,True,False
"8108-UXRQN","Female",False,True,True
"9919-YLNNG","Female",False,False,False
"0318-ZOPWS","Female",False,True,False
"4445-ZJNMU","Male",False,False,False
"4808-YNLEU","Female",False,True,False
"1862-QRWPE","Female",False,True,False
"2796-NNUFI","Female",False,True,False
"3016-KSVCP","Male",False,True,False
"4767-HZZHQ","Male",False,True,True
"2424-WVHPL","Male",True,False,False
"7233-PAHHL","Male",False,True,False
"6067-NGCEU","Female",False,False,False
"9848-JQJTX","Male",False,False,False
"9803-FTJCG","Male",False,True,False
"3212-KXOCR","Male",False,False,False
"6380-ARCEH","Male",False,False,False
"3679-XASPY","Female",False,True,True
"7123-WQUHX","Male",False,False,False
"5386-THSLQ","Female",True,True,False
"6180-YBIQI","Male",False,False,False
"6728-DKUCO","Female",False,True,False
"9750-BOOHV","Female",False,False,False
"8597-CWYHH","Male",False,False,False
"2848-YXSMW","Male",False,True,False
"4549-ZDQYY","Female",False,False,False
"5712-AHQNN","Female",False,False,False
"5256-SKJGO","Female",False,True,False
"3071-VBYPO","Male",False,True,True
"9560-BBZXK","Female",False,False,False
"8402-OOOHJ","Female",False,False,False
"9445-ZUEQE","Male",False,True,True
"1091-SOZGA","Female",False,True,False
"2928-HLDBA","Female",False,False,False
"6497-TILVL","Female",False,True,True
"7219-TLZHO","Female",False,True,True
"4622-YNKIJ","Male",False,False,False
"6734-PSBAW","Male",False,True,False
"3930-ZGWVE","Male",False,False,False
"2639-UGMAZ","Male",True,False,False
"2876-GZYZC","Female",False,False,False
"8587-XYZSF","Male",False,False,False
"7799-LGRDP","Female",False,False,False
"7850-VWJUU","Female",False,False,False
"3774-VBNXY","Female",False,True,False
"6217-KDYWC","Male",False,False,False
"3146-MSEGF","Female",True,True,False
"1095-WGNGG","Female",False,True,False
"2636-SJDOU","Male",False,False,False
"1131-QQZEB","Male",True,True,False
"5716-EZXZN","Female",False,True,False
"6837-BJYDQ","Male",False,False,False
"6440-DKQGE","Male",False,False,False
"3466-BYAVD","Male",False,True,True
"3780-YVMFA","Female",False,True,True
"1679-JRFBR","Female",False,True,False
"9073-ZZIAY","Male",False,True,False
"3077-RSNTJ","Female",False,True,True
"6551-GNYDG","Female",False,True,True
"9167-APMXZ","Female",False,False,False
"2749-CTKAJ","Male",False,True,False
"6371-NZYEG","Male",False,True,False
"7554-NEWDD","Male",False,False,False
"8992-VONJD","Female",False,False,True
"4482-EWFMI","Female",False,False,False
"4648-YPBTM","Male",False,False,False
"2907-ILJBN","Female",False,True,False
"6345-FZOQH","Male",False,True,False
"5997-OPVFA","Male",False,True,False
"1159-WFSGR","Female",False,True,True
"7654-YWJUF","Male",False,True,False
"6727-IOTLZ","Male",False,True,False
"5918-VUKWP","Female",False,False,False
"1744-JHKYS","Female",False,True,False
"5947-SGKCL","Female",False,True,True
"3712-PKXZA","Male",False,True,False
"6582-OIVSP","Female",False,False,False
"5524-KHNJP","Male",False,True,False
"4827-USJHP","Male",False,False,False
"8167-GJLRN","Male",False,False,False
"0956-SYCWG","Female",False,False,False
"8017-UVSZU","Female",False,True,False
"7100-FQPRV","Male",False,True,False
"2984-RGEYA","Female",False,True,False
"9680-NIAUV","Female",False,True,False
"2146-EGVDT","Male",False,True,False
"2604-IJPDU","Female",False,True,False
"9178-JHUVJ","Male",False,True,True
"6168-YBYNP","Male",False,False,False
"7255-SSFBC","Male",False,True,True
"3645-DEYGF","Male",False,False,True
"9323-HGFWY","Female",False,True,False
"8544-GOQSH","Female",False,False,False
"3363-DTIVD","Male",False,True,True
"7018-WBJNK","Male",False,False,True
"9142-KZXOP","Male",False,False,False
"7674-YTAFD","Female",False,False,False
"6348-SNFUS","Male",False,True,False
"1347-KTTTA","Male",False,True,False
"4195-NZGTA","Female",False,False,False
"7157-SMCFK","Male",False,False,True
"4709-LKHYG","Female",False,True,False
"2504-DSHIH","Male",True,True,False
"0699-NDKJM","Female",False,True,False
"9286-BHDQG","Male",False,True,False
"0230-WEQUW","Male",False,True,False
"2040-LDIWQ","Male",False,True,False
"6496-JDSSB","Female",False,False,False
"4443-EMBNA","Female",False,True,False
"6469-MRVET","Male",False,True,False
"5961-VUSRV","Female",False,False,False
"6778-JFCMK","Male",False,False,False
"6341-JVQGF","Female",False,True,False
"4811-JBUVU","Male",False,False,False
"0945-TSONX","Female",False,True,False
"2651-ZCBXV","Male",False,False,False
"3316-UWXUY","Male",False,False,False
"7083-MIOPC","Female",False,False,False
"1984-GPTEH","Female",False,False,False
"0621-JFHOL","Female",False,False,False
"9903-LYSAB","Male",False,True,False
"9227-UAQFT","Male",False,False,False
"7301-ABVAD","Female",False,False,False
"6614-FHDBO","Male",False,False,False
"7576-ASEJU","Female",False,True,False
"9058-HRZSV","Female",True,True,False
"4522-AKYLR","Female",True,False,False
"0221-WMXNQ","Male",True,False,False
"0303-UNCIP","Male",False,False,False
"0959-WHOKV","Male",False,False,False
"4075-JFPGR","Female",False,True,False
"3282-ZISZV","Male",False,False,False
"3675-YDUPJ","Male",False,False,False
"4111-BNXIF","Female",False,True,False
"7017-VFHAY","Female",False,True,True
"6655-LHBYW","Male",False,False,False
"5046-NUHWD","Female",True,True,False
"7529-ZDFXI","Male",True,True,False
"7605-BDWDC","Female",False,False,False
"1950-KSVVJ","Female",False,True,False
"0123-CRBRT","Female",False,True,False
"6292-TOSSS","Male",False,False,False
"3197-ARFOY","Female",True,False,False
"7014-ZZXAW","Female",False,True,False
"7633-MVPUY","Male",False,True,False
"4716-HHKQH","Male",True,True,False
"3179-GBRWV","Male",True,True,False
"8645-KWHJO","Male",False,False,False
"4130-MZLCC","Female",False,False,False
"0314-TKOSI","Female",False,False,False
"8229-MYEJZ","Female",False,False,False
"2080-SRCDE","Female",False,False,True
"9577-WJVCQ","Female",False,False,False
"6202-DYYFX","Female",False,False,False
"3808-HFKDE","Female",False,False,False
"3727-OWVYD","Male",False,False,False
"2294-SALNE","Male",False,True,False
"4847-TAJYI","Female",True,False,False
"1563-IWQEX","Female",False,False,False
"8203-XJZRC","Male",False,False,False
"6556-DBKZF","Female",False,True,True
"6851-WEFYX","Male",True,True,False
"2985-JUUBZ","Male",False,True,True
"0895-LMRSF","Male",False,False,False
"8266-VBFQL","Male",False,False,False
"8181-YHCMF","Female",False,True,False
"2240-HSJQD","Male",False,False,True
"1248-DYXUB","Male",False,True,True
"4115-BNPJY","Male",False,True,False
"3167-SNQPL","Male",True,True,True
"4091-TVOCN","Male",False,False,False
"1098-TDVUQ","Female",False,False,False
"7277-OZCGZ","Female",False,False,False
"1557-EMYVT","Female",False,False,False
"2799-ARNLO","Female",True,True,False
"5027-YOCXN","Male",False,True,False
"3973-SKMLN","Male",False,False,False
"6745-JEFZB","Male",False,True,False
"9880-TDQAC","Female",False,True,False
"8705-WZCYL","Male",False,False,False
"7102-JJVTX","Female",False,True,False
"8626-PTQGE","Male",False,False,False
"4983-CLMLV","Female",False,True,False
"5701-YVSVF","Female",True,True,False
"5697-GOMBF","Female",True,True,True
"2739-CACDQ","Female",True,False,False
"9385-EHGDO","Female",False,True,True
"9498-FIMXL","Female",False,False,False
"2379-GYFLQ","Male",False,False,False
"2088-IEBAU","Female",False,False,False
"7982-VCELR","Female",False,False,False
"6035-BXTTY","Female",True,False,False
"6885-PKOAM","Female",False,True,False
"7520-HQWJU","Female",False,True,True
"9639-BUJXT","Male",False,False,False
"5924-SNGKP","Female",False,False,False
"0021-IKXGC","Female",True,False,False
"8966-SNIZF","Female",False,True,False
"6243-OZGFH","Female",False,False,False
"4654-DLAMQ","Female",True,True,False
"0513-RBGPE","Male",False,True,False
"5160-UXJED","Male",False,False,False
"4115-NZRKS","Female",True,False,False
"3351-NGXYI","Female",True,False,False
"8984-EYLLL","Male",False,True,False
"9833-TGFHX","Male",False,True,False
"9294-TDIPC","Male",False,False,True
"5229-DTFYB","Female",False,False,False
"0104-PPXDV","Male",False,True,False
"5176-LMJXE","Female",False,False,False
"3583-KRKMD","Male",False,False,False
"9069-LGEUL","Male",False,True,False
"7302-ZHMHP","Female",False,False,False
"9571-EDEBV","Male",False,True,False
"3520-FJGCV","Male",False,True,True
"6563-VRERX","Male",False,True,False
"6122-EFVKN","Male",False,False,False
"2805-EDJPQ","Female",False,True,False
"6862-CQUMB","Male",False,False,False
"7156-MXBJE","Female",False,False,False
"6158-HDPXZ","Male",False,False,False
"2863-IMQDR","Female",False,False,False
"5686-CMAWK","Male",False,False,False
"5651-CRHKQ","Female",False,True,False
"8204-YJCLA","Male",True,True,False
"6583-SZVGP","Male",False,False,False
"1708-PBBOA","Female",False,False,False
"8782-LKFPK","Male",False,False,False
"5522-JBWMO","Male",False,False,True
"3597-MVHJT","Female",False,False,False
"9774-NRNAU","Male",True,True,False
"0224-RLWWD","Female",True,False,False
"9967-ATRFS","Female",False,False,False
"3951-NJCVI","Female",True,True,False
"2977-CEBSX","Female",False,False,False
"0177-PXBAT","Male",True,True,False
"2519-ERQOJ","Male",True,False,False
"5876-QMYLD","Female",False,True,False
"2277-AXSDC","Female",False,False,False
"9442-JTWDL","Female",False,False,False
"3067-SVMTC","Female",False,True,False
"5495-GPSRW","Male",False,False,False
"7606-BPHHN","Male",False,False,False
"4742-DRORA","Male",False,True,False
"0111-KLBQG","Male",True,True,True
"4163-NCJAK","Female",False,True,False
"5233-AOZUF","Female",False,True,False
"5973-EJGDP","Male",False,False,False
"1996-DBMUS","Female",True,True,False
"7916-VCCPB","Female",False,True,True
"4686-GEFRM","Male",False,True,False
"5249-QYHEX","Female",False,True,True
"2233-FAGXV","Female",False,True,True
"5605-IYGFG","Female",False,False,False
"7663-ZTEGJ","Male",False,False,False
"3935-TBRZZ","Male",False,True,False
"8111-BKVDS","Female",False,False,False
"2055-SIFSS","Female",True,True,False
"2806-MLNTI","Male",True,True,False
"8734-DKSTZ","Female",False,True,True
"4360-PNRQB","Male",False,False,False
"6152-ONASV","Female",False,True,False
"7781-HVGMK","Female",False,True,False
"2181-UAESM","Male",False,False,False
"6048-NJXHX","Male",False,True,False
"2320-SLKMB","Female",False,False,False
"4980-URKXC","Male",False,True,False
"4376-KFVRS","Male",False,True,False
"5886-VLQVU","Male",False,True,False
"3577-AMVUX","Male",False,False,False
"0771-WLCLA","Female",False,True,True
"5628-RKIFK","Female",True,False,False
"0206-TBWLC","Female",False,True,False
"2937-FTHUR","Female",False,False,True
"1910-FMXJM","Female",False,True,False
"0732-OCQOC","Female",False,True,False
"5168-MSWXT","Male",False,True,True
"1090-ESELR","Male",False,True,False
"8592-PLTMQ","Female",False,False,False
"5760-WRAHC","Female",True,False,False
"8847-GEOOQ","Male",False,True,False
"4785-FCIFB","Female",False,True,False
"8313-NDOIA","Female",False,False,False
"5149-CUZUJ","Male",False,True,False
"0942-KOWSM","Female",False,True,False
"4237-CLSMM","Male",False,True,False
"1452-VOQCH","Male",False,False,False
"4719-UMSIY","Male",False,False,True
"6614-VBEGU","Female",False,True,False
"1480-BKXGA","Male",True,True,False
"2996-XAUVF","Male",False,False,False
"9076-AXYIK","Male",True,True,False
"5968-XQIVE","Male",False,True,False
"8896-RAZCR","Female",False,False,False
"4933-IKULF","Female",True,False,False
"1304-BCCFO","Male",False,True,False
"4104-PVRPS","Male",False,True,False
"3780-DDGSE","Male",True,True,True
"4431-EDMIQ","Female",False,True,True
"0486-LGCCH","Male",False,True,True
"4612-SSVHJ","Female",True,False,False
"5168-MQQCA","Female",False,True,False
"7971-HLVXI","Male",False,True,True
"9094-AZPHK","Female",False,False,False
"3649-JPUGY","Male",False,False,False
"4472-LVYGI","Female",False,True,False
"3552-CTCYF","Male",False,True,True
"6778-YSNIH","Female",False,False,False
"5756-OZRIO","Male",True,True,False
"6579-JPICP","Male",False,False,False
"4134-BSXLX","Male",False,True,False
"0505-SPOOW","Female",False,True,False
"4374-YMUSQ","Male",False,False,False
"4513-CXYIX","Female",True,True,False
"3957-HHLMR","Female",False,True,False
"7803-XOCCZ","Female",False,True,True
"5736-YEJAX","Male",False,False,False
"8981-FJGLA","Male",False,False,True
"1135-LMECX","Female",False,False,False
"4332-MUOEZ","Male",True,True,False
"8535-SFUTN","Male",False,False,False
"8677-HDZEE","Female",False,False,False
"2475-MROZF","Male",False,False,False
"3482-ABPKK","Female",False,False,False
"6705-LXORM","Female",True,True,False
"7531-GQHME","Male",False,False,False
"5174-ITUMV","Male",False,True,True
"4109-CYRBD","Male",True,True,False
"0913-XWSCN","Male",False,True,True
"0750-EBAIU","Male",False,False,False
"8606-CIQUL","Male",True,True,True
"3571-DPYUH","Male",False,True,True
"7601-GNDYK","Male",False,True,True
"0356-OBMAC","Female",True,False,False
"8067-NIOYM","Female",False,True,True
"1403-GYAFU","Male",False,True,True
"4234-XTNEA","Male",False,False,False
"1297-VQDRP","Male",True,True,True
"5348-CAGXB","Male",False,False,False
"0621-HJWXJ","Female",False,True,False
"5844-QVTAT","Female",False,True,False
"8905-IAZPF","Female",False,True,False
"5394-MEITZ","Female",False,True,False
"6859-QNXIQ","Female",False,True,True
"2782-LFZVW","Female",False,False,False
"2866-IKBTM","Female",False,False,False
"7129-AZJDE","Male",False,True,True
"2560-PPCHE","Female",False,False,False
"4676-MQUEA","Male",True,True,False
"8138-EALND","Male",False,False,False
"3580-HYCSP","Male",False,True,True
"1352-HNSAW","Female",False,True,True
"2075-PUEPR","Male",False,True,True
"1982-FEBTD","Female",False,True,True
"5791-KAJFD","Female",False,True,False
"2654-VBVPB","Female",False,False,False
"1154-HYWWO","Male",False,False,False
"2501-XWWTZ","Male",False,False,False
"3716-UVSPD","Male",False,False,False
"6815-ABQFQ","Male",False,True,False
"7343-EOBEU","Male",False,True,False
"3701-SFMUH","Male",False,True,True
"6103-LIANB","Male",False,True,True
"7319-VENRZ","Male",False,False,False
"5846-NEQVZ","Male",False,True,False
"6967-QIQRV","Male",False,True,True
"5781-RFZRP","Male",False,True,False
"0308-IVGOK","Female",False,False,False
"7293-LSCDV","Female",False,True,True
"7025-WCBNE","Male",True,False,False
"5756-JYOJT","Female",False,False,False
"6030-REHUX","Female",True,True,False
"9548-LIGTA","Male",False,True,False
"5150-LJNSR","Male",False,True,True
"8270-RKSAP","Male",False,False,False
"6522-YRBXD","Male",True,True,False
"2640-LYMOV","Male",False,False,False
"1423-BMPBQ","Female",False,True,True
"2393-DIVAI","Female",False,False,False
"4568-KNYWR","Male",False,False,False
"8752-IMQOS","Male",False,True,False
"0742-LAFQK","Male",False,True,False
"0795-LAFGP","Male",False,True,False
"0619-OLYUR","Male",False,True,False
"5512-IDZEI","Male",False,True,False
"0459-SPZHJ","Male",False,True,False
"0215-BQKGS","Male",False,False,False
"9244-ZVAPM","Male",False,False,False
"8208-EUMTE","Male",False,False,False
"5172-MIGPM","Male",False,False,False
"1710-RCXUS","Male",False,True,False
"0374-FIUCA","Male",False,True,False
"5839-SUYVZ","Male",False,False,False
"5173-ZXXXL","Male",False,False,False
"1096-ADRUX","Female",False,True,True
"2001-MCUUW","Male",False,False,False
"2731-GJRDG","Female",False,False,False
"4723-BEGSG","Male",False,True,False
"6516-NKQBO","Male",False,True,False
"8672-OAUPW","Male",False,False,False
"8207-DMRVL","Male",False,True,True
"2804-ETQDK","Male",False,False,True
"6689-VRRTK","Female",True,False,False
"7138-GIRSH","Male",False,False,False
"9396-ZSFLL","Female",False,False,False
"6464-KEXXH","Male",False,False,False
"7134-MJPDY","Female",True,False,False
"5240-CAOYT","Female",False,False,False
"4059-IIEBK","Female",False,False,False
"4881-JVQOD","Male",True,True,True
"0516-UXRMT","Female",False,False,False
"4851-BQDNX","Male",False,True,True
"5148-HKFIR","Female",False,False,False
"3003-CMDUU","Female",False,True,False
"5016-IBERQ","Male",False,True,False
"6797-UCJHZ","Female",True,True,False
"2469-DTSGX","Female",True,False,False
"9931-KGHOA","Female",False,True,False
"1775-KWJKQ","Male",False,True,False
"7665-VIGUD","Male",False,False,False
"9411-TPQQV","Female",False,False,False
"7954-MLBUN","Male",False,False,False
"2077-DDHJK","Female",False,True,False
"9574-BOSMD","Male",False,True,True
"4908-XAXAY","Female",True,False,False
"8404-VLQFB","Female",False,True,True
"2391-IPLOP","Male",False,True,False
"3509-GWQGF","Male",True,False,False
"5845-BZZIB","Male",False,True,True
"1140-UKVZG","Female",False,False,False
"5183-SNMJQ","Male",False,False,False
"8100-PNJMH","Male",False,True,False
"7838-LAZFO","Male",False,True,False
"2085-JVGAD","Male",False,True,False
"8095-WANWK","Female",False,False,False
"3030-ZKIWL","Male",False,False,False
"9565-FLVCG","Male",False,True,False
"8755-OGKNA","Female",False,True,True
"2800-VEQXM","Female",False,False,False
"5533-RJFTJ","Male",False,False,False
"0214-JHPFW","Female",False,True,False
"5642-MHDQT","Female",False,True,False
"3088-FVYWK","Male",False,True,True
"9092-GDZKO","Male",False,False,False
"3729-OWRVL","Male",True,False,False
"2324-AALNO","Female",False,False,False
"5760-IFJOZ","Male",False,False,False
"2826-UWHIS","Male",False,True,False
"7501-IWUNG","Female",False,True,False
"4957-TREIR","Male",False,False,False
"7251-LJBQN","Female",True,False,False
"8040-MNRTF","Female",False,False,False
"1536-HBSWP","Female",False,False,False
"5313-FPXWG","Male",False,False,False
"0946-FKYTX","Male",False,False,False
"5076-YVXCM","Male",False,False,False
"8262-COGGB","Male",False,False,False
"6663-JOCQO","Male",False,True,False
"9620-QJREV","Male",False,False,False
"2682-KEVRP","Female",True,False,False
"2480-JZOSN","Female",False,True,False
"0078-XZMHT","Male",False,True,False
"9978-HYCIN","Male",True,True,True
"8338-QIUNR","Male",False,True,False
"1525-LNLOJ","Male",False,True,False
"9450-TRJUU","Male",False,False,False
"1766-GKNMI","Male",False,False,False
"6942-LBFDP","Female",False,False,False
"1456-TWCGB","Male",False,False,False
"7596-ZYWBB","Female",False,False,False
"8329-UTMVM","Male",True,False,False
"3014-WJKSM","Male",False,True,False
"3347-YJZZE","Male",False,True,True
"7929-DMBCV","Female",False,True,False
"9661-JALZV","Female",False,False,False
"5433-KYGHE","Female",False,False,True
"4312-KFRXN","Male",False,True,False
"5575-TPIZQ","Male",False,False,False
"0114-IGABW","Female",False,True,False
"9944-AEXBM","Male",False,False,False
"1853-ARAAQ","Female",False,False,False
"6952-OMNWB","Male",True,True,False
"4697-LUPSU","Male",False,True,False
"8434-VGEQQ","Male",False,True,False
"6549-YMFAW","Male",True,True,False
"4950-HKQTE","Female",False,False,False
"6786-OBWQR","Female",False,True,True
"2753-JMMCV","Male",False,False,False
"6621-YOBKI","Male",False,False,False
"1216-JWVUX","Male",False,True,True
"7564-GHCVB","Female",False,True,False
"1173-NOEYG","Female",False,True,False
"7595-EHCDL","Male",False,True,True
"6647-ZEDXT","Female",False,False,False
"2521-NPUZR","Male",False,True,False
"1307-TVUFB","Male",True,False,False
"7503-MIOGA","Female",True,True,False
"4381-MHQDC","Female",False,False,False
"6923-JHPMP","Female",False,False,False
"4018-PPNDW","Female",False,True,False
"1635-FJFCC","Female",False,False,False
"2499-AJYUA","Female",True,True,False
"6919-ELBGL","Male",True,True,False
"3966-HRMZA","Female",True,False,False
"6425-JWTDV","Male",False,True,False
"8405-IGQFX","Female",False,False,False
"8224-IVVPA","Female",False,False,False
"9477-LGWQI","Male",False,True,False
"1410-RSCMR","Male",False,True,True
"3115-CZMZD","Male",False,False,False
"0139-IVFJG","Female",False,True,False
"5730-DBDSI","Male",False,False,False
"0030-FNXPP","Female",False,False,False
"5684-FJVYR","Female",False,True,False
"4013-GUXND","Male",False,False,False
"1266-NZYUI","Female",False,True,False
"7969-FFOWG","Male",False,True,False
"4718-DHSMV","Female",False,False,False
"5175-WLYXL","Male",False,False,False
"7817-OMJNA","Male",False,False,False
"8728-SKJLR","Male",False,False,False
"3137-NYQQI","Male",False,True,False
"7706-DZNKK","Male",False,False,False
"8823-RLPWL","Female",False,True,False
"9505-SQFSW","Female",False,True,True
"3758-CKOQL","Female",False,True,False
"5676-CFLYY","Male",False,True,False
"7521-AFHAB","Female",False,True,True
"0285-INHLN","Male",False,True,True
"5125-CNDSP","Male",False,False,False
"4992-LTJNE","Male",False,True,False
"2202-OUTMO","Female",False,True,False
"0810-BDHAW","Female",False,True,False
"0229-LFJAF","Male",False,False,False
"7131-ZQZNK","Female",False,True,False
"3442-ZHHCC","Male",False,False,False
"5726-CVNYA","Female",False,True,False
"9871-ELEYA","Female",False,False,False
"4257-GAESD","Female",False,False,False
"5173-WXOQV","Male",False,True,False
"2040-OBMLJ","Male",False,False,False
"6286-ZHAOK","Female",False,True,True
"3807-XHCJH","Female",False,True,True
"5671-RQRLP","Female",True,True,False
"8859-AXJZP","Male",False,True,False
"3174-AKMAS","Female",False,True,False
"9926-PJHDQ","Female",False,True,False
"7382-DFJTU","Male",False,False,False
"2798-NYLMZ","Male",False,True,False
"8098-TDCBU","Female",False,True,False
"3551-GAEGL","Male",False,True,False
"4785-NKHCX","Male",True,False,False
"3196-NVXLZ","Female",False,False,False
"0036-IHMOT","Female",False,True,True
"4178-EGMON","Male",False,True,False
"4220-TINQT","Female",False,True,False
"5318-YKDPV","Male",False,True,False
"7975-TZMLR","Male",False,False,False
"0295-QVKPB","Male",False,False,False
"4335-BSMJS","Female",False,False,False
"9146-JRIOX","Female",False,True,True
"5337-IIWKZ","Male",False,True,True
"9650-VBUOG","Male",False,True,True
"3487-EARAT","Female",False,True,False
"2672-TGEFF","Female",False,True,True
"4250-WAROZ","Male",True,True,True
"8184-WMOFI","Male",False,True,False
"6092-QZVPP","Male",False,False,False
"4625-LAMOB","Male",False,False,False
"0392-BZIUW","Female",False,True,False
"6549-NNDYT","Female",False,False,False
"0422-OHQHQ","Female",False,True,False
"6916-HIJSE","Female",False,False,False
"2316-ESMLS","Female",False,True,False
"9778-OGKQZ","Male",False,True,False
"7408-OFWXJ","Female",False,True,False
"6007-TCTST","Female",False,True,True
"2252-NKNSI","Male",False,False,False
"8713-IGZSO","Male",False,False,False
"7905-TVXTA","Female",False,False,False
"7695-PKLCZ","Female",False,False,False
"8374-UULRV","Male",False,False,False
"3224-DFQNQ","Female",False,True,False
"5275-PMFUT","Male",False,True,False
"4795-UXVCJ","Male",False,False,False
"9777-IQHWP","Male",False,True,True
"0979-MOZQI","Male",False,True,False
"2732-ISEZX","Female",False,False,False
"0323-XWWTN","Male",False,False,True
"1937-OTUKY","Female",False,True,False
"1573-LGXBA","Male",False,True,True
"1764-VUUMT","Male",False,False,True
"4713-ZBURT","Male",False,False,True
"3050-GBUSH","Female",False,False,False
"7876-AEHIG","Female",False,False,False
"7945-HLKEA","Female",False,False,False
"9342-VNIMQ","Male",False,False,False
"3523-BRGUW","Male",True,False,False
"3199-NPKCN","Female",False,True,False
"5170-PTRKA","Female",False,True,False
"4661-NJEUX","Male",False,False,False
"2123-AGEEN","Female",True,False,False
"1258-YMZNM","Female",True,False,False
"0048-LUMLS","Male",False,True,True
"5898-IGSLP","Male",False,True,True
"6259-WJQLC","Male",True,False,False
"7997-EASSD","Female",False,True,False
"0730-KOAVE","Male",False,False,False
"8975-SKGRX","Male",False,True,False
"0678-RLHVP","Female",False,False,False
"2267-FPIMA","Male",False,True,False
"1051-GEJLJ","Female",False,False,False
"5285-MVEHD","Female",False,True,False
"0379-DJQHR","Male",False,True,False
"5543-QDCRY","Male",False,False,False
"0297-RBCSG","Male",False,False,False
"4694-PHWFW","Female",False,False,True
"0835-JKADZ","Female",False,False,False
"7508-SMHXL","Female",True,False,False
"3865-YIOTT","Male",False,True,True
"5993-BQHEA","Male",False,False,False
"6024-RUGGH","Male",False,True,True
"3956-CJUST","Female",True,False,False
"4079-WWQQQ","Male",False,False,False
"6103-BOCOU","Female",False,False,False
"5149-TGWDZ","Female",False,False,False
"7471-WNSUF","Male",False,True,False
"8942-DBMHZ","Male",False,False,False
"4301-VVZKA","Male",False,True,False
"9199-PWQVC","Female",False,True,False
"4824-GUCBY","Female",True,False,False
"5393-HJZSM","Female",False,True,True
"0862-PRCBS","Female",False,True,True
"8812-ZRHFP","Female",False,True,True
"5146-CBVOE","Female",False,False,False
"0454-OKRCT","Male",False,False,False
"5787-KXGIY","Male",False,True,False
"4198-VFOEA","Female",False,False,False
"6630-UJZMY","Female",True,True,False
"5709-LVOEQ","Female",False,True,False
"2692-AQCPF","Female",False,True,False
"0347-UBKUZ","Female",False,False,False
"0835-DUUIQ","Female",False,False,False
"0811-GSDTP","Female",False,False,True
"7567-ECMCM","Male",False,False,False
"6115-ZTBFQ","Female",False,True,False
"6353-BRMMA","Female",False,True,True
"6231-WFGFH","Male",False,True,True
"9904-EHEVJ","Female",True,True,True
"6169-PPETC","Male",False,True,True
"8584-KMVXD","Female",False,False,False
"8467-WYNSR","Male",False,False,False
"0851-DFJKB","Female",False,False,False
"5382-SOYZL","Male",False,False,False
"3261-CQXOL","Female",False,True,True
"8388-FYNPZ","Male",False,False,False
"4002-BQWPQ","Male",False,False,False
"5651-YLPRD","Female",False,True,True
"2826-DXLQO","Male",True,True,False
"4378-BZYFP","Male",False,False,False
"9489-UTFKA","Male",True,True,False
"4849-PYRLQ","Female",True,False,False
"7764-BDPEE","Male",False,False,True
"3429-IFLEM","Female",False,False,False
"5002-GCQFH","Male",False,True,False
"0556-FJEGU","Male",False,False,False
"0604-THJFP","Female",False,True,False
"5879-SESNB","Female",False,False,False
"6461-PPAXN","Female",False,True,False
"3318-ISQFQ","Female",False,False,False
"1106-HRLKZ","Male",False,True,True
"2483-XSSMZ","Female",False,False,False
"8165-ZJRNM","Female",False,True,True
"2604-XVDAM","Female",False,False,False
"3717-OFRTN","Male",False,False,False
"9046-JBFWA","Male",False,False,True
"3280-NMUVX","Male",False,True,False
"1206-EHBDD","Female",False,True,False
"1352-VHKAJ","Male",False,True,True
"8361-LBRDI","Female",False,False,False
"4883-KCPZJ","Female",False,True,True
"9108-EQPNQ","Female",False,True,True
"7277-KAMWT","Male",False,False,False
"2545-LXYVJ","Male",False,True,False
"3234-VKACU","Male",False,False,False
"8120-JDCAM","Male",False,True,True
"8917-FAEMR","Female",False,False,False
"7047-YXDMZ","Male",False,False,False
"2858-EIMXH","Female",True,True,False
"6419-ZTTLE","Male",True,True,False
"0929-HYQEW","Male",False,False,False
"6614-YOLAC","Female",False,True,False
"7426-RHZGU","Male",False,False,False
"4065-JJAVA","Female",False,False,False
"7649-SIJJF","Male",False,True,False
"9361-YNQWJ","Female",False,False,False
"3748-FVMZZ","Male",False,False,False
"9391-TTOYH","Female",False,False,False
"1452-XRSJV","Female",False,True,True
"3422-WJOYD","Male",False,True,False
"8242-SOQUO","Female",True,False,False
"7460-ITWWP","Female",True,True,False
"7147-AYBAA","Male",False,False,False
"7868-TMWMZ","Female",True,True,False
"6732-FZUGP","Female",False,False,False
"8329-GWVPJ","Female",False,True,True
"2632-TACXW","Female",False,True,False
"8146-QQKZH","Female",False,True,False
"1767-CJKBA","Male",False,False,False
"6445-TNRXS","Male",False,True,True
"4581-LNWUM","Female",False,False,False
"4869-EPIUS","Male",False,True,False
"1915-OAKWD","Female",False,False,False
"7296-PIXQY","Female",False,True,True
"3354-OADJP","Female",False,False,False
"3524-WQDSG","Female",False,True,True
"0810-DHDBD","Female",False,False,False
"4026-SKKHW","Male",False,False,False
"2829-HYVZP","Male",False,False,False
"3845-JHAMY","Female",False,True,True
"7013-PSXHK","Female",False,False,False
"3486-NPGST","Female",False,False,False
"6100-FJZDG","Male",False,True,False
"4829-ZLJTK","Female",True,True,False
"1730-VFMWO","Female",False,True,False
"7143-BQIBA","Male",False,False,False
"3800-LYTRK","Female",False,False,False
"9646-NMHXE","Male",False,True,False
"7030-NJVDP","Male",False,True,False
"8883-GRDWQ","Male",True,False,False
"7771-ZONAT","Male",False,False,False
"2111-DWYHN","Male",False,False,False
"4194-WHFCB","Female",False,True,True
"4121-AGSIN","Female",False,True,False
"9845-PEEKO","Female",True,False,False
"0455-XFASS","Female",False,True,True
"0301-KOBTQ","Male",False,False,False
"1751-NCDLI","Male",True,True,False
"4367-NUYAO","Male",False,True,True
"9170-ARBTB","Female",False,True,False
"7241-AJHFS","Male",False,False,False
"4546-FOKWR","Female",False,False,False
"9036-CSKBW","Female",False,False,False
"5832-TRLPB","Male",False,False,False
"8590-YFFQO","Male",False,True,False
"8659-IOOPU","Female",False,True,True
"1338-CECEE","Male",False,True,False
"7439-DKZTW","Male",False,False,False
"4646-QZXTF","Female",False,True,False
"9742-XOKTS","Male",False,True,True
"6921-OZMFH","Male",False,True,True
"9578-FOMUK","Male",False,False,True
"4712-UYOOI","Female",False,True,True
"7722-CVFXN","Male",False,True,True
"8717-VCTXJ","Male",False,False,False
"7363-QTBIW","Female",False,True,False
"4159-NAAIX","Female",False,False,False
"0971-QIFJK","Female",False,True,False
"9397-TZSHA","Female",False,False,False
"3391-JSQEW","Male",False,True,False
"0343-QLUZP","Male",False,False,False
"2176-LVPNX","Female",True,False,False
"3312-UUMZW","Male",False,True,False
"1271-UODNO","Male",False,False,False
"8461-EFQYM","Female",False,False,False
"6900-RBKER","Male",False,False,False
"6891-JPYFF","Female",False,True,True
"1459-QNFQT","Male",False,True,False
"1047-NNCBF","Male",False,False,False
"3696-XRIEN","Female",False,False,False
"0074-HDKDG","Male",False,True,False
"8791-GFXLZ","Male",False,False,False
"9330-DHBFL","Female",False,True,False
"0098-BOWSO","Male",False,False,False
"3452-ABWRL","Male",True,False,False
"5859-HZYLF","Male",False,True,True
"3156-QLHBO","Male",False,False,True
"2208-NQBCT","Female",False,True,True
"1779-PWPMG","Female",True,True,False
"6621-NRZAK","Female",False,True,True
"0831-JNISG","Male",False,True,True
"0774-IFUVM","Male",False,True,True
"3082-WQRVY","Male",True,True,False
"9553-DLCLU","Female",False,False,False
"1641-BYBTK","Male",False,False,True
"2460-NGXBJ","Male",True,True,True
"2446-ZKVAF","Male",False,True,False
"3522-CDKHF","Female",False,True,False
"1430-SFQSA","Male",False,False,False
"0411-EZJZE","Female",False,False,False
"8807-ARQET","Female",False,False,False
"8992-CEUEN","Female",False,False,False
"4320-QMLLA","Male",False,False,False
"8777-PVYGU","Female",False,True,False
"8292-ITGYJ","Female",False,True,True
"6870-ZWMNX","Male",False,True,False
"0621-CXBKL","Female",False,False,False
"5268-DSMNQ","Female",True,True,False
"5334-JLAXU","Female",False,True,False
"6242-MBHPK","Female",True,True,False
"9359-UGBTK","Female",False,False,False
"4782-OSFXZ","Female",True,True,False
"6479-OAUSD","Male",False,False,False
"7129-ACFOG","Female",False,False,False
"4189-NAKJS","Male",False,False,False
"5562-BETPV","Male",False,True,False
"1282-IHQAC","Male",True,False,False
"9127-FHJBZ","Male",False,True,True
"1641-RQDAY","Female",True,True,True
"6994-ORCWG","Female",False,False,False
"1346-UFHAX","Female",False,False,False
"2933-XEUJM","Female",False,False,False
"5461-QKNTN","Male",True,True,False
"4835-YSJMR","Male",False,False,False
"3164-YAXFY","Male",False,False,False
"0887-WBJVH","Female",False,True,False
"4660-IRIBM","Male",False,True,True
"7670-ZBPOQ","Female",False,True,False
"8089-UZWLX","Female",True,False,False
"0080-OROZO","Female",False,False,False
"3916-NRPAP","Male",False,False,False
"6807-SIWJI","Male",False,False,False
"8221-HVAYI","Male",False,True,False
"5232-NXPAY","Female",False,False,False
"8967-SZQAS","Female",False,False,False
"4468-KAZHE","Female",True,True,False
"0455-ENTCR","Male",False,True,False
"8944-AILEF","Male",False,True,False
"5542-NKVRU","Female",False,False,False
"7126-RBHSD","Female",False,True,False
"5370-IIVVL","Male",False,False,False
"6789-HJBWG","Female",False,False,False
"9087-EYCPR","Female",False,False,False
"6791-YBNAK","Male",False,True,True
"6077-BDPXA","Female",False,False,False
"0013-MHZWF","Female",False,False,True
"8268-YDIXR","Male",False,True,False
"4291-SHSBH","Male",False,False,False
"6980-IMXXE","Female",False,True,True
"0040-HALCW","Male",False,True,True
"0784-GTUUK","Male",False,True,False
"2294-DMMUS","Female",False,True,True
"0872-JCPIB","Male",False,False,False
"3055-MJDSB","Male",False,False,False
"9091-WTUUY","Male",False,True,False
"7115-IRDHS","Female",False,True,False
"8496-DMZUK","Male",False,False,False
"2040-VZIKE","Female",False,True,False
"9068-VPWQQ","Male",False,True,False
"0178-SZBHO","Male",False,True,True
"0384-RVBPI","Male",False,False,False
"1299-AURJA","Female",False,True,True
"4525-VZCZG","Male",False,False,True
"1543-LLLFT","Male",True,True,False
"2788-CJQAQ","Male",False,False,False
"0319-QZTCO","Female",False,True,True
"2120-SMPEX","Male",False,False,False
"0096-FCPUF","Male",False,False,False
"0668-OGMHD","Female",False,True,False
"6507-ZJSUR","Male",True,True,False
"9408-HRXRK","Female",False,True,True
"5593-SUAOO","Female",False,True,True
"6766-HFKLA","Female",False,True,False
"7617-EYGLW","Male",False,False,False
"9220-ZNKJI","Female",True,True,False
"2226-ICFDO","Female",False,True,False
"0723-VSOBE","Female",True,False,False
"5529-GIBVH","Female",False,False,False
"9992-UJOEL","Male",False,False,False
"4741-WWJQZ","Female",False,True,False
"6625-UTXEW","Female",False,True,False
"6244-BESBM","Male",False,True,True
"1004-NOZNR","Male",True,False,True
"1251-STYSZ","Female",True,False,False
"2612-PHGOX","Male",False,True,False
"8480-PPONV","Male",False,True,True
"8780-IHCRN","Male",False,True,True
"4598-ZADCK","Female",False,False,False
"1257-SXUXQ","Male",False,True,True
"9681-KYGYB","Male",True,True,False
"7182-OVLBJ","Female",False,True,True
"5095-ETBRJ","Female",False,True,False
"7005-CYUIL","Female",True,True,False
"4821-WQOYN","Female",False,True,True
"4730-AWNAU","Male",False,True,False
"3452-FLHYD","Male",False,True,False
"2388-LAESQ","Female",True,True,False
"9531-NSBMR","Female",False,False,False
"6260-ONULR","Male",False,False,False
"4389-UEFCZ","Female",False,True,False
"8711-LOBKY","Male",False,True,True
"8985-OOPOS","Female",False,False,False
"8800-ZKRFW","Female",False,True,True
"2616-FLVQC","Male",False,False,False
"9968-FFVVH","Male",False,False,False
"3108-PCCGG","Male",True,True,False
"8390-FESFV","Female",False,False,False
"3022-BEXHZ","Male",False,True,True
"6248-TKCQV","Female",False,True,False
"6729-GDNGC","Female",True,False,False
"6198-ZFIOJ","Female",False,False,False
"5989-OMNJE","Female",False,True,False
"1291-CUOCY","Male",False,True,False
"9795-SHUHB","Female",False,True,False
"3230-IUALN","Female",False,True,False
"3070-BDOQC","Female",False,False,False
"0042-RLHYP","Female",False,True,True
"4945-RVMTE","Female",False,False,False
"1866-NXPSP","Female",False,False,False
"3941-XTSKM","Male",False,True,False
"1661-CZBAU","Male",False,False,False
"5158-RIVOP","Female",False,True,True
"9788-YTFGE","Male",False,False,False
"9277-JOOMO","Female",False,False,False
"1907-YLNYW","Male",False,False,False
"8947-YRTDV","Male",False,True,True
"3161-ONRWK","Male",False,True,False
"0114-RSRRW","Female",False,True,False
"4565-NLZBV","Female",False,True,False
"6682-VCIXC","Female",False,True,False
"6475-VHUIZ","Female",False,True,False
"3910-MRQOY","Female",False,True,False
"0661-WCQNQ","Male",False,True,False
"7537-RBWEA","Female",False,False,False
"4656-CAURT","Male",False,False,False
"0121-SNYRK","Male",False,False,False
"3733-LSYCE","Female",False,True,False
"6265-FRMTQ","Male",False,False,False
"1371-DWPAZ","Female",False,True,False
"2017-CCBLH","Female",False,False,False
"7690-KPNCU","Male",False,True,False
"0536-BGFMZ","Female",False,True,False
"2293-IJWPS","Female",False,True,False
"5469-NUJUR","Male",False,False,False
"2625-TRCZQ","Female",False,True,False
"4102-HLENU","Female",False,True,False
"7266-GSSJX","Male",False,True,True
"7722-VJRQD","Male",False,True,False
"7073-QETQY","Male",False,True,False
"5624-RYAMH","Female",False,False,False
"0196-JTUQI","Female",False,False,False
"7130-YXBRO","Male",False,True,False
"9272-LSVYH","Male",False,False,False
"3084-DOWLE","Female",False,True,False
"1084-MNSMJ","Female",False,True,False
"4238-HFHSN","Male",True,True,False
"6250-CGGUN","Male",False,False,False
"5478-JJVZK","Female",False,False,False
"7596-IIWYC","Female",False,False,False
"9793-WECQC","Male",False,False,False
"4291-HPAXL","Male",False,False,True
"8999-YPYBV","Male",False,True,False
"1839-FBNFR","Female",False,True,True
"3071-MVJCD","Male",False,True,False
"1697-BCSHV","Female",False,True,True
"0562-KBDVM","Female",False,False,False
"1131-SUEKT","Male",False,True,True
"3717-OEAUQ","Male",False,False,False
"4538-WNTMJ","Female",False,True,False
"9432-RUVSL","Female",False,False,False
"8060-HIWJJ","Male",False,False,False
"7684-XSZIY","Male",False,True,True
"9089-UOWJG","Female",False,True,True
"8039-ACLPL","Female",False,True,False
"9885-AIBVB","Male",False,True,False
"1934-MKPXS","Male",False,True,False
"2592-YKDIF","Female",False,False,False
"2272-JKMSI","Female",False,True,True
"8714-CTZJW","Female",False,False,False
"3569-EDBPQ","Female",False,False,False
"3131-NWVFJ","Female",False,True,False
"7521-YXVZY","Male",False,False,True
"2373-NTKOD","Male",False,False,False
"1970-KKFWL","Female",False,False,False
"9337-SRRNI","Male",False,False,True
"0895-UADGO","Male",False,False,False
"5678-VFNEQ","Female",False,True,False
"5977-CKHON","Female",False,True,True
"2692-BUCFV","Male",True,False,False
"1830-GGFNM","Male",False,True,True
"5302-BDJNT","Male",False,False,False
"5223-UZAVK","Male",False,False,False
"4859-ZSRDZ","Female",False,True,False
"5651-WYIPH","Female",True,False,False
"9350-VLHMB","Male",False,True,True
"3498-LZGQZ","Male",False,True,True
"8785-CJSHH","Female",False,True,False
"3870-SPZSI","Female",False,True,True
"6234-PFPXL","Male",False,True,False
"7560-QRBXH","Female",False,False,False
"7077-XJMET","Male",False,True,False
"8752-GHJFU","Male",True,True,False
"6896-SRVYQ","Male",True,False,False
"4652-ODEVH","Male",False,True,True
"6510-UPNKS","Female",False,False,False
"6718-BDGHG","Female",False,True,False
"9046-DQMTP","Male",False,False,False
"6439-LAJXL","Male",False,True,False
"9052-VKDUW","Female",True,True,False
"1666-JZPZT","Male",False,False,False
"5777-KJIRB","Female",False,False,False
"7677-SJJJK","Male",False,True,False
"2480-EJWYP","Female",True,True,False
"3253-HKOKL","Female",False,True,True
"7055-HNEOJ","Male",False,True,False
"5514-YQENT","Male",False,False,True
"3211-AAPKX","Male",False,False,False
"8445-DNBAE","Male",False,False,True
"2958-NHPPS","Male",False,False,False
"6806-YDEUL","Female",True,False,False
"1735-XMJVH","Male",False,True,True
"6890-PFRQX","Male",False,False,False
"0222-CNVPT","Male",True,False,False
"5899-OUVKV","Male",False,False,False
"8681-ICONS","Male",False,True,True
"1621-YNCJH","Female",False,True,False
"6362-QHAFM","Male",False,True,False
"9824-QCJPK","Male",False,True,False
"4283-IVYCI","Male",False,False,False
"1866-OBPNR","Male",False,True,True
"8205-MQUGY","Male",False,True,True
"8970-ANWXO","Female",False,False,False
"9480-BQJEI","Male",False,False,False
"6979-TNDEU","Female",False,False,False
"9777-WJJPR","Male",False,True,False
"9495-SKLKD","Male",False,True,True
"6048-UWKAL","Female",True,True,False
"5067-DGXLL","Male",False,False,False
"6281-FKEWS","Female",False,False,False
"8898-KASCD","Male",False,False,False
"9242-TKFSV","Male",False,True,False
"9290-SHCMB","Female",True,False,False
"0743-HNPFG","Female",False,True,False
"2277-BKJKN","Female",True,True,False
"5035-PGZXH","Female",False,False,False
"8695-WDYEA","Male",False,False,False
"6543-JXSOO","Female",False,True,False
"8016-ZMGMO","Female",True,True,False
"8605-ITULD","Female",False,False,False
"6416-YJTTB","Male",False,False,False
"4472-VESGY","Female",False,True,True
"3195-TQDZX","Male",False,False,False
"3128-YOVTD","Female",False,True,True
"1728-CXQBE","Male",True,True,False
"7041-TXQJH","Female",False,False,False
"5014-GSOUQ","Male",False,False,False
"5724-BIDBU","Male",False,True,False
"0481-SUMCB","Female",True,False,False
"1769-GRUIK","Female",False,False,False
"8819-WFGGJ","Male",False,True,False
"7427-AUFPY","Male",False,False,False
"2811-POVEX","Female",True,True,True
"7898-PDWQE","Male",False,True,False
"9972-EWRJS","Female",False,True,True
"9314-IJWSQ","Female",False,True,True
"5799-JRCZO","Female",False,False,True
"1921-KYSAY","Female",False,False,False
"6198-RTPMF","Female",False,True,False
"2924-KHUVI","Male",False,True,False
"1925-GMVBW","Female",False,False,False
"6184-DYUOB","Female",False,True,False
"9207-ZPANB","Male",False,False,False
"9327-QSDED","Male",False,False,False
"1656-DRSMG","Female",False,False,False
"3012-VFFMN","Female",False,True,True
"2984-AFWNC","Female",False,False,False
"0640-YJTPY","Male",False,True,True
"8096-LOIST","Female",False,False,False
"9764-REAFF","Female",False,True,False
"7107-UBYKY","Female",False,True,True
"4881-GQJTW","Male",False,False,False
"7876-DNYAP","Female",False,True,True
"7905-NJMXS","Male",True,True,False
"2882-WDTBA","Male",False,True,False
"2091-GPPIQ","Female",False,True,False
"5071-FBJFS","Female",False,True,True
"2796-UUZZO","Male",False,True,True
"2429-AYKKO","Male",False,False,False
"9798-OPFEM","Female",False,False,False
"3794-NFNCH","Male",False,True,False
"5193-QLVZB","Male",False,False,False
"7114-AEOZE","Female",False,False,False
"5522-NYKPB","Male",False,True,True
"9957-YODKZ","Male",True,True,False
"6518-KZXCB","Male",False,False,False
"2245-ADZFJ","Female",False,True,False
"7776-QGYJC","Female",False,True,True
"9313-QOLTZ","Male",False,False,False
"4672-FOTSD","Male",False,False,False
"9818-XQCUV","Female",False,False,False
"7338-ERIVA","Male",False,False,False
"8259-NFJTV","Female",False,True,True
"3223-DWFIO","Male",True,False,False
"6968-GMKPR","Female",False,False,False
"4751-ERMAN","Male",False,True,False
"1436-ZMJAN","Female",False,True,False
"3292-PBZEJ","Male",True,False,False
"0799-DDIHE","Female",False,True,True
"3070-FNFZQ","Female",False,True,True
"2812-SFXMJ","Male",False,False,True
"5014-WUQMG","Male",False,True,True
"5312-TSZVC","Female",False,False,False
"0993-OSGPT","Female",True,True,False
"7108-DGVUU","Female",True,True,False
"2782-JEEBU","Male",False,False,False
"5127-BZENZ","Female",False,True,False
"2720-FVBQP","Female",False,True,True
"9906-NHHVC","Female",True,False,False
"4522-XRWWI","Male",False,True,False
"3766-EJLFL","Female",False,True,True
"5939-SXWHM","Male",False,True,True
"8152-UOBNY","Female",True,False,False
"7351-KYHQH","Female",True,False,False
"7643-RCHXS","Female",False,True,True
"8246-SHFGA","Male",False,False,False
"0620-XEFWH","Male",False,True,True
"6485-QXWWE","Female",False,False,True
"7321-VGNKU","Female",False,True,False
"5327-CNLUQ","Male",False,True,False
"7552-KEYGT","Male",False,True,False
"5816-JMLGY","Female",False,True,False
"2927-QRRQV","Male",False,True,False
"6265-SXWBU","Male",False,True,True
"7941-RCJOW","Male",False,False,False
"6374-NTQLP","Male",True,True,True
"2387-KDZQY","Male",False,False,False
"3584-WKTTW","Male",False,True,False
"3399-BMLVW","Male",False,True,False
"1971-DTCZB","Female",False,True,False
"3374-PZLXD","Male",False,False,False
"3813-DHBBB","Male",False,True,False
"2812-REYAT","Female",False,True,False
"6518-PPLMZ","Male",False,True,True
"4939-KYYPY","Male",False,False,False
"5930-GBIWP","Male",False,False,False
"6022-KOUQO","Female",False,True,True
"2361-UPSND","Female",False,True,False
"6035-RIIOM","Female",False,False,False
"9504-DSHWM","Male",False,False,False
"5035-BVCXS","Male",False,False,False
"6267-DCFFZ","Female",True,True,False
"3533-UVMOM","Male",False,True,False
"2439-LYPMQ","Male",True,True,False
"1478-VPOAD","Female",False,False,False
"9995-HOTOH","Male",False,True,False
"2988-PLAHS","Female",False,False,False
"1371-OJCEK","Female",False,False,False
"4999-IEZLT","Male",False,False,False
"8883-ANODQ","Female",False,True,True
"2351-RRBUE","Female",False,True,False
"5980-BDHPY","Male",False,True,False
"1498-DQNRX","Female",False,True,False
"9469-WEJBT","Male",False,True,False
"2581-VKIRT","Female",False,True,False
"7426-WEIJX","Male",True,True,True
"2851-MMUTZ","Female",False,False,False
"3307-TLCUD","Male",False,True,False
"6625-FLENO","Male",False,True,False
"2967-MXRAV","Male",False,True,False
"8189-HBVRW","Female",False,False,False
"4163-KIUHY","Male",False,False,False
"3500-NSDOA","Male",False,True,False
"1171-TYKUR","Male",False,True,False
"3761-FLYZI","Female",True,True,False
"1219-NNDDO","Female",False,False,False
"8388-DMKAE","Female",False,False,False
"4403-BWPAY","Male",False,False,False
"9659-QEQSY","Female",False,False,False
"5405-ZMYXQ","Female",False,False,False
"1442-OKRJE","Male",False,True,True
"4737-AQCPU","Male",False,True,False
"2808-CHTDM","Female",False,True,True
"0793-TWELN","Female",False,False,False
"3283-WCWXT","Male",False,True,True
"1060-ENTOF","Female",True,True,False
"0999-QXNSA","Male",True,False,True
"5451-MHQOF","Male",False,True,False
"4836-WNFNO","Female",False,True,False
"9225-BZLNZ","Male",False,True,False
"0354-VXMJC","Male",False,True,True
"4422-QVIJA","Female",False,False,True
"9365-SRSZE","Male",True,True,False
"8332-OSJDW","Male",False,True,False
"4735-BJKOU","Female",False,False,False
"0274-JKUJR","Male",False,True,True
"5740-YHGTW","Male",False,True,True
"8917-SZTTJ","Male",False,True,True
"1696-MZVAU","Male",False,True,False
"7359-WWYJV","Male",False,True,False
"4906-ZHGPK","Male",False,True,False
"3795-GWTRD","Female",False,True,False
"1298-PHBTI","Male",False,True,True
"6223-DHJGV","Female",False,False,False
"6961-MJKBO","Male",False,False,False
"8158-WPEZG","Male",False,False,False
"4918-FYJNT","Female",True,True,False
"0727-BNRLG","Male",False,False,False
"4854-CIDCF","Female",True,False,False
"3280-MRDOF","Male",True,False,False
"6435-SRWBJ","Female",False,False,False
"9964-WBQDJ","Female",False,True,False
"6303-KFWSL","Female",False,False,False
"1702-CCFNJ","Male",False,True,False
"8932-CZHRQ","Male",False,False,False
"0386-CWRGM","Female",False,True,True
"5515-RUGKN","Male",False,False,False
"0404-AHASP","Male",False,True,False
"7279-NMVJC","Female",False,False,False
"2081-VEYEH","Male",False,False,False
"6407-UTSLV","Female",True,False,False
"9060-HJJRW","Female",False,False,False
"2587-YNLES","Female",False,True,True
"7398-SKNQZ","Female",False,True,False
"5935-FCCNB","Female",True,False,False
"1958-RNRKS","Male",False,True,False
"5136-RGMZO","Male",False,False,False
"8345-MVDYC","Female",False,False,False
"8226-BXGES","Male",False,True,False
"9705-IOVQQ","Male",True,True,True
"1015-OWJKI","Male",False,False,False
"2040-XBAVJ","Male",False,True,True
"8887-IPQNC","Female",False,True,False
"8646-JCOMS","Female",False,True,False
"1222-KJNZD","Male",False,True,True
"0106-GHRQR","Male",False,False,False
"3768-VHXQO","Male",False,True,False
"8952-WCVCD","Female",False,True,False
"2418-TPEUN","Female",False,True,True
"3963-RYFNS","Female",False,False,False
"8540-ZQGEA","Female",False,True,False
"1320-REHCS","Male",True,False,False
"4137-JOPHL","Female",False,False,False
"7801-CEDNV","Male",False,True,False
"2057-BOYKM","Female",True,True,False
"3658-QQJYD","Male",False,False,False
"1803-BGNBD","Female",False,False,False
"0134-XWXCE","Female",True,False,False
"6950-TWMYB","Male",False,True,True
"5848-FHRFC","Female",False,False,False
"2243-FNMMI","Male",False,False,False
"2511-MORQY","Male",False,True,False
"5356-KZCKT","Male",False,False,False
"9470-XCCEM","Male",False,True,True
"6519-CFDBX","Female",False,False,False
"3902-MIVLE","Male",False,True,False
"0409-WTMPL","Female",False,True,False
"8763-KIAFH","Female",False,True,False
"3669-WHAFY","Female",False,True,False
"3055-VTCGS","Female",False,False,False
"3144-KMTWZ","Male",False,True,False
"2007-QVGAW","Female",False,True,True
"5207-PLSTK","Male",False,True,True
"2307-FYNNL","Male",True,False,False
"5605-XNWEN","Male",True,True,False
"2155-AMQRX","Female",False,False,False
"6181-AXXYF","Male",False,True,True
"5091-HFAZW","Female",False,False,False
"2519-LBNQL","Male",True,True,False
"8623-ULFNQ","Female",True,False,False
"1568-LJSZU","Male",False,True,False
"7789-HKSBS","Female",True,True,False
"7416-CKTEP","Female",False,True,False
"2586-CWXVV","Male",False,True,False
"2348-KCJLT","Female",False,True,False
"8401-EMUWF","Male",False,True,True
"4193-IBKSW","Male",False,True,True
"5377-NDTOU","Female",False,True,False
"2474-LCNUE","Female",False,True,False
"0839-QNXME","Female",False,False,False
"3506-OVLKD","Male",False,False,False
"6650-VJONK","Male",False,False,False
"2178-PMGCJ","Male",False,False,False
"7492-TAFJD","Male",False,True,False
"2773-MADBQ","Female",False,False,False
"6016-LVTJQ","Female",False,True,True
"7860-KSUGX","Male",False,True,False
"8966-KZXXA","Male",False,True,True
"5149-QYTTU","Female",False,True,True
"2070-XYMFH","Female",True,False,False
"2085-BOJKI","Male",False,True,False
"0817-HSUSE","Male",False,False,False
"5442-PPTJY","Male",False,True,True
"1927-QEWMY","Female",False,True,False
"1663-MHLHE","Male",False,False,False
"5663-QBGIS","Male",True,True,False
"4450-MDZFX","Male",False,True,True
"6701-DHKWQ","Female",False,True,False
"7554-AKDQF","Female",False,True,False
"0794-YVSGE","Male",False,True,True
"5423-BHIXO","Female",False,False,False
"6908-VVYHM","Male",False,True,False
"2959-EEXWB","Female",False,True,True
"1839-UMACK","Male",False,False,False
"3030-YDNRM","Male",False,False,False
"7321-KKSDU","Male",False,False,True
"3402-XRIUO","Female",True,True,False
"8286-AFUYI","Male",False,False,False
"8356-WUAOJ","Female",False,True,False
"8058-DMYRU","Male",True,False,False
"9350-ZXYJC","Female",False,False,False
"8958-JPTRR","Female",False,True,False
"6959-GQEGV","Male",False,False,False
"3173-WSSUE","Female",False,True,True
"1265-HVPZB","Male",False,True,False
"4115-UMJFQ","Male",False,False,False
"7369-TRPFD","Male",False,False,False
"1098-KFQEC","Female",False,True,True
"7190-XHTWJ","Female",False,False,False
"3537-RYBHH","Female",True,True,False
"5296-BFCYD","Male",False,True,True
"9359-JANWS","Female",False,True,False
"3279-DYZQM","Male",False,True,True
"0523-VNGTF","Female",True,False,False
"9575-IWCAZ","Male",False,True,False
"7105-MXJLL","Female",True,True,False
"7064-FRRSW","Male",True,False,False
"7940-UQQUG","Female",False,True,True
"3961-SXAXY","Male",False,False,False
"7010-BRBUU","Male",False,True,True
"3566-HJGPK","Male",False,False,False
"3062-ICYZQ","Female",False,True,True
"9938-PRCVK","Female",False,True,True
"0973-KYVNF","Female",False,True,False
"5129-HHMZC","Female",False,True,False
"9637-CDTKZ","Male",False,True,False
"3946-JEWRQ","Male",False,True,False
"7873-CVMAW","Male",False,False,False
"0463-WZZKO","Male",False,False,False
"4524-QCSSM","Male",False,False,False
"5832-EXGTT","Male",False,True,True
"2039-JONDJ","Male",False,False,False
"7217-JYHOQ","Male",False,True,True
"6695-FRVEC","Male",False,True,False
"9894-QMIMJ","Female",False,False,False
"8069-YQQAJ","Male",False,False,False
"1636-NTNCO","Male",True,False,False
"3466-WAESX","Male",False,False,True
"9281-PKKZE","Female",False,True,False
"3638-VBZTA","Male",False,False,False
"7459-IMVYU","Male",False,False,False
"8563-OYMQY","Male",False,False,False
"0754-EEBDC","Male",False,True,True
"5777-ZPQNC","Female",False,False,False
"1951-IEYXM","Male",False,True,False
"3318-NMQXL","Male",False,False,False
"1022-RKXDR","Female",False,False,False
"2361-FJWNO","Male",False,False,False
"2272-UOINI","Female",False,False,False
"8232-UTFOZ","Male",False,False,False
"3750-YHRYO","Male",False,True,False
"6637-KYRCV","Female",False,True,True
"5668-MEISB","Female",False,True,True
"0129-QMPDR","Male",False,True,False
"7188-CBBBA","Female",False,False,False
"5356-CSVSQ","Female",False,False,False
"3221-CJMSG","Male",False,False,False
"3219-JQRSL","Female",True,True,False
"2801-NISEI","Male",False,False,False
"4623-ZKHLY","Male",False,True,False
"6732-VAILE","Male",False,True,False
"8201-AAXCB","Male",False,True,True
"7696-CFTAT","Male",False,True,True
"1845-CSBRZ","Female",True,True,True
"2123-VSCOT","Female",False,True,False
"2018-QKYGT","Male",False,True,True
"2792-VPPET","Male",False,False,False
"7409-JURKQ","Female",False,True,False
"3247-MHJKM","Male",False,False,False
"1964-SVLEA","Male",False,False,False
"7297-DVYGA","Female",False,False,False
"2239-CGBUZ","Female",False,True,False
"0854-UYHZD","Female",False,True,True
"7243-LCGGZ","Female",False,False,False
"8267-KFGYD","Male",False,False,True
"4890-VMUAV","Male",False,False,False
"9261-WDCAF","Male",False,False,False
"3764-MNMOI","Male",False,False,False
"7442-YGZFK","Male",False,False,False
"8229-BUJHX","Female",False,True,True
"7449-HVPIV","Male",False,True,True
"5504-WSIUR","Female",False,False,False
"8466-PZBLH","Male",False,True,True
"8735-IJJEG","Male",False,True,False
"0564-MUUQK","Female",False,True,True
"0701-RFGFI","Female",False,True,True
"0019-EFAEP","Female",False,False,False
"5619-PTMIK","Female",False,True,False
"3737-XBQDD","Male",False,False,False
"5882-CMAZQ","Female",False,True,True
"5846-QFDFI","Female",False,True,True
"4445-KWOKW","Female",False,False,False
"3511-APPBJ","Male",False,False,False
"7967-HYCDE","Male",False,False,False
"2430-RRYUW","Male",False,False,False
"3723-BFBGR","Male",True,False,False
"5447-WZAFP","Female",False,False,False
"5110-CHOPY","Female",False,False,False
"4425-OWHWB","Female",False,False,False
"7892-QVYKW","Female",False,True,True
"9675-ICXCT","Male",False,True,False
"4703-MQYKT","Male",False,False,False
"5692-ICXLW","Male",True,False,False
"0602-DDUML","Female",False,False,False
"2208-MPXIO","Female",False,True,True
"1960-UYCNN","Male",False,False,False
"3190-FZATL","Male",False,False,True
"7336-RLLRH","Male",False,True,False
"7710-JSYOA","Female",False,True,True
"9885-MFVSU","Female",False,True,False
"0607-MVMGC","Male",False,True,False
"3365-SAIGS","Female",False,False,False
"8022-BECSI","Male",False,False,False
"9993-LHIEB","Male",False,True,False
"0266-CLZKZ","Female",False,True,True
"7020-OZKXZ","Female",True,False,False
"3977-QCRSL","Female",False,False,False
"0017-DINOC","Male",False,False,False
"7639-OPLNG","Male",False,True,False
"1492-QGCLU","Male",False,True,True
"7328-OWMOM","Female",False,False,False
"4418-LZMSV","Male",False,True,True
"5155-AZQPB","Female",False,True,True
"1087-GRUYI","Male",False,True,False
"2546-KZAAT","Male",False,True,False
"0181-RITDD","Male",False,True,True
"5989-PGKJB","Female",False,False,False
"8272-ONJLV","Male",False,False,False
"1488-PBLJN","Female",False,True,True
"0308-GIQJT","Male",True,False,False
"3778-FOAQW","Female",False,True,False
"4452-ROHMO","Female",False,False,False
"3090-LETTY","Male",False,False,True
"5349-AZPEW","Female",False,True,True
"9720-JJJOR","Male",False,True,False
"8100-HZZLJ","Female",False,False,True
"8775-ERLNB","Male",True,True,False
"8309-IEYJD","Female",True,False,False
"7398-HPYZQ","Male",False,True,False
"3546-GHEAE","Male",False,False,False
"7361-YPXFS","Female",True,False,False
"6557-BZXLQ","Male",True,False,False
"2550-QHZGP","Male",False,False,False
"7519-JTWQH","Female",False,False,False
"2538-OIMXF","Female",False,False,True
"8543-MSDMF","Male",False,False,False
"1170-SASML","Female",False,True,False
"4872-JCVCA","Female",False,True,False
"5346-BZCHP","Female",False,True,True
"2038-LLMLM","Female",False,False,False
"1216-BGTSP","Male",False,False,False
"4138-NAXED","Male",False,False,False
"0744-BIKKF","Male",False,False,False
"7483-IQWIB","Male",False,True,True
"5248-KWLAR","Male",False,True,False
"7996-MHXLW","Female",False,False,False
"7833-PKIHD","Male",False,True,False
"7061-OVMIM","Female",False,True,False
"5153-RTHKF","Female",False,False,False
"1852-QSWCD","Male",False,True,True
"4832-VRBMR","Male",True,True,False
"9079-LWTFD","Male",False,False,False
"3392-EHMNK","Female",False,True,True
"5986-WWXDV","Male",False,False,False
"3061-BCKYI","Male",False,False,False
"7901-TBKJX","Male",True,False,False
"7228-PAQPD","Female",False,False,False
"7746-QYVCO","Male",False,True,False
"5804-HYIEZ","Male",False,True,True
"9919-FZDED","Male",True,True,False
"5934-TSSAU","Female",False,True,True
"3486-KHMLI","Male",False,False,True
"6784-XYJAE","Female",False,False,False
"3933-DQPWX","Female",False,False,False
"6661-EIPZC","Female",False,True,True
"8957-THMOA","Female",False,False,True
"2251-PYLPB","Male",False,True,False
"5555-RNPGT","Male",False,False,True
"1057-FOGLZ","Female",False,False,False
"8087-LGYHQ","Male",False,False,False
"4137-BTIKL","Male",False,False,False
"2190-BCXEC","Female",False,True,False
"6227-FBDXH","Male",False,True,False
"2911-WDXMV","Male",False,False,True
"7206-PQBBZ","Male",True,True,False
"4547-FZJWE","Male",False,True,False
"7422-WNBTY","Male",False,True,False
"0842-IWYCP","Female",False,False,False
"3521-HTQTV","Male",False,False,False
"3744-ZBHON","Female",False,False,False
"3373-DIUUN","Male",False,True,True
"8383-SGHJU","Female",False,False,False
"7607-QKKTJ","Male",False,True,True
"7707-PYBBH","Male",False,False,False
"8984-HPEMB","Female",False,False,False
"4139-DETXS","Female",False,True,False
"9779-DPNEJ","Female",False,True,True
"9805-FILKB","Male",False,True,False
"5793-YOLJN","Female",False,True,True
"0673-IGUQO","Male",False,False,False
"4123-FCVCB","Female",False,False,False
"8819-IMISP","Male",False,False,False
"8311-UEUAB","Female",False,True,False
"5858-EAFCZ","Male",False,False,False
"1163-ONYEY","Male",False,True,True
"5656-MJEFC","Male",False,True,False
"6082-OQFBA","Male",False,True,False
"8974-OVACP","Female",False,False,False
"4010-YLMVT","Female",False,False,False
"1379-FRVEB","Male",False,False,True
"8612-GXIDD","Male",False,True,True
"6288-CHQJB","Female",False,True,False
"8160-HOWOX","Female",False,False,False
"6648-INWPS","Male",False,True,True
"4223-BKEOR","Female",False,False,False
"4079-VTGLK","Male",True,True,False
"1763-WQFUK","Male",False,False,False
"1391-UBDAR","Male",False,False,False
"8894-JVDCV","Female",False,False,False
"2023-VQFDL","Male",False,False,False
"1345-GKDZZ","Male",False,False,True
"2014-MKGMH","Female",False,False,False
"5628-FCGYG","Male",False,False,False
"2560-WBWXF","Male",False,False,False
"0248-IPDFW","Female",False,False,False
"7978-DKUQH","Female",False,True,False
"4335-UPJSI","Female",False,False,True
"1784-EZDKJ","Male",False,True,False
"9297-FVVDH","Female",False,True,False
"8007-YYPWD","Female",False,False,False
"7101-HRBLJ","Female",False,True,False
"6635-CPNUN","Male",False,True,False
"5453-YBTWV","Male",False,True,True
"5039-LZRQT","Female",False,False,False
"2931-VUVJN","Female",True,True,False
"6418-PIQSP","Female",False,True,False
"8220-OCUFY","Female",False,False,False
"3995-WFCSM","Female",False,False,False
"1895-QTKDO","Female",False,False,False
"2038-OEQZH","Male",False,False,False
"1178-PZGAB","Female",False,False,False
"2626-VEEWG","Male",False,True,True
"2878-RMWXY","Male",True,True,False
"1657-DYMBM","Male",False,True,False
"7311-MQJCH","Female",False,False,False
"7375-WMVMT","Male",True,True,False
"1136-XGEQU","Female",False,True,False
"2530-FMFXO","Male",False,True,True
"6844-DZKRF","Male",False,False,False
"5970-GHJAW","Male",False,True,True
"8879-XUAHX","Male",False,True,False
"3689-MOZGR","Female",False,False,False
"4195-PNGZS","Male",False,True,True
"5003-XZWWO","Male",False,True,False
"7622-FWGEW","Male",True,True,False
"6922-NCEDI","Male",False,False,False
"9891-NQDBD","Female",False,True,False
"6131-IUNXN","Female",False,True,True
"8548-AWOFC","Male",False,True,False
"9798-DRYDS","Female",False,True,False
"8532-UEFWH","Male",False,True,True
"6296-DDOOR","Female",False,False,False
"7951-VRDVK","Female",False,False,False
"4815-YOSUK","Male",False,True,True
"0380-NEAVX","Male",True,False,False
"4365-MSDYN","Male",False,True,False
"7036-TYDEC","Female",False,False,False
"5802-ADBRC","Female",False,True,False
"8076-FEZKJ","Male",False,False,False
"5197-YPYBZ","Female",False,True,True
"4312-GVYNH","Female",False,True,False
"8495-LJDFO","Female",True,False,False
"0839-JTCUD","Female",False,True,False
"5494-WOZRZ","Female",False,True,False
"1302-UHBDD","Male",True,False,False
"2234-EOFPT","Male",False,True,False
"8619-IJNDK","Female",False,True,False
"8378-LKJAF","Male",False,True,True
"1153-GNOLC","Male",False,False,False
"3298-QEICA","Female",False,True,False
"0788-DXBFY","Male",False,True,False
"3597-YASZG","Female",True,True,False
"3496-LFSZU","Male",False,True,False
"5242-UOWHD","Male",False,True,True
"6479-SZPLM","Male",False,True,True
"8097-VBQTZ","Male",False,False,False
"4500-HKANN","Male",False,True,False
"9917-KWRBE","Female",False,True,False
"3420-ZDBMA","Male",True,False,False
"2212-LYASK","Male",False,True,False
"1393-IMKZG","Female",False,False,False
"8069-RHUXK","Female",False,True,False
"3398-GCPMU","Female",True,True,False
"2908-WGAXL","Female",False,True,True
"3378-AJRAO","Male",False,True,False
"1013-QCWAM","Female",True,True,False
"6050-FFXES","Female",False,True,False
"0362-RAOQO","Female",False,False,False
"9554-DFKIC","Male",False,True,True
"5527-ACHSO","Female",False,False,False
"0829-DDVLK","Female",False,False,False
"1399-UBQIU","Male",False,False,False
"1813-JLKWR","Female",False,True,False
"0336-PIKEI","Male",True,True,False
"7322-OCWHC","Male",True,True,False
"9537-VHDTA","Female",False,False,True
"4957-TIALW","Female",False,False,False
"2054-PJOCK","Female",False,False,False
"9150-HEPMB","Male",False,False,False
"9030-QGZNL","Female",False,False,False
"3126-WQMGH","Female",False,True,False
"7176-WRTNX","Male",False,False,False
"5732-IKGQH","Male",True,True,False
"9239-GZHZE","Female",False,True,False
"7205-BAIAD","Female",False,False,False
"0093-EXYQL","Female",True,False,False
"8064-RAVOH","Male",False,False,True
"0219-QAERP","Male",False,True,False
"9168-INPSZ","Female",True,True,False
"0015-UOCOJ","Female",True,False,False
"5334-AFQJB","Male",True,False,False
"2754-SDJRD","Female",True,False,False
"8963-JLGJT","Male",False,False,True
"1465-LNTLJ","Male",True,True,False
"2135-DQWAQ","Female",False,False,False
"4056-QHXHZ","Female",False,True,True
"7401-JIXNM","Female",False,True,False
"9339-FIIJL","Male",False,True,False
"4706-DGAHW","Male",True,False,False
"6670-MFRPK","Male",False,True,True
"6177-PEVRA","Female",False,False,False
"4813-HQMGZ","Female",False,True,False
"7579-KKLOE","Male",False,True,False
"8402-EIVQS","Male",False,True,False
"4947-DSMXK","Male",False,True,True
"7245-NIIWQ","Female",False,False,False
"0002-ORFBO","Female",False,True,False
"3324-OIRTO","Male",False,True,True
"5414-OFQCB","Male",False,False,False
"4967-WPNCF","Male",False,False,False
"8552-OBVRU","Female",True,True,True
"8499-BRXTD","Male",False,False,False
"9154-QDGTH","Male",False,True,True
"8197-BFWVU","Female",False,True,False
"2577-GVSIL","Male",False,True,False
"9367-OIUXP","Male",False,False,False
"6770-UAYGJ","Female",False,True,True
"6463-HHXJR","Female",False,True,True
"7928-VJYAB","Male",False,True,True
"1187-WILMM","Male",False,True,False
"9776-OJUZI","Female",True,False,False
"1306-RPWXZ","Female",False,False,True
"3097-PYWXL","Female",False,True,True
"2266-SJNAT","Female",False,True,False
"0869-PAPRP","Female",True,True,False
"4238-JSSWH","Female",True,True,False
"2972-YDYUW","Female",False,False,False
"1104-FEJAM","Male",False,True,True
"2809-ILCYT","Female",False,True,False
"5499-ECUTN","Female",False,True,False
"4981-FLTMF","Female",False,True,True
"9121-PHQSR","Male",True,True,False
"3113-IWHLC","Male",False,False,False
"4277-BWBML","Male",False,True,True
"0234-TEVTT","Female",False,True,True
"4304-TSPVK","Female",False,True,False
"1552-AAGRX","Female",False,False,False
"2637-FKFSY","Female",False,True,False
"9796-MVYXX","Female",True,False,False
"7874-ECPQJ","Female",False,False,True
"0020-INWCK","Female",False,True,True
"7089-RKVSZ","Male",False,True,False
"2683-JXWQQ","Male",False,True,True
"9548-ZMVTX","Male",False,True,True
"8739-XNIKG","Female",False,False,False
"9755-JHNMN","Female",False,False,False
"3981-QSVQI","Male",False,False,False
"2789-HQBOU","Male",False,False,False
"9424-CMPOG","Male",False,True,True
"5067-WJEUN","Male",False,True,True
"3450-WXOAT","Male",False,False,False
"9251-WNSOD","Female",False,True,False
"6974-DAFLI","Female",False,True,False
"2616-UUTFK","Male",False,True,False
"7064-JHXCE","Male",False,True,True
"7989-AWGEH","Male",False,True,True
"4373-VVHQL","Male",False,False,False
"4559-UWIHT","Male",False,True,False
"7268-IGMFD","Male",True,False,False
"6650-BWFRT","Female",False,True,False
"9570-KYEUA","Male",False,False,False
"6993-YGFJV","Male",False,True,False
"2712-SYWAY","Female",False,False,False
"0730-BGQGF","Male",False,True,True
"5498-IBWPI","Female",False,True,True
"9101-NTIXF","Male",False,False,False
"0013-SMEOE","Female",True,True,False
"9314-QDMDW","Male",False,False,False
"9308-ANMVE","Male",False,False,True
"3413-DHLPB","Male",False,True,True
"7649-PHJVR","Male",False,False,False
"6114-TCFID","Female",False,False,False
"3787-TRIAL","Male",False,True,True
"2573-GYRUU","Male",True,True,False
"5156-UMKOW","Female",False,False,True
"1247-QBVSH","Female",False,True,True
"6734-GMPVK","Male",False,False,False
"9822-OAOVB","Female",False,False,False
"6161-ERDGD","Male",False,True,True
"1226-JZNKR","Female",False,True,False
"7318-EIVKO","Male",False,False,False
"3771-PZOBW","Male",False,False,False
"8231-BSWXX","Male",False,False,False
"6486-LHTMA","Female",True,True,False
"4083-BFNYK","Female",True,True,False
"7389-KBFIT","Female",False,True,True
"7176-WIONM","Female",False,True,False
"5141-ZUVBH","Female",False,False,True
"1089-HDMKP","Male",True,False,True
"7623-HKYRK","Male",False,False,True
"0310-SUCIN","Female",False,True,False
"5197-PYEPU","Female",False,True,True
"6619-RPLQZ","Female",False,True,True
"3275-RHRNE","Male",False,True,True
"3503-TYDAY","Female",False,True,False
"6901-GOGZG","Male",False,False,True
"7021-XSNYE","Male",False,True,True
"9621-OUPYD","Female",False,True,False
"8982-NHAVY","Male",False,False,False
"4307-KWMXE","Male",False,False,False
"0141-YEAYS","Female",True,False,False
"2450-ZKEED","Female",False,False,False
"3694-DELSO","Male",False,True,True
"3893-JRNFS","Male",False,False,False
"9603-OAIHC","Male",True,False,False
"1133-KXCGE","Female",False,False,False
"0142-GVYSN","Male",False,False,False
"1049-FYSYG","Female",False,True,False
"8406-LNMHF","Male",True,True,False
"1821-BUCWY","Male",False,False,False
"0023-UYUPN","Female",True,True,False
"8314-DPQHL","Male",False,False,False
"1465-WCZVT","Female",False,True,True
"9481-SFCQY","Female",False,False,True
"6360-SVNWV","Female",True,False,False
"0567-GGCAC","Female",False,False,False
"8884-MRNSU","Male",False,True,False
"2171-UDMFD","Male",False,True,True
"9050-IKDZA","Female",True,False,False
"9802-CAQUT","Female",False,True,True
"0187-WZNAB","Female",False,True,True
"1475-VWVDO","Male",False,False,False
"1357-MVDOZ","Male",False,True,True
"7602-MVRMB","Female",False,True,True
"1197-BVMVG","Female",True,False,False
"5406-KGRMX","Female",False,False,False
"5968-HYJRZ","Male",False,True,True
"5198-EFNBM","Male",True,True,False
"7516-GMHUV","Male",True,True,False
"7140-ADSMJ","Male",False,False,False
"2230-XTUWL","Female",False,True,True
"7706-YLMQA","Female",False,False,False
"2585-KTFRE","Male",False,False,True
"7994-UYIVZ","Male",False,True,False
"7717-BICXI","Male",False,True,True
"6559-RAKOZ","Male",False,True,True
"4716-MRVEN","Female",False,False,False
"2143-LJULT","Female",False,True,False
"3200-MNQTF","Male",False,True,False
"6164-HXUGH","Female",False,True,True
"5630-IXDXV","Female",False,False,False
"0320-DWVTU","Female",False,False,False
"9135-MGVPY","Male",False,True,False
"1212-GLHMD","Male",False,False,False
"7878-JGDKK","Male",False,False,False
"1088-AUUZZ","Male",False,True,True
"6614-YWYSC","Male",True,True,False
"9588-OZDMQ","Female",False,True,False
"6476-EPYZR","Male",False,True,True
"1174-FGIFN","Female",False,True,True
"6620-HVDUJ","Male",False,False,False
"1032-MAELW","Female",False,True,True
"7641-TQFHN","Male",False,False,True
"1552-TKMXS","Female",False,True,False
"8622-ZLFKO","Female",False,True,False
"6188-UXBBR","Female",False,True,False
"2333-KWEWW","Male",False,False,False
"5702-SKUOB","Female",False,True,False
"1134-YWTYF","Male",False,True,False
"6061-GWWAV","Male",False,False,True
"0679-TDGAK","Male",False,True,True
"6585-WCEWR","Male",False,True,True
"9067-YGSCA","Female",False,False,False
"9067-SQTNS","Male",False,True,True
"1776-SPBWV","Female",False,True,True
"8735-SDUFN","Female",True,True,False
"9668-PUGNU","Male",False,True,False
"9405-GPBBG","Female",False,False,False
"1926-QUZNN","Female",False,True,False
"7016-NVRIC","Male",True,True,False
"5829-NVSQN","Female",False,True,False
"9565-AXSMR","Male",False,True,True
"8869-LIHMK","Female",False,False,False
"0447-RXSGD","Male",False,False,False
"4927-WWOOZ","Male",False,True,False
"5788-YPOEG","Female",False,True,True
"0661-KBKPA","Male",False,True,True
"9081-WWXKP","Female",False,True,True
"0784-ZQJZX","Male",False,False,True
"3133-PZNSR","Male",False,True,True
"0722-SVSFK","Female",False,False,False
"3612-YVGSJ","Female",False,True,False
"9825-YCXWZ","Female",True,False,False
"5397-NSKQG","Male",False,True,True
"8565-HBFNN","Male",False,True,False
"2000-DHJUY","Female",True,True,False
"8670-ERCJH","Male",False,False,False
"7758-UJWYS","Male",False,True,True
"2050-ONYDQ","Female",False,True,True
"7055-JCGNI","Female",False,False,False
"0739-UUAJR","Female",False,True,True
"4826-DXMUP","Male",False,False,True
"7285-KLOTR","Female",False,True,False
"0654-PQKDW","Female",False,True,True
"7175-NTIXE","Female",False,False,False
"7963-SHNDT","Female",False,False,False
"9796-BPKIW","Male",True,False,False
"0188-GWFLE","Male",False,False,False
"8129-GMVGI","Female",False,True,True
"2882-DDZPG","Female",False,False,False
"3547-LQRIK","Female",False,True,False
"9137-NOQKA","Male",True,False,False
"5843-TTHGI","Female",False,False,False
"1849-RJYIG","Female",False,False,False
"8868-GAGIO","Male",False,True,False
"4061-UKJWL","Male",False,False,False
"5380-XPJNZ","Female",False,False,False
"8263-QMNTJ","Male",False,True,False
"3230-JCNZS","Female",False,True,True
"0277-ORXQS","Male",False,True,True
"7996-BPXHY","Female",False,True,True
"3227-WLKLI","Female",False,True,True
"2266-FUBDZ","Male",False,True,True
"8237-ULIXL","Female",False,True,False
"8216-AZUUZ","Female",False,True,True
"9153-BTBVV","Female",False,True,False
"5186-PEIZU","Female",False,False,False
"1074-AMIOH","Female",False,True,True
"4361-FEBGN","Male",False,False,False
"7748-UMTRK","Female",True,False,True
"0380-ZCSBI","Male",False,False,False
"7145-FEJWU","Female",False,False,True
"6463-MVYRY","Female",True,False,False
"3969-JQABI","Female",False,True,False
"9624-EGDEQ","Female",False,False,False
"1051-EQPZR","Female",False,True,True
"5849-ASHZJ","Male",False,False,True
"5780-INQIK","Female",False,False,False
"4526-ZJJTM","Female",True,True,False
"8384-FZBJK","Female",False,True,True
"3750-RNQKR","Female",False,False,False
"0962-CQPWQ","Female",False,True,True
"3096-YXENJ","Female",False,True,False
"1265-BCFEO","Female",False,True,False
"5837-LXSDN","Female",False,True,True
"5945-AZYHT","Male",False,True,False
"8325-QRPZR","Female",False,False,False
"6384-VMJHP","Female",False,False,False
"2262-SLNVK","Female",False,False,False
"7730-CLDSV","Female",False,True,True
"1135-HIORI","Female",False,True,True
"0164-APGRB","Female",False,False,False
"6481-ESCNL","Female",False,False,False
"1790-NESIO","Female",False,False,False
"1550-EENBN","Female",False,False,False
"8198-RKSZG","Female",False,True,True
"9297-EONCV","Female",False,False,False
"1069-QJOEE","Male",False,True,True
"7799-DSEWS","Male",False,False,False
"8766-PAFNE","Male",False,True,False
"5315-CKEQK","Male",True,True,True
"3130-ICDUP","Female",False,False,True
"0820-FNRNX","Male",False,True,True
"0880-FVFWF","Male",False,False,False
"4611-ANLQC","Female",False,True,False
"4213-HKBJO","Female",False,False,False
"2792-LSHWX","Female",False,False,False
"0014-BMAQU","Male",False,True,False
"9018-PCIOK","Female",False,False,False
"4837-QUSFT","Female",False,True,False
"9953-ZMKSM","Male",False,False,False
"0907-HQNTS","Female",True,True,False
"7665-NKLAV","Female",False,True,True
"4391-LNRXK","Male",False,False,False
"8250-ZNGGW","Female",True,False,False
"8562-GHPPI","Female",False,False,False
"5893-PYOLZ","Male",False,False,False
"4986-MXSFP","Female",False,False,False
"6131-FOYAS","Male",False,False,False
"3027-YNWZU","Female",False,True,False
"5609-IMCGG","Female",False,False,False
"4727-MCYZG","Male",False,False,False
"9481-WHGWY","Female",False,True,True
"4328-VUFWD","Female",False,False,False
"3301-LSLWQ","Female",False,False,False
"7473-ZBDSN","Female",False,True,True
"3166-PNEOF","Female",False,False,False
"5639-NTUPK","Male",False,False,True
"8780-YRMTT","Female",False,False,False
"5140-FOMCQ","Female",False,True,False
"6242-SGYTS","Male",False,True,True
"8166-ORCHU","Male",True,True,False
"8414-OOEEL","Male",False,False,True
"8454-AATJP","Female",False,False,False
"4531-AUZNK","Female",False,True,True
"4191-XOVOM","Male",False,False,False
"2150-OEGBV","Male",False,False,False
"1855-CFULU","Female",True,False,False
"4878-BUNFV","Male",False,True,True
"1872-EBWSC","Female",False,False,False
"7026-YMSBE","Male",False,False,False
"6997-UVGOX","Male",False,True,True
"9674-EHPPG","Male",False,True,False
"5440-VHLUL","Male",False,False,False
"5781-BKHOP","Female",False,True,False
"5213-TWWJU","Male",False,False,False
"8628-MFKAX","Female",True,True,False
"7629-WIXZF","Female",False,False,False
"5445-GLVOT","Female",False,False,False
"3976-HXHCE","Male",False,False,False
"2466-NEJOJ","Male",False,True,True
"0254-KCJGT","Male",False,True,False
"5472-CVMDX","Female",False,False,False
"6461-SZMCV","Female",False,True,False
"8150-QUDFX","Male",False,False,False
"9508-ILZDG","Female",True,False,False
"2346-DJQTB","Female",False,False,False
"1697-LYYYX","Female",False,True,True
"1942-OQFRW","Male",False,False,False
"9640-ZSLDC","Female",False,True,True
"4231-LZUYM","Female",False,True,False
"6128-AQBMT","Male",True,True,False
"3594-BDSOA","Female",False,True,False
"5133-VRSAB","Male",False,False,False
"5996-DAOQL","Male",False,False,False
"6838-YAUVY","Female",False,False,False
"0484-JPBRU","Male",False,False,False
"7883-ROJOC","Female",False,True,False
"0244-LGNFY","Female",False,True,True
"7274-CGTOD","Male",False,False,False
"4295-YURET","Female",True,True,True
"4635-EJYPD","Male",False,True,True
"1866-ZSLJM","Male",False,False,False
"4636-TVXVG","Male",False,True,True
"4236-UJPWO","Female",False,False,False
"9392-XBGTD","Male",False,False,True
"6402-SSEJG","Female",False,False,False
"1169-SAOCL","Male",False,False,False
"1110-KYLGQ","Female",False,False,False
"9929-PLVPA","Female",False,False,True
"3518-PZXZQ","Female",False,True,False
"2371-JUNGC","Male",False,False,False
"7693-QPEFS","Male",True,False,False
"0924-BJCRC","Female",True,True,False
"5074-FBGHB","Male",False,False,False
"2351-BKRZW","Female",False,True,True
"4455-BFSPD","Female",False,True,False
"3948-KXDUF","Male",False,False,False
"2323-ARSVR","Male",False,True,False
"0815-MFZGM","Female",False,True,False
"5480-XTFFL","Female",False,True,True
"8295-FHIVV","Male",False,False,False
"9086-YJYXS","Male",False,True,True
"1179-INLAT","Male",False,False,False
"7909-FIOIY","Female",False,True,True
"6351-SCJKT","Male",False,False,False
"5468-BPMMO","Male",False,True,False
"0197-PNKNK","Female",False,True,True
"2439-QKJUL","Male",False,False,False
"1194-SPVSP","Male",False,False,False
"9534-NSXEM","Male",False,False,False
"8929-KSWIH","Male",False,False,False
"2250-IVBWA","Male",False,True,True
"1810-MVMAI","Male",False,True,True
"9506-UXUSK","Male",False,False,False
"1229-RCALF","Female",False,True,False
"3572-UOLYZ","Female",False,False,True
"1429-UYJSV","Female",False,False,False
"6366-XIVKZ","Female",False,True,True
"3470-OBUET","Female",False,True,True
"2770-NSVDG","Male",False,True,False
"9375-MHRRS","Male",False,False,False
"4860-YZGZM","Male",False,False,False
"6599-GZWCM","Female",False,False,False
"5533-NHFRF","Male",True,False,False
"7037-MTYVW","Male",False,True,True
"4760-THGOT","Female",False,True,False
"4016-BJKTZ","Female",False,False,False
"6584-VQMYT","Male",False,False,True
"9838-BFCQT","Male",False,True,True
"2790-XUYMV","Male",False,False,True
"0581-MDMPW","Female",False,False,False
"1023-BQXZE","Male",False,False,False
"9163-GHAYE","Female",False,False,False
"3904-UKFRE","Male",False,False,False
"5353-WILCI","Female",False,False,False
"0058-EVZWM","Female",False,True,False
"7009-PCARS","Male",False,False,True
"0519-DRGTI","Female",False,True,True
"1017-FBQMM","Female",False,True,True
"1985-MBRYP","Female",False,False,False
"9372-TXXPS","Female",False,True,False
"3259-QMXUN","Male",False,True,False
"1015-JPFYW","Male",False,False,True
"6645-MXQJT","Male",False,True,True
"4360-QRAVE","Male",True,False,False
"8433-WPJTV","Female",True,True,True
"5804-JMYIO","Female",False,True,True
"6484-LATFU","Male",False,False,False
"7599-NTMDP","Female",False,True,True
"0536-ACXIP","Female",False,True,False
"0936-NQLJU","Female",False,True,False
"1575-KRZZE","Female",False,False,False
"3251-YMVWZ","Male",False,False,False
"9348-ROUAI","Female",False,True,True
"4884-LEVMQ","Male",False,True,False
"8857-CUPFQ","Male",False,True,False
"7610-TVOPG","Male",False,False,False
"3638-DIMPH","Female",False,True,False
"1845-ZLLIG","Male",False,False,False
"8559-WNQZS","Male",False,False,False
"1699-UOTXU","Male",False,False,False
"0635-WKOLD","Male",False,True,False
"5993-JSUWV","Female",False,False,False
"4518-FZBSX","Male",False,True,True
"5387-ASZNZ","Female",True,False,False
"6988-CJEYV","Male",False,False,False
"3097-FQTVJ","Female",False,False,False
"5465-BUBFA","Female",False,True,True
"7299-GNVPL","Female",False,True,True
"9743-DQKQW","Male",False,False,False
"1215-VFYVK","Female",False,False,False
"9371-BITHB","Female",False,True,True
"9093-FPDLG","Female",False,False,False
"0541-FITGH","Female",False,True,False
"6985-HAYWX","Female",False,True,False
"7508-KBIMB","Male",False,True,True
"6838-HVLXG","Female",False,False,False
"2277-DJJDL","Male",True,True,False
"1897-OKVMW","Female",False,True,True
"5485-ITNPC","Male",False,True,False
"0233-FTHAV","Female",False,False,False
"4644-PIZRT","Male",False,True,True
"8922-NPKBJ","Male",False,True,True
"2740-TVLFN","Male",False,False,False
"7771-CFQRQ","Female",False,True,True
"9512-PHSMG","Female",False,True,False
"6963-EZQEE","Male",True,True,False
"2452-KDRRH","Male",True,False,False
"4146-SVFUD","Male",False,False,False
"1564-HJUVY","Male",False,False,False
"3617-XLSGQ","Female",False,True,True
"7517-LDMPS","Female",False,False,False
"7244-KXYZN","Female",False,False,False
"5226-NOZFC","Male",False,False,False
"1400-WIVLL","Male",False,True,False
"8148-NLEGT","Female",False,True,True
"8347-GDTMP","Female",False,True,False
"6746-WAUWT","Male",False,False,False
"0428-IKYCP","Male",False,True,False
"2187-PKZAY","Male",False,False,False
"4003-OCTMP","Female",False,True,False
"6652-YFFJO","Female",False,False,False
"7225-IILWY","Male",False,True,True
"5248-RPYWW","Female",True,True,True
"7923-IYJWY","Male",True,False,False
"3170-GWYKC","Female",False,False,False
"9830-ECLEN","Male",False,True,True
"2668-TZSPS","Male",False,False,False
"7446-SFAOA","Female",False,True,False
"9443-JUBUO","Male",False,True,True
"9522-ZSINC","Male",False,False,False
"8234-GSZYK","Male",False,False,False
"6505-OZNPG","Female",False,False,False
"6164-HAQTX","Male",False,False,False
"7765-LWVVH","Female",False,True,True
"1658-TJVOA","Female",True,False,False
"0953-LGOVU","Male",False,True,True
"4692-NNQRU","Female",False,True,False
"7742-MYPGI","Female",False,True,True
"9619-GSATL","Female",False,False,False
"5622-UEJFI","Female",False,True,True
"0674-DGMAQ","Male",True,True,False
"6203-HBZPA","Male",False,False,False
"0484-FFVBJ","Male",False,False,False
"0301-FIDRB","Female",False,True,True
"4139-JPIAM","Male",False,False,False
"2181-TIDSV","Male",False,True,True
"2761-XECQW","Male",True,True,False
"1936-CZAKF","Male",False,True,False
"9453-PATOS","Female",False,True,False
"4402-FTBXC","Male",False,False,False
"2931-XIQBR","Female",False,True,True
"0106-UGRDO","Female",False,True,False
"5542-TBBWB","Male",False,False,False
"1930-QPBVZ","Male",False,True,True
"2606-PKWJB","Male",False,False,True
"5322-ZSMZY","Male",False,True,True
"8059-UDZFY","Female",True,False,True
"7740-BTPUX","Male",True,True,False
"5220-AGAAX","Male",False,True,True
"0208-BPQEJ","Female",False,True,True
"9435-JMLSX","Male",False,True,False
"3352-ALMCK","Male",False,False,False
"5312-IRCFR","Female",False,True,True
"5294-IMHHT","Male",False,True,False
"6176-YJWAS","Male",False,True,False
"5310-NOOVA","Male",False,False,False
"4526-EXKKN","Male",False,False,False
"5311-IHLEI","Male",False,False,False
"3987-KQDDU","Male",False,False,False
"3404-JNXAX","Female",False,True,True
"5131-PONJI","Male",False,True,True
"3489-VSFRD","Female",False,False,False
"3345-JHUEO","Male",False,False,False
"5815-HGGHV","Male",False,True,False
"5260-UMPWX","Female",False,True,True
"5649-RXQTV","Male",False,False,False
"2674-MIAHT","Female",False,False,False
"2576-HXMPA","Female",False,False,False
"7587-AOVVU","Male",False,True,True
"6898-MDLZW","Male",False,False,False
"4707-YNOQA","Female",False,True,True
"9357-UJRUN","Male",False,True,False
"8648-PFRMP","Female",True,False,False
"7663-CUXZB","Male",False,True,False
"0258-NOKBL","Male",False,False,False
"1163-VIPRI","Female",False,True,True
"3043-TYBNO","Male",False,False,False
"4830-FAXFM","Male",False,False,True
"5906-BFOZT","Male",False,False,False
"2960-NKRSO","Male",False,False,False
"8996-ZROXE","Male",True,False,False
"5598-IKHQQ","Female",False,False,False
"0397-ZXWQF","Male",False,False,False
"5266-PFRQK","Male",False,True,True
"4674-HGNUA","Male",False,True,True
"6765-MBQNU","Female",False,True,False
"9786-IJYDL","Female",False,False,False
"1303-SRDOK","Female",False,True,True
"3769-MHZNV","Female",False,True,True
"6295-OSINB","Male",False,True,False
"3308-MHOOC","Male",False,False,True
"2207-QPJED","Female",True,True,False
"4177-JPDFU","Male",False,False,False
"2239-CFOUJ","Male",False,True,True
"8046-DNVTL","Male",False,True,False
"2209-XADXF","Female",False,False,False
"6620-JDYNW","Female",False,False,False
"4770-UEZOX","Male",False,False,False
"1038-RQOST","Male",False,True,True
"4568-TTZRT","Male",False,False,False
"9513-DXHDA","Male",False,False,False
"0516-QREYC","Female",True,False,False
"8084-OIVBS","Female",False,False,False
"8896-BQTTI","Male",False,False,False
"3865-QBWSJ","Male",True,False,True
"3352-RICWQ","Female",False,True,True
"2160-GPFXD","Male",False,True,True
"2065-MMKGR","Female",False,False,False
"5857-TYBCJ","Male",True,True,False
"1498-NHTLT","Male",False,True,True
"1402-PTHGN","Female",False,True,True
"4176-RELJR","Male",True,False,False
"5199-FPUSP","Male",False,False,True
"6377-KSLXC","Male",False,False,False
"1796-JANOW","Female",False,False,False
"0238-WHBIQ","Male",False,True,True
"8735-NBLWT","Male",False,False,True
"6651-RLGGM","Male",False,True,True
"1614-JBEBI","Female",False,False,False
"5696-EXCYS","Male",False,False,False
"5795-KTGUD","Female",False,True,False
"7924-GJZFI","Female",True,True,False
"4702-HDRKD","Male",False,False,False
"8512-WIWYV","Male",False,False,False
"5897-ZYEKH","Female",True,True,False
"5456-ITGIC","Male",True,True,False
"1406-PUQVY","Male",False,False,True
"9114-AAFQH","Female",False,True,False
"8715-KKTFG","Female",False,True,False
"1728-BQDMA","Female",False,False,False
"5117-ZSMHQ","Female",False,True,True
"5151-HQRDG","Male",False,True,False
"0960-HUWBM","Male",False,True,True
"6465-GSRCL","Female",False,False,True
"0263-FJTQO","Male",False,True,True
"7319-ZNRTR","Male",False,True,True
"7503-EPSZW","Female",False,True,True
"7089-XXAYG","Male",False,True,False
"8070-AAWZP","Male",True,True,False
"1666-JXLKU","Female",False,False,False
"7855-DIWPO","Female",False,False,False
"5133-POWUA","Male",False,False,False
"5652-MSDEY","Female",False,False,False
"1810-BOHSY","Male",False,True,False
"1784-BXEFA","Female",False,False,False
"7351-MHQVU","Female",False,False,False
"9224-VTYID","Male",False,True,True
"9500-IWPXQ","Female",False,True,True
"5762-TJXGK","Female",False,False,False
"4504-YOULA","Female",False,True,True
"5569-IDSEY","Male",False,True,False
"7284-ZZLOH","Male",False,True,False
"1777-JYQPJ","Male",False,False,False
"3401-URHDA","Male",False,False,False
"1599-EAHXY","Male",False,True,True
"8631-XVRZL","Male",False,False,False
"3853-LYGAM","Male",False,False,False
"5751-USDBL","Male",False,True,True
"5680-LQOGP","Female",False,False,False
"8189-DUKMV","Female",False,True,False
"9931-DCEZH","Male",False,False,True
"1898-JSNDC","Female",False,False,False
"0315-LVCRK","Male",False,False,False
"3911-RSNHI","Female",False,True,False
"2410-CIYFZ","Male",False,False,True
"5505-OVWQW","Female",False,False,False
"7271-AJDTL","Female",False,True,False
"1867-TJHTS","Female",False,False,False
"6860-YRJZP","Male",True,False,False
"4429-WYGFR","Male",False,False,False
"2817-LVCPP","Female",False,False,False
"5038-ETMLM","Female",False,True,False
"5056-FIMPT","Female",False,False,True
"4521-WFJAI","Male",False,False,False
"6569-KTMDU","Female",False,False,False
"8809-XKHMD","Male",False,True,False
"0396-YCHWO","Male",False,True,False
"0867-LDTTC","Male",False,False,False
"9391-DXGGG","Female",True,False,False
"9844-FELAJ","Female",True,True,True
"2122-SZZZD","Male",False,False,False
"3148-AOIQT","Female",False,True,False
"8395-ETZKQ","Male",True,True,True
"6692-YQHXC","Male",False,False,False
"3889-VWBID","Male",False,True,True
"5222-JCXZT","Male",False,False,False
"9754-CLVZW","Female",False,True,True
"2739-CCZMB","Male",False,False,True
"7080-TNUWP","Male",False,True,False
"0496-AHOOK","Male",False,True,False
"8336-TAVKX","Female",True,True,False
"2468-SJFLM","Male",False,False,False
"3181-VTHOE","Male",False,True,False
"7168-HDQHG","Female",False,True,True
"4567-AKPIA","Female",False,True,True
"7901-HXJVA","Male",False,False,False
"5924-IFQTT","Male",False,True,True
"7968-QUXNS","Male",False,False,False
"8903-WMRNW","Female",False,True,False
"2452-SNHFZ","Female",False,False,False
"3629-WEAAM","Female",False,False,False
"6029-CSMJE","Male",False,False,False
"7993-NQLJE","Male",False,True,True
"9909-DFRJA","Female",False,False,False
"9099-FTUHS","Female",False,False,False
"0581-BXBUB","Female",True,False,False
"4962-CHQPW","Male",False,False,True
"9467-ROOLM","Female",False,False,False
"5150-ITWWB","Male",True,False,False
"2253-KPMNB","Female",False,True,True
"1345-ZUKID","Male",False,False,False
"6429-SHBCB","Male",False,False,False
"9281-OFDMF","Male",True,False,False
"2603-HVKCG","Male",False,False,False
"1834-WULEG","Male",False,True,True
"9097-ZUBYC","Male",False,True,False
"5148-ORICT","Female",False,True,False
"4893-GYUJU","Female",False,False,False
"4578-PHJYZ","Male",False,True,True
"7272-QDCKA","Male",False,False,False
"8908-SLFCJ","Female",False,False,False
"9766-HGEDE","Female",False,True,False
"6968-MHOMU","Male",False,True,False
"5044-XDPYX","Female",False,True,False
"1814-WFGVS","Male",False,True,True
"3721-WKIIL","Female",False,False,False
"6734-CKRSM","Female",False,False,False
"1265-ZFOSD","Female",False,True,False
"6568-POCUI","Female",False,True,False
"5197-LQXXH","Female",False,True,False
"3457-PQBYH","Female",False,True,True
"7682-AZNDK","Male",False,True,True
"5384-ZTTWP","Female",False,True,True
"3745-HRPHI","Male",False,True,True
"7636-OWBPG","Male",True,False,False
"1231-YNDEK","Male",False,False,False
"1407-DIGZV","Female",False,True,True
"0570-BFQHT","Female",False,False,False
"4393-OBCRR","Female",False,False,False
"8564-LDKFL","Male",False,True,False
"3696-DFHHB","Female",False,False,False
"4717-GHADL","Female",False,False,False
"5501-TVMGM","Male",False,False,False
"5879-HMFFH","Female",False,True,False
"6772-WFQRD","Male",False,False,True
"3810-DVDQQ","Female",False,True,True
"6972-SNKKW","Female",False,False,False
"3694-GLTJM","Female",False,False,False
"8550-XSXUQ","Male",False,True,False
"9055-MOJJJ","Female",False,True,True
"4359-INNWN","Female",False,False,False
"0585-EGDDA","Male",False,True,False
"4032-RMHCI","Female",False,True,True
"0549-CYCQN","Male",True,False,False
"3481-JHUZH","Male",False,True,False
"3594-IVHJZ","Female",False,False,False
"6869-FGJJC","Male",False,False,False
"3896-ZVNET","Female",False,True,True
"8205-VSLRB","Male",False,True,False
"5960-MVTUK","Male",False,False,False
"6817-WTYHE","Male",False,False,False
"3082-VQXNH","Male",False,True,False
"4931-TRZWN","Female",False,False,False
"0750-EKNGL","Male",False,False,False
"7669-LCRSD","Male",False,True,True
"3567-PQTSO","Male",False,True,True
"8043-PNYSD","Male",False,True,True
"9938-EKRGF","Female",False,False,False
"2703-AMTUL","Male",False,True,True
"0928-JMXNP","Male",True,True,False
"8173-RXAYP","Female",False,True,True
"4825-XJGDM","Female",False,False,False
"5402-HTOTQ","Male",False,False,False
"6734-JDTTV","Male",False,True,True
"7850-THJMU","Female",False,True,True
"3890-RTCMS","Male",False,False,False
"3717-FDJFU","Male",False,False,True
"3665-JATSN","Female",False,False,False
"7966-YOTQW","Male",False,False,False
"8853-TZDGH","Female",False,False,False
"4324-BZCKL","Female",False,True,True
"6924-TDGMT","Male",False,True,False
"1536-YHDOE","Male",False,True,True
"8123-QBNAZ","Female",False,True,True
"3629-ZNKXA","Male",True,False,False
"4827-LTQRJ","Female",True,True,True
"7711-YIJWC","Male",False,True,True
"5482-VXSXJ","Male",False,False,False
"7365-BVCJH","Male",False,False,False
"9620-ENEJV","Female",False,False,False
"2378-YIZKA","Female",False,True,True
"0689-DSXGL","Female",False,True,True
"6818-DJXAA","Female",False,False,True
"0464-WJTKO","Female",False,True,True
"8902-ZEOVF","Male",False,True,True
"6778-EICRF","Male",False,True,True
"2662-NNTDK","Male",False,False,False
"4132-KALRO","Female",False,False,False
"2874-YXVVA","Female",False,False,False
"1245-HARPS","Female",False,True,False
"4323-ELYYB","Male",False,True,True
"4293-ETKAP","Female",False,True,True
"6064-PUPMC","Male",False,True,True
"6504-VBLFL","Male",False,True,False
"6322-PJJDJ","Male",False,True,False
"0330-BGYZE","Male",False,True,False
"1085-LDWAM","Female",False,True,True
"7586-ZATGZ","Male",False,False,False
"7197-VOJMM","Male",False,True,False
"1843-TLSGD","Female",False,True,True
"9626-VFRGG","Female",False,False,True
"7075-BNDVQ","Female",False,False,False
"9143-CANJF","Female",False,True,True
"7284-BUYEC","Female",False,False,False
"2041-JIJCI","Female",False,False,False
"4900-MSOMT","Female",False,True,True
"2229-VWQJH","Female",False,False,False
"9194-GFVOI","Female",False,True,False
"1336-EZFZY","Female",False,False,False
"4282-MSACW","Male",False,False,False
"1403-LKLIK","Female",False,True,True
"0136-IFMYD","Male",True,True,False
"5144-TVGLP","Male",True,False,False
"9643-AVVWI","Female",False,True,True
"0253-ZTEOB","Female",False,True,True
"2706-QZIHY","Female",False,True,False
"6080-TCMYC","Male",False,True,True
"6061-PQHMK","Female",False,False,False
"6137-MFAJN","Female",False,False,False
"9122-UMROB","Male",False,False,False
"4232-JGKIY","Male",False,False,False
"2402-TAIRZ","Female",False,False,False
"9659-ZTWSM","Male",True,True,False
"9139-TWBAS","Female",False,True,False
"6685-GBWJZ","Male",False,True,False
"2195-VVRJF","Male",True,True,False
"3913-RDSJZ","Female",False,True,False
"4203-QGNZA","Female",False,False,True
"5043-TRZWM","Female",False,False,False
"9494-BDNNC","Male",False,True,False
"1640-PLFMP","Female",False,False,False
"5366-OBVMR","Female",False,True,False
"7644-OMVMY","Male",False,True,True
"4573-JKNAE","Male",False,False,True
"9817-APLHW","Male",False,False,False
"8380-MQINP","Female",False,True,True
"0840-DFEZH","Female",False,False,False
"8690-ZVLCL","Female",False,True,True
"1125-SNVCK","Female",True,False,False
"0384-LPITE","Male",False,False,False
"4616-EWBNJ","Female",False,False,False
"1335-HQMKX","Female",False,True,False
"2545-EBUPK","Female",True,False,False
"6923-AQONU","Male",False,True,True
"2172-EJXVF","Female",True,False,False
"4536-PLEQY","Male",False,True,False
"7029-IJEJK","Female",False,False,False
"8871-JLMHM","Female",False,True,False
"5447-VYTKW","Male",False,False,False
"3623-FQBOX","Male",False,False,False
"8659-HDIYE","Female",True,False,False
"3474-BAFSJ","Male",False,True,False
"3865-ZFZIB","Male",False,False,False
"1855-AGAWH","Male",False,True,False
"7109-CQYUZ","Male",False,False,False
"1370-GGAWX","Female",False,False,False
"4680-KUTAJ","Female",True,False,False
"5307-UVGNB","Female",False,True,True
"2883-ILGWO","Male",True,False,False
"3642-BYHDO","Female",False,True,True
"9629-NHXFW","Female",False,True,True
"2696-RZVZW","Male",False,True,False
"5766-FTRTS","Male",False,True,False
"0396-HUJBP","Female",False,False,False
"8879-ZKJOF","Female",False,False,False
"6285-FTQBF","Male",False,True,True
"1474-JUWSM","Female",False,True,False
"3530-CRZSB","Female",False,False,False
"8498-XXGWA","Female",False,True,False
"9617-INGJY","Male",False,False,False
"0621-TSSMU","Male",False,True,False
"1530-ZTDOZ","Female",False,True,False
"7234-KMNRQ","Male",False,False,False
"7636-PEPNS","Female",False,True,True
"4683-WYDOU","Male",False,True,False
"9052-DHNKM","Male",False,False,False
"6794-HKIAJ","Male",False,False,False
"5578-NKCXI","Female",False,True,True
"1642-HMARX","Female",False,True,False
"3096-WPXBT","Female",False,True,True
"8434-PNQZX","Female",False,False,False
"5950-AAAGJ","Male",False,False,False
"4299-OPXEJ","Female",False,False,False
"9618-LFJRU","Female",False,False,False
"6693-DJWTY","Female",False,False,True
"0744-GKNGE","Female",False,True,True
"6447-EGDIV","Female",False,False,False
"1167-OYZJF","Female",True,True,False
"4806-DXQCE","Female",True,True,False
"4854-SSLTN","Male",False,True,True
"5294-DMSFH","Female",False,True,True
"4837-PZTIC","Female",False,False,False
"0603-OLQDC","Male",False,False,True
"3272-VUHPV","Female",False,True,True
"4176-FXYBO","Male",False,True,False
"1063-DHQJF","Male",False,True,True
"8663-UPDGF","Female",False,False,False
"6719-FGEDO","Female",False,True,False
"1837-YQUCE","Female",False,False,False
"0369-ZGOVK","Female",False,True,True
"9919-KNPOO","Female",False,True,False
"7872-BAAZR","Female",False,True,True
"9391-LMANN","Male",False,False,True
"8174-TBVCF","Female",False,True,False
"1698-XFZCI","Male",False,False,False
"1877-HKBQX","Female",False,False,False
"4450-DLLMH","Male",False,False,False
"0428-AXXLJ","Male",False,False,False
"2746-DIJLO","Female",False,False,False
"3508-VLHCZ","Female",False,True,True
"4086-ATNFV","Female",False,True,True
"0468-YRPXN","Male",False,False,False
"5996-NRVXR","Male",True,True,False
"3739-YBWAB","Male",False,True,False
"7047-FWEYA","Female",False,True,False
"2000-MPKCA","Female",False,False,False
"9762-YAQAA","Male",False,False,False
"5473-KHBPS","Female",False,True,True
"0100-DUVFC","Male",True,True,False
"5397-TUPSH","Male",True,True,False
"8950-MTZNV","Male",False,False,False
"0326-VDYXE","Female",False,True,False
"6773-LQTVT","Female",True,True,True
"0436-TWFFZ","Female",False,False,False
"8566-YPRGL","Female",False,False,False
"6609-MXJHJ","Female",False,True,True
"2669-OIDSD","Female",False,True,False
"8400-WZICQ","Female",False,True,True
"9576-SYUHJ","Male",False,False,False
"0410-IPFTY","Female",False,True,False
"2831-EBWRN","Male",False,False,False
"9430-NKQLY","Male",False,True,True
"0247-SLUJI","Male",False,True,True
"9402-ORRAH","Female",True,False,False
"6483-OATDN","Male",False,True,True
"1293-HHSHJ","Female",False,False,False
"4840-ORQXB","Female",True,False,False
"3982-DQLUS","Male",True,True,True
"8610-ZIKJJ","Female",False,True,True
"3756-VNWDH","Male",True,True,False
"7801-KICAO","Female",False,False,False
"7673-LPRNY","Female",False,False,False
"6060-QBMGV","Male",False,True,False
"7339-POGZN","Female",False,False,False
"2828-SLQPF","Male",False,False,False
"4465-VDKIQ","Female",False,False,False
"2921-XWDJH","Female",True,True,False
"2558-BUOZZ","Male",False,False,False
"9257-AZMTZ","Female",False,True,True
"0003-MKNFE","Male",False,False,False
"0975-UYDTX","Female",False,True,False
"4682-BLBUC","Male",False,True,False
"0975-VOOVL","Female",False,False,False
"5968-VXZLG","Male",False,False,False
"5201-FRKKS","Male",False,False,False
"9799-CAYJJ","Female",True,True,False
"5443-SCMKX","Female",False,True,False
"8295-KMENE","Female",False,True,True
"6738-ISCBM","Male",False,False,False
"9821-BESNZ","Male",False,False,False
"3678-MNGZX","Male",False,True,True
"1335-NTIUC","Male",False,False,False
"2916-BQZLN","Male",False,False,False
"4558-CGYCZ","Male",False,False,False
"2368-GAKKQ","Female",False,False,False
"8710-YGLWG","Male",False,False,False
"3199-XGZCY","Female",False,False,False
"3785-KTYSH","Male",False,False,False
"6814-ZPWFQ","Male",True,False,False
"4063-EIKNQ","Male",False,True,True
"6993-YCOBK","Male",False,True,True
"5206-HPJKM","Male",False,False,False
"8393-JMVMB","Male",False,False,False
"5019-GQVCR","Male",True,False,False
"6036-TTFYU","Female",False,True,False
"2550-AEVRU","Female",False,True,True
"0969-RGKCU","Male",False,True,True
"0378-CJKPV","Female",False,True,False
"2880-FPNAE","Male",True,True,False
"1703-MGIAB","Female",False,False,False
"4311-QTTAI","Female",False,False,False
"4318-RAJVY","Female",False,False,False
"3612-YUNGG","Male",False,True,True
"2254-DLXRI","Female",False,False,False
"5062-CJJKH","Male",False,True,True
"9028-LIHRP","Male",False,True,True
"1053-MXTTK","Female",False,True,True
"1301-LOPVR","Male",False,True,True
"0853-TWRVK","Male",False,True,False
"6212-ATMLK","Female",False,False,False
"8200-LGKSR","Male",False,True,False
"1568-BEKZM","Male",True,True,False
"0670-ANMUU","Male",False,False,False
"6897-RWMUB","Male",False,True,True
"6999-CHVCF","Male",False,False,False
"6134-KWTBV","Male",False,False,False
"1077-HUUJM","Female",False,False,True
"0895-LNKRC","Male",False,True,True
"2045-BMBTJ","Female",True,False,False
"8417-GSODA","Male",False,True,True
"5171-EPLKN","Male",False,False,False
"4452-QIIEB","Male",False,False,False
"6741-EGCBI","Male",True,False,False
"7820-ZYGNY","Male",False,False,False
"9677-AVKED","Female",False,False,True
"2227-JRSJX","Female",False,False,False
"9847-HNVGP","Male",False,False,False
"6696-YDAYZ","Male",False,True,True
"8980-WQFWL","Female",False,False,False
"1730-ZMAME","Female",True,False,False
"6506-EYCNH","Female",False,True,True
"4634-JLRJT","Female",False,False,False
"9501-UKKNL","Male",False,False,False
"2560-QTSBS","Female",False,True,True
"4795-WRNVT","Female",False,False,False
"7860-UXCRM","Male",False,True,True
"6357-JJPQT","Female",False,False,False
"2292-XQWSV","Male",False,True,True
"9552-TGUZV","Male",False,True,False
"5913-INRQV","Male",True,True,False
"9643-YBLUR","Male",False,True,False
"8734-FNWVH","Male",False,True,True
"9447-YPTBX","Female",False,True,False
"9026-LHEVG","Female",False,False,False
"7011-CVEUC","Male",False,True,False
"6185-TASNN","Male",True,False,False
"7925-PNRGI","Female",False,True,True
"1552-CZCLL","Female",False,True,True
"3038-PQIUY","Female",False,False,False
"9313-CDOGY","Male",False,True,True
"8148-BPLZQ","Male",False,False,False
"2623-DRYAM","Female",False,True,False
"9987-LUTYD","Female",False,False,False
"4488-KQFDT","Female",False,False,False
"5693-PIPCS","Male",False,False,False
"0491-KAPQG","Male",False,False,False
"1925-LFCZZ","Male",True,False,False
"8039-EQPIM","Male",False,True,False
"8707-RMEZH","Female",True,True,False
"3209-ZPKFI","Male",False,True,True
"6479-VDGRK","Female",False,True,True
"9373-WSLOY","Male",True,True,False
"3569-JFODW","Female",False,True,True
"9819-FBNSV","Male",True,True,False
"9544-PYPSJ","Female",True,True,True
"1591-XWLGB","Female",False,True,False
"0396-UKGAI","Male",False,False,True
"3243-ZHOHY","Female",False,False,False
"5186-EJEGL","Male",False,False,False
"7527-QNRUS","Male",False,True,True
"2203-GHNWN","Female",False,True,False
"3878-AVSOQ","Female",True,False,False
"3258-SYSWS","Male",True,False,False
"5296-PSYVW","Female",False,True,False
"6319-QSUSR","Female",False,False,True
"0512-FLFDW","Female",True,True,False
"0487-CRLZF","Female",False,False,False
"2107-FBPTK","Female",True,False,False
"9451-WLYRI","Female",False,True,False
"8219-VYBVI","Male",False,False,True
"1991-VOPLL","Female",False,False,False
"9738-QLWTP","Male",False,False,False
"1016-DJTSV","Male",True,False,False
"9419-IPPBE","Female",False,True,True
"0174-QRVVY","Male",False,True,True
"5699-BNCAS","Male",True,False,False
"2900-PHPLN","Female",True,True,False
"8106-GWQOK","Male",False,True,False
"8751-EDEKA","Female",False,True,False
"6878-GGDWG","Female",False,True,False
"4039-PIMHX","Male",True,True,False
"4227-OJHAL","Female",False,True,True
"8450-LUGUK","Female",False,True,True
"3604-WLABM","Female",False,False,False
"0795-GMVQO","Male",False,True,False
"2259-OUUSZ","Male",False,False,False
"1142-IHLOO","Female",False,False,False
"4633-MKHYU","Female",False,False,False
"6257-RJOHI","Male",False,False,False
"1545-JFUML","Male",False,True,False
"7826-VVKWT","Female",True,True,True
"1353-GHZOS","Male",False,True,False
"2587-EKXTS","Male",False,False,False
"5442-BXVND","Female",False,True,True
"9753-OYLBX","Female",False,False,False
"2364-UFROM","Male",False,False,False
"6656-JWRQX","Female",False,False,False
"6473-ULUHT","Male",False,True,True
"7688-AWMDX","Male",False,True,False
"2842-BCQGE","Male",False,False,False
"7244-QWYHG","Male",False,True,False
"5312-UXESG","Female",False,False,False
"2150-WLKUW","Female",False,True,False
"7159-FVYPK","Female",False,True,True
"7032-LMBHI","Female",False,False,False
"6088-BXMRG","Female",False,True,True
"4821-SJHJV","Female",False,True,True
"7346-MEDWM","Female",False,False,False
"1137-DGOWI","Female",False,True,False
"3812-LRZIR","Female",False,True,True
"9483-GCPWE","Male",False,False,True
"9220-CXRSC","Female",False,True,True
"4993-JCRGJ","Male",False,False,False
"9537-JALFH","Male",False,True,True
"6698-OXETB","Male",False,False,False
"2103-ZRXFN","Male",False,False,False
"3724-BSCVH","Male",False,True,True
"4877-TSOFF","Female",False,True,True
"9209-NWPGU","Male",False,False,False
"7306-YDSOI","Male",False,True,True
"5288-AHOUP","Male",True,False,False
"0655-YDGFJ","Male",False,False,False
"8468-EHYJA","Female",False,True,False
"6823-SIDFQ","Male",False,False,False
"1097-FSPVW","Female",False,False,False
"8328-SKJNO","Male",False,False,True
"7010-ZMVBF","Female",False,True,True
"5201-CBWYG","Male",False,True,True
"6352-GIGGQ","Male",False,False,False
"3635-QQRQD","Male",False,False,False
"2897-DOVND","Male",False,False,False
"3082-YVEKW","Female",False,True,True
"0191-EQUUH","Female",False,False,True
"7134-HBPBS","Female",True,False,False
"3489-HHPFY","Female",False,True,False
"2926-JEJJC","Female",False,False,False
"4950-BDEUX","Male",False,False,False
"5789-LDFXO","Male",False,False,False
"0508-OOLTO","Female",False,True,True
"2984-TBYKU","Male",False,True,True
"9822-WMWVG","Female",False,False,False
"9040-KZVWO","Male",False,False,False
"1548-ARAGG","Female",False,True,True
"6339-RZCBJ","Male",False,False,False
"4415-WNGVR","Female",True,True,False
"2522-AHJXR","Male",False,True,False
"0412-UCCNP","Male",False,False,False
"1816-FLZDK","Male",False,False,False
"7096-UCLNH","Male",False,False,False
"4615-PIVVU","Female",False,False,False
"8885-QSQBX","Female",False,False,False
"8617-ENBDS","Male",False,False,False
"9385-NXKDA","Female",False,True,False
"0430-IHCDJ","Male",False,False,False
"6674-KVJHG","Female",False,False,False
"1814-DKOLC","Female",False,False,False
"9351-HXDMR","Male",False,True,False
"3537-HPKQT","Female",False,True,False
"2129-ALKBS","Female",False,True,True
"5821-MMEIL","Female",False,True,False
"1309-XGFSN","Male",True,True,True
"6968-URWQU","Male",False,True,False
"4742-TXUEX","Female",False,True,True
"9631-XEYKE","Male",False,False,False
"1335-MXCSE","Male",False,True,True
"8873-TMKGR","Male",False,False,False
"8800-JOOCF","Female",False,False,True
"1469-LBJQJ","Female",False,True,False
"0064-YIJGF","Male",False,True,True
"2386-OWURY","Female",False,False,False
"0310-VQXAM","Male",False,False,False
"3453-RTHJQ","Male",False,False,False
"6278-FEPBZ","Female",False,False,False
"4280-DLSHD","Male",False,True,False
"1508-DFXCU","Male",False,False,False
"7868-BGSZA","Male",False,True,False
"2800-QQUSO","Male",False,False,False
"7973-DZRKH","Female",False,False,True
"7698-YFGEZ","Male",False,False,False
"9773-PEQBZ","Male",False,False,False
"0650-BWOZN","Female",True,False,False
"7785-RDVIG","Female",False,True,True
"9602-WCXPI","Male",False,False,False
"2903-YYTBW","Male",False,True,True
"3620-MWJNE","Male",False,False,False
"8573-JGCZW","Male",False,False,False
"6837-HAEVO","Male",False,True,True
"6701-YVNQG","Male",False,True,False
"4304-XUMGI","Male",True,True,True
"9504-YAZWB","Female",False,False,False
"8819-ZBYNA","Female",False,True,False
"6174-NRBTZ","Male",False,False,False
"9481-IEBZY","Male",True,True,False
"6137-NICCO","Female",False,True,True
"9065-ZCPQX","Male",False,True,False
"6402-EJMWF","Male",False,False,False
"9278-VZKCD","Female",True,True,False
"3620-EHIMZ","Female",False,True,True
"3213-VVOLG","Male",False,True,True
"6870-ECSHE","Female",False,False,False
"8747-UDCOI","Female",False,True,False
"4626-OZDTJ","Female",False,True,False
"9169-BSVIN","Male",False,False,False
"8194-PEEBY","Female",False,True,True
"6872-HXFNF","Female",False,True,False
"7714-YXSMB","Female",False,False,False
"8387-UGUSU","Female",False,True,True
"1080-BWSYE","Male",True,True,False
"1194-HVAIF","Female",False,True,False
"1767-TGTKO","Female",False,True,True
"8439-LTUGF","Male",False,False,False
"8805-JNRAZ","Female",False,False,False
"6418-HNFED","Male",False,True,False
"0206-OYVOC","Female",False,True,True
"7291-CDTMJ","Male",False,False,False
"7128-GGCNO","Male",False,False,False
"0237-YFUTL","Female",False,True,False
"7691-KGKGP","Male",False,True,True
"6710-HSJRD","Male",False,True,False
"3675-EQOZA","Male",False,False,False
"0840-DCNZE","Male",False,False,False
"1732-FEKLD","Female",False,False,False
"9862-KJTYK","Male",False,False,True
"0479-HMSWA","Female",False,False,True
"5854-KSRBJ","Male",False,True,True
"0365-BZUWY","Male",False,True,False
"5701-SVCWR","Female",False,False,True
"3129-AAQOU","Female",False,True,True
"4922-CVPDX","Female",False,True,False
"1357-BIJKI","Male",False,True,False
"1099-BTKWT","Female",False,True,False
"2018-PZKMU","Male",False,True,True
"7340-KEFQE","Female",False,True,True
"4570-QHXHL","Female",False,False,False
"7392-YYPYJ","Male",False,False,False
"2223-GDSHL","Male",False,True,True
"9470-RTWDV","Male",False,True,True
"2176-OSJUV","Male",False,True,False
"9348-YVOMK","Male",False,False,False
"8104-OSKWT","Female",False,False,False
"4521-YEEHE","Female",False,True,False
"4090-KPJIP","Female",False,False,False
"3786-WOVKF","Female",True,True,False
"2592-HODOV","Male",False,False,False
"7995-ZHHNZ","Male",False,True,False
"3824-RHKVR","Female",False,False,False
"5816-SCGFC","Female",True,False,False
"5989-AXPUC","Female",False,True,False
"4979-HPRFL","Male",False,True,True
"8590-OHDIW","Female",False,True,True
"8015-IHCGW","Female",False,True,True
"2332-TODQS","Female",False,False,False
"8008-OTEZX","Female",False,True,True
"2773-OVBPK","Male",False,True,False
"5999-LCXAO","Female",False,False,False
"5206-XZZQI","Male",False,False,False
"4803-LBYPN","Male",False,True,True
"2139-FQHLM","Male",False,False,False
"8261-GWDBQ","Female",True,True,False
"1093-YSWCA","Male",False,False,False
"3882-IYOIJ","Female",False,True,True
"8749-TZYEC","Male",False,True,False
"1755-FZQEC","Male",False,False,False
"3115-JPJDD","Female",False,True,False
"5600-KTXFM","Male",False,True,True
"6339-TBELP","Male",False,False,False
"7964-YESJC","Female",False,True,False
"6173-GOLSU","Male",True,True,False
"9938-ZREHM","Female",False,True,False
"7950-XWOVN","Male",False,False,False
"4647-MUZON","Female",False,True,False
"9702-AIUJO","Male",False,True,True
"8849-PRIQJ","Female",False,True,True
"8851-RAGOV","Female",False,True,False
"5396-IZEPB","Male",False,False,False
"1729-VLAZJ","Female",False,False,True
"8285-ABVLB","Female",False,True,False
"0701-TJSEF","Male",False,False,False
"5712-VBOXD","Female",False,False,False
"6629-LADHQ","Female",False,False,False
"1559-DTODC","Male",False,False,False
"4797-MIWUM","Male",False,True,True
"8720-RQSBJ","Male",True,False,False
"4537-CIBHB","Female",False,True,True
"4324-AHJKS","Female",False,False,False
"4355-CVPVS","Female",False,True,True
"4495-LHSSK","Female",False,False,True
"5915-ANOEI","Male",False,True,False
"9861-PDSZP","Female",False,False,False
"7225-CBZPL","Male",True,True,False
"6704-UTUKK","Male",False,True,False
"2019-HDCZY","Male",False,True,False
"8788-DOXSU","Male",False,False,False
"7404-JLKQG","Female",False,False,False
"7421-ZLUPA","Female",False,False,False
"3274-NSDWE","Female",False,False,False
"2632-IVXVF","Female",False,True,True
"3692-JHONH","Female",True,True,False
"8915-NNTRC","Male",False,True,True
"5914-GXMDA","Female",False,True,False
"7463-IFMQU","Female",False,True,False
"2920-RNCEZ","Male",False,True,True
"2541-YGPKE","Male",False,True,True
"5382-TEMLV","Male",False,False,False
"3441-CGZJH","Female",False,True,True
"9592-ERDKV","Male",False,True,False
"4778-IZARL","Male",False,True,False
"0432-CAJZV","Male",False,False,False
"7008-LZVOZ","Male",False,True,True
"1200-TUZHR","Female",True,False,False
"9365-CSLBQ","Male",False,False,True
"5884-FBCTL","Female",False,True,True
"7130-CTCUS","Male",True,True,False
"6242-FEGFD","Male",False,True,False
"6194-HBGQN","Male",False,False,False
"7634-WSWDB","Female",False,False,True
"6986-IXNDM","Male",False,False,False
"2987-BJXIK","Female",False,False,False
"9769-TSBZE","Female",False,False,True
"1395-WSWXR","Male",False,False,False
"6023-GSSXW","Female",False,True,False
"6752-APNJL","Male",False,True,True
"0420-HLGXF","Female",True,False,False
"7446-KQISO","Male",False,True,True
"9823-EALYC","Male",False,True,True
"0582-AVCLN","Female",False,False,False
"5803-NQJZO","Male",False,True,False
"2607-DHDAK","Male",False,True,True
"1073-XXCZD","Male",False,True,False
"0743-HRVFF","Female",False,True,True
"4006-HKYHO","Male",False,False,False
"3727-JEZTU","Female",False,False,False
"8143-ETQTI","Female",False,True,True
"9667-TKTVZ","Female",False,False,False
"3657-COGMW","Female",True,False,False
"8570-KLJYJ","Female",False,False,False
"7754-IXRMC","Female",False,False,False
"9473-CBZOP","Female",False,False,False
"2969-WGHQO","Female",False,True,True
"4334-HOWRP","Male",True,True,False
"5863-OOKCL","Female",False,False,False
"1686-STUHN","Male",False,False,False
"1329-VHWNP","Female",False,False,False
"0266-GMEAO","Male",False,True,True
"5574-NXZIU","Male",False,False,False
"0019-GFNTW","Female",False,False,False
"4256-ZWTZI","Female",False,False,True
"8309-PPCED","Female",False,True,False
"4098-NAUKP","Male",True,True,True
"5196-WPYOW","Male",False,True,True
"4608-LCIMN","Male",False,True,True
"1485-YDHMM","Male",False,True,True
"4054-CUMIA","Female",False,True,True
"0603-TPMIB","Female",False,True,True
"2525-GVKQU","Female",False,False,False
"8161-QYMTT","Male",False,False,False
"9581-GVBXT","Male",False,True,True
"5862-BRIXZ","Male",False,False,False
"5404-GGUKR","Male",False,False,False
"3308-JSGML","Male",True,True,False
"2126-GSEGL","Female",False,True,False
"0440-QEXBZ","Female",False,False,False
"2434-EEVDB","Female",False,True,False
"6762-QVYJO","Female",False,True,True
"6199-IWKGC","Female",True,True,False
"2675-DHUTR","Male",True,True,False
"8152-VETUR","Female",False,True,False
"7446-YPODE","Male",True,False,False
"9522-BNTHX","Female",True,False,False
"4676-WLUHT","Male",False,False,False
"7980-MHFLQ","Female",False,True,True
"0757-WCUUZ","Male",False,True,True
"1629-DQQVB","Female",False,False,False
"0374-AACSZ","Female",False,False,False
"4872-VXRIL","Male",False,False,False
"9140-CZQZZ","Female",False,True,False
"3423-HHXAO","Female",False,True,True
"9938-TKDGL","Male",False,True,True
"0531-ZZJWQ","Male",True,True,False
"6537-QLGEX","Female",False,False,False
"2688-BHGOG","Male",True,False,False
"3160-TYXLT","Male",False,False,False
"1325-USMEC","Male",False,True,False
"0916-QOFDP","Female",True,True,True
"5606-AMZBO","Female",False,True,False
"6199-IPCAO","Female",False,True,True
"5640-CAXOA","Female",False,False,False
"2235-EZAIK","Female",False,True,False
"3847-BAERP","Female",False,False,False
"1453-RZFON","Female",False,False,True
"8263-OKETD","Female",False,False,False
"0670-KDOMA","Female",False,False,False
"2476-YGEFM","Female",False,False,False
"8687-BAFGU","Male",False,False,False
"0641-EVBOJ","Male",False,False,False
"0829-XXPLX","Female",False,False,False
"9974-JFBHQ","Male",False,False,True
"6624-JDRDS","Female",False,False,False
"0608-JDVEC","Male",False,True,False
"9780-FKVVF","Male",False,False,False
"1919-RTPQD","Male",False,True,True
"5214-NLTIT","Male",False,True,True
"3345-PBBFH","Male",False,True,False
"5055-BRMNE","Female",False,True,True
"2190-PHBHR","Female",False,True,False
"2650-GYRYL","Male",False,True,True
"5208-FVQKB","Male",False,True,False
"7184-LRUUR","Female",False,False,False
"6627-CFOSN","Female",False,False,False
"3982-JGSFD","Male",False,False,False
"1574-DYCWE","Female",False,True,True
"7247-XOZPB","Male",False,True,False
"2466-FCCPT","Female",False,True,True
"6211-WWLTF","Male",False,True,False
"4826-TZEVA","Female",False,False,False
"6016-NXBNJ","Male",False,False,False
"9138-EFSMO","Male",False,True,True
"4632-XJMEX","Male",False,False,True
"8910-LEDAG","Male",True,True,False
"3452-GWUIN","Female",True,True,False
"2716-GFZOR","Male",False,True,False
"3724-UCSHY","Male",False,True,True
"8626-XHBIE","Male",False,False,True
"3192-LNKRK","Male",False,True,True
"4439-YRNVD","Female",False,False,False
"2208-UGTGR","Male",False,False,False
"3005-TYFRD","Female",False,True,False
"8670-MEFCP","Female",False,True,True
"3079-BCHLN","Male",False,True,False
"7777-UNYHB","Female",False,True,True
"7278-CKDNC","Male",True,False,False
"8450-UYIBU","Female",True,False,False
"2969-VAPYH","Female",False,False,False
"7181-OQCUT","Male",False,False,False
"8474-UMLNT","Female",False,False,False
"3836-FZSDJ","Male",True,True,False
"9142-XMYJH","Female",False,False,False
"0187-QSXOE","Male",True,True,False
"7733-UDMTP","Female",True,False,False
"2649-HWLYB","Male",False,True,False
"5214-CHIWJ","Male",False,False,False
"6904-JLBGY","Female",True,False,False
"2465-BLLEU","Male",False,False,False
"1685-VAYJF","Male",False,False,False
"8874-EJNSR","Male",False,True,True
"6917-YACBP","Female",True,False,False
"5049-MUBWG","Male",False,False,False
"4223-WOZCM","Male",True,False,False
"0769-MURVM","Female",False,True,True
"9253-VIFJQ","Male",False,True,False
"7030-FZTFM","Male",False,True,True
"9741-YLNTD","Male",False,False,False
"5917-RYRMG","Male",True,False,False
"5120-ZBLAI","Female",False,True,False
"1194-BHJYC","Male",False,True,False
"0906-QVPMS","Male",False,True,False
"1905-OEILC","Female",False,False,False
"7858-GTZSP","Female",False,False,False
"6248-BSHKG","Male",False,True,True
"4685-TFLLS","Male",False,True,True
"3470-BTGQO","Male",False,False,True
"1209-VFFOC","Male",False,True,True
"8224-DWCKX","Male",True,False,False
"4553-DVPZG","Female",False,True,False
"6917-IAYHD","Male",False,False,True
"8620-RJPZN","Female",False,False,False
"7572-KPVKK","Male",False,False,True
"2642-MAWLJ","Female",False,True,True
"7103-ZGVNT","Female",False,True,True
"2027-WKXMW","Female",False,True,False
"7137-NAXML","Male",False,False,False
"2428-ZMCTB","Male",False,False,False
"2961-VNFKL","Female",False,True,False
"1768-HNVGJ","Female",True,False,False
"6963-KQYQB","Female",False,True,True
"5934-RMPOV","Female",False,False,True
"1207-BLKSA","Female",False,True,True
"8316-BBQAY","Female",False,False,False
"1166-PQLGG","Female",False,True,True
"3146-JTQHR","Male",False,True,False
"4291-YZODP","Female",False,False,True
"4395-PZMSN","Male",True,False,False
"6427-FEFIG","Female",False,True,True
"0017-IUDMW","Female",False,True,True
"8706-HRADD","Male",False,False,False
"9955-QOPOY","Male",False,True,False
"4385-ZKVNW","Male",False,True,True
"5446-DKWYW","Female",True,True,True
"9031-ZVQPT","Male",False,True,False
"2990-IAJSV","Male",False,False,False
"8107-KNCIM","Male",True,True,False
"9027-YFHQJ","Male",False,False,False
"5176-LDKUH","Female",False,False,False
"4644-OBGFZ","Male",False,True,True
"7926-IJOOU","Male",False,False,False
"6480-YAGIY","Male",False,False,False
"4029-HPFVY","Male",False,False,False
"7602-DBTOU","Female",False,True,False
"5345-BMKWB","Male",False,True,False
"5457-COLHT","Male",False,True,True
"5451-YHYPW","Female",True,True,False
"7998-WNZEM","Male",False,False,False
"4664-NJCMS","Female",False,True,False
"0307-BCOPK","Female",False,False,False
"7629-WFGLW","Female",True,True,False
"2542-HYGIQ","Female",False,False,False
"5016-LIPDW","Male",False,True,True
"6481-LXPWL","Male",False,True,True
"6124-ACRHJ","Female",False,False,False
"9362-MWODR","Female",False,False,True
"9975-GPKZU","Male",False,True,True
"9625-RZFUK","Male",False,True,True
"5153-LXKDT","Male",False,True,True
"5161-UBZXI","Male",False,True,True
"1020-JPQOW","Female",False,True,False
"7919-ZODZZ","Female",False,True,True
"0565-JUPYD","Male",False,False,False
"6867-ACCZI","Female",False,True,True
"5939-XAIXZ","Female",False,False,False
"9054-FOWNV","Male",False,True,True
"8207-VVMYB","Female",False,True,False
"9732-EQMWY","Female",False,True,False
"5269-NRGDP","Male",False,True,True
"6195-MELTI","Male",False,False,False
"2121-JAFOM","Female",False,True,False
"8818-DOPVL","Female",True,False,False
"1227-UDMZR","Female",False,True,False
"5198-HQAEN","Male",False,True,True
"2167-FQSTQ","Female",False,True,False
"2819-GWENI","Female",False,True,True
"3572-UUHRS","Male",False,False,False
"2692-PFYTJ","Female",False,False,False
"6288-LBEAR","Female",False,False,False
"5955-EPOAZ","Female",False,False,False
"6821-JPCDC","Female",False,True,False
"8815-LMFLX","Male",False,True,True
"9135-HSWOC","Male",False,True,True
"8582-KRHPJ","Male",False,False,False
"5811-IWXYM","Female",False,True,True
"7044-YAACC","Male",True,True,False
"8189-XRIKE","Female",True,False,False
"1506-YJTYT","Male",False,True,True
"4123-DVHPH","Male",False,True,False
"2228-BZDEE","Female",False,False,False
"2789-CZANW","Female",False,True,True
"7596-LDUXP","Female",False,False,False
"3740-RLMVT","Male",True,True,False
"2192-OZITF","Female",False,False,False
"5651-CPDND","Male",False,False,False
"2186-QZEYA","Female",True,False,False
"1131-ALZWV","Female",False,False,False
"7729-XBTWX","Male",False,True,True
"9134-WYRVP","Male",False,False,False
"3284-SVCRO","Female",False,True,False
"9732-OUYRN","Female",False,True,False
"0559-CKHUS","Female",False,True,False
"2931-SVLTV","Male",False,True,True
"7504-UWHNB","Male",False,False,False
"2582-FFFZR","Female",False,False,False
"8908-NMQTX","Male",False,False,False
"1431-AIDJQ","Male",False,True,True
"8413-YNHNV","Male",False,False,False
"5808-TOTXO","Female",False,False,True
"4369-NYSCF","Male",False,False,False
"6333-YDVLT","Male",False,False,False
"5324-KTGCG","Male",False,True,False
"5599-HVLTW","Female",True,False,False
"7394-LWLYN","Female",False,False,False
"6873-UDNLD","Male",False,False,False
"2700-LUEVA","Male",False,False,False
"0958-YHXGP","Female",False,False,False
"1101-SSWAG","Female",False,True,False
"5743-KHMNA","Male",False,False,False
"4194-FJARJ","Female",False,True,True
"5325-UWTWJ","Male",False,True,False
"3969-GYXEL","Female",False,False,False
"9208-OLGAQ","Female",True,False,False
"3244-CQPHU","Female",True,False,False
"2674-MLXMN","Female",True,False,False
"9708-HPXWZ","Male",True,False,False
"6992-TKNYO","Male",False,True,False
"4468-YDOVK","Male",False,False,True
"5792-JALQC","Female",True,False,False
"2200-DSAAL","Female",False,False,False
"4302-ZYFEL","Male",False,True,True
"9351-LZYGF","Female",False,True,False
"4366-CTOUZ","Female",False,False,False
"1518-OMDIK","Male",False,True,False
"6671-NGWON","Female",False,False,False
"0595-ITUDF","Male",False,True,True
"1955-IBMMB","Male",False,False,False
"0096-BXERS","Female",False,True,False
"3806-YAZOV","Female",False,False,False
"7998-ZLXWN","Female",False,True,False
"6253-WRFHY","Male",False,True,True
"9133-AYJZG","Female",False,False,False
"2675-OTVVJ","Male",True,True,False
"8680-CGLTP","Male",False,False,False
"8430-TWCBX","Female",False,True,False
"5018-GWURO","Female",False,True,False
"6741-QRLUP","Female",False,False,False
"4737-HOBAX","Male",False,True,False
"0537-QYZZN","Male",True,True,True
"3340-QBBFM","Male",True,True,False
"8200-KLNYW","Female",False,True,False
"3372-CDXFJ","Male",False,True,True
"4781-ZXYGU","Male",False,True,True
"7632-YUTXB","Female",False,True,True
"2718-YSKCS","Male",False,True,True
"9896-UYMIE","Male",False,False,False
"0853-NWIFK","Female",False,False,False
"8212-CRQXP","Female",False,True,False
"6980-CDGFC","Female",False,True,False
"7691-XVTZH","Female",False,True,False
"2520-SGTTA","Female",False,True,True
"2277-VWCNI","Female",True,False,False
"1088-CNNKB","Male",False,True,False
"1930-BZLHI","Male",False,False,False
"5868-YTYKS","Male",False,False,True
"3525-DVKFN","Female",False,False,False
"1482-OXZSY","Male",False,False,False
"0377-JBKKT","Male",False,True,True
"5778-BVOFB","Female",False,False,False
"3373-YZZYM","Male",False,True,True
"0228-MAUWC","Male",False,False,False
"7663-YJHSN","Female",False,True,False
"4915-BFSXL","Male",False,True,True
"3086-RUCRN","Female",False,False,False
"5215-LNLDJ","Female",False,True,True
"7576-JMYWV","Female",True,True,True
"0257-KXZGU","Female",False,True,True
"1307-ATKGB","Male",False,False,False
"3714-XPXBW","Female",False,False,False
"1850-AKQEP","Male",False,False,True
"2824-DXNKN","Female",False,True,True
"5227-JSCFE","Male",True,True,False
"0848-ZGQIJ","Female",False,True,False
"3621-CHYVB","Female",False,True,False
"8042-RNLKO","Male",False,False,False
"5372-FBKBN","Female",False,False,True
"0420-TXVSG","Male",False,True,False
"6217-TOWGS","Female",False,True,False
"1045-LTCYT","Female",False,True,True
"1544-JJMYL","Male",False,False,False
"4636-JGAAI","Male",False,True,False
"6874-SGLHU","Male",False,False,False
"5951-AOFIH","Male",False,False,False
"3059-NGMXB","Male",False,True,True
"8652-YHIYU","Female",False,False,True
"5278-PNYOX","Female",False,False,False
"3486-HOOGQ","Female",False,True,True
"5061-PBXFW","Female",False,True,True
"8630-FJLIB","Female",False,False,False
"3891-NLXJB","Male",False,False,False
"4749-OJKQU","Female",False,False,False
"0577-WHMEV","Female",False,True,False
"5453-AXEPF","Male",False,True,False
"3639-XJHKQ","Female",False,False,True
"3716-LRGXK","Male",False,True,False
"2263-SFSQZ","Male",False,True,True
"9950-MTGYX","Male",False,True,True
"3397-AVTKU","Male",False,False,False
"4825-FUREZ","Male",False,True,False
"2672-OJQZP","Female",False,False,False
"3134-DSHVC","Female",False,False,False
"7821-DPRQE","Male",False,True,False
"2001-EWBQU","Female",False,False,False
"1608-GMEWB","Male",True,False,False
"6695-AMZUF","Female",False,True,False
"8410-BGQXN","Male",False,False,False
"1619-YWUBB","Female",False,True,False
"7611-YKYTC","Male",False,True,True
"0365-GXEZS","Male",False,True,False
"0082-OQIQY","Male",False,False,False
"3606-SBKRY","Male",False,False,False
"0667-NSRGI","Female",False,True,False
"6893-ODYYE","Male",False,False,False
"8242-JSVBO","Male",False,False,False
"9541-ZPSEA","Male",False,True,True
"2665-NPTGL","Female",True,True,False
"1139-WUOAH","Male",False,False,False
"4693-VWVBO","Female",False,False,False
"6937-GCDGQ","Male",False,True,True
"0988-JRWWP","Female",False,False,False
"5075-JSDKI","Female",False,False,False
"8644-XYTSV","Male",False,True,False
"3873-WOSBC","Male",False,True,False
"7465-ZZRVX","Male",False,False,False
"7975-JMZNT","Male",False,True,False
"7251-XFOIL","Female",False,False,False
"4116-IQRFR","Male",False,True,True
"8259-DZLIZ","Female",False,True,True
"0442-ZXKVS","Female",True,True,False
"7853-WNZSY","Male",False,False,False
"3120-FAZKD","Male",False,True,True
"8606-OEGQZ","Female",False,False,True
"0225-ZORZP","Male",False,False,False
"9489-JMTTN","Female",False,True,True
"0575-CUQOV","Male",True,True,False
"0967-BMLBD","Female",False,True,True
"2830-LEWOA","Male",False,True,True
"5006-MXVRN","Female",False,False,False
"8327-WKMIE","Male",False,False,False
"6917-FIJHC","Female",False,True,False
"5329-KRDTM","Male",True,True,False
"7797-EJMDP","Female",False,False,False
"3530-VWVGU","Female",False,True,True
"6368-NWMCE","Female",False,False,False
"3633-CDBUW","Male",False,False,True
"0707-HOVVN","Female",True,False,False
"3956-MGXOG","Female",False,False,False
"9274-UARKJ","Female",False,False,False
"4077-HWUYD","Male",False,True,True
"0103-CSITQ","Female",False,True,False
"8671-KKKOS","Female",False,True,False
"7305-ZWMAJ","Male",False,True,False
"9518-XXBXE","Male",True,True,False
"6578-KRMAW","Male",False,False,False
"4860-IJUDE","Male",False,False,False
"9688-YGXVR","Female",False,False,False
"0423-UDIJQ","Male",True,False,False
"1945-XISKS","Female",False,True,False
"5360-LJCNJ","Female",False,True,False
"2607-FBDFF","Male",False,False,False
"1100-DDVRV","Male",False,True,False
"6728-WYQBC","Male",False,False,False
"9029-FEGVJ","Female",True,True,False
"7216-KAOID","Male",False,True,True
"6145-NNPNO","Female",False,False,False
"5339-TJFEK","Male",False,True,True
"2074-GUHPQ","Female",False,False,True
"4625-XMOYM","Female",False,True,True
"5827-MWCZK","Male",False,True,True
"1385-TQOZW","Female",False,False,False
"5914-XRFQB","Male",False,True,False
"4329-YPDDQ","Male",False,False,False
"4804-NCPET","Male",False,True,True
"5944-UGLLK","Male",False,False,False
"7787-BNTZM","Male",False,False,False
"2252-ISRNH","Male",False,True,True
"9415-TPKRV","Female",False,True,True
"5322-TEUJK","Female",False,True,True
"1866-DIOQZ","Female",False,True,False
"8375-KVTHK","Male",False,True,False
"2697-NQBPF","Male",False,False,False
"3709-OIJEA","Male",False,False,False
"1386-ZIKUV","Male",False,False,False
"0599-XNYDO","Female",False,True,False
"6377-WHAOX","Female",False,True,False
"6855-VLGOS","Male",False,True,True
"8999-XXGNS","Female",True,True,False
"8746-OQQRW","Male",False,False,False
"3181-MIZBN","Male",False,True,True
"0471-ARVMX","Female",True,True,False
"7766-CLTIC","Female",False,False,False
"5650-YLIBA","Male",False,False,False
"0825-CPPQH","Female",False,True,False
"9084-OAYKL","Male",False,False,False
"6122-LJADA","Male",False,True,True
"2400-XIWIO","Female",False,True,False
"7524-VRLPL","Male",True,False,False
"7569-NMZYQ","Female",False,True,True
"5201-USSQZ","Female",False,True,False
"2105-PHWON","Female",False,True,False
"1494-EJZDW","Female",False,True,True
"4884-TVUQF","Female",True,False,False
"8003-EWNDZ","Female",False,False,False
"1897-RCFUM","Female",False,True,True
"9256-JTBNZ","Female",False,False,False
"2211-RMNHO","Female",False,True,True
"2432-TFSMK","Male",False,False,False
"4929-ROART","Male",False,False,False
"1834-ABKHQ","Female",False,True,True
"1741-WTPON","Male",False,True,True
"3932-IJWDZ","Male",False,False,False
"1240-HCBOH","Female",False,False,False
"3594-KADLU","Male",False,True,False
"8065-BVEPF","Male",True,False,False
"3796-ENZGF","Male",False,True,False
"1734-ZMNTZ","Female",False,True,True
"2853-CWQFQ","Male",False,False,True
"0813-TAXXS","Male",False,False,False
"2519-TWKFS","Male",False,True,True
"0626-QXNGV","Female",False,True,False
"6723-CEGQI","Female",False,False,True
"4732-RRJZC","Male",False,True,True
"9499-XPZXM","Female",False,True,False
"4338-EYCER","Male",False,True,False
"3007-FDPEA","Female",False,False,False
"6350-XFYGW","Male",True,False,False
"8513-OLYGY","Male",False,True,False
"0311-QYWSS","Female",False,False,False
"8705-DWKTI","Male",False,False,False
"8755-IWJHN","Male",True,True,False
"4480-QQRHC","Female",True,False,False
"0929-PECLO","Female",True,False,False
"3680-CTHUH","Male",False,False,False
"1202-KKGFU","Female",False,True,False
"6112-KTHFQ","Female",False,False,False
"1852-XEMDW","Male",False,False,False
"1820-DJFPH","Female",False,True,True
"9426-SXNHE","Female",False,False,False
"9068-FHQHD","Female",False,True,True
"1269-FOYWN","Male",False,True,True
"9470-YFUYI","Male",True,True,False
"7402-EYFXX","Male",True,False,False
"9895-VFOXH","Female",False,False,False
"1230-QAJDW","Male",False,False,False
"5701-ZIKJE","Male",False,False,False
"5032-MIYKT","Female",False,False,False
"7396-VJUZB","Male",False,True,True
"9717-QEBGU","Male",False,False,False
"5172-RKOCB","Male",False,True,False
"6509-TSGWN","Female",False,True,True
"3178-CIFOT","Female",False,False,False
"4530-NDRKU","Female",False,True,True
"5985-TBABQ","Female",False,False,False
"9800-ONTFE","Female",False,True,True
"6743-HHQPF","Male",False,True,False
"8455-HIRAQ","Female",False,False,False
"6616-AALSR","Female",False,True,True
"9415-ZNBSX","Female",False,True,True
"4018-KJYUY","Male",False,False,True
"3884-UEBXB","Female",False,True,True
"8780-RSYYU","Female",False,False,False
"5537-UXXVS","Female",False,True,False
"1791-PQHBB","Female",False,False,True
"8701-DGLVH","Male",False,False,False
"8741-LQOBK","Female",False,True,True
"8082-GHXOP","Male",False,False,True
"0980-FEXWF","Male",False,True,True
"3011-WQKSZ","Male",False,False,True
"8218-FFJDS","Female",False,True,False
"1986-PHGZF","Male",True,False,False
"9360-OMDZZ","Male",False,False,False
"0345-XMMUG","Female",False,True,False
"8024-XNAFQ","Female",True,False,False
"2988-GBIVW","Female",True,True,False
"2832-SCUCO","Female",False,False,False
"7036-ZZKBD","Male",False,True,False
"0265-PSUAE","Female",False,True,True
"0463-TXOAK","Male",False,False,True
"0594-UFTUL","Male",False,True,True
"9509-MPYOD","Female",False,False,False
"9128-CPXKI","Female",False,False,False
"0129-KPTWJ","Male",False,True,False
"5855-EIBDE","Female",False,True,False
"5365-LLFYV","Female",False,False,False
"5956-YHHRX","Male",True,False,False
"6008-NAIXK","Male",True,False,False
"1928-BXYIV","Male",False,False,False
"5760-FXFVO","Male",False,False,False
"0961-ZWLVI","Male",False,False,True
"5181-OABFK","Female",False,True,True
"4007-NHVHI","Female",True,False,False
"7816-VGHTO","Female",False,True,True
"5871-DGTXZ","Male",False,False,False
"7550-WIQVA","Male",False,True,True
"7544-ZVIKX","Male",False,True,True
"0016-QLJIS","Female",False,True,True
"7508-DQAKK","Female",False,False,False
"5176-OLSKT","Female",False,True,False
"9356-AXGMP","Male",False,True,False
"3556-BVQGL","Female",False,True,False
"8979-CAMGB","Male",True,False,False
"7581-EBBOU","Female",False,False,False
"5073-RZGBK","Female",False,True,True
"2192-CKRLV","Female",False,True,False
"3154-HMWUU","Male",False,True,False
"6119-SPUDB","Male",False,False,False
"6522-OIQSX","Female",False,True,True
"7813-ZGGAW","Male",True,False,False
"8748-HFWBO","Male",False,True,True
"1052-QJIBV","Female",False,True,True
"1319-YLZJG","Male",False,True,False
"0723-FDLAY","Male",False,False,False
"3050-RLLXC","Female",False,True,True
"9298-WGMRW","Female",False,True,False
"3088-LHEFH","Female",False,False,False
"6583-KQJLK","Female",True,True,False
"8544-JNBOX","Male",False,False,False
"6681-ZSEXG","Male",False,True,False
"6139-ZZRBQ","Male",True,False,False
"6116-RFVHN","Female",False,True,False
"8884-FEEWR","Male",False,False,False
"3125-RAHBV","Male",False,False,False
"0373-AIVNJ","Male",False,False,False
"1682-VCOIO","Male",False,False,False
"2072-ZVJJX","Male",False,True,False
"8849-AYPTR","Male",False,True,False
"9518-IMLHK","Male",False,False,False
"3646-ITDGM","Female",False,False,False
"3569-VLDHH","Male",False,True,True
"8224-KDLKN","Male",False,True,True
"7594-LZNWR","Male",True,False,False
"4001-TSBTV","Female",False,True,True
"8727-XDPUD","Male",False,False,False
"1043-UXOVO","Female",False,False,False
"1064-FBXNK","Male",False,True,True
"3996-ZNWYK","Male",True,True,True
"2878-DHMIN","Male",False,True,True
"7762-ONLJY","Female",False,True,True
"5795-BKOYE","Female",False,True,True
"7402-PWYJJ","Female",False,True,False
"0018-NYROU","Female",False,True,False
"7501-VTYLJ","Female",False,False,True
"7608-RGIRO","Male",False,False,True
"0480-BIXDE","Female",False,True,False
"5895-QSXOD","Male",False,False,False
"9814-AOUDH","Male",False,False,False
"6175-IRFIT","Male",False,False,False
"8760-ZRHKE","Female",True,True,True
"1622-HSHSF","Female",False,False,False
"6749-UTDVX","Male",False,False,False
"5542-DHSXL","Female",False,True,False
"9102-OXKFY","Male",False,False,False
"5216-WASFJ","Female",True,True,False
"7808-DVWEP","Male",False,True,False
"2284-VFLKH","Male",False,True,False
"0366-NQSHS","Male",False,False,False
"3807-BPOMJ","Female",False,True,False
"3892-NXAZG","Male",False,True,True
"4948-WBBKL","Female",True,False,False
"4182-BGSIQ","Female",False,True,True
"0988-AADSA","Female",False,True,True
"9972-NKTFD","Female",False,False,False
"3717-LNXKW","Male",False,True,False
"5734-EJKXG","Female",False,False,False
"2207-RYYRL","Male",False,True,True
"6729-FZWSY","Male",False,False,False
"9695-IDRZR","Female",False,False,True
"8144-DGHXP","Female",False,False,False
"7814-LEEVE","Female",False,True,False
"8631-WUXGY","Female",False,False,True
"5906-DVAPM","Female",False,True,True
"6654-QGBZZ","Female",False,False,False
"8348-JLBUG","Male",True,True,False
"5641-DMBFJ","Female",False,True,False
"9200-NLNPD","Male",False,True,False
"2664-XJZNO","Male",False,True,True
"3339-EAQNV","Male",True,True,False
"0921-OHLVP","Male",False,False,False
"8350-NYMVI","Female",False,False,False
"1600-DILPE","Female",False,False,False
"0536-ESJEP","Male",False,True,False
"4654-GGUII","Female",False,False,False
"6478-HRRCZ","Male",False,True,False
"8510-BBWMU","Female",False,False,False
"6857-TKDJV","Male",False,True,True
"2360-RDGRO","Male",False,True,False
"0584-BJQGZ","Female",False,False,False
"1360-XFJMR","Female",False,True,False
"5730-RIITO","Female",True,False,False
"9058-MJLZC","Female",False,False,False
"0902-XKXPN","Male",False,True,True
"5177-RVZNU","Female",False,False,True
"0056-EPFBG","Male",False,True,True
"8993-IZEUX","Male",False,False,False
"8190-ZTQFB","Male",False,False,False
"0931-MHTEM","Female",False,False,False
"7515-LODFU","Male",True,False,False
"0440-UEDAI","Female",False,False,False
"1337-BOZWO","Male",False,True,True
"0868-VJRDR","Male",False,True,False
"6344-SFJVH","Female",False,False,False
"3950-VPYJB","Male",False,True,True
"8041-TMEID","Male",True,True,False
"7321-ZNSLA","Male",False,True,True
"6941-KXRRV","Female",True,True,False
"8727-JQFHV","Male",False,True,True
"9475-NNDGC","Male",False,True,False
"1355-KUSBG","Female",False,True,True
"3688-FTHLT","Female",False,False,False
"0899-LIIBW","Male",False,True,False
"1384-RCUXW","Male",False,False,False
"5825-XJOCM","Male",False,False,True
"6848-YLDFR","Male",False,True,True
"8125-QPFJD","Female",False,True,False
"2320-YKQBO","Female",False,False,False
"4973-RLZVI","Female",False,False,False
"7869-ZYDST","Male",False,True,False
"4501-UYKBC","Female",True,False,False
"1215-EXRMO","Male",False,True,False
"2305-MRGLV","Male",False,True,False
"8404-VIOMB","Female",False,False,False
"2359-KLTEK","Female",False,True,True
"5304-EFJLP","Male",True,True,False
"2673-ZALNP","Female",False,False,False
"9184-GALIL","Female",False,True,True
"4393-RYCRE","Male",False,False,False
"9746-MDMBK","Male",False,True,True
"3162-ZJZFU","Male",False,True,True
"8404-GFGCZ","Male",False,True,False
"8875-AKBYH","Male",True,False,False
"0533-UCAAU","Male",True,True,False
"1394-SUIUH","Female",True,True,False
"3521-MNKLV","Male",False,False,False
"2533-TIBIX","Male",False,True,True
"5092-STPKP","Female",False,False,False
"0114-PEGZZ","Female",False,False,False
"3359-DSRKA","Female",False,True,True
"8639-NHQEI","Female",False,True,True
"7161-DFHUF","Female",False,True,False
"3720-DBRWL","Male",False,True,False
"8565-WUXZU","Male",True,True,False
"4994-OBRSZ","Male",False,False,True
"0562-FGDCR","Female",False,True,True
"2436-QBZFP","Female",False,True,True
"3420-YJLQT","Female",False,False,False
"6040-CGACY","Female",False,False,False
"6582-PLFUU","Male",False,True,True
"8242-PDSGJ","Male",False,True,False
"0264-CNITK","Female",False,True,True
"0089-IIQKO","Female",False,True,True
"7839-NUIAA","Female",False,True,True
"6075-QMNRR","Female",False,False,False
"5966-EMAZU","Male",False,True,False
"0440-EKDCF","Male",False,True,False
"4774-HHGGS","Male",False,True,False
"2055-BFOCC","Male",True,True,False
"8180-AKMJV","Female",False,False,False
"4298-OYIFC","Male",False,True,False
"5566-SOEZD","Male",False,True,True
"9842-EFSYY","Female",False,False,True
"2272-WUSPA","Female",False,True,False
"4584-LBNMK","Male",True,True,False
"3898-GUYTS","Female",True,False,False
"0930-EHUZA","Female",False,False,False
"9975-SKRNR","Male",False,False,False
"3703-KBKZP","Male",True,False,False
"4973-MGTON","Female",False,True,False
"3682-YEUWS","Male",False,True,True
"1223-UNPKS","Male",False,True,True
"3446-QDSZF","Female",False,False,False
"5117-IFGPS","Male",True,True,False
"7379-FNIUJ","Male",False,False,False
"1627-AFWVJ","Female",False,False,False
"4486-EFAEB","Male",False,False,False
"0060-FUALY","Female",False,True,False
"6954-OOYZZ","Male",False,True,False
"7088-FBAWU","Female",False,True,True
"8313-AFGBW","Male",False,True,False
"3097-IDVPU","Male",False,True,True
"2197-OMWGI","Female",True,True,True
"2303-PJYHN","Female",False,True,False
"9795-VOWON","Male",False,False,False
"1237-WIYYZ","Female",False,False,False
"1987-AUELQ","Female",False,True,False
"7852-LECYP","Male",True,True,False
"4822-LPTYJ","Male",False,True,False
"8165-CBKXO","Male",False,True,True
"6527-PZFPV","Male",False,True,True
"9593-CVZKR","Female",False,True,True
"8595-SIZNC","Female",True,True,False
"5236-XMZJY","Female",False,False,False
"4827-DPADN","Female",False,True,True
"2694-CIUMO","Female",False,False,False
"5846-ABOBJ","Male",False,True,False
"1439-LCGVL","Female",False,True,False
"0909-SDHNU","Female",False,False,True
"4647-XXZAM","Female",False,True,True
"7740-KKCXF","Male",False,True,False
"5360-XGYAZ","Male",False,True,True
"3557-HTYWR","Female",False,False,False
"8920-NAVAY","Male",True,False,False
"8541-QVFKM","Female",False,False,False
"1699-TLDLZ","Female",False,True,True
"5600-PDUJF","Male",False,False,False
"0567-XRHCU","Female",False,True,True
"2067-QYTCF","Female",False,True,False
"7407-SUJIZ","Male",False,False,False
"9150-KPBJQ","Female",False,False,False
"0052-DCKON","Male",False,True,False
"3654-ARMGP","Female",False,False,False
"9699-UBQFS","Female",True,True,False
"9367-TCUYN","Female",False,False,False
"1261-FWTTE","Male",True,False,False
"3528-HFRIQ","Male",True,True,False
"0708-SJDIS","Female",False,False,False
"2073-QBVBI","Female",False,True,False
"6928-ONTRW","Female",False,True,True
"3320-VEOYC","Male",True,False,False
"5231-FIQPA","Female",False,False,False
"6617-WLBQC","Female",False,True,True
"2599-CIPQE","Male",False,True,True
"8774-GSBUN","Male",False,True,False
"7326-RIGQZ","Male",False,True,True
"1401-FTHFQ","Male",False,True,True
"0254-FNMCI","Female",False,False,False
"1848-LBZHY","Female",False,True,False
"8118-TJAFG","Male",False,True,True
"5429-LWCMV","Female",False,False,False
"7298-IZWLY","Female",False,False,False
"9758-MFWGD","Female",True,True,True
"3955-JBZZM","Male",False,False,False
"4815-TUMEQ","Female",False,False,False
"9909-IDLEK","Male",False,True,True
"4092-OFQZS","Male",False,True,False
"1561-BWHIN","Male",False,True,True
"9927-DSWDF","Male",False,True,False
"9500-LTVBP","Female",False,False,False
"7252-NTGSS","Female",False,False,False
"8149-AIQCG","Male",False,False,False
"1360-JYXKQ","Female",True,True,False
"0899-WZRSD","Male",False,False,False
"3255-GRXMG","Male",False,False,True
"4828-FAZPK","Female",False,True,True
"6094-ZIVKX","Female",False,False,False
"6925-BAYGL","Female",True,True,False
"3262-EIDHV","Female",False,True,True
"7354-OIJLX","Male",False,False,False
"1376-HHBDV","Female",False,False,False
"6133-OZILE","Female",False,False,False
"4135-FRWKJ","Female",True,True,True
"6551-ZCOTS","Male",True,False,False
"7191-ADRGF","Male",False,True,False
"5018-LXQQG","Female",False,True,True
"6892-BOGQE","Female",False,True,False
"1746-TGTWV","Male",False,True,False
"5995-SNNEW","Male",True,True,False
"8050-WYBND","Female",False,False,True
"3021-VLNRJ","Female",False,False,True
"2821-WARNZ","Female",False,False,True
"4879-GZLFH","Female",False,True,True
"8314-HTWVE","Female",False,True,True
"9402-ROUMJ","Female",False,True,True
"2507-QZPQS","Male",False,False,False
"7159-NOKYQ","Male",False,True,False
"5707-ZMDJP","Male",False,True,True
"8779-YIQQA","Male",False,True,True
"7136-IHZJA","Female",False,True,True
"8966-OIQHG","Female",False,True,True
"7074-STDCN","Male",False,False,False
"8739-QOTTN","Female",False,True,False
"1399-OUPJN","Female",False,True,True
"0277-BKSQP","Male",False,True,True
"5774-XZTQC","Female",False,True,True
"2676-SSLTO","Male",False,False,False
"6266-QHOJZ","Female",False,False,False
"7269-JISCY","Female",False,False,False
"0363-SVHYR","Male",False,True,True
"8547-NSBBO","Male",False,False,False
"6591-QGOYB","Male",False,False,False
"9070-BCKQP","Female",False,True,False
"6421-SZVEM","Female",False,True,True
"1328-EUZHC","Female",False,True,False
"8878-RYUKI","Female",False,False,False
"9633-DENPU","Female",False,True,False
"7811-JIVPF","Female",False,False,False
"7113-HIPFI","Male",False,True,True
"9258-CNWAC","Female",False,True,True
"5371-VYLSX","Female",True,False,False
"6374-AFWOX","Male",False,True,False
"5317-FLPJF","Female",False,False,False
"7621-VPNET","Female",False,True,False
"6034-YMTOB","Female",False,False,False
"4903-CNOZC","Male",False,False,False
"4353-HYOJD","Female",False,True,True
"7267-FRMJW","Female",False,True,True
"4188-FRABG","Male",False,True,False
"4128-ETESU","Female",True,True,False
"0620-DLSLK","Female",False,False,False
"3850-OKINF","Male",False,True,True
"1156-ZFYDO","Female",False,False,False
"3295-YVUSR","Male",True,False,False
"8016-NCFVO","Male",True,False,False
"4119-ZYPZY","Male",True,False,False
"5549-ZGHFB","Male",False,True,True
"7577-SWIFR","Male",False,False,False
"0303-WMMRN","Male",False,False,False
"6408-OTUBZ","Female",False,False,False
"5204-HMGYF","Female",False,True,True
"1078-TDCRN","Female",True,True,False
"3727-OVPRY","Male",False,True,True
"3797-FKOGQ","Male",False,False,True
"7622-NXQZR","Male",False,False,False
"6196-HBOBZ","Male",False,True,False
"3970-XGJDU","Female",False,False,False
"2080-CAZNM","Female",True,False,False
"7017-VFULY","Female",False,True,False
"5562-YJQGT","Female",False,False,False
"8807-OPMBM","Female",False,True,True
"5439-WIKXB","Male",True,True,False
"8294-UIMBA","Female",False,False,False
"8109-YUOHE","Male",False,False,False
"5840-NVDCG","Female",False,True,True
"8092-NLTGF","Male",False,False,False
"5928-QLDHB","Male",False,False,False
"9840-EFJQB","Female",False,False,False
"0696-UKTOX","Male",False,False,True
"4801-KFYKL","Male",False,False,True
"3472-OAOOR","Male",False,True,True
"6135-OZQVA","Female",False,False,False
"2252-JHJGE","Male",False,False,False
"4188-PCPIG","Female",False,True,False
"7105-BENQF","Male",False,False,True
"7721-DVEKZ","Female",False,False,False
"3566-VVORZ","Female",False,True,False
"9507-HSMMZ","Male",False,False,False
"2480-SQIOB","Male",False,True,True
"7813-TKCVO","Female",False,True,False
"0128-MKWSG","Female",False,False,True
"4350-ZTLPI","Female",False,True,False
"0361-HJRDX","Female",False,False,False
"5727-MYATE","Male",False,True,True
"3823-KYNQY","Male",False,False,False
"7570-WELNY","Female",False,True,False
"1028-FFNJK","Male",True,True,False
"6907-FLBER","Male",False,False,False
"3001-UNBTL","Male",True,True,True
"5982-PSMKW","Female",False,True,True
"3507-GASNP","Male",False,False,True
"7096-ZNBZI","Female",False,True,False
"1676-MQAOA","Male",False,False,False
"0786-IVLAW","Female",True,False,False
"7566-DSRLQ","Female",False,True,False
"7245-JMTTQ","Female",False,False,False
"6050-IJRHS","Female",False,True,True
"6202-JVYEU","Male",False,False,False
"8591-TKMZH","Male",False,True,True
"0734-OXWBT","Male",False,False,True
"4282-ACRXS","Male",True,True,False
"0365-TRTPY","Female",False,False,False
"7349-ALMUX","Male",False,False,False
"6502-KUGLL","Female",False,True,True
"1841-YSJGV","Male",False,True,False
"3511-BFTJW","Male",False,True,True
"7668-XCFYV","Female",True,True,False
"5018-HEKFO","Female",False,False,False
"2923-ARZLG","Male",False,True,True
"3976-NLDEZ","Male",False,False,False
"2282-YGNOR","Female",False,False,False
"5336-UFNZP","Female",True,True,True
"6854-EXGSF","Female",False,False,False
"1241-EZFMJ","Male",False,True,False
"9233-PSYHO","Female",True,False,False
"5376-PCKNB","Male",False,True,True
"8044-BGWPI","Male",False,True,True
"4060-LDNLU","Male",False,False,False
"3589-PPVKW","Male",False,False,False
"5887-IKKYO","Male",False,True,True
"1755-RMCXH","Male",False,True,True
"3858-XHYJO","Female",False,True,False
"4299-SIMNS","Male",False,False,False
"7025-IWFHT","Male",False,False,False
"6261-LHRTG","Female",False,False,False
"7841-FCRQD","Female",False,True,False
"2056-EVGZL","Male",False,True,True
"8777-MBMTS","Female",True,True,False
"7753-USQYQ","Male",False,False,False
"7661-CPURM","Male",False,False,False
"6233-HXJMX","Female",False,False,False
"5902-WBLSE","Female",False,True,True
"3239-TPHPZ","Female",False,True,False
"5115-GZDEL","Male",False,False,True
"3338-CVVEH","Male",False,False,False
"2615-YVMYX","Male",True,True,False
"2851-STERV","Male",True,False,False
"4393-GEADV","Male",False,True,True
"8486-AYEQH","Female",False,False,False
"5419-JKZNQ","Male",True,True,False
"2495-KZNFB","Female",False,False,False
"1409-PHXTF","Male",True,True,False
"4560-WQAQW","Female",False,False,False
"9591-YVTEB","Male",True,False,False
"9309-BZGNT","Male",True,True,False
"4274-DRSQT","Female",False,False,False
"2027-DNKIV","Male",False,True,True
"8075-GXIUB","Male",True,True,False
"2885-HIJDH","Male",False,True,True
"5424-RLQLC","Male",False,False,False
"6507-DTJZV","Male",False,False,True
"7673-BQGKU","Female",False,True,True
"6723-WSNTY","Female",True,True,False
"2725-IWWBA","Male",False,True,True
"1061-PNTHC","Female",False,True,True
"0394-YONDK","Male",False,True,True
"6574-MCOEH","Female",False,True,True
"7399-QHBJS","Female",False,True,True
"0997-YTLNY","Female",False,False,True
"9479-HYNYL","Female",False,True,False
"9708-KFDBY","Male",False,False,False
"3642-GKTCT","Female",False,False,False
"0774-RMNUW","Female",False,True,True
"1334-PDUKM","Female",False,True,False
"0756-MPZRL","Male",False,False,False
"2242-MFOTG","Male",False,False,False
"2927-CVULT","Female",False,True,True
"2144-BFDSO","Female",True,True,False
"8745-PVESG","Female",False,False,False
"7647-GYYKX","Female",False,True,True
"5647-FXOTP","Female",True,True,False
"9700-ISPUP","Female",False,True,True
"9839-ETQOE","Male",False,False,True
"6078-VESFR","Male",True,True,False
"9027-TMATR","Female",False,True,False
"1941-HOSAM","Male",False,True,True
"9110-HSGTV","Female",False,False,False
"0704-VCUMB","Female",False,True,False
"6171-ZTVYB","Male",False,True,False
"1935-IMVBB","Male",False,True,False
"2535-PBCGC","Female",False,True,False
"1470-PSXNM","Male",False,True,True
"2498-XLDZR","Female",False,True,True
"9866-OCCKE","Female",True,True,False
"5338-YHWYT","Male",False,False,True
"7718-UPSKJ","Female",False,True,False
"8731-WBBMB","Female",False,True,False
"1448-CYWKC","Female",False,True,True
"7901-IIDQV","Male",False,False,False
"2690-DVRVK","Male",False,True,True
"1270-XKUCC","Female",False,True,True
"0334-ZFJSR","Female",False,True,False
"5583-EJXRD","Male",False,True,True
"4565-EVZMJ","Female",False,False,False
"3327-YBAKM","Female",False,True,False
"9441-QHEVC","Male",False,False,False
"6705-LNMDD","Male",False,False,False
"2580-ASVVY","Female",False,True,False
"3370-GQEAL","Male",False,True,True
"5032-USPKF","Female",False,False,False
"4254-QPEDE","Female",False,True,False
"6283-GITPX","Male",False,False,True
"0771-CHWSK","Male",False,False,False
"9788-HNGUT","Male",False,True,False
"9495-REDIY","Male",False,False,True
"5375-XLDOF","Male",False,True,True
"1172-VIYBP","Male",False,True,True
"6559-PDZLR","Male",False,False,False
"8992-OBVDG","Male",False,False,False
"4273-MBHYA","Female",False,False,True
"4724-WXVWF","Male",False,False,False
"5701-GUXDC","Female",False,True,False
"1460-UZPRJ","Male",False,True,False
"6082-GLJIX","Male",False,False,False
"2495-TTHBQ","Female",False,False,True
"0485-ZBSLN","Male",False,True,True
"3810-PJUHR","Male",False,True,True
"0847-HGRML","Male",False,False,True
"8232-CTLKO","Female",False,True,True
"9227-YBAXE","Female",False,True,True
"9860-LISIZ","Female",False,False,False
"0112-QAWRZ","Male",False,True,True
"2786-GCDPI","Female",True,False,False
"4043-MKDTV","Male",False,True,False
"9229-RQABD","Male",False,False,False
"8313-KTIHG","Male",False,False,False
"5320-BRKGK","Female",False,True,True
"6284-KMNUF","Female",False,True,False
"6229-UOLQL","Male",False,True,True
"3137-LUPIX","Female",False,False,False
"6143-JQKEA","Male",False,False,False
"8676-OOQEJ","Male",False,False,False
"9701-CDXHR","Female",False,True,False
"8124-NZVGJ","Female",False,False,False
"2162-FRZAA","Male",False,True,True
"5118-MUEYH","Female",False,True,False
"5627-TVBPP","Female",False,False,True
"3936-QQFLL","Male",False,False,False
"2589-AYCRP","Female",False,False,False
"4067-HLYQI","Female",False,False,False
"5124-EOGYE","Male",False,False,False
"5057-RKGLH","Female",False,True,True
"0292-WEGCH","Female",False,True,True
"8910-ICHIU","Female",False,False,False
"4097-YODCF","Male",False,False,True
"9715-WZCLW","Male",False,True,True
"9786-YWNHU","Female",False,True,True
"6407-GSJNL","Female",False,False,False
"4049-ZPALD","Female",False,True,False
"3733-UOCWF","Male",True,True,False
"6833-JMZYP","Female",False,False,False
"1310-QRITU","Female",False,False,False
"8961-QDZZJ","Female",False,True,True
"9715-SBVSU","Male",False,True,True
"8490-BXHEO","Male",True,False,False
"7173-TETGO","Female",True,True,False
"7929-SKFGK","Male",False,True,False
"2300-RQGOI","Female",False,False,False
"3563-SVYLG","Male",False,True,True
"6435-VWCCY","Male",True,True,False
"4998-IKFSE","Female",False,False,False
"8630-QSGXK","Male",False,True,False
"2455-USLMV","Female",False,False,False
"9488-FVZCC","Female",False,True,True
"5995-WWKKG","Female",False,False,False
"7879-CGSFV","Male",False,False,False
"9921-EZKBY","Male",False,False,True
"7432-FFVAR","Female",False,True,True
"7246-ZGQDF","Female",False,False,True
"4456-RHSNB","Female",False,True,True
"2481-SBOYW","Female",False,False,True
"7109-MFBYV","Male",False,False,False
"1833-TCXKK","Male",False,True,False
"1832-PEUTS","Male",False,True,True
"8660-BUETV","Female",False,False,False
"0580-PIQHM","Female",False,True,True
"5696-CEIQJ","Male",False,True,True
"1696-HXOWK","Female",False,True,False
"3026-ATZYV","Female",False,True,True
"4012-YCFAI","Male",False,True,False
"9970-QBCDA","Female",False,False,False
"9496-IVVRP","Female",False,True,True
"2657-VPXTA","Female",False,True,True
"6551-VLJMV","Male",False,True,False
"1221-GHZEP","Female",False,False,False
"9289-LBQVU","Male",False,True,False
"3458-IDMFK","Male",False,False,False
"6933-FHBZC","Female",False,False,False
"0221-NAUXK","Male",False,False,True
"9770-KXGQU","Female",False,False,False
"6538-POCHL","Male",False,False,False
"6726-NNFWD","Female",True,True,False
"3002-WQZWT","Female",False,False,False
"4277-UDIEF","Male",False,True,True
"1208-NBVFH","Male",False,True,True
"4912-PIGUY","Female",False,False,False
"2725-TTRIQ","Female",False,True,True
"3374-TTZTK","Male",False,True,False
"8990-ZXLSU","Female",False,False,False
"2275-RBYQS","Female",False,False,False
"4419-UJMUS","Male",False,True,True
"7794-JASDG","Male",False,False,False
"7609-YBPXG","Male",False,False,False
"5519-TEEUH","Male",False,False,True
"7856-GANIL","Male",True,True,False
"0804-XBFBV","Female",False,False,True
"2676-OXPPQ","Male",False,False,False
"3703-TTEPD","Male",False,False,False
"2799-TSLAG","Female",False,True,True
"2208-NKVVH","Male",False,True,True
"7139-JZFVG","Male",False,True,True
"4987-GQWPO","Male",False,False,False
"1757-TCATG","Male",False,True,True
"4776-XSKYQ","Female",False,True,True
"8048-DSDFQ","Male",False,False,False
"5753-QQWPW","Female",False,False,False
"6010-DDPPW","Male",False,True,False
"6693-FRIRW","Male",False,False,False
"6586-MYGKD","Male",False,True,False
"3173-NVMPX","Female",False,True,True
"0248-PGHBZ","Female",True,False,False
"0623-GDISB","Female",False,False,False
"2892-GESUL","Female",False,True,True
"7472-EQOAV","Male",True,True,True
"2043-WVTQJ","Male",False,True,False
"8034-RYTVV","Female",False,False,False
"3863-QSTYI","Male",False,False,False
"5044-LRQAQ","Female",False,True,False
"1716-LSAMB","Male",False,True,True
"1333-PBMXB","Female",False,True,True
"6546-OPBBH","Male",False,True,True
"5985-BEHZK","Female",True,True,False
"9127-QRZMH","Male",False,True,False
"5919-VCZYM","Male",False,False,False
"9644-KVCNC","Female",False,False,False
"2137-DQMEV","Male",False,True,True
"8174-LNWMW","Female",False,False,False
"9279-CJEOJ","Female",True,False,False
"7964-VEXDG","Male",False,False,True
"2404-JIBFC","Female",False,True,True
"8029-XYPWT","Male",True,True,False
"4632-PAOYU","Male",False,True,True
"2990-OGYTD","Female",False,True,False
"6646-JPPHA","Female",True,False,False
"7658-UYUQS","Male",True,True,False
"7880-XSOJX","Male",False,False,False
"4589-IUAJB","Male",False,True,False
"8746-BFOAJ","Male",True,False,False
"8457-XIGKN","Male",False,False,False
"6072-NUQCB","Male",False,True,True
"8838-GPHZP","Female",False,False,False
"8750-QWZAJ","Female",False,True,True
"6918-UMQCG","Female",False,False,False
"0675-NCDYU","Female",False,True,True
"6339-DKLMK","Female",False,False,False
"1346-PJWTK","Male",False,True,False
"5088-QZLRL","Male",False,False,False
"8023-QHAIO","Female",True,True,False
"4397-FRLTA","Female",False,False,False
"3057-VJJQE","Male",False,False,False
"2302-OUZXB","Male",False,True,False
"8133-ANHHJ","Female",True,False,False
"2270-CHBFN","Female",False,True,False
"5982-FPVQN","Female",False,True,True
"9107-UKCKY","Male",False,True,False
"4654-ULTTN","Male",False,True,False
"5546-BYZSM","Female",False,False,False
"1492-KGETH","Male",False,True,True
"4163-HFTUK","Male",False,False,False
"8215-NGSPE","Female",False,True,True
"8859-YSTWS","Male",False,False,False
"7601-DHFWZ","Female",False,False,False
"1998-VHJHK","Female",False,False,False
"1707-HABPF","Female",True,False,False
"0487-VVUVK","Male",False,True,True
"5063-IUOKK","Male",False,False,False
"4508-OEBEY","Male",False,True,False
"0027-KWYKW","Female",False,True,True
"2308-STERM","Female",False,False,False
"5982-XMDEX","Female",False,False,False
"6051-PTVNS","Female",False,True,True
"2877-VDUER","Female",False,True,True
"9152-AMKAK","Male",False,False,False
"9432-VOFYX","Male",False,False,False
"8049-WJCLQ","Male",False,True,True
"6586-PSJOX","Male",False,False,True
"9705-ZJBCG","Female",False,True,True
"6847-KJLTS","Female",True,True,False
"9670-BPNXF","Female",False,False,False
"3913-FCUUW","Female",False,True,True
"3301-VKTGC","Male",False,True,True
"9555-SAHUZ","Female",False,True,True
"0816-TSPHQ","Male",False,False,False
"9932-WBWIK","Male",False,False,False
"4619-EVPHY","Female",True,True,False
"5286-YHCVC","Male",False,True,False
"9115-YQHGA","Male",False,False,False
"4462-CYWMH","Male",True,True,False
"4537-DKTAL","Female",False,False,False
"8963-MQVYN","Female",False,False,True
"2458-EOMRE","Female",False,False,False
"9334-GWGOW","Male",True,True,False
"6542-LWGXJ","Male",False,True,False
"5567-GZKQY","Male",False,False,False
"1222-LRYKO","Male",False,False,True
"2087-QAREY","Female",False,True,False
"4423-JWZJN","Male",False,True,True
"6490-FGZAT","Male",False,False,False
"7452-FOLON","Male",False,False,True
"2320-TZRRH","Female",False,False,False
"4942-VZZOM","Male",False,True,False
"7502-BNYGS","Female",False,True,False
"4291-HYEBC","Female",True,True,True
"6147-CBCRA","Female",False,True,False
"6047-SUHPR","Male",False,True,True
"9752-ZNQUT","Female",False,False,False
"1576-PFZIW","Male",True,True,False
"5666-MBJPT","Male",False,False,False
"7312-XSBAT","Male",False,False,False
"3096-GKWEB","Male",False,True,False
"2371-JQHZZ","Male",False,True,False
"0674-GCDXG","Male",False,False,False
"1121-QSIVB","Female",False,False,True
"4396-KLSEH","Male",False,False,False
"2824-MYYBN","Female",False,True,True
"6345-HOVES","Male",False,False,False
"8318-LCNBW","Male",False,True,False
"6469-QJKZW","Female",False,True,False
"0147-ESWWR","Female",True,True,False
"1217-VASWC","Male",True,True,False
"6370-ZVHDV","Female",False,True,False
"5915-DGNVC","Female",False,True,False
"6260-XLACS","Male",False,False,False
"3566-CAAYU","Female",False,True,True
"4983-CCWMC","Male",False,False,False
"9103-CXVOK","Male",False,True,True
"2896-TBNBE","Male",False,True,False
"2522-WLNSF","Female",True,True,False
"3841-CONLJ","Female",False,True,False
"4475-NVTLU","Male",False,True,True
"9386-LDCZR","Male",False,False,False
"9585-KKMFD","Male",False,True,True
"5399-ZIMKF","Male",False,False,False
"0336-KXKFK","Male",False,False,False
"5619-XZZKR","Male",False,False,False
"3948-FVVRP","Male",False,True,True
"5327-XOKKY","Male",True,True,False
"0983-TATYJ","Female",False,True,False
"1813-JYWTO","Female",False,True,False
"6719-OXYBR","Male",False,False,False
"3312-ZWLGF","Male",True,True,False
"6476-YHMGA","Female",False,True,True
"0795-XCCTE","Male",True,False,False
"0168-XZKBB","Female",False,True,False
"3785-NRHYR","Male",False,False,False
"7072-MBHEV","Female",True,True,True
"5602-BVFMK","Female",False,False,False
"6297-NOOPG","Female",False,True,False
"8204-TIFGJ","Female",False,False,False
"8050-DVOJX","Male",True,False,False
"8903-XEBGX","Male",False,False,True
"8169-SAEJD","Male",True,True,False
"1089-XZWHH","Female",False,True,True
"2325-WINES","Female",False,False,False
"6064-ZATLR","Female",False,False,False
"7824-PANSQ","Male",False,False,False
"9648-BCHKM","Female",False,True,True
"2888-ADFAO","Female",False,True,True
"8707-HOEDG","Female",False,True,True
"4072-IPYLT","Female",False,True,True
"7167-PCEYD","Male",False,False,False
"4936-YPJNK","Female",False,False,False
"1580-BMCMR","Male",True,False,False
"4817-KEQSP","Female",False,True,True
"6408-WHTEF","Male",False,True,True
"9251-AWQGT","Female",False,True,True
"8749-CLJXC","Male",False,False,False
"7989-VCQOH","Male",False,True,True
"4199-QHJNM","Male",True,True,False
"8882-TLVRW","Male",False,True,True
"5135-GRQJV","Male",True,True,False
"2384-OVPSA","Female",True,False,False
"1371-WEPDS","Male",True,True,False
"3580-GICBM","Female",False,True,True
"9730-DRTMJ","Male",False,True,False
"4686-UXDML","Female",False,False,False
"3349-ANQNH","Female",True,False,False
"0932-YIXYU","Female",False,False,False
"7480-SPLEF","Male",False,True,True
"7636-XUHWW","Male",False,False,False
"1431-CYWMH","Female",False,True,True
"5937-EORGB","Male",True,True,False
"6349-JDHQP","Female",False,False,False
"5539-HIVAK","Female",True,True,False
"5847-MXBEO","Male",False,False,False
"4583-PARNH","Male",True,True,False
"1116-FRYVH","Female",False,True,True
"1421-HCERK","Male",True,True,False
"9633-XQABV","Female",False,False,False
"0716-BQNDX","Male",True,False,False
"1183-CANVH","Female",False,True,False
"1972-XMUWV","Female",False,True,False
"8679-LZBMD","Male",False,True,False
"3407-JMJQQ","Female",False,True,True
"6252-DFGTK","Female",False,True,False
"1539-LNKHM","Female",False,False,False
"8645-KOMJQ","Male",False,True,True
"0289-IVARM","Female",False,False,False
"9761-XUJWD","Male",False,False,False
"4057-FKCZK","Male",False,True,True
"4291-TPNFG","Male",False,True,False
"6087-YPWHO","Male",False,True,False
"3090-QFUVD","Female",False,False,False
"1722-LDZJS","Male",False,True,True
"1818-ESQMW","Female",False,False,False
"7401-RUBNK","Female",False,True,False
"0506-YLVKJ","Male",False,True,True
"8661-BOYNW","Female",False,True,False
"4815-GBTCD","Female",False,True,False
"2805-AUFQN","Female",False,False,False
"0980-PVMRC","Female",False,True,True
"7233-DRTRF","Male",False,True,False
"3873-NFTGI","Male",False,False,False
"1162-ECVII","Male",True,True,False
"7048-GXDAY","Male",False,False,False
"8571-ZCMCX","Female",False,True,True
"1169-WCVAK","Male",False,True,False
"7129-CAKJW","Female",False,False,False
"8695-ARGXZ","Male",True,True,False
"3570-YUEKJ","Female",False,False,False
"1555-HAPSU","Female",False,True,True
"1697-NVVGY","Male",True,True,False
"8464-EETCQ","Male",False,False,False
"2419-FSORS","Male",False,True,False
"8132-YPVBX","Female",False,False,False
"6754-LZUKA","Male",False,True,False
"8099-MZPUJ","Male",False,True,True
"0787-LHDYT","Male",False,False,False
"0374-IOEGQ","Female",False,False,False
"3197-NNYNB","Male",False,False,False
"3396-DKDEL","Female",False,True,True
"1752-OZXFY","Male",False,True,False
"9066-QRSDU","Female",False,True,False
"9112-WSNPU","Female",True,False,False
"9867-NNXLC","Female",False,False,False
"5321-NTRKC","Male",False,True,True
"3161-GETRM","Male",False,True,True
"0402-OAMEN","Female",False,True,True
"6933-VLYFX","Male",False,True,True
"6754-WKSHP","Male",False,False,True
"4976-LNFVV","Male",True,True,False
"5055-MGMGF","Female",False,True,False
"4641-FROLU","Female",False,True,True
"2862-JVEOY","Male",False,False,False
"2969-QWUBZ","Female",False,False,False
"9822-BIIGN","Male",False,True,True
"2077-MPJQO","Male",True,True,False
"1534-OULXE","Female",False,True,True
"2971-SGAFL","Female",False,False,False
"1480-IVEVR","Male",True,True,False
"2905-KFQUV","Female",False,True,False
"3370-HXOPH","Female",False,False,False
"9391-YZEJW","Female",False,False,False
"9958-MEKUC","Male",False,True,True
"0281-CNTZX","Male",False,True,False
"4118-CEVPF","Female",True,False,False
"9114-VEPUF","Male",False,True,False
"7876-BEUTG","Female",False,False,False
"2338-BQEZT","Female",False,False,False
"9873-MNDKV","Female",False,False,False
"8241-JUIQO","Female",False,False,False
"2194-IIQOF","Female",False,True,False
"9631-RXVJM","Male",False,False,False
"9584-EXCDZ","Female",False,False,False
"5093-FEGLU","Female",False,True,False
"2621-UDNLU","Female",False,True,False
"7526-IVLYU","Male",False,False,False
"2428-HYUNX","Male",True,True,False
"9214-EKVXR","Female",False,False,False
"3410-MHHUM","Female",False,True,True
"2122-YWVYA","Female",False,False,False
"2296-DKZFP","Female",False,True,False
"8909-BOLNL","Male",False,False,False
"6603-YRDCJ","Male",False,True,False
"3229-USWAR","Female",False,False,False
"2138-VFAPZ","Female",False,True,True
"6131-JLWZM","Female",False,False,False
"0269-XFESX","Male",False,True,True
"1709-EJDOX","Female",False,True,True
"4316-XCSLJ","Male",False,False,True
"9693-XMUOB","Male",True,True,False
"0383-CLDDA","Female",False,False,False
"2709-UQGNP","Male",False,False,False
"3549-ZTMNH","Male",False,True,True
"8033-ATFAS","Female",False,True,True
"1635-NZATJ","Male",True,True,False
"0562-HKHML","Male",False,True,True
"8277-RVRSV","Female",False,True,True
"9943-VSZUV","Male",True,False,False
"7054-ENNGU","Female",False,True,False
"1455-HFBXA","Male",False,True,False
"9402-CXWPL","Female",False,False,False
"1628-BIZYP","Male",False,False,False
"0082-LDZUE","Male",False,False,False
"5343-SGUBI","Female",False,False,False
"0856-NAOES","Male",False,False,False
"1976-AZZPJ","Male",False,True,False
"6156-UZDLF","Female",False,False,False
"3099-OONVS","Male",False,True,True
"9500-WBGRP","Male",False,False,False
"5183-KLYEM","Female",False,False,False
"5144-PQCDZ","Male",False,False,False
"8514-VZHEB","Male",False,True,True
"6625-IUTTT","Male",False,False,False
"9355-NPPFS","Female",True,False,False
"0068-FIGTF","Female",False,False,False
"5965-GGPRW","Male",False,True,True
"8035-PWSEV","Female",False,False,False
"2236-HILPA","Male",False,True,True
"1840-BIUOG","Male",False,False,False
"1356-MKYSK","Male",False,False,False
"6080-LNESI","Male",False,False,False
"1830-IPXVJ","Female",False,True,True
"5828-DWPIL","Male",True,True,False
"8398-TBIYD","Female",False,False,False
"2931-FSOHN","Male",True,False,False
"9418-RUKPH","Female",False,True,True
"9971-ZWPBF","Male",True,True,True
"4712-AUQZO","Male",False,False,False
"9711-FJTBX","Male",False,True,True
"2908-ZTPNF","Female",False,False,False
"8421-WZOOW","Female",True,True,True
"1414-YADCW","Male",False,True,False
"8756-RDDLT","Female",False,False,False
"2862-PFNIK","Male",False,False,True
"5816-QVHRX","Female",False,False,False
"4430-YHXGG","Female",False,False,True
"6888-SBYAI","Male",False,False,False
"7395-XWZOY","Male",False,False,False
"7169-YWAMK","Male",False,True,True
"6859-RKMZJ","Male",False,True,False
"2729-VNVAP","Female",False,True,True
"2957-JIRMN","Female",True,False,False
"2049-BAFNW","Female",False,False,False
"3842-QTGDL","Male",False,True,False
"7163-OCEQI","Male",False,True,True
"9782-LGXMC","Female",False,True,True
"5975-BAICR","Male",False,True,True
"4673-KKSLS","Female",False,False,False
"4853-OITSN","Male",False,True,False
"9800-OUIGR","Male",False,True,True
"2324-EFHVG","Male",False,False,False
"7094-MSZAO","Male",False,True,True
"6907-CQGPN","Male",False,False,False
"0780-XNZFN","Male",False,False,False
"0239-OXEXL","Female",False,False,False
"2675-IJRGJ","Male",False,False,False
"7049-GKVZY","Female",False,False,False
"8577-QSOCG","Female",False,True,True
"3721-CNZHX","Male",False,False,False
"0212-ISBBF","Female",False,False,False
"3585-YNADK","Female",False,True,False
"5271-DBYSJ","Male",True,False,False
"1099-GODLO","Female",False,True,True
"6828-HMKWP","Male",False,True,True
"1472-TNCWL","Male",False,False,True
"2080-GKCWQ","Male",False,False,False
"2193-SFWQW","Male",False,True,True
"5656-JAMLX","Male",False,False,False
"3462-BJQQA","Female",False,False,False
"0442-TDYUO","Male",False,True,False
"6733-LRIZX","Male",False,False,False
"9503-XJUME","Male",False,False,True
"4367-NHWMM","Female",False,False,False
"3779-OSWCF","Female",False,True,False
"6736-DHUQI","Female",False,True,True
"3915-ODIYG","Male",True,False,False
"1360-RCYRT","Male",False,True,True
"2724-FJDYW","Male",False,False,True
"4451-RWASJ","Male",False,True,True
"3460-TJBWI","Male",False,True,True
"5917-HBSDW","Female",False,True,True
"5671-UUNXD","Female",True,True,False
"0956-ACVZC","Female",False,False,False
"2325-NBPZG","Female",False,False,False
"4482-FTFFX","Male",False,False,False
"8859-DZTGQ","Male",False,False,False
"0440-MOGPM","Female",False,False,False
"0020-JDNXP","Female",False,True,True
"3752-CQSJI","Female",False,True,True
"5025-GOOKI","Female",False,False,False
"4698-KVLLG","Female",True,False,False
"2887-JPYLU","Female",False,False,True
"4770-QAZXN","Female",False,False,False
"4896-CPRPF","Male",False,True,True
"9714-EDSUC","Male",False,False,False
"0282-NVSJS","Female",True,True,True
"7353-YOWFP","Female",False,False,False
"8008-ESFLK","Female",False,True,False
"7537-CBQUZ","Male",True,False,False
"3363-EWLGO","Female",False,False,False
"4750-UKWJK","Female",True,True,False
"1689-YQBYY","Female",False,False,True
"9881-VCZEP","Female",False,True,False
"4487-ZYJZK","Female",False,True,True
"2959-FENLU","Female",False,False,False
"0708-LGSMF","Male",False,True,False
"7634-HLQJR","Female",False,True,True
"0487-RPVUM","Male",False,True,False
"4079-ULGFR","Male",False,False,False
"2516-XSJKX","Female",False,True,True
"0057-QBUQH","Female",False,False,True
"6599-SFQVE","Female",False,False,False
"8331-ZXFOE","Female",False,False,False
"4003-FUSHP","Male",False,False,False
"0356-ERHVT","Male",False,True,False
"7325-ENZFI","Female",False,False,False
"4884-ZTHVF","Female",True,False,False
"3920-HIHMQ","Female",False,False,True
"3055-OYMSE","Female",True,False,False
"0613-WUXUM","Female",False,True,True
"4458-KVRBJ","Male",False,False,False
"1397-XKKWR","Male",False,False,False
"8097-OMULG","Male",False,True,True
"6013-BHCAW","Male",False,True,True
"0401-WDBXM","Male",False,True,True
"3387-PLKUI","Female",False,True,True
"6096-EGVTU","Female",False,True,True
"5081-NWSUP","Female",False,False,False
"2580-ATZSQ","Female",False,True,True
"8085-MSNLK","Female",False,True,False
"9691-HKOVS","Female",False,True,False
"8757-TFHHJ","Male",False,False,False
"1468-DEFNC","Male",True,True,True
"5119-KEPFY","Male",False,True,False
"0916-KNFAJ","Male",False,True,False
"8319-QBEHW","Male",False,False,True
"9625-QNLUX","Male",False,True,True
"4024-CSNBY","Female",False,True,False
"7110-BDTWG","Female",False,True,False
"7493-GVFIO","Male",False,False,False
"0690-SRQID","Male",False,False,False
"9605-WGJVW","Female",True,False,False
"9114-DPSIA","Male",False,True,True
"4700-UBQMV","Male",False,True,True
"7711-GQBZC","Female",False,True,True
"4627-MIHJH","Female",True,False,False
"9795-NREXC","Female",False,True,False
"8573-CGOCC","Male",False,False,False
"7356-AYNJP","Female",False,False,False
"6286-SUUWT","Male",False,False,False
"4819-HJPIW","Male",False,False,False
"8654-DHAOW","Female",False,False,False
"5438-QMDDL","Female",False,True,False
"9812-GHVRI","Female",False,False,False
"5553-AOINX","Female",True,True,True
"1228-ZLNBX","Male",False,False,False
"4226-KKDON","Male",False,False,False
"3831-YCPUO","Female",False,True,True
"7445-WMRBW","Female",False,False,False
"3308-DGHKL","Male",False,False,False
"9924-JPRMC","Male",False,False,False
"0080-EMYVY","Female",False,False,False
"6218-KNUBD","Male",False,False,False
"7337-CINUD","Female",False,True,True
"7609-NRNCA","Female",False,False,False
"0623-EJQEG","Male",False,False,False
"7153-CHRBV","Female",False,True,True
"6198-PNNSZ","Female",False,True,False
"3317-VLGQT","Female",False,True,False
"4132-POCZS","Male",False,True,False
"5614-DNZCE","Female",False,False,False
"3896-RCYYE","Female",False,False,False
"9638-JIQYA","Male",False,False,False
"3258-SANFR","Male",True,False,False
"3726-TBHQT","Male",False,True,True
"3190-ITQXP","Female",False,True,True
"4833-QTJNO","Male",True,True,False
"3039-MJSLN","Male",False,False,True
"0178-CIIKR","Female",False,False,False
"5774-QPLTF","Male",False,True,True
"2322-VCZHZ","Male",True,True,False
"5010-IPEAQ","Female",False,True,True
"6383-ZTSIW","Female",True,True,False
"8990-YOZLV","Female",False,False,False
"3069-SSVSN","Female",False,False,False
"5222-IMUKT","Male",False,False,False
"6685-XSHHU","Male",False,True,True
"8901-UPRHR","Female",False,True,True
"0118-JPNOY","Female",True,False,False
"3845-FXCYS","Male",False,False,False
"5857-XRECV","Female",False,False,True
"0725-CXOTM","Female",False,False,False
"4343-EJVQB","Male",False,False,False
"9000-PLFUZ","Female",True,True,False
"3427-GGZZI","Female",False,True,False
"7779-ORAEL","Male",True,True,False
"0644-OQMDK","Male",True,False,False
"3154-CFSZG","Male",False,True,True
"2220-IAHLS","Female",False,False,False
"1658-XUHBX","Female",True,True,True
"2378-HTWFW","Male",True,False,False
"4377-VDHYI","Male",False,True,True
"3719-TDVQB","Female",True,True,False
"0201-MIBOL","Female",True,False,False
"4937-QPZPO","Male",False,True,True
"2925-VDZHY","Male",False,True,True
"6981-TDRFT","Male",False,True,True
"3413-CSSTH","Male",False,False,False
"8033-VCZGH","Male",False,True,False
"0224-NIJLP","Male",False,True,True
"7542-CYDDM","Male",False,False,False
"4718-WXBGI","Male",False,True,True
"8495-PRWFH","Female",True,False,False
"0439-IFYUN","Female",True,False,False
"5716-LIBJC","Female",False,False,True
"2868-LLSKM","Female",False,True,True
"2988-QRAJY","Male",False,False,False
"0071-NDAFP","Male",False,True,True
"7328-ZJAJO","Female",False,True,True
"6458-CYIDZ","Female",True,False,False
"1090-PYKCI","Female",False,True,True
"3058-WQDRE","Male",False,False,False
"2279-AXJJK","Male",False,True,False
"0909-SELIE","Male",False,True,False
"3417-TSCIC","Male",False,False,False
"1042-HFUCW","Female",False,False,True
"6537-OTKMY","Male",False,False,False
"8999-EXMNO","Female",False,True,True
"6725-TPKJO","Male",False,False,False
"7162-WPHPM","Male",False,True,True
"1599-MMYRQ","Male",False,True,True
"8821-KVZKQ","Female",False,True,True
"6434-TTGJP","Male",False,True,True
"0042-JVWOJ","Male",False,False,False
"0130-SXOUN","Male",False,False,False
"2330-PQGDQ","Male",False,True,True
"1452-UZOSF","Male",False,True,True
"2097-YVPKN","Male",False,False,False
"8597-CTXVJ","Male",False,False,True
"6631-HMANX","Male",False,True,False
"9962-BFPDU","Female",False,True,True
"6394-HHHZM","Male",False,False,False
"5995-LFTLE","Male",False,False,False
"1932-UEDCX","Male",True,True,False
"5188-HGMLP","Male",True,True,False
"0665-XHDJU","Male",False,True,False
"8265-HKSOW","Female",False,True,True
"3544-FBCAS","Female",False,True,True
"5331-RGMTT","Male",True,True,False
"4759-PXTAN","Female",False,True,False
"7054-DMVAS","Male",False,False,False
"3428-MMGUB","Male",False,False,False
"6549-BTYPG","Female",False,True,False
"7823-JSOAG","Male",False,False,False
"3705-RHRFR","Female",False,True,False
"9374-YOLBJ","Female",False,True,True
"9074-KGVOX","Male",False,True,True
"6128-DAFVY","Female",False,False,False
"9933-QRGTX","Female",False,True,False
"4476-OSWTN","Male",True,True,False
"5066-GFJMM","Female",False,True,False
"2661-GKBTK","Male",False,True,True
"0458-HEUZG","Female",False,False,False
"7268-WNTCP","Male",False,True,True
"0824-VWDPO","Female",False,False,False
"8409-WQJUX","Female",False,False,False
"2578-JQPHZ","Male",False,False,False
"3278-FSIXX","Female",False,False,False
"9746-UGFAC","Female",False,False,False
"2946-KIQSP","Female",False,False,False
"0625-AFOHS","Female",False,True,True
"6726-WEXXK","Male",True,True,False
"4636-OLWOE","Male",False,False,True
"4685-ERGHK","Male",False,False,False
"0885-HMGPY","Male",False,False,False
"5003-OKNNK","Female",False,True,True
"7208-PSIHR","Female",False,True,False
"4012-ZTHBR","Female",False,True,True
"0489-WMEMG","Female",False,False,True
"7435-ZNUYY","Male",False,False,False
"1354-YZFNB","Male",False,True,True
"2985-FMWYF","Female",False,False,False
"2812-ENYMO","Male",False,False,False
"2717-HVIZY","Female",False,False,True
"3422-GALYP","Male",False,False,False
"2890-WFBHU","Female",False,False,False
"0327-WFZSY","Male",False,True,True
"7977-HXJKU","Male",False,False,True
"7033-CLAMM","Female",False,True,True
"4023-RTIQM","Female",True,True,False
"0864-FVJNJ","Female",False,True,True
"7356-IWLFW","Male",False,True,True
"9541-PWTWO","Female",False,False,False
"3967-VQOGC","Female",False,True,True
"7872-RDDLZ","Female",True,False,False
"6308-CQRBU","Female",False,True,False
"0186-CAERR","Male",False,False,False
"3043-SUDUA","Female",False,False,False
"5442-BHQNG","Female",False,False,False
"2169-RRLFW","Female",False,True,False
"5872-OEQNH","Female",False,False,False
"3162-KKZXO","Female",True,False,False
"8873-GLDMH","Female",False,False,False
"5696-JVVQY","Female",False,True,True
"8946-BFWSG","Male",False,True,True
"0547-HURJB","Male",False,False,True
"8904-OPDCK","Male",True,True,False
"8845-LWKGE","Female",False,True,True
"0691-NIKRI","Female",False,False,False
"5022-JNQEQ","Female",False,True,True
"3249-VHRIP","Female",False,False,False
"3736-BLEPA","Male",False,False,False
"4701-LKOZD","Female",False,False,False
"6603-QWSPR","Female",False,False,False
"9921-QFQUL","Female",False,True,False
"1929-ZCBHE","Male",False,True,True
"4378-MYPGO","Male",False,True,True
"4129-LYCOI","Female",False,False,True
"7798-JVXYM","Female",False,False,False
"8647-SDTWQ","Male",False,True,True
"2696-ECXKC","Female",False,True,True
"2081-KJSQF","Male",False,False,False
"3323-CPBWR","Male",False,False,False
"3384-CTMSF","Male",False,True,False
"0902-RFHOF","Male",False,False,False
"6048-QBXKL","Female",True,False,False
"7718-RXDGG","Male",False,True,False
"1025-FALIX","Female",False,False,False
"3451-VAWLI","Female",False,True,True
"3407-QGWLG","Male",False,False,True
"2347-WKKAE","Male",False,True,False
"8735-DCXNF","Male",False,True,False
"3214-IYUUQ","Female",False,True,False
"1936-UAFEH","Female",False,False,False
"3587-PMCOY","Male",False,False,False
"1027-LKKQQ","Female",False,True,True
"7148-XZPHA","Male",False,True,True
"5309-TAIKL","Female",False,False,False
"6856-RAURS","Female",False,False,False
"8778-LMWTJ","Female",False,False,False
"9717-IOAAF","Male",False,False,True
"2845-KDHVX","Female",False,True,False
"0848-SOMKO","Male",False,False,False
"6734-FQAJX","Male",True,False,False
"1535-VTJOQ","Female",False,False,False
"6368-TZZDT","Male",False,True,True
"0943-ZQPXH","Male",False,True,True
"1293-BSEUN","Female",False,True,True
"1302-TPUBN","Male",False,False,False
"2378-VTKDH","Male",True,True,False
"0927-CNGRH","Male",False,False,True
"8608-OZTLB","Male",False,True,True
"2335-GSODA","Male",False,False,True
"1952-DVVSW","Female",False,True,False
"6656-GULJQ","Male",False,True,True
"9853-JFZDU","Female",False,True,False
"3777-XROBG","Female",False,True,True
"6994-FGRHH","Male",False,True,True
"4000-VGMQP","Male",False,True,True
"3999-WRNGR","Female",False,True,True
"3466-RITXD","Male",False,False,False
"2680-XKKNJ","Female",False,False,False
"2974-GGUXS","Female",True,True,False
"7994-XIRTR","Male",True,False,False
"2101-RANCD","Female",False,False,False
"7921-BEPCI","Female",False,False,False
"8510-TMWYB","Female",False,True,True
"3258-ZKPAI","Male",False,True,True
"1428-IEDPR","Male",False,False,False
"5298-GSTLM","Female",True,False,False
"4450-YOOHP","Female",False,False,False
"6728-CZFEI","Female",False,False,False
"3653-NCRDJ","Male",False,True,True
"6121-TNHBO","Female",True,False,False
"5119-NZPTV","Male",True,True,False
"6519-ZHPXP","Female",False,True,True
"3472-QPRCH","Male",False,True,True
"8224-UAXBZ","Female",False,True,False
"9610-WCESF","Male",False,False,False
"2486-WYVVE","Male",False,True,False
"3865-ZYKAD","Male",True,True,False
"1422-DGUBX","Male",False,True,False
"2999-AANRQ","Female",False,False,False
"8668-KNZTI","Male",False,False,False
"0480-KYJVA","Female",False,True,True
"9746-YKGXB","Male",False,True,True
"3926-YZVVX","Female",False,False,False
"0872-CASZJ","Male",False,True,False
"6000-UKLWI","Male",False,False,False
"6332-FBZRI","Male",False,True,True
"2096-XOTMO","Female",False,True,True
"3266-FTKHB","Male",False,False,False
"8221-EQDGL","Male",False,True,False
"2346-LOCWC","Female",False,True,True
"0298-XACET","Male",False,True,True
"7560-QJAVJ","Female",False,False,False
"2995-YWTCD","Female",False,True,True
"9137-UIYPG","Female",False,True,True
"2809-ZMYOQ","Female",False,False,False
"5084-OOVCJ","Female",False,True,True
"0254-WWRKD","Female",False,True,True
"7727-SHVZV","Female",False,False,False
"5339-PXDVH","Male",False,False,False
"2205-LPVGL","Male",True,True,True
"8782-NUUOL","Male",False,False,False
"7601-WFVZV","Male",False,False,False
"4609-KNNWG","Female",False,True,True
"4868-AADLV","Male",True,True,True
"9529-OFXHY","Male",False,False,False
"2669-QVCRG","Female",False,False,False
"2478-EEWWM","Male",False,True,False
"9174-IHETN","Female",False,False,True
"2233-TXSIU","Male",False,True,True
"9644-UMGQA","Male",False,True,True
"3256-EZDBI","Male",True,True,False
"0419-YAAPX","Male",False,True,False
"4726-DLWQN","Male",True,False,False
"8164-OCKUJ","Female",False,True,True
"3094-JOJAI","Male",False,False,False
"9494-MRNYX","Male",False,False,False
"2599-CZABP","Male",False,True,False
"7945-PRBVF","Male",False,False,False
"4544-RXFMG","Male",False,True,True
"0859-YGKFW","Male",False,True,True
"1150-FTQGN","Female",False,True,True
"7196-LIWRH","Female",False,False,False
"5448-VWNAM","Female",False,False,True
"1177-XZBJL","Male",False,True,True
"3518-FSTWG","Male",True,True,False
"9330-VOFSZ","Female",False,True,False
"0939-EREMR","Female",False,False,True
"9389-ACWBI","Female",False,True,True
"3644-QXEHN","Male",False,True,True
"2911-IJORQ","Male",False,False,False
"5921-NGYRH","Male",False,True,False
"5998-DZLYR","Female",False,True,False
"3985-HOYPM","Male",False,False,False
"9548-LERKT","Male",False,True,False
"6576-FBXOJ","Male",False,True,False
"4310-KEDTB","Female",False,False,True
"4062-HBMOS","Male",False,False,False
"2676-ISHSF","Male",False,False,False
"9236-NDUCW","Female",False,False,False
"4753-PADAS","Female",False,True,False
"6103-QCKFX","Female",False,True,True
"7781-EWARA","Male",False,True,True
"7018-FPXHH","Male",False,True,True
"0572-ZJKLT","Female",False,True,True
"5135-RDDQL","Female",False,True,True
"1353-LJWEM","Male",False,False,False
"1794-SWWKL","Male",False,True,True
"6166-YIPFO","Male",False,True,False
"9332-GYWLO","Female",False,True,True
"4184-VODJZ","Male",False,True,True
"1092-WPIVQ","Female",False,True,True
"7233-IOQNP","Female",False,True,False
"2834-JKOOW","Female",False,False,False
"2400-FEQME","Male",False,True,True
"4957-SREEC","Male",False,True,True
"0230-UBYPQ","Male",True,True,False
"4923-ADWXJ","Female",False,False,False
"1763-KUAAW","Female",True,False,False
"1104-TNLZA","Male",True,True,False
"5195-KPUNQ","Female",True,False,False
"3439-GVUSX","Male",False,False,False
"5949-HGVJL","Female",False,True,False
"5203-XEHAX","Female",False,False,False
"1635-HDGFT","Female",False,False,True
"8050-XGRVL","Female",False,True,True
"9828-QHFBK","Male",False,False,False
"3908-MKIMJ","Male",True,True,False
"5012-YSPJJ","Male",False,True,True
"6728-VOIFY","Female",False,True,False
"4891-NLUBA","Female",False,True,True
"8969-PRHFK","Male",False,False,False
"0661-KQHNK","Female",False,True,True
"8709-KRDVL","Female",False,False,False
"1427-VERSM","Female",False,True,False
"9801-NOSHQ","Male",False,False,True
"6339-YPSAH","Male",False,False,False
"2159-TURXX","Male",False,False,False
"1548-FEHVL","Male",False,True,False
"3795-CAWEX","Male",False,True,True
"6215-NQCPY","Male",False,False,False
"5647-URDKA","Male",False,True,True
"2229-DPMBI","Female",False,True,True
"9626-WEQRM","Female",False,False,False
"2188-SXWVT","Female",False,False,False
"6258-PVZWJ","Male",False,True,False
"1094-BKOSX","Female",False,True,True
"6969-MVBAI","Female",True,False,False
"2978-XXSOG","Female",False,False,False
"2342-CKIAO","Female",False,False,False
"6953-PBDIN","Male",False,True,False
"3898-BSJYF","Female",False,False,True
"3938-YFPXD","Male",False,False,False
"7696-AMHOD","Female",False,True,True
"2453-SAFNS","Female",True,False,False
"9558-IHEZX","Female",False,False,False
"9617-UDPEU","Female",False,False,False
"6340-DACFT","Female",False,True,True
"4955-VCWBI","Female",False,True,True
"6813-GZQCG","Female",False,True,True
"7426-GSWPO","Male",True,False,False
"3389-KTRXV","Female",False,True,True
"3118-UHVVQ","Female",False,True,False
"3205-MXZRA","Male",False,False,False
"8317-BVKSO","Male",False,False,False
"5702-KVQRD","Male",False,True,False
"0083-PIVIK","Male",False,False,False
"6169-PGNCD","Female",False,False,False
"4909-JOUPP","Male",True,True,False
"4657-FWVFY","Female",False,True,True
"2257-BOVXD","Male",False,True,False
"7729-JTEEC","Male",False,True,True
"9696-RMYBA","Male",False,False,False
"8690-UPCZI","Male",False,True,True
"9770-LXDBK","Female",False,False,False
"4086-WITJG","Male",False,True,True
"8344-WFMFH","Male",False,False,True
"8822-KNBHV","Female",False,False,False
"8404-FYDIB","Male",False,False,False
"2791-SFVEW","Female",False,False,False
"6762-NSODU","Female",False,True,True
"9888-ZCUMM","Male",False,True,True
"1074-WVEVG","Female",False,True,False
"9979-RGMZT","Female",False,False,False
"6437-UDQJM","Female",True,True,False
"1226-IENZN","Male",True,False,False
"2108-GLPQB","Male",False,True,False
"5474-LAMUQ","Male",False,True,False
"3468-DRVQJ","Female",False,True,True
"1122-YJBCS","Male",False,True,False
"4990-ALDGW","Male",False,False,False
"4816-OKWNX","Male",False,True,True
"3315-IKYZQ","Male",False,True,True
"4747-LCAQL","Male",False,False,False
"3411-WLRSQ","Female",True,True,False
"0898-XCGTF","Male",False,True,False
"8006-PYCSW","Female",False,False,False
"8249-THVEC","Male",False,True,True
"8722-PRFDV","Female",False,True,True
"2164-SOQXL","Female",False,True,True
"4020-KIUDI","Male",False,True,True
"5850-BDWCY","Female",False,False,False
"2038-YSEZE","Female",False,False,False
"0827-ITJPH","Male",False,False,False
"8799-OXZMD","Female",False,False,False
"1705-GUHPV","Female",False,False,False
"4779-ZGICK","Male",False,True,True
"0048-PIHNL","Female",False,True,False
"3967-KXAPS","Male",False,True,False
"3704-IEAXF","Female",False,True,True
"6810-VCAEX","Female",False,False,False
"0674-EYYZV","Female",False,False,False
"4480-MBMLB","Female",False,False,False
"1395-OFUWC","Male",False,True,True
"0822-QGCXA","Female",True,True,False
"2832-KJCRD","Female",False,False,False
"3588-WSTTJ","Female",True,False,False
"4075-WKNIU","Female",False,True,True
"5090-EMGTC","Female",False,True,False
"2346-CZYIL","Male",False,False,False
"3798-EPWRR","Female",True,False,False
"6258-NGCNG","Male",False,False,False
"4186-ZBUEW","Female",False,False,False
"5274-XHAKY","Female",False,True,True
"1442-BQPVU","Female",False,False,False
"3978-YNKDD","Male",False,False,True
"4940-KHCWD","Female",False,True,False
"9589-ABEPT","Male",False,True,False
"9388-ZEYVT","Male",False,False,False
"0305-SQECB","Female",False,False,True
"7605-SNLQG","Female",False,True,False
"4670-TABXH","Male",False,True,False
"0064-SUDOG","Female",False,True,True
"8561-NMTBD","Female",False,True,True
"5161-XEUVX","Male",False,True,False
"8292-FRFZQ","Female",False,False,False
"8591-NXRCV","Female",False,False,False
"7895-VONWT","Female",False,False,False
"4526-RMTLL","Male",False,True,True
"6253-GNHWH","Female",False,True,True
"4566-NECEV","Male",False,False,False
"8080-POTJR","Female",False,False,False
"6906-MPARY","Male",False,False,False
"3662-FXJFO","Female",False,False,False
"8107-RZLNV","Male",False,True,False
"0516-OOHAR","Male",False,True,True
"2027-CWDNU","Male",False,True,True
"9912-OMZDS","Female",False,True,True
"3733-ZEECP","Male",False,True,True
"7878-RTCZG","Female",False,False,False
"2452-MRMZF","Female",True,True,False
"7103-IPXPJ","Male",False,True,False
"4342-HFXWS","Female",False,True,True
"3545-CNWRG","Female",False,True,True
"1785-BPHTP","Male",False,True,True
"4989-LIXVT","Male",True,False,False
"7315-WYOAW","Male",False,False,False
"1173-XZPYF","Female",False,False,False
"2509-TFPJU","Male",False,True,False
"9530-GRMJG","Male",False,True,True
"6898-RBTLU","Female",False,True,True
"5481-NTDOH","Female",True,True,False
"2068-WWXQZ","Male",False,False,False
"2061-VVFST","Female",False,True,False
"0749-IRGQE","Female",True,True,False
"2380-DAMQP","Female",False,True,False
"2256-YLYLP","Male",False,True,True
"1272-ILHFG","Male",False,True,True
"0164-XAIRP","Female",False,False,False
"5666-CYCYZ","Female",False,False,False
"4011-ARPHK","Male",False,False,False
"6365-HITVU","Female",False,True,True
"7558-IMLMT","Male",False,True,True
"9488-FYQAU","Female",False,True,False
"3590-TCXTB","Male",False,False,False
"6994-KERXL","Male",False,False,False
"1960-UOTYM","Male",False,True,True
"2740-JFBOK","Male",False,False,False
"6500-JVEGC","Male",False,False,False
"5245-VDBUR","Female",False,True,False
"8469-SNFFH","Male",False,True,False
"2144-ESWKO","Male",False,False,False
"1241-FPMOF","Male",False,False,False
"9928-BZVLZ","Female",False,False,False
"4114-QMKVN","Female",False,True,True
"2775-SEFEE","Male",False,False,True
"9003-CPATH","Male",False,False,False
"1754-GKYPY","Male",True,True,False
"7956-XQWGU","Male",False,False,False
"1591-MQJTP","Male",True,True,False
"2369-FEVNO","Male",False,False,False
"7471-MQPOS","Male",True,True,True
"5115-SQAAU","Female",False,True,True
"9845-QOMAD","Male",False,True,True
"7672-VFMXZ","Male",False,True,False
"9739-JLPQJ","Female",False,True,True
"9916-AYHTC","Male",False,False,False
"3855-ONCAR","Female",False,True,True
"1488-SYSFC","Male",False,True,True
"0970-QXPXW","Female",False,False,False
"3259-KNMRR","Male",True,False,False
"6120-RJKLU","Female",True,True,False
"9572-WUKSB","Male",False,True,False
"5893-KCLGT","Female",False,False,True
"0076-LVEPS","Male",False,False,True
"3640-JQGJG","Male",False,True,True
"1596-OQSPS","Female",False,False,False
"9867-XOBQA","Female",False,False,True
"9546-KDTRB","Female",False,False,False
"3174-RKMOW","Male",False,True,True
"1760-CAZHT","Male",False,False,True
"8441-SHIPE","Female",False,False,False
"1320-GVNHT","Male",False,True,True
"1047-RNXZV","Male",False,False,False
"3541-ZNUHK","Female",False,True,True
"8725-JEDFD","Male",False,False,False
"7562-UXTPG","Female",False,False,False
"8071-SBTRN","Female",False,False,False
"6668-CNMFP","Female",False,True,True
"5626-MGTUK","Female",False,False,False
"5681-LLOEI","Male",False,True,True
"8212-DJRCH","Male",False,True,True
"4323-OHFOW","Female",True,True,False
"4933-BSAIP","Female",False,True,False
"2030-BTZRO","Male",False,True,True
"1116-DXXDF","Male",False,False,False
"6563-VNPMN","Female",True,False,False
"2267-WTPYD","Female",True,True,False
"0270-THENM","Male",False,True,True
"4707-MAXGU","Male",False,True,False
"2710-WYVXG","Female",False,False,False
"6300-BWMJX","Female",False,True,False
"7009-LGECI","Female",False,False,False
"5022-KVDQT","Male",False,False,False
"7976-CICYS","Male",False,False,False
"1036-GUDCL","Male",False,True,True
"2005-DWQZJ","Female",False,True,True
"8148-WOCMK","Male",False,True,True
"7815-PDTHL","Male",False,False,False
"9173-IVZVP","Female",False,True,True
"9129-UXERG","Female",True,False,False
"3635-JBPSG","Female",False,False,False
"7964-ZRKKG","Male",False,True,False
"6229-LSCKB","Male",True,False,False
"1724-IQWNM","Male",False,False,True
"8217-QYOHV","Male",False,False,False
"5546-QUERU","Male",False,False,False
"6897-UUBNU","Male",False,False,False
"6127-IYJOZ","Male",True,False,False
"8930-XOTDP","Female",False,True,True
"5916-QEWPT","Female",False,True,False
"5060-TQUQN","Male",False,True,True
"0531-XBKMM","Male",False,False,True
"8465-SBRXP","Male",False,True,True
"2408-PSJVE","Male",False,True,True
"9700-ZCLOT","Male",False,False,False
"8738-JOKAR","Female",False,False,False
"4534-WGCIR","Female",False,True,True
"1930-WNXSB","Male",False,True,True
"3508-CFVZL","Female",False,False,False
"0657-DOGUM","Female",False,True,False
"8792-AOROI","Female",False,True,False
"5146-YYFRZ","Male",False,False,False
"3452-SRFEG","Male",False,False,False
"4070-OKWVH","Female",False,True,False
"5297-MDOIR","Female",False,True,False
"6369-MCAKO","Female",False,True,True
"4926-UMJZD","Female",False,True,False
"6848-HJTXY","Female",False,True,False
"6341-AEVKX","Female",False,True,False
"0682-USIXD","Female",False,True,False
"6976-BWGLQ","Female",False,True,True
"7078-NVFAM","Female",False,True,True
"8065-QBYTO","Female",True,False,False
"2133-TSRRM","Female",False,False,True
"2511-ALLCS","Female",False,True,True
"3191-CSNMG","Female",False,True,True
"7952-OBOYL","Male",False,False,False
"7470-DYNOE","Male",False,False,False
"7853-OETYL","Female",False,True,False
"1545-ACTAS","Female",False,True,True
"5126-RCXYW","Male",False,True,True
"2363-BJLSL","Male",False,False,False
"1956-YIFGE","Male",False,True,True
"7921-LMDFQ","Male",True,False,False
"2925-MXLSX","Female",False,False,False
"5820-PTRYM","Female",True,True,False
"9609-BENEA","Male",False,True,False
"6211-WHMYA","Female",True,False,False
"4459-BBGHE","Male",False,False,True
"9945-PSVIP","Female",False,True,True
"9108-EJFJP","Female",False,True,False
"0530-IJVDB","Male",False,False,True
"0508-SQWPL","Female",False,True,True
"2215-ZAFGX","Male",False,False,False
"8213-TAZPM","Female",False,True,True
"1304-SEGFY","Female",False,True,False
"7242-EDTYC","Male",False,False,True
"2904-GGUAZ","Female",False,True,False
"5136-GFPMB","Male",False,False,False
"2595-KIWPV","Male",False,False,True
"5243-SAOTC","Male",False,False,False
"9398-MMQTO","Male",False,False,False
"7619-PLRLP","Female",False,True,False
"6508-NJYRO","Male",False,True,False
"4710-NKCAW","Male",False,True,True
"5306-BVTKJ","Male",False,True,True
"0357-NVCRI","Female",False,False,True
"2371-KFUOG","Male",False,False,False
"0463-ZSDNT","Male",False,False,False
"6257-DTAYD","Male",False,True,False
"4616-ULAOA","Female",False,True,True
"7746-AWNQW","Female",False,False,False
"5996-EBTKM","Female",False,True,True
"2758-RNWXS","Male",False,False,False
"2314-TNDJQ","Female",False,True,True
"2405-LBMUW","Female",False,True,True
"3454-JFUBC","Male",True,False,False
"9039-ZVJDC","Male",False,False,False
"9013-AQORL","Female",False,False,True
"2898-MRKPI","Male",False,True,True
"2750-BJLSB","Female",False,False,False
"3648-GZPHF","Male",False,True,True
"2075-RMJIK","Female",False,True,True
"9588-YRFHY","Male",False,False,False
"9364-YKUVW","Male",False,False,False
"5392-AKEMH","Female",False,False,False
"2451-YMUXS","Male",True,False,False
"3914-FDRHP","Male",False,False,False
"3078-ZKNTS","Female",False,True,True
"1024-KPRBB","Female",False,False,False
"4690-PKDQG","Female",True,True,False
"9547-ITEFG","Male",False,True,True
"1264-FUHCX","Female",False,True,False
"7789-CRUVC","Female",True,True,False
"6598-KELSS","Male",False,False,True
"9972-VAFJJ","Female",True,True,False
"0422-UXFAP","Female",False,True,False
"1904-WAJAA","Female",False,True,True
"5130-YPIRV","Female",False,True,False
"2843-CQMEG","Male",False,False,False
"6439-PKTRR","Female",False,True,True
"5351-QESIO","Male",False,False,True
"5568-DMXZS","Female",False,False,False
"8468-FZTOE","Female",False,True,True
"6633-SYEUS","Female",False,False,False
"6447-GORXK","Male",False,False,True
"6967-PEJLL","Male",False,True,True
"5981-ZVXOT","Female",True,False,False
"1684-FLBGS","Female",False,True,True
"1389-WNUIB","Female",False,True,True
"0376-OIWME","Male",False,True,False
"0218-QNVAS","Male",False,True,True
"0804-YGEQV","Female",False,True,True
"7164-BPTUT","Male",False,False,True
"2523-EWWZL","Female",False,True,False
"0928-XUTSN","Female",False,False,False
"0052-YNYOT","Female",False,False,False
"9586-JGQKH","Female",False,True,False
"4501-VCPFK","Male",False,False,False
"6075-SLNIL","Male",False,False,False
"9347-AERRL","Male",False,True,False
"2274-XUATA","Male",True,True,False
"6691-CCIHA","Female",False,True,False
"1685-BQULA","Female",False,False,False
"9053-EJUNL","Male",False,False,False
"0666-UXTJO","Male",True,True,False
"1471-GIQKQ","Female",False,False,False
"4807-IZYOZ","Female",False,False,False
"9710-NJERN","Female",False,False,False
"9837-FWLCH","Male",False,True,True
"7203-OYKCT","Male",False,False,False
"1035-IPQPU","Female",True,True,False
"7398-LXGYX","Male",False,True,False
"2823-LKABH","Female",False,False,False
"0550-DCXLH","Male",False,False,False
"9281-CEDRU","Female",False,True,False
"2235-DWLJU","Female",True,False,False
"0871-OPBXW","Female",False,False,False
"3605-JISKB","Male",True,True,False
"9767-FFLEM","Male",False,False,False
"8456-QDAVC","Male",False,False,False
"7750-EYXWZ","Female",False,False,False
"2569-WGERO","Female",False,False,False
"6840-RESVB","Male",False,True,True
"2234-XADUH","Female",False,True,True
"4801-JZAZL","Female",False,True,True
"3186-AJIEK","Male",False,False,False
