"customer_id","country","state","city","zip_code","latitude","longitude"
"3668-QPYBK","United States","California","Los Angeles",90003,"33.964131","-118.272783"
"9237-HQITU","United States","California","Los Angeles",90005,"34.059281","-118.307420"
"9305-CDSKC","United States","California","Los Angeles",90006,"34.048013","-118.293953"
"7892-POOKP","United States","California","Los Angeles",90010,"34.062125","-118.315709"
"0280-XJGEX","United States","California","Los Angeles",90015,"34.039224","-118.266293"
"4190-MFLUW","United States","California","Los Angeles",90020,"34.066367","-118.309868"
"8779-QRDMV","United States","California","Los Angeles",90022,"34.023810","-118.156582"
"1066-JKSGK","United States","California","Los Angeles",90024,"34.066303","-118.435479"
"6467-CHFZW","United States","California","Los Angeles",90028,"34.099869","-118.326843"
"8665-UTDHZ","United States","California","Los Angeles",90029,"34.089953","-118.294824"
"8773-HHUOZ","United States","California","Los Angeles",90032,"34.078821","-118.177576"
"6047-YHPVI","United States","California","Los Angeles",90039,"34.110845","-118.259595"
"5380-WJKOV","United States","California","Los Angeles",90041,"34.137412","-118.207607"
"8168-UQWWF","United States","California","Los Angeles",90042,"34.115720","-118.192754"
"7760-OYPDY","United States","California","Los Angeles",90056,"33.987945","-118.370442"
"9420-LOJKX","United States","California","Los Angeles",90061,"33.921280","-118.274186"
"7495-OOKFY","United States","California","Los Angeles",90063,"34.044271","-118.185237"
"1658-BYGOY","United States","California","Los Angeles",90065,"34.108833","-118.229715"
"5698-BQJOH","United States","California","Beverly Hills",90211,"34.063947","-118.383001"
"5919-TMRGD","United States","California","Huntington Park",90255,"33.978030","-118.217141"
"9191-MYQKX","United States","California","Lynwood",90262,"33.923573","-118.200669"
"8637-XJIVR","United States","California","Marina Del Rey",90292,"33.977468","-118.445475"
"0278-YXOOG","United States","California","Inglewood",90301,"33.956445","-118.358634"
"4598-XLKNJ","United States","California","Inglewood",90303,"33.936291","-118.332639"
"3192-NQECA","United States","California","Santa Monica",90403,"34.031529","-118.491156"
"0486-HECZI","United States","California","Torrance",90504,"33.867257","-118.330794"
"4846-WHAFZ","United States","California","Whittier",90602,"33.972119","-118.020188"
"5299-RULOA","United States","California","Whittier",90606,"33.976678","-118.065875"
"0404-SWRVG","United States","California","La Habra",90631,"33.940619","-117.951300"
"4412-YLTKF","United States","California","Pico Rivera",90660,"33.989524","-118.089299"
"6207-WIOLX","United States","California","Avalon",90704,"33.391181","-118.421305"
"3091-FYHKI","United States","California","Harbor City",90710,"33.798266","-118.300237"
"2372-HWUHI","United States","California","Lakewood",90712,"33.840524","-118.148403"
"0390-DCFDQ","United States","California","Los Alamitos",90720,"33.794990","-118.065591"
"4080-OGPJL","United States","California","San Pedro",90731,"33.736387","-118.284363"
"2135-RXIHG","United States","California","Carson",90745,"33.822295","-118.264110"
"3874-EQOEP","United States","California","Long Beach",90804,"33.783047","-118.148600"
"0867-MKZVY","United States","California","Altadena",91001,"34.196837","-118.142236"
"3376-BMGFE","United States","California","Monrovia",91016,"34.152800","-118.000482"
"3445-HXXGF","United States","California","Sierra Madre",91024,"34.168686","-118.057505"
"1875-QIVME","United States","California","Tujunga",91042,"34.296574","-118.244839"
"0691-JVSYA","United States","California","Pasadena",91103,"34.167465","-118.165327"
"2656-FMOKZ","United States","California","Pasadena",91106,"34.139402","-118.128658"
"2070-FNEXE","United States","California","Pasadena",91107,"34.159007","-118.087353"
"6317-YPKDH","United States","California","Glendale",91202,"34.167926","-118.267539"
"9367-WXLCH","United States","California","Glendale",91204,"34.136306","-118.260360"
"1918-ZBFQJ","United States","California","Glendale",91206,"34.162515","-118.203869"
"1024-GUALD","United States","California","Glendale",91207,"34.182378","-118.262922"
"2472-OVKUP","United States","California","Canoga Park",91304,"34.224377","-118.632656"
"1285-OKIPP","United States","California","Mission Hills",91345,"34.266389","-118.459744"
"7825-ECJRF","United States","California","Santa Clarita",91350,"34.502432","-118.414590"
"7841-TZDMQ","United States","California","Sun Valley",91352,"34.231053","-118.338307"
"9408-SSNVZ","United States","California","Stevenson Ranch",91381,"34.364153","-118.615583"
"0742-MOABM","United States","California","Panorama City",91402,"34.223768","-118.445461"
"2232-DMLXU","United States","California","Van Nuys",91411,"34.178470","-118.459472"
"8937-RDTHP","United States","California","Burbank",91504,"34.213049","-118.317651"
"1251-KRREG","United States","California","North Hollywood",91601,"34.169200","-118.372498"
"0094-OIFMO","United States","California","North Hollywood",91605,"34.207295","-118.400022"
"9947-OTFQU","United States","California","Covina",91722,"34.097345","-117.906736"
"0322-YINQP","United States","California","Covina",91723,"34.084747","-117.886844"
"4629-NRXKX","United States","California","El Monte",91731,"34.079934","-118.046695"
"9514-JDSKI","United States","California","El Monte",91732,"34.074492","-118.014620"
"4959-JOSRX","United States","California","La Puente",91744,"34.031441","-117.936436"
"7273-TEFQD","United States","California","La Puente",91746,"34.038983","-117.991372"
"3606-TWKGI","United States","California","Rowland Heights",91748,"33.976753","-117.897367"
"6323-AYBRX","United States","California","Ontario",91762,"34.057256","-117.667677"
"4385-GZQXV","United States","California","Ontario",91764,"34.074087","-117.605618"
"6366-ZGQGL","United States","California","Pomona",91766,"34.042286","-117.756106"
"5940-AHUHD","United States","California","Pomona",91768,"34.067932","-117.785168"
"6432-TWQLB","United States","California","Rosemead",91770,"34.065108","-118.082791"
"4484-GLZOU","United States","California","San Dimas",91773,"34.102119","-117.815532"
"9512-UIBFX","United States","California","West Covina",91791,"34.061634","-117.893169"
"5583-SXDAG","United States","California","Alhambra",91803,"34.074736","-118.145959"
"3488-PGMQJ","United States","California","Alpine",91901,"32.827184","-116.703729"
"3580-REOAC","United States","California","Bonita",91902,"32.671170","-117.002320"
"7534-BFESC","United States","California","Boulevard",91905,"32.677097","-116.304991"
"6390-DSAZX","United States","California","Guatay",91931,"32.857946","-116.561917"
"8098-LLAZX","United States","California","Jacumba",91934,"32.649787","-116.223700"
"0265-EDXBD","United States","California","Mount Laguna",91948,"32.830852","-116.444601"
"7563-BIUPC","United States","California","Borrego Springs",92004,"33.200369","-116.192313"
"2321-OMBXY","United States","California","Carlsbad",92009,"33.098018","-117.258203"
"2840-XANRC","United States","California","Del Mar",92014,"32.948262","-117.256086"
"5020-ZSTTY","United States","California","El Cajon",92020,"32.796970","-116.969082"
"5804-LEPIM","United States","California","Escondido",92029,"33.079834","-117.134275"
"0122-OAHPZ","United States","California","Oceanside",92057,"33.254497","-117.285879"
"2868-SNELZ","United States","California","Pala",92059,"33.384345","-117.072619"
"4322-RCYMT","United States","California","Palomar Mountain",92060,"33.309852","-116.823091"
"6680-NENYN","United States","California","Pauma Valley",92061,"33.313828","-116.940501"
"1343-EHPYB","United States","California","Ranchita",92066,"33.215251","-116.536330"
"2034-GDRCN","United States","California","Valley Center",92082,"33.252830","-116.986079"
"0219-YTZUE","United States","California","San Diego",92103,"32.747484","-117.166877"
"0623-IIHUG","United States","California","San Diego",92104,"32.741499","-117.127409"
"4572-DVCGN","United States","California","San Diego",92105,"32.741859","-117.090353"
"9057-MSWCO","United States","California","San Diego",92108,"32.774046","-117.142454"
"1010-DIAUQ","United States","California","San Diego",92116,"32.765299","-117.122565"
"0259-GBZSH","United States","California","San Diego",92122,"32.857230","-117.209774"
"9601-BRXPO","United States","California","San Diego",92129,"32.961064","-117.134917"
"6905-NIQIN","United States","California","San Diego",92154,"32.578103","-117.012975"
"5167-ZFFMM","United States","California","Indio",92201,"33.713891","-116.237257"
"4895-TMWIR","United States","California","Indian Wells",92210,"33.537646","-116.291089"
"0533-BNWKF","United States","California","Palm Desert",92211,"33.762759","-116.324817"
"6599-CEBNN","United States","California","Desert Hot Springs",92240,"33.948558","-116.516976"
"0979-PHULV","United States","California","Holtville",92250,"32.811001","-115.152865"
"4800-VHZKI","United States","California","Niland",92257,"33.345825","-115.596574"
"7989-CHGTL","United States","California","North Palm Springs",92258,"33.906496","-116.569499"
"0334-GDDSO","United States","California","Ocotillo",92259,"32.698964","-115.886656"
"0578-SKVMF","United States","California","Seeley",92273,"32.790282","-115.689559"
"5564-NEMQO","United States","California","Thermal",92274,"33.536040","-116.119222"
"9063-ZGTUY","United States","California","Adelanto",92301,"34.667815","-117.536183"
"2957-LOLHO","United States","California","Apple Valley",92307,"34.550820","-117.122396"
"7752-XUSCI","United States","California","Crestline",92325,"34.248061","-117.290280"
"4110-PFEUZ","United States","California","Daggett",92327,"34.875144","-116.821698"
"0256-LTHVJ","United States","California","Ludlow",92338,"34.702766","-116.093376"
"0880-TKATG","United States","California","Lucerne Valley",92356,"34.508417","-116.856103"
"3811-VBYBZ","United States","California","Lytle Creek",92358,"34.238162","-117.534306"
"4640-UHDOS","United States","California","Phelan",92371,"34.441123","-117.537886"
"3583-EKAPL","United States","California","Redlands",92373,"34.003243","-117.138286"
"9399-APLBT","United States","California","Rialto",92377,"34.156758","-117.404686"
"2359-KMGLI","United States","California","Running Springs",92382,"34.186211","-117.076830"
"0306-JAELE","United States","California","Tecopa",92389,"35.824572","-116.274755"
"6227-HWPWX","United States","California","Victorville",92392,"34.486835","-117.362274"
"0447-BEMNG","United States","California","Wrightwood",92397,"34.358321","-117.618263"
"5949-XIKAE","United States","California","San Bernardino",92401,"34.105935","-117.291400"
"8372-JUXUI","United States","California","San Bernardino",92410,"34.106922","-117.297553"
"0388-EOPEX","United States","California","Riverside",92503,"33.890046","-117.455583"
"8205-OTCHB","United States","California","Riverside",92506,"33.930931","-117.361788"
"6235-VDHOM","United States","California","Riverside",92509,"34.004379","-117.447864"
"7783-YKGDV","United States","California","March Air Reserve Base",92518,"33.888323","-117.277533"
"5609-CEBID","United States","California","Hemet",92544,"33.644585","-116.871544"
"7218-HKQFK","United States","California","Homeland",92548,"33.761894","-117.120868"
"4636-QRJKY","United States","California","Idyllwild",92549,"33.755039","-116.741796"
"5956-VKDTT","United States","California","Moreno Valley",92557,"33.970661","-117.255039"
"9412-GHEEC","United States","California","Murrieta",92563,"33.581045","-117.147190"
"0257-ZESQC","United States","California","Perris",92571,"33.828289","-117.201666"
"6825-UYPFK","United States","California","Sun City",92586,"33.707483","-117.200006"
"8397-MVTAZ","United States","California","Sun City",92587,"33.698870","-117.250710"
"9282-IZGQK","United States","California","Irvine",92612,"33.643095","-117.810896"
"1342-JPNKI","United States","California","Lake Forest",92630,"33.644849","-117.684254"
"2817-NTQDO","United States","California","Huntington Beach",92646,"33.666301","-117.969501"
"6986-IJDHX","United States","California","Huntington Beach",92648,"33.679659","-118.016195"
"5301-GAUUY","United States","California","Newport Beach",92661,"33.601309","-117.902304"
"0939-YAPAF","United States","California","Santa Ana",92701,"33.748478","-117.858918"
"4710-FDUIZ","United States","California","Santa Ana",92707,"33.714829","-117.872941"
"1218-VKFPE","United States","California","Anaheim",92805,"33.830209","-117.906099"
"3627-FHKBK","United States","California","Anaheim",92806,"33.837960","-117.870494"
"2865-TCHJW","United States","California","Anaheim",92807,"33.848733","-117.788357"
"5192-EBGOV","United States","California","Brea",92823,"33.924143","-117.793870"
"0719-SYFRB","United States","California","Norco",92860,"33.925833","-117.559639"
"3419-SNJJD","United States","California","Yorba Linda",92887,"33.884073","-117.732197"
"6543-CPZMK","United States","California","Ventura",93001,"34.360261","-119.306383"
"4765-OXPPD","United States","California","Ventura",93003,"34.279221","-119.221437"
"1009-IRMNA","United States","California","Port Hueneme",93041,"34.110124","-119.100972"
"4554-YGZIH","United States","California","Summerland",93067,"34.420998","-119.601370"
"5099-BAILX","United States","California","Santa Barbara",93101,"34.419203","-119.710008"
"7207-RMRDB","United States","California","Santa Barbara",93110,"34.437945","-119.771910"
"4913-EHYUI","United States","California","Alpaugh",93201,"35.869626","-119.498771"
"0195-IESCP","United States","California","Armona",93202,"36.315979","-119.710852"
"4580-TMHJU","United States","California","Avenal",93204,"35.916943","-120.129921"
"0970-ETWGE","United States","California","Bodfish",93205,"35.523991","-118.400432"
"1626-ERCMM","United States","California","Camp Nelson",93208,"36.057458","-118.591951"
"0887-HJGAR","United States","California","Coalinga",93210,"36.186867","-120.387793"
"5644-PDMZC","United States","California","Delano",93215,"35.772244","-119.209689"
"9576-ANLXO","United States","California","Earlimart",93219,"35.858054","-119.305858"
"2024-BASKD","United States","California","Exeter",93221,"36.301689","-119.018233"
"4160-AMJTL","United States","California","Fellows",93224,"35.215731","-119.570130"
"4464-JCOLN","United States","California","Huron",93234,"36.217864","-120.080117"
"5650-VDUDS","United States","California","Kernville",93238,"35.852892","-118.397782"
"7538-GWHML","United States","California","Lemon Cove",93244,"36.462671","-118.997291"
"3859-CVCET","United States","California","Lindsay",93247,"36.205465","-119.085807"
"3276-HDUEG","United States","California","Maricopa",93252,"34.737031","-119.460557"
"0823-HSCDJ","United States","California","Onyx",93255,"35.676978","-118.101378"
"0822-GAVAP","United States","California","Posey",93260,"35.861928","-118.636698"
"1448-PWKYE","United States","California","Shafter",93263,"35.490705","-119.286833"
"0067-DKWBL","United States","California","Tipton",93272,"36.047414","-119.344304"
"2276-YDAVZ","United States","California","Wofford Heights",93285,"35.690535","-118.552784"
"5896-NPFWW","United States","California","Visalia",93292,"36.375590","-119.211689"
"7133-VBDCG","United States","California","Bakersfield",93311,"35.162070","-119.194488"
"1029-QFBEN","United States","California","San Luis Obispo",93405,"35.236549","-120.727344"
"4952-YSOGZ","United States","California","Lompoc",93436,"34.601055","-120.382917"
"1589-AGTLK","United States","California","Lompoc",93437,"34.757477","-120.550507"
"5244-IRFIH","United States","California","Los Alamos",93440,"34.758699","-120.275839"
"2684-EIWEO","United States","California","Oceano",93445,"35.059695","-120.604741"
"6439-GTPCA","United States","California","Pismo Beach",93449,"35.165668","-120.655842"
"5138-WVKYJ","United States","California","Mojave",93501,"35.097323","-118.171288"
"6683-VLCTZ","United States","California","Johannesburg",93528,"35.363339","-117.637641"
"2189-WWOEW","United States","California","Keene",93531,"35.214982","-118.590490"
"1894-IGFSG","United States","California","Lancaster",93535,"34.712708","-117.889656"
"7379-POKDZ","United States","California","Lancaster",93536,"34.741406","-118.381110"
"0236-HFWSV","United States","California","Palmdale",93552,"34.557711","-118.029441"
"3900-AQPHZ","United States","California","Pearblossom",93553,"34.445239","-117.894868"
"5842-POCOP","United States","California","Randsburg",93554,"35.405722","-117.773354"
"2037-XJFUP","United States","California","Ridgecrest",93555,"35.603913","-117.678280"
"7314-OXENN","United States","California","Trona",93562,"35.748370","-117.384948"
"0322-CHQRU","United States","California","Palmdale",93591,"34.598221","-117.795930"
"4678-DVQEO","United States","California","Bass Lake",93604,"37.458367","-119.345011"
"0691-IFBQW","United States","California","Biola",93606,"36.798882","-120.019511"
"3009-JWMPU","United States","California","Five Points",93624,"36.397745","-120.119911"
"1450-GALXR","United States","California","Friant",93626,"37.027663","-119.690560"
"3138-BKYAV","United States","California","Kerman",93630,"36.727418","-120.123526"
"4289-DTDKW","United States","California","Madera",93637,"36.902954","-120.194274"
"1820-TQVEV","United States","California","Madera",93638,"37.004068","-119.930027"
"2239-JALAW","United States","California","Mendota",93640,"36.687292","-120.437354"
"4853-RULSV","United States","California","Miramonte",93641,"36.696759","-119.024051"
"6275-YDUVO","United States","California","Orosi",93647,"36.600185","-119.175655"
"0115-TFERT","United States","California","Fresno",93650,"36.841655","-119.797113"
"2311-QYMUQ","United States","California","San Joaquin",93660,"36.600193","-120.153393"
"3643-AHCFP","United States","California","Selma",93662,"36.545322","-119.642281"
"3104-OWCGK","United States","California","South Dos Palos",93665,"36.959731","-120.653519"
"9101-BWFSS","United States","California","Tollhouse",93667,"36.993666","-119.348267"
"9231-ZJYAM","United States","California","Squaw Valley",93675,"36.719141","-119.202677"
"6982-SSHFK","United States","California","Fresno",93703,"36.768774","-119.762633"
"0727-BMPLR","United States","California","Fresno",93706,"36.654614","-119.903674"
"1038-ZAGBI","United States","California","Fresno",93711,"36.833002","-119.829470"
"3027-ZTDHO","United States","California","Fresno",93721,"36.732694","-119.783786"
"2382-BCKQJ","United States","California","Big Sur",93920,"36.092975","-121.549826"
"2207-NHRJK","United States","California","Carmel",93923,"36.460611","-121.852507"
"0947-MUGVO","United States","California","Jolon",93928,"35.930782","-121.189757"
"9944-HKVVB","United States","California","King City",93930,"36.220761","-120.980777"
"4124-MMETB","United States","California","Lockwood",93932,"35.989792","-121.055933"
"3671-SHRSP","United States","California","Marina",93933,"36.689582","-121.758398"
"3313-QKNKB","United States","California","Pebble Beach",93953,"36.587497","-121.944815"
"5073-WXOYN","United States","California","Belmont",94002,"37.509366","-122.306132"
"0207-MDKNV","United States","California","Daly City",94014,"37.691561","-122.445202"
"9851-KIELU","United States","California","Loma Mar",94021,"37.266388","-122.263080"
"3908-BLSYF","United States","California","Los Altos",94024,"37.352911","-122.093002"
"7549-MYGPK","United States","California","Mountain View",94040,"37.380662","-122.086022"
"3804-RVTGV","United States","California","Mountain View",94043,"37.419725","-122.062947"
"9227-LUNBG","United States","California","Pescadero",94060,"37.225650","-122.297533"
"4315-MURBD","United States","California","San Bruno",94066,"37.624436","-122.430661"
"9734-YWGEX","United States","California","South San Francisco",94080,"37.654436","-122.426468"
"2719-BDAQO","United States","California","Sunnyvale",94086,"37.378541","-122.020456"
"0781-LKXBR","United States","California","San Francisco",94102,"37.779500","-122.419233"
"1907-UBQFC","United States","California","San Francisco",94108,"37.791998","-122.408653"
"6513-EECDB","United States","California","San Francisco",94114,"37.758085","-122.434801"
"7074-IEVOJ","United States","California","San Francisco",94130,"37.820894","-122.369725"
"9625-QSTYE","United States","California","San Francisco",94131,"37.746699","-122.442833"
"4750-ZRXIU","United States","California","Palo Alto",94304,"37.386978","-122.177746"
"6400-BWQKW","United States","California","San Mateo",94402,"37.556634","-122.317723"
"6680-WKXRZ","United States","California","Antioch",94509,"37.980057","-121.801599"
"7028-DVOIQ","United States","California","Birds Landing",94512,"38.140719","-121.838298"
"4208-UFFGW","United States","California","Byron",94514,"37.833230","-121.601461"
"9448-REEVD","United States","California","Concord",94520,"38.013825","-122.039144"
"9117-SHLZX","United States","California","Fremont",94538,"37.505768","-121.962472"
"9889-TMAHG","United States","California","Fremont",94539,"37.516791","-121.899117"
"4541-RMRLG","United States","California","Hayward",94541,"37.674002","-122.076796"
"3158-MOERK","United States","California","Hayward",94545,"37.629840","-122.120843"
"7294-TMAOP","United States","California","Castro Valley",94546,"37.708327","-122.083473"
"8919-FYFQZ","United States","California","Livermore",94550,"37.571748","-121.659562"
"2834-JRTUA","United States","California","Martinez",94553,"38.014457","-122.115432"
"5875-YPQFJ","United States","California","Fremont",94555,"37.555473","-122.080312"
"6646-QVXLR","United States","California","Napa",94558,"38.489789","-122.270110"
"8603-IJWDN","United States","California","Pinole",94564,"37.996462","-122.293716"
"9369-XFEHK","United States","California","Pleasanton",94566,"37.633361","-121.862395"
"3842-IYKUE","United States","California","San Leandro",94579,"37.687264","-122.157280"
"6641-XRPSU","United States","California","San Lorenzo",94580,"37.676249","-122.132415"
"1374-DMZUI","United States","California","San Ramon",94583,"37.766556","-121.976784"
"8357-EQXFO","United States","California","Union City",94587,"37.594850","-122.051521"
"1989-PRJHP","United States","California","Pleasanton",94588,"37.685052","-121.912061"
"9524-EGPJC","United States","California","Walnut Creek",94595,"37.862128","-122.075197"
"6993-OHLXR","United States","California","Walnut Creek",94596,"37.900662","-122.052782"
"8818-XYFCQ","United States","California","Walnut Creek",94598,"37.916648","-122.008483"
"4695-VADHF","United States","California","Oakland",94606,"37.792489","-122.244314"
"3863-IUBJR","United States","California","Oakland",94607,"37.807070","-122.297401"
"4822-RVYBB","United States","California","Berkeley",94704,"37.871416","-122.246597"
"8436-BJUMM","United States","California","Albany",94706,"37.890274","-122.295192"
"4184-TJFAN","United States","California","Berkeley",94707,"37.897753","-122.279391"
"4145-UQXUQ","United States","California","Berkeley",94710,"37.872902","-122.303708"
"9948-YPTDG","United States","California","San Rafael",94903,"38.018065","-122.546024"
"1236-WFCDV","United States","California","Greenbrae",94904,"37.946617","-122.563571"
"4883-QICIH","United States","California","Bodega Bay",94923,"38.377165","-123.037957"
"8329-IBCTI","United States","California","Cotati",94931,"38.326215","-122.718742"
"1271-SJBGZ","United States","California","Forest Knolls",94933,"38.010092","-122.689442"
"5669-SRAIP","United States","California","Larkspur",94939,"37.937082","-122.532369"
"5981-ITEMU","United States","California","Marshall",94940,"38.129308","-122.834815"
"6941-PMGEP","United States","California","Novato",94945,"38.135897","-122.563683"
"1624-WOIWJ","United States","California","Nicasio",94946,"38.065359","-122.665566"
"2074-GKOWZ","United States","California","Novato",94947,"38.112166","-122.634384"
"0376-YMCJC","United States","California","Novato",94949,"38.067204","-122.524004"
"0634-SZPQA","United States","California","San Anselmo",94960,"37.992720","-122.575026"
"5536-RTPWK","United States","California","Sausalito",94965,"37.848641","-122.515692"
"6166-ILMNY","United States","California","Tomales",94971,"38.240769","-122.901041"
"3097-NNSPB","United States","California","Valley Ford",94972,"38.339996","-122.935056"
"0655-RBDUG","United States","California","Alviso",95002,"37.449537","-121.994813"
"4361-BKAXE","United States","California","Boulder Creek",95006,"37.171727","-122.142961"
"9878-TNQGW","United States","California","Davenport",95017,"37.114335","-122.237162"
"4441-NIHPT","United States","California","Freedom",95019,"36.936228","-121.785559"
"8999-BOHSE","United States","California","Gilroy",95020,"37.038890","-121.528955"
"7029-RPUAV","United States","California","Los Gatos",95030,"37.222842","-121.988727"
"4607-CHPCA","United States","California","San Martin",95046,"37.084697","-121.606417"
"8824-RWFXJ","United States","California","Santa Cruz",95062,"36.974575","-121.991149"
"9763-PDTKK","United States","California","San Jose",95112,"37.343827","-121.883119"
"7627-JKIAZ","United States","California","San Jose",95116,"37.350284","-121.852855"
"4081-DYXAV","United States","California","San Jose",95125,"37.294926","-121.894763"
"8111-SLLHI","United States","California","San Jose",95128,"37.316146","-121.936285"
"0927-LCSMG","United States","California","San Jose",95129,"37.305622","-122.000887"
"8257-RZAHR","United States","California","San Jose",95134,"37.427650","-121.945416"
"5293-WXJAK","United States","California","San Jose",95135,"37.286820","-121.723877"
"0841-NULXI","United States","California","Stockton",95209,"38.044523","-121.348048"
"7851-WZEKY","United States","California","Stockton",95219,"38.029729","-121.387999"
"8844-TONUD","United States","California","Acampo",95220,"38.200231","-121.235034"
"4086-YQSNZ","United States","California","Glencoe",95232,"38.358464","-120.579304"
"5868-CZJDR","United States","California","Linden",95236,"38.047746","-121.030499"
"0135-NMXAP","United States","California","Lodi",95240,"38.123544","-121.159078"
"6270-OMFIW","United States","California","Valley Springs",95252,"38.156971","-120.849231"
"6818-WOBHJ","United States","California","Fulton",95439,"38.493888","-122.777141"
"0107-WESLM","United States","California","West Point",95255,"38.419350","-120.469545"
"3992-YWPKO","United States","California","Atwater",95301,"37.321233","-120.656354"
"0125-LZQXK","United States","California","Big Oak Flat",95305,"37.818589","-120.256995"
"8399-YNDCH","United States","California","Columbia",95310,"38.085839","-120.378550"
"5673-FSSMF","United States","California","Delhi",95315,"37.422961","-120.765493"
"1579-KLYDT","United States","California","Hickman",95323,"37.605926","-120.699550"
"3927-NLNRY","United States","California","Long Barn",95335,"38.109125","-120.078597"
"6358-LYNGM","United States","California","Mariposa",95338,"37.526791","-119.994370"
"5494-HECPR","United States","California","Mi Wuk Village",95346,"38.121601","-120.133915"
"9824-BEMCV","United States","California","Modesto",95350,"37.671806","-121.007575"
"1373-ORVIZ","United States","California","Modesto",95351,"37.621458","-121.012295"
"9866-QEVEE","United States","California","Modesto",95356,"37.716186","-121.025836"
"9897-KXHCM","United States","California","Modesto",95357,"37.670526","-120.877572"
"7979-CORPM","United States","California","Oakdale",95361,"37.785033","-120.776141"
"1618-CFHME","United States","California","Riverbank",95367,"37.734971","-120.954271"
"3165-HDOEW","United States","California","Salida",95368,"37.713152","-121.087390"
"6581-NQCBA","United States","California","Snelling",95369,"37.521708","-120.426843"
"1689-MRZQR","United States","California","Turlock",95382,"37.529656","-120.854357"
"5835-BEQEU","United States","California","Westley",95387,"37.546007","-121.282570"
"5565-FILXA","United States","California","Yosemite National Park",95389,"37.704267","-119.607001"
"5552-ZNFSJ","United States","California","Santa Rosa",95407,"38.394091","-122.739814"
"2223-KAGMX","United States","California","Santa Rosa",95409,"38.468893","-122.580539"
"7321-PKUYW","United States","California","Branscomb",95417,"39.710591","-123.682799"
"2833-SLKDQ","United States","California","Caspar",95420,"39.361283","-123.784599"
"7595-EUIVN","United States","California","Clearlake",95422,"38.965804","-122.631779"
"2026-TGDHM","United States","California","Cloverdale",95425,"38.801936","-122.938935"
"4030-VPZBD","United States","California","Comptche",95427,"39.239818","-123.565432"
"4187-CINZD","United States","California","Eldridge",95431,"38.348884","-122.516990"
"2408-TZMJL","United States","California","Gualala",95445,"38.848082","-123.506080"
"9134-CEQMF","United States","California","Nice",95464,"39.123340","-122.838198"
"7993-PYKOF","United States","California","Rio Nido",95471,"38.522328","-122.979320"
"5027-XWQHA","United States","California","Ukiah",95482,"39.134075","-123.234220"
"4566-QVRRW","United States","California","Witter Springs",95493,"39.222323","-122.985488"
"8519-IMDHU","United States","California","Alderpoint",95511,"40.166028","-123.584144"
"0201-OAMXR","United States","California","Mckinleyville",95519,"40.965011","-124.015255"
"3372-KWFBM","United States","California","Bayside",95524,"40.825486","-124.049485"
"7831-QGOXH","United States","California","Blue Lake",95525,"40.943380","-123.831799"
"6393-WRYZE","United States","California","Bridgeville",95526,"40.372532","-123.525626"
"6599-RCLCJ","United States","California","Crescent City",95531,"41.701223","-124.003393"
"9831-BPFRI","United States","California","Ferndale",95536,"40.478500","-124.301372"
"1725-MIMXW","United States","California","Honeydew",95545,"40.342928","-124.063329"
"0031-PVLZI","United States","California","Korbel",95550,"40.766600","-123.804580"
"7206-GZCDC","United States","California","Loleta",95551,"40.665952","-124.240051"
"4791-QRGMF","United States","California","Miranda",95553,"40.210895","-123.860000"
"1768-ZAIFU","United States","California","Rio Dell",95562,"40.485849","-124.163234"
"4671-LXRDQ","United States","California","Salyer",95563,"40.898660","-123.539754"
"1934-SJVJK","United States","California","Smith River",95567,"41.950683","-124.097094"
"3838-OZURD","United States","California","Somes Bar",95568,"41.444606","-123.471895"
"9269-CQOOL","United States","California","Trinidad",95570,"41.162295","-124.027381"
"2845-HSJCY","United States","California","Whitethorn",95589,"40.053159","-123.995867"
"1184-PJVDB","United States","California","Amador City",95601,"38.431407","-120.842100"
"9415-DPEWS","United States","California","Carmichael",95608,"38.626128","-121.328011"
"7943-RQCHR","United States","California","Davis",95616,"38.508735","-121.678813"
"3793-MMFUH","United States","California","Davis",95618,"38.544002","-121.685559"
"3249-ZPQRG","United States","California","Diamond Springs",95619,"38.683605","-120.811852"
"2568-BRGYX","United States","California","Dixon",95620,"38.392821","-121.799917"
"7721-JXEAW","United States","California","Elk Grove",95624,"38.434138","-121.305870"
"7249-WBIYX","United States","California","Elmira",95625,"38.349195","-121.902943"
"6567-HOOPW","United States","California","Folsom",95630,"38.672638","-121.147403"
"3164-AALRN","United States","California","Greenwood",95635,"38.921333","-120.897718"
"3334-CTHOL","United States","California","Jackson",95642,"38.336216","-120.769010"
"4704-ERYFC","United States","California","Knights Landing",95645,"38.875508","-121.765866"
"8621-MNIHH","United States","California","Madison",95653,"38.674276","-121.961866"
"0471-LVHGK","United States","California","Orangevale",95662,"38.689174","-121.218435"
"9518-RWHZL","United States","California","Penryn",95663,"38.859093","-121.182872"
"5419-CONWX","United States","California","Pleasant Grove",95668,"38.833554","-121.498102"
"6240-EURKS","United States","California","Plymouth",95669,"38.489273","-120.891614"
"6960-HVYXR","United States","California","Rio Linda",95673,"38.688764","-121.457596"
"7024-OHCCK","United States","California","Sheridan",95681,"38.984756","-121.345074"
"7861-UVUFT","United States","California","Sloughhouse",95683,"38.470423","-121.114897"
"5357-TZHPP","United States","California","Wheatland",95692,"39.043387","-121.409837"
"0680-DFNNY","United States","California","Winters",95694,"38.578604","-122.024579"
"7767-UXAGJ","United States","California","Colfax",95713,"39.084645","-120.894014"
"1571-SAVHK","United States","California","Meadow Vista",95722,"39.003358","-121.022539"
"9546-CQJSU","United States","California","Soda Springs",95728,"39.279068","-120.414275"
"0506-LVNGN","United States","California","Rancho Cordova",95742,"38.591134","-121.161585"
"2951-QOQTK","United States","California","Sacramento",95815,"38.608405","-121.449942"
"3473-XIIIT","United States","California","Sacramento",95824,"38.517295","-121.439819"
"7893-IXHRQ","United States","California","Sacramento",95826,"38.542532","-121.378826"
"2952-QAYZF","United States","California","Sacramento",95828,"38.486938","-121.395805"
"4763-PGDPO","United States","California","Sacramento",95831,"38.494832","-121.529447"
"5394-SVGJV","United States","California","Sacramento",95838,"38.646096","-121.442433"
"9283-LZQOH","United States","California","Antelope",95843,"38.715498","-121.363411"
"6100-QQHEB","United States","California","San Jose",95121,"37.304681","-121.809955"
"7079-QRCBC","United States","California","Sacramento",95864,"38.585826","-121.376263"
"5469-CTCWN","United States","California","Arbuckle",95912,"38.982373","-122.047751"
"9851-QXEEQ","United States","California","Bangor",95914,"39.396585","-121.380290"
"9809-IMGCQ","United States","California","Canyon Dam",95923,"40.171312","-121.120605"
"5208-HFSBT","United States","California","Challenge",95925,"39.461768","-121.195825"
"3254-YRILK","United States","California","Dobbins",95935,"39.381174","-121.211910"
"2667-WYLWJ","United States","California","Dunnigan",95937,"38.931425","-121.946081"
"0529-ONKER","United States","California","Forest Ranch",95942,"40.077028","-121.494168"
"5240-IJOQT","United States","California","Grass Valley",95949,"39.099204","-121.137962"
"1092-GANHU","United States","California","Magalia",95954,"39.933852","-121.584371"
"0661-XEYAN","United States","California","Nevada City",95959,"39.333737","-120.858667"
"7881-EVUAD","United States","California","Oroville",95966,"39.473896","-121.415927"
"5766-XQXMQ","United States","California","Princeton",95970,"39.424957","-122.039307"
"3703-VAVCL","United States","California","Strawberry Valley",95981,"39.584580","-121.093256"
"8519-QJGJD","United States","California","Twain",95984,"40.022184","-121.062384"
"6326-MTTXK","United States","California","Yuba City",95993,"39.075694","-121.706060"
"0330-IVZHA","United States","California","Anderson",96007,"40.448632","-122.306657"
"2886-KEFUM","United States","California","Big Bend",96011,"41.096569","-121.879082"
"4237-RLAQD","United States","California","Callahan",96014,"41.388397","-122.794636"
"9651-GTSAQ","United States","California","Corning",96021,"39.913777","-122.289984"
"3186-BAXNB","United States","California","Cottonwood",96022,"40.336392","-122.448533"
"0637-YLETY","United States","California","Douglas City",96024,"40.586588","-122.903677"
"1157-BQCUW","United States","California","Fall River Mills",96028,"41.017282","-121.468945"
"2660-EMUBI","United States","California","Fort Jones",96032,"41.583700","-122.935922"
"7675-OZCZG","United States","California","Hayfork",96041,"40.547857","-123.187265"
"2003-CKLOR","United States","California","Igo",96047,"40.524535","-122.647172"
"9254-RBFON","United States","California","Klamath River",96050,"41.816595","-122.948287"
"1205-WNWPJ","United States","California","Lakehead",96051,"40.883853","-122.418258"
"9391-EOYLI","United States","California","Lewiston",96052,"40.704293","-122.803899"
"8387-MOJJT","United States","California","Nubieber",96068,"41.082472","-121.195215"
"2761-OCIAX","United States","California","Palo Cedro",96073,"40.582399","-122.195512"
"3068-OMWZA","United States","California","Round Mountain",96084,"40.923558","-122.059933"
"6032-KRXXO","United States","California","Seiad Valley",96086,"41.924174","-123.260788"
"7459-RRWQZ","United States","California","Shasta",96087,"40.617614","-122.512861"
"4154-AQUGT","United States","California","Vina",96092,"39.955164","-122.018567"
"3092-IGHWF","United States","California","Alturas",96101,"41.468877","-120.542290"
"8017-LXHFA","United States","California","Davis Creek",96108,"41.750354","-120.403885"
"6352-TWCAU","United States","California","Fort Bidwell",96112,"41.932207","-120.135941"
"2929-QNSRW","United States","California","Lake City",96115,"41.729079","-120.225025"
"1262-OPMFY","United States","California","Likely",96116,"41.266008","-120.490731"
"4248-QPAVC","United States","California","Portola",96122,"39.786755","-120.445626"
"1899-VXWXM","United States","California","Ravendale",96123,"40.845738","-120.322219"
"4690-LLKUA","United States","California","Topaz",96133,"38.636052","-119.489162"
"3331-HQDTW","United States","California","Homewood",96141,"39.117018","-120.212535"
"9490-DFPMD","United States","California","Tahoma",96142,"39.061227","-120.179546"
"5442-XSDCW","United States","California","Tahoe City",96145,"39.178337","-120.162806"
"3049-NDXFL","United States","California","South Lake Tahoe",96150,"38.911577","-120.106169"
"8580-AECUZ","United States","California","Truckee",96161,"39.342498","-120.247127"
"7963-GQRMY","United States","California","Los Angeles",90004,"34.076259","-118.310715"
"1228-FZFRV","United States","California","Los Angeles",90007,"34.027337","-118.285150"
"2058-DCJBE","United States","California","Los Angeles",90012,"34.065875","-118.238728"
"5364-XYIRR","United States","California","Los Angeles",90013,"34.044639","-118.240413"
"4829-AUOAX","United States","California","Los Angeles",90014,"34.043144","-118.251977"
"5047-LHVLY","United States","California","Los Angeles",90020,"34.066367","-118.309868"
"9158-VCTQB","United States","California","Los Angeles",90023,"34.017697","-118.200577"
"6311-UEUME","United States","California","Los Angeles",90025,"34.046174","-118.446333"
"2634-HCZGT","United States","California","San Jose",95126,"37.327069","-121.916819"
"6839-ITVZJ","United States","California","Los Angeles",90037,"34.002642","-118.287596"
"0375-HVGXO","United States","California","Los Angeles",90045,"33.954017","-118.402447"
"8593-WHYHV","United States","California","Los Angeles",90047,"33.958149","-118.308441"
"6097-EQISJ","United States","California","Los Angeles",90058,"34.001617","-118.222274"
"4423-YLHDV","United States","California","Los Angeles",90059,"33.927254","-118.249826"
"0107-YHINA","United States","California","Los Angeles",90062,"34.003553","-118.308933"
"8640-SDGKB","United States","California","Los Angeles",90066,"34.002028","-118.430656"
"4116-TZAQJ","United States","California","Culver City",90230,"33.993991","-118.397040"
"3877-JRJIP","United States","California","Hawthorne",90250,"33.914775","-118.348083"
"8375-DKEBR","United States","California","Hermosa Beach",90254,"33.865320","-118.396336"
"7511-YMXVQ","United States","California","Lynwood",90262,"33.923573","-118.200669"
"7551-JOHTI","United States","California","Malibu",90265,"34.074572","-118.831181"
"9804-ICWBG","United States","California","Pacific Palisades",90272,"34.079449","-118.548306"
"5318-IXUZF","United States","California","Redondo Beach",90277,"33.830453","-118.384565"
"3198-VELRD","United States","California","Marina Del Rey",90292,"33.977468","-118.445475"
"9436-ZBZCT","United States","California","Inglewood",90303,"33.936291","-118.332639"
"7279-BUYWN","United States","California","Buena Park",90620,"33.845706","-118.012204"
"7156-MHUGY","United States","California","Buena Park",90621,"33.874224","-117.993368"
"7198-GLXTC","United States","California","La Palma",90623,"33.850504","-118.039892"
"0516-VRYBW","United States","California","Stanton",90680,"33.801869","-117.995068"
"8380-PEFPE","United States","California","Avalon",90704,"33.391181","-118.421305"
"5687-DKDTV","United States","California","Bellflower",90706,"33.887676","-118.127289"
"7530-HDYDS","United States","California","Lakewood",90712,"33.840524","-118.148403"
"3096-IZETN","United States","California","Lomita",90717,"33.794209","-118.317354"
"5922-ABDVO","United States","California","Seal Beach",90740,"33.754620","-118.071128"
"9172-ANCRX","United States","California","Carson",90745,"33.822295","-118.264110"
"6910-HADCM","United States","California","Long Beach",90808,"33.823943","-118.111335"
"5948-UJZLF","United States","California","Los Angeles",90049,"34.091829","-118.491244"
"4816-LXZYW","United States","California","Long Beach",90810,"33.819814","-118.222416"
"9606-PBKBQ","United States","California","Long Beach",90813,"33.781086","-118.199049"
"3536-IQCTX","United States","California","South Pasadena",91030,"34.110444","-118.156957"
"4911-BANWH","United States","California","Sunland",91040,"34.282704","-118.312929"
"8496-EJAUI","United States","California","Tujunga",91042,"34.296574","-118.244839"
"3132-TVFDZ","United States","California","Glendale",91202,"34.167926","-118.267539"
"8080-DDEMJ","United States","California","Glendale",91204,"34.136306","-118.260360"
"6365-MTGZX","United States","California","Glendale",91206,"34.162515","-118.203869"
"1349-WXNGG","United States","California","Glendale",91207,"34.182378","-118.262922"
"6990-YNRIO","United States","California","Agoura Hills",91301,"34.129058","-118.759788"
"0621-TWIEM","United States","California","Newhall",91321,"34.370378","-118.504118"
"2485-ITVKB","United States","California","Northridge",91325,"34.236683","-118.517588"
"3669-OYSJI","United States","California","Porter Ranch",91326,"34.281911","-118.556218"
"1612-EOHDH","United States","California","Pacoima",91331,"34.255442","-118.421314"
"6702-OHFWR","United States","California","Reseda",91335,"34.200175","-118.540958"
"4510-PYUSH","United States","California","Sylmar",91342,"34.321621","-118.399841"
"7517-SAWMO","United States","California","Granada Hills",91344,"34.291273","-118.505104"
"4143-HHPMK","United States","California","Mission Hills",91345,"34.266389","-118.459744"
"7054-LGEQW","United States","California","Canyon Country",91351,"34.422519","-118.420717"
"0923-PNFUB","United States","California","Westlake Village",91361,"34.130992","-118.894673"
"3494-JCHRQ","United States","California","Van Nuys",91411,"34.178470","-118.459472"
"6474-FVJLC","United States","California","Sherman Oaks",91423,"34.146957","-118.432138"
"8840-DQLGN","United States","California","Burbank",91502,"34.177267","-118.310030"
"4547-LYTDD","United States","California","North Hollywood",91601,"34.169200","-118.372498"
"6770-XUAGN","United States","California","North Hollywood",91605,"34.207295","-118.400022"
"4193-ORFCL","United States","California","North Hollywood",91606,"34.187599","-118.387125"
"7776-QWNFX","United States","California","Chino",91710,"33.990646","-117.663025"
"6689-TCZHQ","United States","California","Claremont",91711,"34.127621","-117.717863"
"3143-ILDAL","United States","California","El Monte",91732,"34.074492","-118.014620"
"4720-VSTSI","United States","California","Monterey Park",91754,"34.050322","-118.147037"
"3946-MHCZW","United States","California","Ontario",91761,"34.035602","-117.591528"
"6651-AZVTJ","United States","California","Pomona",91768,"34.067932","-117.785168"
"4566-GOLUK","United States","California","Rosemead",91770,"34.065108","-118.082791"
"2484-DGXPZ","United States","California","San Dimas",91773,"34.102119","-117.815532"
"4587-NUKOX","United States","California","Walnut",91789,"34.018354","-117.854920"
"0420-BWTPW","United States","California","Chula Vista",91910,"32.636792","-117.054989"
"8183-ONMXC","United States","California","Chula Vista",91915,"32.605012","-116.975950"
"9614-RMGHA","United States","California","Dulzura",91917,"32.622999","-116.687855"
"5054-IEXZT","United States","California","Jacumba",91934,"32.649787","-116.223700"
"5834-ASPWA","United States","California","Jamul",91935,"32.695681","-116.798386"
"3948-XHGNA","United States","California","Bonsall",92003,"33.290907","-117.202895"
"0565-IYCGT","United States","California","Cardiff By The Sea",92007,"33.015866","-117.272254"
"5445-UTODQ","United States","California","Del Mar",92014,"32.948262","-117.256086"
"1024-VRZHF","United States","California","Encinitas",92024,"33.054579","-117.256650"
"9497-QCMMS","United States","California","Escondido",92026,"33.218460","-117.116916"
"0348-SDKOL","United States","California","La Jolla",92037,"32.853743","-117.250340"
"4373-MAVJG","United States","California","Oceanside",92056,"33.194742","-117.290320"
"8901-HJXTF","United States","California","Oceanside",92057,"33.254497","-117.285879"
"5419-KLXBN","United States","California","Palomar Mountain",92060,"33.309852","-116.823091"
"3424-NMNBO","United States","California","Pauma Valley",92061,"33.313828","-116.940501"
"4514-GFCFI","United States","California","Ramona",92065,"33.044541","-116.833922"
"9828-AOQLM","United States","California","San Marcos",92069,"33.162624","-117.170863"
"8000-REIQB","United States","California","Santee",92071,"32.847336","-116.997605"
"7615-ESMYF","United States","California","Valley Center",92082,"33.252830","-116.986079"
"3858-VOBET","United States","California","Vista",92083,"33.174940","-117.242761"
"1447-PJGGA","United States","California","San Diego",92101,"32.725230","-117.171346"
"8565-CLBZW","United States","California","San Diego",92102,"32.716007","-117.117462"
"9139-WQQDY","United States","California","San Diego",92103,"32.747484","-117.166877"
"0224-HJAPT","United States","California","San Diego",92104,"32.741499","-117.127409"
"8086-OVPWV","United States","California","San Diego",92105,"32.741859","-117.090353"
"9430-FRQOC","United States","California","San Diego",92106,"32.713460","-117.236378"
"3074-GQWYX","United States","California","San Diego",92108,"32.774046","-117.142454"
"6845-RGTYS","United States","California","San Diego",92110,"32.765010","-117.199380"
"8861-HGGKB","United States","California","San Diego",92115,"32.762506","-117.072450"
"7065-YUNRY","United States","California","San Diego",92117,"32.825086","-117.199424"
"7694-VLBWQ","United States","California","Coronado",92118,"32.686740","-117.186612"
"4795-KTRTH","United States","California","San Diego",92122,"32.857230","-117.209774"
"6481-OGDOO","United States","California","San Diego",92129,"32.961064","-117.134917"
"3753-TSEMP","United States","California","San Diego",92139,"32.677716","-117.047666"
"8305-VHZBZ","United States","California","San Diego",92154,"32.578103","-117.012975"
"9172-JITSM","United States","California","Palm Desert",92211,"33.762759","-116.324817"
"6298-QDFNH","United States","California","Banning",92220,"33.936298","-116.849577"
"9961-JBNMK","United States","California","Desert Center",92239,"33.889605","-115.257009"
"6173-ITPWD","United States","California","Heber",92249,"32.730583","-115.501083"
"9734-UYXQI","United States","California","Holtville",92250,"32.811001","-115.152865"
"2189-UXTKY","United States","California","La Quinta",92253,"33.695532","-116.310571"
"4958-GZWIY","United States","California","North Palm Springs",92258,"33.906496","-116.569499"
"6356-ELRKD","United States","California","Rancho Mirage",92270,"33.763678","-116.429928"
"8624-GIOUT","United States","California","Seeley",92273,"32.790282","-115.689559"
"6179-GJPSO","United States","California","Twentynine Palms",92277,"34.172110","-115.769773"
"3177-LASXD","United States","California","Westmorland",92281,"33.036790","-115.605030"
"4897-QSUYC","United States","California","Amboy",92304,"34.559882","-115.637164"
"1084-UQCHV","United States","California","Angelus Oaks",92305,"34.167800","-116.864330"
"8290-YWKHZ","United States","California","Apple Valley",92307,"34.550820","-117.122396"
"2955-BJZHG","United States","California","Apple Valley",92308,"34.424926","-117.184503"
"3806-DXQOM","United States","California","Baker",92309,"35.289520","-116.092214"
"9300-RENDD","United States","California","Cedar Glen",92321,"34.255203","-117.175654"
"0761-AETCS","United States","California","Colton",92324,"34.030915","-117.273201"
"2153-MREFK","United States","California","Fawnskin",92333,"34.274846","-116.937581"
"3106-ULWFW","United States","California","Fontana",92337,"34.049671","-117.468896"
"0925-VYDLG","United States","California","Ludlow",92338,"34.702766","-116.093376"
"4349-GFQHK","United States","California","Mentone",92359,"34.103578","-117.040540"
"7802-EFKNY","United States","California","Redlands",92374,"34.064073","-117.166158"
"8035-BUYVG","United States","California","Running Springs",92382,"34.186211","-117.076830"
"9787-XVQIU","United States","California","Sugarloaf",92386,"34.243088","-116.830015"
"8945-MUQUF","United States","California","Tecopa",92389,"35.824572","-116.274755"
"8051-HJRLT","United States","California","Wrightwood",92397,"34.358321","-117.618263"
"3023-GFLBR","United States","California","San Bernardino",92408,"34.084909","-117.258107"
"0524-IAVZO","United States","California","Anza",92539,"33.527605","-116.666551"
"2737-YNGYW","United States","California","Hemet",92543,"33.739415","-116.968339"
"5159-YFPKQ","United States","California","Moreno Valley",92551,"33.882740","-117.224878"
"4021-RQSNY","United States","California","Moreno Valley",92555,"33.907361","-117.109972"
"9061-TIHDA","United States","California","Murrieta",92563,"33.581045","-117.147190"
"8699-ASUFO","United States","California","Nuevo",92567,"33.827690","-117.102244"
"7927-AUXBZ","United States","California","Sun City",92586,"33.707483","-117.200006"
"4695-WJZUE","United States","California","Irvine",92606,"33.703976","-117.824172"
"7619-ODSGN","United States","California","Foothill Ranch",92610,"33.698728","-117.677680"
"3988-RQIXO","United States","California","Corona Del Mar",92625,"33.600987","-117.862734"
"2514-GINMM","United States","California","Dana Point",92629,"33.477923","-117.705314"
"5931-FLJJF","United States","California","Midway City",92655,"33.744439","-117.985880"
"2659-VXMWZ","United States","California","Newport Coast",92657,"33.603282","-117.821841"
"3207-OYBWH","United States","California","Newport Beach",92661,"33.601309","-117.902304"
"4285-GYRQC","United States","California","Newport Beach",92662,"33.606336","-117.893042"
"7216-EWTRS","United States","California","Newport Beach",92663,"33.622510","-117.927024"
"8337-MSSXB","United States","California","Trabuco Canyon",92679,"33.631119","-117.567346"
"8182-BJDSI","United States","California","Santa Ana",92705,"33.766004","-117.786763"
"2528-HFYZX","United States","California","Santa Ana",92706,"33.765893","-117.881533"
"2482-CZGBB","United States","California","Anaheim",92804,"33.818000","-117.974404"
"0866-QLSIR","United States","California","Garden Grove",92843,"33.764018","-117.931507"
"7181-BQYBV","United States","California","Garden Grove",92845,"33.782955","-118.026456"
"6204-IEUXJ","United States","California","Yorba Linda",92886,"33.897253","-117.792202"
"4529-CKBCL","United States","California","Ventura",93001,"34.360261","-119.306383"
"2506-CLAKW","United States","California","Ventura",93003,"34.279221","-119.221437"
"1583-IHQZE","United States","California","Camarillo",93010,"34.227846","-119.079903"
"0151-ONTOV","United States","California","Moorpark",93021,"34.312945","-118.858169"
"4140-MUHUG","United States","California","Oak View",93022,"34.404544","-119.302118"
"0320-JDNQG","United States","California","Oxnard",93035,"34.184540","-119.224666"
"7180-PISOG","United States","California","Piru",93040,"34.432843","-118.730106"
"3571-RFHAR","United States","California","Santa Paula",93060,"34.402343","-119.094824"
"9578-VRMNM","United States","California","Summerland",93067,"34.420998","-119.601370"
"1587-FKLZB","United States","California","Santa Barbara",93101,"34.419203","-119.710008"
"6140-QNRQQ","United States","California","Santa Barbara",93103,"34.438581","-119.685368"
"4307-KTUMW","United States","California","Santa Barbara",93108,"34.457541","-119.631072"
"5440-FLBQG","United States","California","Santa Barbara",93110,"34.437945","-119.771910"
"7470-MCQTK","United States","California","Alpaugh",93201,"35.869626","-119.498771"
"7488-MXJIV","United States","California","Armona",93202,"36.315979","-119.710852"
"2027-FECZV","United States","California","Bodfish",93205,"35.523991","-118.400432"
"2672-DZUOY","United States","California","Buttonwillow",93206,"35.451402","-119.488413"
"3870-MQAMG","United States","California","Camp Nelson",93208,"36.057458","-118.591951"
"4800-CZMPC","United States","California","Delano",93215,"35.772244","-119.209689"
"7377-DMMRI","United States","California","Exeter",93221,"36.301689","-119.018233"
"8949-JTMAY","United States","California","Mc Kittrick",93251,"35.383810","-119.730885"
"2774-LVQUS","United States","California","Maricopa",93252,"34.737031","-119.460557"
"3211-ILJTT","United States","California","Taft",93268,"35.184837","-119.402525"
"4612-THJBS","United States","California","Terra Bella",93270,"35.939068","-119.043666"
"4094-NSEDU","United States","California","Tipton",93272,"36.047414","-119.344304"
"5103-MHMHY","United States","California","Los Osos",93402,"35.279984","-120.824288"
"1846-XWOQN","United States","California","Bradley",93426,"35.842889","-121.004862"
"0235-KGSLC","United States","California","Buellton",93427,"34.631362","-120.238218"
"2884-GBPFB","United States","California","Morro Bay",93442,"35.369553","-120.763864"
"3757-NJYBX","United States","California","Nipomo",93444,"35.050345","-120.489599"
"5136-KCKGI","United States","California","Templeton",93465,"35.536115","-120.739231"
"3722-WPXTK","United States","California","Benton",93512,"37.653947","-118.231443"
"2929-ERCFZ","United States","California","Independence",93526,"36.869584","-118.189241"
"7548-SEPYI","United States","California","Inyokern",93527,"36.041315","-118.188235"
"8835-VSDSE","United States","California","Johannesburg",93528,"35.363339","-117.637641"
"1623-NLDOT","United States","California","Lancaster",93534,"34.727529","-118.153098"
"9898-KZQDZ","United States","California","Lee Vining",93541,"37.890145","-119.184087"
"5236-PERKL","United States","California","Pearblossom",93553,"34.445239","-117.894868"
"7854-FOKSF","United States","California","Rosamond",93560,"34.903052","-118.411251"
"2519-FAKOD","United States","California","Tehachapi",93561,"35.073777","-118.652112"
"8263-JQAIK","United States","California","Palmdale",93591,"34.598221","-117.795930"
"7089-IVVAZ","United States","California","Cantua Creek",93608,"36.488056","-120.407691"
"2205-YMZZJ","United States","California","Clovis",93612,"36.814539","-119.711868"
"1254-IZEYF","United States","California","Cutler",93615,"36.497895","-119.285484"
"9492-TOKRI","United States","California","Dinuba",93618,"36.523619","-119.386868"
"9221-OTIVJ","United States","California","Dunlap",93621,"36.789213","-119.140338"
"3325-FUYCG","United States","California","Five Points",93624,"36.397745","-120.119911"
"5908-QMGOE","United States","California","Fowler",93625,"36.625792","-119.672483"
"8481-YYXWG","United States","California","Hume",93628,"36.807595","-118.901544"
"2609-IAICY","United States","California","North Fork",93643,"37.244307","-119.470256"
"1740-CSDJP","United States","California","Oakhurst",93644,"37.648647","-119.231447"
"2636-OHFMN","United States","California","Orosi",93647,"36.600185","-119.175655"
"1323-OOEPC","United States","California","Prather",93651,"37.007238","-119.505661"
"0397-GZBBC","United States","California","South Dos Palos",93665,"36.959731","-120.653519"
"7641-EUYET","United States","California","Tranquillity",93668,"36.635661","-120.288644"
"9921-ZVRHG","United States","California","Traver",93673,"36.456091","-119.486225"
"4701-MLJPN","United States","California","Fresno",93702,"36.739385","-119.753649"
"9206-GVPEQ","United States","California","Fresno",93706,"36.654614","-119.903674"
"1596-BBVTG","United States","California","Fresno",93711,"36.833002","-119.829470"
"8433-WXGNA","United States","California","Salinas",93906,"36.722898","-121.633648"
"3707-GNWHM","United States","California","Carmel Valley",93924,"36.414611","-121.638600"
"8922-LIEGH","United States","California","Jolon",93928,"35.930782","-121.189757"
"8245-UMPYT","United States","California","Lockwood",93932,"35.989792","-121.055933"
"5186-SAMNZ","United States","California","Marina",93933,"36.689582","-121.758398"
"5373-SFODM","United States","California","San Lucas",93954,"36.125529","-120.864443"
"5766-ZJYBB","United States","California","Brisbane",94005,"37.684694","-122.407120"
"8931-GJJIQ","United States","California","Burlingame",94010,"37.570280","-122.365778"
"4277-PVRAN","United States","California","Daly City",94014,"37.691561","-122.445202"
"0022-TCJCI","United States","California","Daly City",94015,"37.680844","-122.481310"
"0203-HHYIJ","United States","California","Atherton",94027,"37.454924","-122.203168"
"0952-KMEEH","United States","California","Mountain View",94043,"37.419725","-122.062947"
"8178-EYZUO","United States","California","San Francisco",94105,"37.789168","-122.395009"
"5130-IEKQT","United States","California","San Francisco",94109,"37.794487","-122.422270"
"3230-WYKIR","United States","California","San Francisco",94110,"37.750021","-122.415201"
"0407-BDJKB","United States","California","San Francisco",94114,"37.758085","-122.434801"
"9600-UDOPK","United States","California","San Francisco",94117,"37.770533","-122.445121"
"4074-SJFFA","United States","California","San Francisco",94122,"37.760412","-122.484966"
"3269-ATYWD","United States","California","San Francisco",94123,"37.800254","-122.436975"
"4910-GMJOT","United States","California","San Francisco",94129,"37.797526","-122.464531"
"0354-WYROK","United States","California","San Francisco",94130,"37.820894","-122.369725"
"7576-OYWBN","United States","California","San Mateo",94402,"37.556634","-122.317723"
"5539-TMZLF","United States","California","Concord",94520,"38.013825","-122.039144"
"4323-SADQS","United States","California","Concord",94521,"37.971421","-121.971504"
"4446-BZKHU","United States","California","Pleasant Hill",94523,"37.953380","-122.076886"
"5202-IVJNU","United States","California","Crockett",94525,"38.049292","-122.228415"
"5976-JCJRH","United States","California","Danville",94526,"37.815459","-121.977203"
"0137-OCGAB","United States","California","Fairfield",94533,"38.287136","-122.027110"
"3351-NQLDI","United States","California","Travis Afb",94535,"38.265899","-121.939461"
"7593-JNWRU","United States","California","Fremont",94538,"37.505768","-121.962472"
"4588-YBNIB","United States","California","Fremont",94539,"37.516791","-121.899117"
"3336-JORSO","United States","California","Hayward",94542,"37.656695","-122.048361"
"5028-GZLDO","United States","California","Moraga",94556,"37.827946","-122.107185"
"6861-XWTWQ","United States","California","Napa",94559,"38.232389","-122.324944"
"6877-TJMBR","United States","California","Orinda",94563,"37.873916","-122.205220"
"6769-DCQLI","United States","California","Pope Valley",94567,"38.672708","-122.403219"
"2433-KMEAS","United States","California","Dublin",94568,"37.713926","-121.928425"
"2195-ZRVAX","United States","California","Rodeo",94572,"38.027218","-122.234630"
"3550-SAHFP","United States","California","Saint Helena",94574,"38.581354","-122.296283"
"2011-TRQYE","United States","California","Deer Park",94576,"38.554383","-122.474773"
"4873-ILOLJ","United States","California","Sunol",94586,"37.587494","-121.862856"
"2725-KXXWT","United States","California","Vallejo",94589,"38.161321","-122.271588"
"9565-DJPIB","United States","California","Vallejo",94590,"38.104705","-122.247387"
"8348-HFYIV","United States","California","Oakland",94601,"37.776523","-122.219268"
"7503-QQRVF","United States","California","San Jose",95127,"37.375156","-121.795867"
"6849-WLEYG","United States","California","Emeryville",94608,"37.837260","-122.287648"
"4659-NZRUF","United States","California","Oakland",94609,"37.834341","-122.264370"
"8429-XIBUM","United States","California","Oakland",94618,"37.845510","-122.235181"
"2608-BHKFN","United States","California","Berkeley",94703,"37.863843","-122.275684"
"7341-LXCAF","United States","California","Berkeley",94705,"37.858898","-122.240512"
"9462-MJUAW","United States","California","Berkeley",94708,"37.897743","-122.263124"
"8128-YVJRG","United States","California","Berkeley",94709,"37.878554","-122.266090"
"4283-FUTGF","United States","California","El Sobrante",94803,"37.963995","-122.288296"
"1569-TTNYJ","United States","California","Richmond",94805,"37.941456","-122.320968"
"2397-BRLOM","United States","California","San Rafael",94901,"37.972662","-122.491452"
"4749-VFKVB","United States","California","Inverness",94937,"38.099323","-122.945723"
"7598-UAASY","United States","California","Marshall",94940,"38.129308","-122.834815"
"7938-OUHIO","United States","California","Mill Valley",94941,"37.901371","-122.572024"
"8510-AWCXC","United States","California","Novato",94945,"38.135897","-122.563683"
"0431-APWVY","United States","California","Novato",94949,"38.067204","-122.524004"
"3426-NIYYL","United States","California","Sausalito",94965,"37.848641","-122.515692"
"8225-BTJAU","United States","California","Stinson Beach",94970,"37.921137","-122.657562"
"3387-VATUS","United States","California","Aromas",95004,"36.878364","-121.629781"
"1143-NMNQJ","United States","California","Boulder Creek",95006,"37.171727","-122.142961"
"0415-MOSGF","United States","California","Los Gatos",95030,"37.222842","-121.988727"
"1724-BQUHA","United States","California","Los Gatos",95032,"37.233034","-121.947427"
"4826-XTSOH","United States","California","Moss Landing",95039,"36.863303","-121.781632"
"2495-INZWQ","United States","California","San Juan Bautista",95045,"36.810568","-121.503022"
"4139-SUGLD","United States","California","Santa Clara",95054,"37.393554","-121.965114"
"6857-VWJDT","United States","California","Santa Cruz",95060,"36.993451","-122.098858"
"5624-BQSSA","United States","California","Santa Cruz",95065,"37.031404","-121.981865"
"2408-WITXK","United States","California","San Jose",95110,"37.346670","-121.910019"
"5577-OTWWW","United States","California","San Jose",95120,"37.186141","-121.843554"
"2691-NZETQ","United States","California","San Jose",95130,"37.277592","-121.986477"
"4404-HIBDJ","United States","California","San Jose",95131,"37.387027","-121.897775"
"7295-JOMMD","United States","California","San Jose",95135,"37.286820","-121.723877"
"5013-SBUIH","United States","California","Stockton",95202,"37.959706","-121.287669"
"0709-TVGUR","United States","California","Stockton",95207,"38.002125","-121.324979"
"6023-YEBUP","United States","California","Stockton",95210,"38.033219","-121.297433"
"7209-JCUDS","United States","California","Stockton",95212,"38.049457","-121.216530"
"3001-CBHLQ","United States","California","Angels Camp",95222,"38.071327","-120.632221"
"6158-DWPZT","United States","California","Avery",95224,"38.208336","-120.339938"
"3763-GCZHZ","United States","California","Hathaway Pines",95233,"38.184914","-120.364085"
"0772-GYEQQ","United States","California","Lodi",95240,"38.123544","-121.159078"
"4831-EOBFE","United States","California","Mountain Ranch",95246,"38.264262","-120.515133"
"4102-OQUPX","United States","California","Sheep Ranch",95250,"38.244806","-120.417301"
"9170-GYZJC","United States","California","Vallecito",95251,"38.055562","-120.456298"
"3999-QGRJH","United States","California","Ballico",95303,"37.469500","-120.672724"
"2454-RPBRZ","United States","California","Catheys Valley",95306,"37.394411","-120.127262"
"2002-MZHWP","United States","California","Delhi",95315,"37.422961","-120.765493"
"2265-CYWIV","United States","California","Hickman",95323,"37.605926","-120.699550"
"2004-OCQXK","United States","California","Merced",95348,"37.401220","-120.514191"
"5027-QPKTE","United States","California","Modesto",95350,"37.671806","-121.007575"
"2672-HUYVI","United States","California","Newman",95360,"37.343846","-121.039391"
"7508-MYBOG","United States","California","Patterson",95363,"37.410236","-121.320337"
"0148-DCDOS","United States","California","Planada",95365,"37.329725","-120.306399"
"9992-RRAMN","United States","California","Riverbank",95367,"37.734971","-120.954271"
"0310-MVLET","United States","California","Snelling",95369,"37.521708","-120.426843"
"4550-VBOFE","United States","California","Soulsbyville",95372,"37.990574","-120.261821"
"5696-QURRL","United States","California","Waterford",95386,"37.669516","-120.626964"
"7409-KIUTL","United States","California","Westley",95387,"37.546007","-121.282570"
"1732-VHUBQ","United States","California","Yosemite National Park",95389,"37.704267","-119.607001"
"0495-RVCBF","United States","California","Santa Rosa",95401,"38.460517","-122.790335"
"7854-EDSSA","United States","California","Santa Rosa",95404,"38.526941","-122.709096"
"8869-TORSS","United States","California","Santa Rosa",95405,"38.439696","-122.668817"
"0679-IDSTG","United States","California","Branscomb",95417,"39.710591","-123.682799"
"2115-BFTIW","United States","California","Clearlake Oaks",95423,"39.071160","-122.598542"
"0611-DFXKO","United States","California","Comptche",95427,"39.239818","-123.565432"
"7780-OTDSO","United States","California","Covelo",95428,"39.833070","-123.178765"
"9747-DDZOS","United States","California","Eldridge",95431,"38.348884","-122.516990"
"0564-JJHGS","United States","California","Guerneville",95446,"38.525760","-123.013347"
"3348-CFRNX","United States","California","Healdsburg",95448,"38.618347","-122.908422"
"1428-GTBJJ","United States","California","Jenner",95450,"38.505995","-123.187019"
"8802-UNOJF","United States","California","Philo",95466,"39.094102","-123.500853"
"6313-GIDIT","United States","California","Point Arena",95468,"38.911299","-123.609588"
"2845-AFFTX","United States","California","Westport",95488,"39.724433","-123.767578"
"2249-YPRNG","United States","California","The Sea Ranch",95497,"38.696659","-123.436861"
"7410-YTJIK","United States","California","Eureka",95501,"40.796621","-124.154280"
"4626-GYCZP","United States","California","Eureka",95503,"40.737431","-124.108897"
"5590-BYNII","United States","California","Bayside",95524,"40.825486","-124.049485"
"3237-AJGEH","United States","California","Bridgeville",95526,"40.372532","-123.525626"
"1591-NFNLQ","United States","California","Crescent City",95531,"41.701223","-124.003393"
"2815-CPTUL","United States","California","Gasquet",95543,"41.867908","-123.794144"
"0596-BQCEQ","United States","California","Hydesville",95547,"40.557314","-124.081662"
"1481-ZUWZA","United States","California","Klamath",95548,"41.572813","-124.035011"
"2309-OSFEU","United States","California","Smith River",95567,"41.950683","-124.097094"
"1891-FZYSA","United States","California","Piercy",95587,"39.955587","-123.681175"
"7613-LLQFO","United States","California","Amador City",95601,"38.431407","-120.842100"
"2640-PMGFL","United States","California","West Sacramento",95605,"38.592745","-121.540036"
"3801-HMYNL","United States","California","Brooks",95606,"38.809804","-122.241383"
"9685-WKZGT","United States","California","Carmichael",95608,"38.626128","-121.328011"
"6022-UGGSO","United States","California","Citrus Heights",95610,"38.695080","-121.271616"
"4484-CGXFK","United States","California","El Dorado",95623,"38.631530","-120.842609"
"6214-EDAKZ","United States","California","Elverta",95626,"38.734997","-121.463719"
"6127-ISGTU","United States","California","Garden Valley",95633,"38.852544","-120.837669"
"8740-XLHDR","United States","California","Greenwood",95635,"38.921333","-120.897718"
"1208-DNHLN","United States","California","Grizzly Flats",95636,"38.636102","-120.522149"
"1761-AEZZR","United States","California","Guinda",95637,"38.830739","-122.196202"
"3923-CSIHK","United States","California","Herald",95638,"38.313447","-121.123886"
"7120-RFMVS","United States","California","Isleton",95641,"38.154823","-121.601358"
"7317-GGVPB","United States","California","Lotus",95651,"38.815515","-120.916997"
"1322-AGOQM","United States","California","Mather",95655,"38.549822","-121.266725"
"3677-IYRBF","United States","California","Newcastle",95658,"38.883224","-121.159180"
"5692-FPTAH","United States","California","Nicolaus",95659,"38.788898","-121.608624"
"1550-LOAHA","United States","California","Orangevale",95662,"38.689174","-121.218435"
"0268-QKIWO","United States","California","Pilot Hill",95664,"38.803731","-121.043799"
"0876-WDUUZ","United States","California","Pine Grove",95665,"38.400264","-120.641274"
"0617-FHSGK","United States","California","Rancho Cordova",95670,"38.602723","-121.279913"
"2858-MOFSQ","United States","California","Rio Oso",95674,"38.954144","-121.482536"
"8118-LSUEL","United States","California","Roseville",95678,"38.759751","-121.288545"
"7005-CCBKV","United States","California","Thornton",95686,"38.157794","-121.520223"
"4250-FDVOU","United States","California","Woodland",95695,"38.719670","-121.862416"
"5277-ZLOOR","United States","California","Applegate",95703,"38.983388","-120.988814"
"2141-RRYGO","United States","California","Camino",95709,"38.748316","-120.675512"
"6376-GAHQE","United States","California","Dutch Flat",95714,"39.197215","-120.836790"
"5052-PNLOS","United States","California","Echo Lake",95721,"38.851842","-120.076204"
"6979-ZNSFF","United States","California","Pollock Pines",95726,"38.733908","-120.453416"
"2386-LAHRK","United States","California","Weimar",95736,"39.009780","-120.978273"
"6032-IGALN","United States","California","Granite Bay",95746,"38.749466","-121.184196"
"4248-HCETZ","United States","California","Sacramento",95814,"38.584505","-121.491956"
"0516-WJVXC","United States","California","Sacramento",95818,"38.556306","-121.495817"
"9174-FKWZE","United States","California","Sacramento",95819,"38.567594","-121.437507"
"8809-RIHDD","United States","California","Sacramento",95827,"38.549185","-121.328386"
"4822-NGOCH","United States","California","Sacramento",95831,"38.494832","-121.529447"
"5307-DZCVC","United States","California","Sacramento",95835,"38.685069","-121.543709"
"8679-JOEVF","United States","California","Sacramento",95838,"38.646096","-121.442433"
"1432-FPAXX","United States","California","Beale Afb",95903,"39.125311","-121.392283"
"4803-AXVYP","United States","California","Butte City",95920,"39.449794","-121.936372"
"3884-HCSWG","United States","California","Camptonville",95922,"39.432127","-121.099287"
"5077-DXTCG","United States","California","Challenge",95925,"39.461768","-121.195825"
"1142-WACZW","United States","California","Chico",95926,"39.745712","-121.843330"
"5649-ANRML","United States","California","Clipper Mills",95930,"39.562239","-121.148360"
"4892-VLANZ","United States","California","Colusa",95932,"39.273096","-122.050763"
"2919-HBCJO","United States","California","Downieville",95936,"39.578792","-120.780786"
"4236-XPXAV","United States","California","Dunnigan",95937,"38.931425","-121.946081"
"3030-YZADT","United States","California","Grass Valley",95949,"39.099204","-121.137962"
"7410-KTVFV","United States","California","Grimes",95950,"39.033058","-121.895718"
"8393-DLHGA","United States","California","Palermo",95968,"39.435756","-121.552071"
"7395-IGJOS","United States","California","Quincy",95971,"39.971228","-121.041166"
"2834-SPCJV","United States","California","Rough And Ready",95975,"39.225634","-121.156163"
"7890-VYYWG","United States","California","Sutter",95982,"39.172777","-121.805845"
"9907-SWKKF","United States","California","Twain",95984,"40.022184","-121.062384"
"0587-DMGBH","United States","California","Willows",95988,"39.493991","-122.286363"
"6397-JNZZG","United States","California","Adin",96006,"41.171578","-120.913161"
"3523-QRQLL","United States","California","Bieber",96009,"41.083464","-121.107929"
"0895-DQHEW","United States","California","Burney",96013,"40.946785","-121.719489"
"8149-RSOUN","United States","California","Dorris",96023,"41.949216","-122.050062"
"7250-EQKIY","United States","California","Fort Jones",96032,"41.583700","-122.935922"
"4013-UBXWQ","United States","California","Hayfork",96041,"40.547857","-123.187265"
"5519-NPHVG","United States","California","Klamath River",96050,"41.816595","-122.948287"
"8849-GYOKR","United States","California","Mineral",96063,"40.408796","-121.579609"
"3148-BLQJT","United States","California","Montague",96064,"41.759864","-122.379175"
"0461-CVKMU","United States","California","Oak Run",96069,"40.689243","-122.037023"
"8806-EAGWC","United States","California","Old Station",96071,"40.656287","-121.428965"
"7779-LGOVN","United States","California","Paskenta",96074,"39.884395","-122.587513"
"9710-ZUSHQ","United States","California","Red Bluff",96080,"40.186772","-122.388361"
"4183-WCSEP","United States","California","Weaverville",96093,"40.759401","-122.939337"
"5498-TXHLF","United States","California","Whitmore",96096,"40.637105","-121.906949"
"9722-UJOJR","United States","California","Blairsden Graeagle",96103,"39.783747","-120.661032"
"3902-FOIGH","United States","California","Doyle",96109,"40.012675","-120.101857"
"6772-KSATR","United States","California","Eagleville",96110,"41.280341","-120.150381"
"7112-OPOTK","United States","California","Fort Bidwell",96112,"41.932207","-120.135941"
"4210-QFJMF","United States","California","Lake City",96115,"41.729079","-120.225025"
"3318-OSATS","United States","California","Sierra City",96125,"39.600599","-120.636358"
"5828-AVIPD","United States","California","Sierraville",96126,"39.559709","-120.345639"
"1086-LXKFY","United States","California","Westwood",96137,"40.271535","-121.018087"
"2636-ALXXZ","United States","California","Tahoe Vista",96148,"39.241240","-120.054765"
"7774-OJSXI","United States","California","South Lake Tahoe",96150,"38.911577","-120.106169"
"7786-WBJYI","United States","California","Truckee",96161,"39.342498","-120.247127"
"9885-CSMWE","United States","California","Los Angeles",90007,"34.027337","-118.285150"
"5016-ETTFF","United States","California","Los Angeles",90016,"34.028331","-118.354338"
"3866-MDTUB","United States","California","Los Angeles",90017,"34.052842","-118.264495"
"8058-JMEQO","United States","California","Los Angeles",90020,"34.066367","-118.309868"
"0697-ZMSWS","United States","California","Los Angeles",90023,"34.017697","-118.200577"
"7657-DYEPJ","United States","California","Los Angeles",90024,"34.066303","-118.435479"
"8276-MQBYC","United States","California","Los Angeles",90028,"34.099869","-118.326843"
"7593-XFKDI","United States","California","Los Angeles",90031,"34.085807","-118.206617"
"0337-CNPZE","United States","California","Los Angeles",90033,"34.050198","-118.210946"
"1513-XNPPH","United States","California","Los Angeles",90037,"34.002642","-118.287596"
"6015-VVHHE","United States","California","Los Angeles",90039,"34.110845","-118.259595"
"6347-DCUIK","United States","California","Los Angeles",90043,"33.988543","-118.334081"
"0897-FEGMU","United States","California","Los Angeles",90048,"34.072945","-118.372670"
"7663-RGWBC","United States","California","Los Angeles",90049,"34.091829","-118.491244"
"1120-BMWUB","United States","California","Los Angeles",90056,"33.987945","-118.370442"
"9124-LHCJQ","United States","California","Los Angeles",90057,"34.061918","-118.277939"
"2235-ZGKPT","United States","California","Los Angeles",90062,"34.003553","-118.308933"
"3891-PUQOD","United States","California","Los Angeles",90063,"34.044271","-118.185237"
"0689-NKYLF","United States","California","Los Angeles",90066,"34.002028","-118.430656"
"3658-KIBGF","United States","California","Los Angeles",90068,"34.137411","-118.328915"
"5519-YLDGW","United States","California","Los Angeles",90071,"34.052917","-118.255178"
"4946-EDSEW","United States","California","Compton",90221,"33.885811","-118.206459"
"2516-VQRRV","United States","California","Culver City",90230,"33.993991","-118.397040"
"7580-UGXNC","United States","California","Culver City",90232,"34.019323","-118.391902"
"5178-LMXOP","United States","California","Gardena",90248,"33.876482","-118.284077"
"8185-UPYBR","United States","California","Hermosa Beach",90254,"33.865320","-118.396336"
"4585-HETAI","United States","California","Huntington Park",90255,"33.978030","-118.217141"
"7526-BEZQB","United States","California","Lawndale",90260,"33.888560","-118.351813"
"4951-UKAAQ","United States","California","Inglewood",90302,"33.975332","-118.355252"
"2108-YKQTY","United States","California","Santa Monica",90403,"34.031529","-118.491156"
"4918-QLLIW","United States","California","Santa Monica",90405,"34.005439","-118.477507"
"7056-IMHCC","United States","California","Torrance",90501,"33.833699","-118.314387"
"1625-JAIIY","United States","California","Torrance",90505,"33.807882","-118.347957"
"2947-DOMLJ","United States","California","Buena Park",90621,"33.874224","-117.993368"
"4112-LUEIZ","United States","California","La Palma",90623,"33.850504","-118.039892"
"4510-HIMLV","United States","California","La Habra",90631,"33.940619","-117.951300"
"8749-JMNKX","United States","California","Montebello",90640,"34.015217","-118.109962"
"2430-USGXP","United States","California","Santa Fe Springs",90670,"33.933565","-118.062611"
"5955-ERIHD","United States","California","Lakewood",90712,"33.840524","-118.148403"
"0917-EZOLA","United States","California","Lakewood",90713,"33.847755","-118.112532"
"5949-EBSQK","United States","California","Sunset Beach",90742,"33.719221","-118.073596"
"7274-RTAPZ","United States","California","Long Beach",90804,"33.783047","-118.148600"
"0311-UNPFF","United States","California","Long Beach",90807,"33.830099","-118.182239"
"3834-XUIFC","United States","California","Long Beach",90814,"33.771612","-118.143866"
"8414-MYSHR","United States","California","Arcadia",91007,"34.128284","-118.047732"
"7599-FKVXZ","United States","California","South Pasadena",91030,"34.110444","-118.156957"
"8229-TNIQA","United States","California","Pasadena",91105,"34.139460","-118.166649"
"6221-AVQYL","United States","California","Glendale",91203,"34.153338","-118.262974"
"7743-EXURX","United States","California","Glendale",91208,"34.195386","-118.238508"
"5569-KGJHX","United States","California","Canoga Park",91303,"34.198290","-118.602203"
"4988-IQIGL","United States","California","Canoga Park",91304,"34.224377","-118.632656"
"7730-IUTDZ","United States","California","Chatsworth",91311,"34.294142","-118.603883"
"0426-TIRNE","United States","California","Encino",91316,"34.150354","-118.518292"
"7587-RZNME","United States","California","Valencia",91355,"34.439870","-118.644609"
"0748-RDGGM","United States","California","Tarzana",91356,"34.157137","-118.548511"
"4706-AXVKM","United States","California","Stevenson Ranch",91381,"34.364153","-118.615583"
"5889-JTMUL","United States","California","Castaic",91384,"34.506627","-118.699048"
"9026-RNUJS","United States","California","Van Nuys",91401,"34.178483","-118.431791"
"3746-EUBYR","United States","California","Panorama City",91402,"34.223768","-118.445461"
"2332-EFBJY","United States","California","Sherman Oaks",91403,"34.147149","-118.463365"
"9474-PHLYD","United States","California","Sherman Oaks",91423,"34.146957","-118.432138"
"2165-VOEGB","United States","California","Burbank",91501,"34.188339","-118.300942"
"2219-MVUSO","United States","California","North Hollywood",91601,"34.169200","-118.372498"
"8914-RBTSB","United States","California","Valley Village",91607,"34.165783","-118.399795"
"0963-ZBDRN","United States","California","Claremont",91711,"34.127621","-117.717863"
"7594-RQHXR","United States","California","Covina",91722,"34.097345","-117.906736"
"6331-EWIEB","United States","California","El Monte",91731,"34.079934","-118.046695"
"5998-VVEJY","United States","California","Glendora",91741,"34.146490","-117.849815"
"1624-NALOJ","United States","California","La Puente",91744,"34.031441","-117.936436"
"4317-VTEOA","United States","California","Rowland Heights",91748,"33.976753","-117.897367"
"1670-SVOWZ","United States","California","Mira Loma",91752,"33.999992","-117.535395"
"7541-YLXCL","United States","California","Pomona",91767,"34.083086","-117.737997"
"0260-ZDLGK","United States","California","San Dimas",91773,"34.102119","-117.815532"
"8722-NGNBH","United States","California","Walnut",91789,"34.018354","-117.854920"
"6210-KBBPI","United States","California","West Covina",91790,"34.066964","-117.937007"
"0133-BMFZO","United States","California","Alhambra",91803,"34.074736","-118.145959"
"6128-CZOMY","United States","California","Alpine",91901,"32.827184","-116.703729"
"9540-JYROE","United States","California","Bonita",91902,"32.671170","-117.002320"
"2260-USTRB","United States","California","Campo",91906,"32.673483","-116.472863"
"3656-TKRVZ","United States","California","Chula Vista",91910,"32.636792","-117.054989"
"8623-TMRBY","United States","California","Chula Vista",91915,"32.605012","-116.975950"
"1501-SGHBW","United States","California","Guatay",91931,"32.857946","-116.561917"
"3208-YPIOE","United States","California","La Mesa",91942,"32.782501","-117.016110"
"2612-RANWT","United States","California","Mount Laguna",91948,"32.830852","-116.444601"
"6900-PXRMS","United States","California","Spring Valley",91978,"32.730264","-116.950963"
"3346-BRMIS","United States","California","Bonsall",92003,"33.290907","-117.202895"
"2933-FILNV","United States","California","Carlsbad",92009,"33.098018","-117.258203"
"9986-BONCE","United States","California","Fallbrook",92028,"33.362575","-117.299644"
"2722-JMONI","United States","California","Escondido",92029,"33.079834","-117.134275"
"4083-EUGRJ","United States","California","Oceanside",92057,"33.254497","-117.285879"
"7579-OOPEC","United States","California","Pala",92059,"33.384345","-117.072619"
"1771-OADNZ","United States","California","Pauma Valley",92061,"33.313828","-116.940501"
"0612-RTZZA","United States","California","Vista",92084,"33.227840","-117.200024"
"6410-LEFEN","United States","California","San Diego",92108,"32.774046","-117.142454"
"3194-ORPIK","United States","California","San Diego",92113,"32.697098","-117.116587"
"8816-VXNZD","United States","California","Coronado",92118,"32.686740","-117.186612"
"9378-FXTIZ","United States","California","San Diego",92119,"32.802959","-117.027095"
"1723-HKXJQ","United States","California","San Diego",92120,"32.807867","-117.060993"
"7825-GKXMW","United States","California","San Diego",92121,"32.898613","-117.202937"
"1240-KNSEZ","United States","California","San Diego",92127,"33.017518","-117.118456"
"0836-SEYLU","United States","California","San Diego",92128,"33.000269","-117.072093"
"4433-JCGCG","United States","California","San Diego",92129,"32.961064","-117.134917"
"3716-BDVDB","United States","California","San Diego",92130,"32.957195","-117.202542"
"5899-MQZZL","United States","California","San Ysidro",92173,"32.555828","-117.040073"
"6849-OYAMU","United States","California","Indio",92201,"33.713891","-116.237257"
"9488-HGMJH","United States","California","Indian Wells",92210,"33.537646","-116.291089"
"6038-GCYEC","United States","California","Palm Desert",92211,"33.762759","-116.324817"
"1150-WFARN","United States","California","Brawley",92227,"33.039330","-115.191857"
"3144-AUDBS","United States","California","Calexico",92231,"32.690654","-115.431225"
"5616-PRTNT","United States","California","Desert Center",92239,"33.889605","-115.257009"
"4818-QIUFN","United States","California","Desert Hot Springs",92241,"33.832799","-116.250973"
"6961-VCPMC","United States","California","North Palm Springs",92258,"33.906496","-116.569499"
"6688-UZPWD","United States","California","Palm Springs",92262,"33.839989","-116.659215"
"2839-RFSQE","United States","California","Rancho Mirage",92270,"33.763678","-116.429928"
"0968-GSIKN","United States","California","Thousand Palms",92276,"33.849263","-116.382778"
"1965-DDBWU","United States","California","Twentynine Palms",92277,"34.172110","-115.769773"
"9057-SIHCH","United States","California","Twentynine Palms",92278,"34.457829","-116.139589"
"6771-XWBDM","United States","California","White Water",92282,"33.972293","-116.654195"
"8601-QACRS","United States","California","Apple Valley",92307,"34.550820","-117.122396"
"2391-SOORI","United States","California","Big Bear City",92314,"34.278967","-116.773825"
"2645-QTLMB","United States","California","Bloomington",92316,"34.059722","-117.391040"
"4806-HIPDW","United States","California","Calimesa",92320,"33.982787","-117.057627"
"4424-TKOPW","United States","California","Crestline",92325,"34.248061","-117.290280"
"8443-ZRDBZ","United States","California","Fontana",92336,"34.136367","-117.460803"
"9136-ALYBR","United States","California","Fontana",92337,"34.049671","-117.468896"
"7479-NITWS","United States","California","Green Valley Lake",92341,"34.244411","-117.072654"
"2959-MJHIC","United States","California","Hinkley",92347,"34.983808","-117.239306"
"4201-JMNGR","United States","California","Lucerne Valley",92356,"34.508417","-116.856103"
"5960-WPXQM","United States","California","Newberry Springs",92365,"34.893260","-116.505958"
"0684-AOSIH","United States","California","Oro Grande",92368,"34.647959","-117.296957"
"8260-NGFNY","United States","California","Phelan",92371,"34.441123","-117.537886"
"1866-RZZQS","United States","California","Redlands",92373,"34.003243","-117.138286"
"8631-NBHFZ","United States","California","Running Springs",92382,"34.186211","-117.076830"
"4958-XCBDQ","United States","California","Victorville",92394,"34.567058","-117.362329"
"8337-UPOAQ","United States","California","Wrightwood",92397,"34.358321","-117.618263"
"1725-IQNIY","United States","California","San Bernardino",92401,"34.105935","-117.291400"
"6598-RFFVI","United States","California","San Bernardino",92405,"34.142747","-117.300864"
"6712-OAWRH","United States","California","San Bernardino",92408,"34.084909","-117.258107"
"8614-VGMMV","United States","California","Riverside",92503,"33.890046","-117.455583"
"2930-UOTMB","United States","California","Riverside",92506,"33.930931","-117.361788"
"5914-DVBWJ","United States","California","Riverside",92508,"33.885499","-117.324959"
"2533-QVMSK","United States","California","March Air Reserve Base",92518,"33.888323","-117.277533"
"8644-XLFBW","United States","California","Lake Elsinore",92532,"33.705836","-117.318204"
"8625-AZYZY","United States","California","Anza",92539,"33.527605","-116.666551"
"9306-CPCBC","United States","California","Moreno Valley",92555,"33.907361","-117.109972"
"1833-VGRUM","United States","California","Perris",92570,"33.787298","-117.320676"
"8374-XGEJJ","United States","California","Temecula",92590,"33.475493","-117.219551"
"2656-TABEH","United States","California","Temecula",92591,"33.540604","-117.109090"
"6946-LMSQS","United States","California","Temecula",92592,"33.507255","-117.029473"
"2325-ZUSFD","United States","California","Irvine",92602,"33.720359","-117.733655"
"3932-CMDTD","United States","California","Foothill Ranch",92610,"33.698728","-117.677680"
"4039-HEUNW","United States","California","Irvine",92620,"33.716136","-117.752574"
"0812-WUPTB","United States","California","Corona Del Mar",92625,"33.600987","-117.862734"
"3594-UVONA","United States","California","Costa Mesa",92626,"33.678591","-117.905471"
"0004-TLHLJ","United States","California","Costa Mesa",92627,"33.645672","-117.922613"
"5089-IFSDP","United States","California","Huntington Beach",92647,"33.723579","-118.005441"
"4817-VYYWS","United States","California","Silverado",92676,"33.782346","-117.635263"
"1396-QWFBJ","United States","California","Rancho Santa Margarita",92688,"33.624654","-117.611733"
"5299-SJCZT","United States","California","Ladera Ranch",92694,"33.569186","-117.640055"
"2403-BCASL","United States","California","Santa Ana",92705,"33.766004","-117.786763"
"2898-LSJGD","United States","California","Santa Ana",92707,"33.714829","-117.872941"
"7359-PTSXY","United States","California","Tustin",92780,"33.735802","-117.818805"
"4503-BDXBD","United States","California","Anaheim",92808,"33.850452","-117.726668"
"6086-ESGRL","United States","California","Brea",92821,"33.930199","-117.862898"
"3886-CERTZ","United States","California","Fullerton",92831,"33.879983","-117.895482"
"5759-RCVCB","United States","California","Orange",92869,"33.792791","-117.789749"
"6372-RFVNS","United States","California","Placentia",92870,"33.881158","-117.854783"
"8938-UMKPI","United States","California","Corona",92882,"33.819385","-117.600213"
"0991-BRRFB","United States","California","Corona",92883,"33.762351","-117.488725"
"3871-IKPYH","United States","California","Camarillo",93010,"34.227846","-119.079903"
"6319-IEJWJ","United States","California","Camarillo",93012,"34.205504","-118.993111"
"9025-AOMKI","United States","California","Carpinteria",93013,"34.441398","-119.513163"
"5275-SQEIZ","United States","California","Ojai",93023,"34.581308","-118.931948"
"7716-YTYHG","United States","California","Oxnard",93030,"34.223244","-119.180120"
"3677-TNKIO","United States","California","Templeton",93465,"35.536115","-120.739231"
"4390-KYULV","United States","California","Piru",93040,"34.432843","-118.730106"
"1304-NECVQ","United States","California","Somis",93066,"34.297628","-119.014627"
"8945-GRKHX","United States","California","Santa Barbara",93110,"34.437945","-119.771910"
"6959-UWKHF","United States","California","Alpaugh",93201,"35.869626","-119.498771"
"3815-SLMEF","United States","California","Avenal",93204,"35.916943","-120.129921"
"5154-VEKBL","United States","California","Bodfish",93205,"35.523991","-118.400432"
"5655-JSMZM","United States","California","Coalinga",93210,"36.186867","-120.387793"
"4505-EXZHB","United States","California","Ducor",93218,"35.846067","-119.004073"
"4587-VVTOX","United States","California","Frazier Park",93222,"34.907911","-119.234281"
"4652-NNHNY","United States","California","Fellows",93224,"35.215731","-119.570130"
"8972-HJWNV","United States","California","Huron",93234,"36.217864","-120.080117"
"8515-OCTJS","United States","California","Lemoore",93245,"36.303666","-119.825657"
"2860-RANUS","United States","California","Mc Kittrick",93251,"35.383810","-119.730885"
"5261-QSHQM","United States","California","Maricopa",93252,"34.737031","-119.460557"
"8868-WOZGU","United States","California","Porterville",93257,"36.008958","-118.891593"
"1334-FJSVR","United States","California","Sequoia National Park",93262,"36.527243","-118.594938"
"7625-XCQRH","United States","California","Strathmore",93267,"36.141319","-119.129075"
"1731-TVIUK","United States","California","Tipton",93272,"36.047414","-119.344304"
"0406-BPDVR","United States","California","Visalia",93277,"36.303793","-119.375646"
"0618-XWMSS","United States","California","Wasco",93280,"35.652242","-119.446400"
"5276-KQWHG","United States","California","Woody",93287,"35.710244","-118.881679"
"2565-JSLRY","United States","California","Bakersfield",93306,"35.449881","-118.841442"
"6689-KXGBO","United States","California","San Luis Obispo",93401,"35.233745","-120.626442"
"6615-NGGZJ","United States","California","Buellton",93427,"34.631362","-120.238218"
"4255-DDUOU","United States","California","Casmalia",93429,"34.866032","-120.536546"
"2984-MIIZL","United States","California","Guadalupe",93434,"34.936000","-120.594655"
"5590-YRFJT","United States","California","Lompoc",93437,"34.757477","-120.550507"
"9667-EQRXU","United States","California","Boron",93516,"34.957030","-117.730450"
"3329-WDIOK","United States","California","Edwards",93523,"34.966777","-117.961179"
"2873-ZLIWT","United States","California","Inyokern",93527,"36.041315","-118.188235"
"3415-TAILE","United States","California","Johannesburg",93528,"35.363339","-117.637641"
"1915-IOFGU","United States","California","Keene",93531,"35.214982","-118.590490"
"3045-XETSH","United States","California","Lake Hughes",93532,"34.659579","-118.584212"
"7239-HZZCX","United States","California","Lancaster",93535,"34.712708","-117.889656"
"7683-CBDKJ","United States","California","Palmdale",93550,"34.536232","-118.082935"
"0946-CLJTI","United States","California","Palmdale",93551,"34.613476","-118.256358"
"0628-CNQRM","United States","California","Ridgecrest",93555,"35.603913","-117.678280"
"7665-TOALD","United States","California","Trona",93562,"35.748370","-117.384948"
"0112-QWPNC","United States","California","Valyermo",93563,"34.395830","-117.734568"
"0324-BRPCJ","United States","California","Palmdale",93591,"34.598221","-117.795930"
"2777-PHDEI","United States","California","Ahwahnee",93601,"37.375816","-119.739935"
"1196-AMORA","United States","California","Big Creek",93605,"37.172770","-119.299700"
"4282-YMKNA","United States","California","Biola",93606,"36.798882","-120.019511"
"5356-RHIPP","United States","California","Dinuba",93618,"36.523619","-119.386868"
"9189-JWSHV","United States","California","Helm",93627,"36.520537","-120.118055"
"0746-JTRFU","United States","California","Kingsburg",93631,"36.478239","-119.521370"
"0576-WNXXC","United States","California","Parlier",93648,"36.622237","-119.521126"
"4628-CTTLA","United States","California","Sanger",93657,"36.819628","-119.440414"
"2876-VBBBL","United States","California","Shaver Lake",93664,"37.223000","-119.001021"
"6834-NXDCA","United States","California","South Dos Palos",93665,"36.959731","-120.653519"
"5597-GLBUC","United States","California","Squaw Valley",93675,"36.719141","-119.202677"
"2748-MYRVK","United States","California","Fresno",93702,"36.739385","-119.753649"
"4822-YCXMX","United States","California","Fresno",93705,"36.787240","-119.827813"
"9821-POOTN","United States","California","Fresno",93711,"36.833002","-119.829470"
"6559-ILWKJ","United States","California","Fresno",93722,"36.789790","-119.929894"
"4229-CZMLL","United States","California","Salinas",93901,"36.641520","-121.622188"
"3663-MITLP","United States","California","Marina",93933,"36.689582","-121.758398"
"9025-ZRPVR","United States","California","Pacific Grove",93950,"36.618337","-121.926417"
"3285-UCQVC","United States","California","Seaside",93955,"36.625114","-121.823565"
"5482-PLVPE","United States","California","Daly City",94014,"37.691561","-122.445202"
"4902-OHLSK","United States","California","Half Moon Bay",94019,"37.455670","-122.407992"
"0495-ZBNGW","United States","California","Loma Mar",94021,"37.266388","-122.263080"
"2357-COQEK","United States","California","Atherton",94027,"37.454924","-122.203168"
"3737-GCSPV","United States","California","Millbrae",94030,"37.601248","-122.403099"
"4088-YLDSU","United States","California","Redwood City",94062,"37.410567","-122.297152"
"2034-CGRHZ","United States","California","San Francisco",94104,"37.791222","-122.402241"
"5797-APWZC","United States","California","San Francisco",94105,"37.789168","-122.395009"
"3683-QKIUE","United States","California","San Francisco",94107,"37.768881","-122.395521"
"4228-ZGYUW","United States","California","San Francisco",94108,"37.791998","-122.408653"
"3519-ZKXGG","United States","California","San Francisco",94123,"37.800254","-122.436975"
"6416-TVAIH","United States","California","San Francisco",94127,"37.736535","-122.457320"
"5108-ADXWO","United States","California","San Francisco",94130,"37.820894","-122.369725"
"3066-RRJIO","United States","California","San Francisco",94132,"37.722302","-122.491129"
"6715-OFDBP","United States","California","Palo Alto",94304,"37.386978","-122.177746"
"1567-DSCIC","United States","California","San Mateo",94401,"37.590421","-122.306467"
"2150-UWTFY","United States","California","San Mateo",94402,"37.556634","-122.317723"
"2683-BPJSO","United States","California","Byron",94514,"37.833230","-121.601461"
"2157-MXBJS","United States","California","Calistoga",94515,"38.629618","-122.593216"
"9360-AHGNL","United States","California","Concord",94519,"37.990118","-122.012188"
"1087-UDSIH","United States","California","Concord",94520,"38.013825","-122.039144"
"5485-WUYWF","United States","California","Crockett",94525,"38.049292","-122.228415"
"2632-UCGVD","United States","California","Fairfield",94533,"38.287136","-122.027110"
"5445-PZWGX","United States","California","Travis Afb",94535,"38.265899","-121.939461"
"9170-CCKOU","United States","California","Fremont",94539,"37.516791","-121.899117"
"1043-YCUTE","United States","California","Hayward",94544,"37.639215","-122.037554"
"3814-MLAXC","United States","California","Hayward",94545,"37.629840","-122.120843"
"1226-UDFZR","United States","California","Lafayette",94549,"37.907777","-122.127161"
"6425-YQLLO","United States","California","Pinole",94564,"37.996462","-122.293716"
"5442-UTCVD","United States","California","Pittsburg",94565,"38.006047","-121.916834"
"7734-DBOAI","United States","California","Pope Valley",94567,"38.672708","-122.403219"
"2091-RFFBA","United States","California","Port Costa",94569,"38.035707","-122.196821"
"2114-MGINA","United States","California","Rio Vista",94571,"38.148862","-121.737696"
"4489-SNOJF","United States","California","Deer Park",94576,"38.554383","-122.474773"
"6899-PPEEA","United States","California","Vallejo",94590,"38.104705","-122.247387"
"2187-LZGPL","United States","California","Walnut Creek",94596,"37.900662","-122.052782"
"4597-NUCQV","United States","California","Oakland",94601,"37.776523","-122.219268"
"9019-QVLZD","United States","California","Oakland",94602,"37.803883","-122.208417"
"3707-LRWZD","United States","California","Oakland",94611,"37.828416","-122.216005"
"1455-ESIQH","United States","California","Oakland",94619,"37.787186","-122.146330"
"2979-SXESE","United States","California","Berkeley",94703,"37.863843","-122.275684"
"4013-TLDHQ","United States","California","Berkeley",94704,"37.871416","-122.246597"
"3754-DXMRT","United States","California","San Pablo",94806,"37.980269","-122.342635"
"7130-VTEWQ","United States","California","San Rafael",94903,"38.018065","-122.546024"
"6121-VZNQB","United States","California","Bolinas",94924,"37.943087","-122.723790"
"7903-CMPEY","United States","California","Corte Madera",94925,"37.924014","-122.511694"
"6996-KNSML","United States","California","Cotati",94931,"38.326215","-122.718742"
"1704-NRWYE","United States","California","Point Reyes Station",94956,"38.060264","-122.830646"
"2592-SEIFQ","United States","California","San Anselmo",94960,"37.992720","-122.575026"
"7481-ATQQS","United States","California","Boulder Creek",95006,"37.171727","-122.142961"
"8642-GVWRF","United States","California","Capitola",95010,"36.977025","-121.952864"
"3400-ESFUW","United States","California","Cupertino",95014,"37.306612","-122.080621"
"2057-ZBLPD","United States","California","Los Gatos",95032,"37.233034","-121.947427"
"5502-RLUYV","United States","California","Milpitas",95035,"37.441931","-121.878502"
"0023-HGHWL","United States","California","Morgan Hill",95037,"37.161544","-121.649371"
"9039-RBEEE","United States","California","Santa Clara",95050,"37.351214","-121.952417"
"8417-FMLZI","United States","California","Santa Cruz",95060,"36.993451","-122.098858"
"1792-UXAFY","United States","California","San Jose",95110,"37.346670","-121.910019"
"0515-YPMCW","United States","California","San Jose",95116,"37.350284","-121.852855"
"0378-XSZPU","United States","California","San Jose",95117,"37.311088","-121.961786"
"4729-XKASR","United States","California","San Jose",95123,"37.238758","-121.828375"
"5449-FIBXJ","United States","California","San Jose",95127,"37.375156","-121.795867"
"9837-BMCLM","United States","California","Stockton",95202,"37.959706","-121.287669"
"0137-UDEUO","United States","California","Stockton",95204,"37.974498","-121.319568"
"6161-UUUTA","United States","California","Stockton",95206,"37.902422","-121.440029"
"6543-XRMYR","United States","California","Stockton",95209,"38.044523","-121.348048"
"4925-LMHOK","United States","California","Stockton",95212,"38.049457","-121.216530"
"1455-UGQVH","United States","California","Acampo",95220,"38.200231","-121.235034"
"8280-MQRQN","United States","California","Arnold",95223,"38.321530","-120.236358"
"2037-SGXHH","United States","California","Campo Seco",95226,"38.233879","-120.861666"
"3178-FESZO","United States","California","Clements",95227,"38.227285","-121.027890"
"6087-MVHJH","United States","California","French Camp",95231,"37.873283","-121.292034"
"4603-JANFB","United States","California","Glencoe",95232,"38.358464","-120.579304"
"3018-TFTSU","United States","California","Hathaway Pines",95233,"38.184914","-120.364085"
"4806-KEXQR","United States","California","Lockeford",95237,"38.166791","-121.142070"
"7083-YNSKY","United States","California","Lodi",95242,"38.128087","-121.407800"
"2479-BRAMR","United States","California","Murphys",95247,"38.147852","-120.440124"
"7434-SHXLS","United States","California","Wallace",95254,"38.192608","-120.957842"
"7908-QCBCA","United States","California","Atwater",95301,"37.321233","-120.656354"
"6686-YPGHK","United States","California","Long Beach",90808,"33.823943","-118.111335"
"6711-FLDFB","United States","California","Big Oak Flat",95305,"37.818589","-120.256995"
"3714-JTVOV","United States","California","Crows Landing",95313,"37.435664","-121.049056"
"4702-IOQDC","United States","California","Gustine",95322,"37.147198","-121.120161"
"6178-KFNHS","United States","California","Hughson",95326,"37.592300","-120.853288"
"1264-BYWMS","United States","California","La Grange",95329,"37.666587","-120.411517"
"9658-WYUFB","United States","California","Lathrop",95330,"37.808210","-121.308401"
"2013-SGDXK","United States","California","Mariposa",95338,"37.526791","-119.994370"
"8580-QVLOC","United States","California","Merced",95348,"37.401220","-120.514191"
"2012-NWRPA","United States","California","Modesto",95355,"37.672906","-120.946594"
"8808-ELEHO","United States","California","Modesto",95356,"37.716186","-121.025836"
"3506-LCJDC","United States","California","Modesto",95358,"37.612612","-121.108568"
"3934-HXCFZ","United States","California","Pinecrest",95364,"38.224869","-119.755729"
"7666-WKRON","United States","California","Riverbank",95367,"37.734971","-120.954271"
"4910-AQFFX","United States","California","Soulsbyville",95372,"37.990574","-120.261821"
"2154-KVJFF","United States","California","Stevinson",95374,"37.316807","-120.855753"
"9647-ERGBE","United States","California","Turlock",95380,"37.474396","-120.875917"
"3428-XZMAZ","United States","California","Turlock",95382,"37.529656","-120.854357"
"0378-TOVMS","United States","California","Vernalis",95385,"37.609095","-121.263381"
"4355-HBJHH","United States","California","Waterford",95386,"37.669516","-120.626964"
"9058-CBREO","United States","California","Winton",95388,"37.421299","-120.599587"
"0318-QUUOB","United States","California","Santa Rosa",95403,"38.488431","-122.752839"
"5520-FVEWJ","United States","California","Santa Rosa",95405,"38.439696","-122.668817"
"5572-ZDXHY","United States","California","Santa Rosa",95409,"38.468893","-122.580539"
"3750-CKVKH","United States","California","Clearlake Oaks",95423,"39.071160","-122.598542"
"8063-GBATB","United States","California","Cobb",95426,"38.838088","-122.732030"
"4547-KQRTM","United States","California","Eldridge",95431,"38.348884","-122.516990"
"4877-EVATK","United States","California","Elk",95432,"39.108252","-123.645121"
"7639-SUPCW","United States","California","Glen Ellen",95442,"38.368744","-122.522642"
"1069-XAIEM","United States","California","Mendocino",95460,"39.305545","-123.743697"
"4658-HCOHW","United States","California","Redwood Valley",95470,"39.298065","-123.252110"
"3440-JPSCL","United States","California","Sonoma",95476,"38.254850","-122.461799"
"2889-FPWRM","United States","California","Mckinleyville",95519,"40.965011","-124.015255"
"6987-XQSJT","United States","California","Blue Lake",95525,"40.943380","-123.831799"
"4290-BSXUX","United States","California","Fields Landing",95537,"40.726949","-124.217378"
"0325-XBFAC","United States","California","Hoopa",95546,"41.163637","-123.704841"
"2462-XIIJB","United States","California","Miranda",95553,"40.210895","-123.860000"
"4760-XOHVN","United States","California","Myers Flat",95554,"40.267158","-123.805913"
"7817-BOQPW","United States","California","Rio Dell",95562,"40.485849","-124.163234"
"1853-UDXBW","United States","California","Samoa",95564,"40.809636","-124.189977"
"5458-CQJTA","United States","California","Smith River",95567,"41.950683","-124.097094"
"5219-YIPTK","United States","California","Trinidad",95570,"41.162295","-124.027381"
"3540-RZJYU","United States","California","Zenia",95595,"40.170357","-123.417298"
"2091-MJTFX","United States","California","Auburn",95602,"38.990030","-121.114408"
"0883-EIBTI","United States","California","Clarksburg",95612,"38.384648","-121.578701"
"0722-TROQR","United States","California","Davis",95616,"38.508735","-121.678813"
"7571-YXDAD","United States","California","Davis",95618,"38.544002","-121.685559"
"3393-FMZPV","United States","California","Elverta",95626,"38.734997","-121.463719"
"6402-ZFPPI","United States","California","Fair Oaks",95628,"38.652065","-121.254410"
"7486-KSRVI","United States","California","Folsom",95630,"38.672638","-121.147403"
"8443-WVPSS","United States","California","Galt",95632,"38.274451","-121.259201"
"3006-XIMLN","United States","California","Garden Valley",95633,"38.852544","-120.837669"
"9965-YOKZB","United States","California","Grizzly Flats",95636,"38.636102","-120.522149"
"0504-HHAPI","United States","California","Guinda",95637,"38.830739","-122.196202"
"6305-YLBMM","United States","California","Hood",95639,"38.375325","-121.507935"
"3647-GMGDH","United States","California","Jackson",95642,"38.336216","-120.769010"
"3791-LGQCY","United States","California","Loomis",95650,"38.809175","-121.171375"
"8166-ZZTFS","United States","California","Roseville",95661,"38.736685","-121.251984"
"2956-GGUCQ","United States","California","Pioneer",95666,"38.546999","-120.271114"
"6595-COKXZ","United States","California","Plymouth",95669,"38.489273","-120.891614"
"0362-ZBZWJ","United States","California","Thornton",95686,"38.157794","-121.520223"
"4211-MMAZN","United States","California","Vacaville",95688,"38.419088","-122.024568"
"4274-OWWYO","United States","California","Walnut Grove",95690,"38.240419","-121.587535"
"1541-ETJZO","United States","California","Wheatland",95692,"39.043387","-121.409837"
"4106-HADHQ","United States","California","Emigrant Gap",95715,"39.237540","-120.720196"
"2369-UAPKZ","United States","California","Meadow Vista",95722,"39.003358","-121.022539"
"2778-OCLGR","United States","California","Soda Springs",95728,"39.279068","-120.414275"
"0637-KVDLV","United States","California","Elk Grove",95758,"38.353630","-121.441950"
"6633-MPWBS","United States","California","Woodland",95776,"38.694081","-121.694431"
"8785-EPNCG","United States","California","Sacramento",95815,"38.608405","-121.449942"
"5729-KLZAR","United States","California","Sacramento",95817,"38.550722","-121.457314"
"1582-RAFML","United States","California","Sacramento",95821,"38.625096","-121.383658"
"8740-CRYFY","United States","California","Sacramento",95823,"38.475465","-121.443625"
"2962-XPMCQ","United States","California","Sacramento",95828,"38.486938","-121.395805"
"1678-FYZOW","United States","California","Sacramento",95835,"38.685069","-121.543709"
"8627-EHGIP","United States","California","Sacramento",95838,"38.646096","-121.442433"
"5480-TBGPH","United States","California","Sacramento",95842,"38.687367","-121.348480"
"8854-CCVSQ","United States","California","Browns Valley",95918,"39.292334","-121.320597"
"0511-JTEOY","United States","California","Canyon Dam",95923,"40.171312","-121.120605"
"7067-KSAZT","United States","California","Chico",95928,"39.681488","-121.837210"
"6532-YLWSI","United States","California","Crescent Mills",95934,"40.080342","-120.957805"
"9300-AGZNL","United States","California","Elk Creek",95939,"39.532220","-122.594879"
"1112-CUNAO","United States","California","Grimes",95950,"39.033058","-121.895718"
"5175-AOBHI","United States","California","Hamilton City",95951,"39.732767","-122.042298"
"5174-RNGBH","United States","California","Live Oak",95953,"39.258746","-121.776970"
"7270-BDIOA","United States","California","Maxwell",95955,"39.281194","-122.226568"
"9565-JSNFM","United States","California","Meadow Valley",95956,"39.937017","-121.058043"
"0607-DAAHE","United States","California","Olivehurst",95961,"39.082568","-121.553250"
"9732-KPKBW","United States","California","Oroville",95966,"39.473896","-121.415927"
"3389-YGYAI","United States","California","Princeton",95970,"39.424957","-122.039307"
"9560-ARGQJ","United States","California","Quincy",95971,"39.971228","-121.041166"
"5134-IKDAY","United States","California","Twain",95984,"40.022184","-121.062384"
"3070-DVEYC","United States","California","Williams",95987,"39.117537","-122.284654"
"5707-ORNDZ","United States","California","Yuba City",95993,"39.075694","-121.706060"
"8696-JKZNU","United States","California","Anderson",96007,"40.448632","-122.306657"
"5380-AFSSK","United States","California","Bella Vista",96008,"40.722733","-122.109666"
"2055-PDADH","United States","California","Big Bend",96011,"41.096569","-121.879082"
"8714-EUHJO","United States","California","Castella",96017,"41.121108","-122.336613"
"3721-CNEYS","United States","California","Douglas City",96024,"40.586588","-122.903677"
"2568-OIADY","United States","California","Fort Jones",96032,"41.583700","-122.935922"
"1193-RTSLK","United States","California","Happy Camp",96039,"41.831901","-123.487478"
"2302-ANTDP","United States","California","Hat Creek",96040,"40.789799","-121.474529"
"5923-GXUOC","United States","California","Hayfork",96041,"40.547857","-123.187265"
"5233-GEEAX","United States","California","Lewiston",96052,"40.704293","-122.803899"
"4432-ADRLB","United States","California","Montague",96064,"41.759864","-122.379175"
"8993-PHFWD","United States","California","Old Station",96071,"40.656287","-121.428965"
"1565-RHDJD","United States","California","Palo Cedro",96073,"40.582399","-122.195512"
"7137-RYLPP","United States","California","Paskenta",96074,"39.884395","-122.587513"
"3765-JXVKY","United States","California","Paynes Creek",96075,"40.343213","-121.815412"
"7330-WZLNC","United States","California","Red Bluff",96080,"40.186772","-122.388361"
"3957-LXOLK","United States","California","Shingletown",96088,"40.497441","-121.827524"
"6635-MYYYZ","United States","California","Trinity Center",96091,"41.081847","-122.700545"
"5281-BUZGT","United States","California","Weaverville",96093,"40.759401","-122.939337"
"5378-IKEEG","United States","California","Eagleville",96110,"41.280341","-120.150381"
"2718-GAXQD","United States","California","Lake City",96115,"41.729079","-120.225025"
"6413-XKKPU","United States","California","Sierra City",96125,"39.600599","-120.636358"
"1449-XQEMT","United States","California","Susanville",96130,"40.559177","-120.612113"
"2626-URJFX","United States","California","Termo",96132,"41.027281","-120.669427"
"2612-RRIDN","United States","California","Westwood",96137,"40.271535","-121.018087"
"4735-ASGMA","United States","California","Carnelian Bay",96140,"39.227434","-120.091806"
"3669-LVWZB","United States","California","Tahoma",96142,"39.061227","-120.179546"
"6892-EZDTG","United States","California","Kings Beach",96143,"39.246654","-120.029273"
"9725-SCPZG","United States","California","South Lake Tahoe",96150,"38.911577","-120.106169"
"5884-GCYMI","United States","California","Truckee",96161,"39.342498","-120.247127"
"3217-FZDMN","United States","California","Los Angeles",90001,"33.973616","-118.249020"
"7853-GVUDZ","United States","California","Los Angeles",90004,"34.076259","-118.310715"
"7480-QNVZJ","United States","California","Los Angeles",90005,"34.059281","-118.307420"
"3943-KDREE","United States","California","Los Angeles",90010,"34.062125","-118.315709"
"9239-ZBZZV","United States","California","Los Angeles",90011,"34.007090","-118.258681"
"4398-HSCJH","United States","California","Los Angeles",90013,"34.044639","-118.240413"
"4430-UZIPO","United States","California","Los Angeles",90020,"34.066367","-118.309868"
"4855-SNKMY","United States","California","Los Angeles",90024,"34.066303","-118.435479"
"8008-HAWED","United States","California","Los Angeles",90027,"34.127194","-118.295647"
"7124-UGSUR","United States","California","Los Angeles",90028,"34.099869","-118.326843"
"1862-SKORY","United States","California","Los Angeles",90029,"34.089953","-118.294824"
"1502-XFCVR","United States","California","Los Angeles",90038,"34.088017","-118.327168"
"9692-TUSXH","United States","California","Los Angeles",90041,"34.137412","-118.207607"
"7912-SYRQT","United States","California","Los Angeles",90042,"34.115720","-118.192754"
"4816-JBHOV","United States","California","Los Angeles",90044,"33.952714","-118.292061"
"8292-TYSPY","United States","California","Los Angeles",90048,"34.072945","-118.372670"
"7623-TRNQN","United States","California","Jackson",95642,"38.336216","-120.769010"
"1867-BDVFH","United States","California","Los Angeles",90056,"33.987945","-118.370442"
"2359-QWQUL","United States","California","Los Angeles",90058,"34.001617","-118.222274"
"9103-TCIHJ","United States","California","Los Angeles",90059,"33.927254","-118.249826"
"4140-WJAWW","United States","California","Los Angeles",90071,"34.052917","-118.255178"
"6653-CBBOM","United States","California","Compton",90221,"33.885811","-118.206459"
"3247-ZVOUO","United States","California","Downey",90240,"33.956228","-118.120993"
"6101-IMRMM","United States","California","El Segundo",90245,"33.917145","-118.401554"
"1268-ASBGA","United States","California","Huntington Park",90255,"33.978030","-118.217141"
"8943-URTMR","United States","California","Lawndale",90260,"33.888560","-118.351813"
"4713-LZDRV","United States","California","Malibu",90263,"34.037037","-118.705803"
"4325-NFSKC","United States","California","Pacific Palisades",90272,"34.079449","-118.548306"
"2955-PSXOE","United States","California","Topanga",90290,"34.115192","-118.610170"
"7762-URZQH","United States","California","Venice",90291,"33.991782","-118.479229"
"6907-NZZIJ","United States","California","Santa Monica",90402,"34.035849","-118.503508"
"2911-UREFD","United States","California","Santa Monica",90405,"34.005439","-118.477507"
"3744-ZRRDZ","United States","California","Torrance",90501,"33.833699","-118.314387"
"5673-TIYIB","United States","California","Torrance",90502,"33.833181","-118.292062"
"1602-IJQQE","United States","California","Whittier",90602,"33.972119","-118.020188"
"4628-WQCQQ","United States","California","Whittier",90603,"33.945318","-117.992066"
"1644-IRKSF","United States","California","La Palma",90623,"33.850504","-118.039892"
"3705-PSNGL","United States","California","Cerritos",90703,"33.868100","-118.067402"
"6502-HCJTI","United States","California","Lakewood",90712,"33.840524","-118.148403"
"2606-RMDHZ","United States","California","Lakewood",90713,"33.847755","-118.112532"
"8258-GSTJK","United States","California","San Pedro",90732,"33.744119","-118.314480"
"6861-OKBCE","United States","California","Seal Beach",90740,"33.754620","-118.071128"
"9940-RHLFB","United States","California","Sunset Beach",90742,"33.719221","-118.073596"
"2995-UPRYS","United States","California","Long Beach",90802,"33.752524","-118.210737"
"1383-EZRWL","United States","California","Long Beach",90810,"33.819814","-118.222416"
"4759-TRPLW","United States","California","Long Beach",90822,"33.778436","-118.118648"
"8563-IIOXK","United States","California","Duarte",91010,"34.145695","-117.959820"
"8020-BWHYL","United States","California","Montrose",91020,"34.211200","-118.230625"
"2982-VPSGI","United States","California","South Pasadena",91030,"34.110444","-118.156957"
"8199-ZLLSA","United States","California","Tujunga",91042,"34.296574","-118.244839"
"4625-EWPTF","United States","California","Pasadena",91104,"34.165383","-118.123752"
"5980-NOPLP","United States","California","Pasadena",91105,"34.139460","-118.166649"
"6892-XPFPU","United States","California","Pasadena",91107,"34.159007","-118.087353"
"8010-EZLOU","United States","California","San Marino",91108,"34.122671","-118.112911"
"9874-QLCLH","United States","California","Northridge",91324,"34.238208","-118.550290"
"8062-YBDOE","United States","California","Canyon Country",91351,"34.422519","-118.420717"
"6000-APYLU","United States","California","Valencia",91355,"34.439870","-118.644609"
"0947-IDHRQ","United States","California","Woodland Hills",91367,"34.178068","-118.615714"
"3672-YITQD","United States","California","Castaic",91384,"34.506627","-118.699048"
"9048-JVYVF","United States","California","Panorama City",91402,"34.223768","-118.445461"
"8988-ECPJR","United States","California","Van Nuys",91411,"34.178470","-118.459472"
"3776-EKTKM","United States","California","Burbank",91501,"34.188339","-118.300942"
"1902-XBTFB","United States","California","North Hollywood",91605,"34.207295","-118.400022"
"0643-OKLRP","United States","California","Azusa",91702,"34.174493","-117.870680"
"9381-NDKME","United States","California","El Monte",91731,"34.079934","-118.046695"
"2794-XIMMO","United States","California","Rancho Cucamonga",91737,"34.245289","-117.642503"
"8382-SHQEH","United States","California","Rancho Cucamonga",91739,"34.133809","-117.523724"
"2983-ZANRP","United States","California","La Puente",91744,"34.031441","-117.936436"
"7845-URHJN","United States","California","Hacienda Heights",91745,"33.998471","-117.973758"
"3034-ZBEQN","United States","California","La Puente",91746,"34.038983","-117.991372"
"8327-LZKAS","United States","California","Pomona",91767,"34.083086","-117.737997"
"3714-NTNFO","United States","California","Los Angeles",90048,"34.072945","-118.372670"
"1075-BGWOH","United States","California","Rosemead",91770,"34.065108","-118.082791"
"0302-JOIVN","United States","California","San Gabriel",91775,"34.114772","-118.089431"
"5366-IJEQJ","United States","California","Alhambra",91801,"34.090925","-118.128164"
"1981-INRFU","United States","California","Boulevard",91905,"32.677097","-116.304991"
"4971-PUYQO","United States","California","Campo",91906,"32.673483","-116.472863"
"8485-GJCDN","United States","California","Chula Vista",91914,"32.688506","-116.938632"
"1527-SXDPN","United States","California","Imperial Beach",91932,"32.579134","-117.119009"
"6029-WTIPC","United States","California","Jacumba",91934,"32.649787","-116.223700"
"8634-CILSZ","United States","California","Jamul",91935,"32.695681","-116.798386"
"6682-QJDGB","United States","California","Borrego Springs",92004,"33.200369","-116.192313"
"8780-IXSTS","United States","California","Carlsbad",92008,"33.148116","-117.306043"
"9530-EHPOH","United States","California","El Cajon",92019,"32.785165","-116.862648"
"0345-HKJVM","United States","California","El Cajon",92021,"32.832706","-116.873258"
"3049-SOLAY","United States","California","Fallbrook",92028,"33.362575","-117.299644"
"3317-HRTNN","United States","California","Julian",92036,"32.980678","-116.262854"
"3235-ETOOB","United States","California","Lakeside",92040,"32.909873","-116.906774"
"8058-INTPH","United States","California","Oceanside",92056,"33.194742","-117.290320"
"5569-OUICF","United States","California","Santee",92071,"32.847336","-116.997605"
"8821-XNHVZ","United States","California","Solana Beach",92075,"33.001813","-117.263628"
"2082-OJVTK","United States","California","San Marcos",92078,"33.119028","-117.166036"
"5940-NFXKV","United States","California","Rancho Santa Fe",92091,"32.993560","-117.207121"
"8053-WWDRO","United States","California","San Diego",92105,"32.741859","-117.090353"
"9564-KCLHR","United States","California","San Diego",92106,"32.713460","-117.236378"
"2082-CEFLT","United States","California","San Diego",92109,"32.787836","-117.232376"
"1213-NGCUN","United States","California","San Diego",92111,"32.805518","-117.169052"
"5688-KZTSN","United States","California","San Diego",92121,"32.898613","-117.202937"
"2894-QOJRX","United States","California","San Diego",92124,"32.827238","-117.089287"
"5747-PMBSQ","United States","California","San Diego",92126,"32.886925","-117.152162"
"3143-JQEGI","United States","California","San Diego",92129,"32.961064","-117.134917"
"6386-SZZKH","United States","California","San Diego",92130,"32.957195","-117.202542"
"2982-IHMFT","United States","California","Indian Wells",92210,"33.537646","-116.291089"
"3521-SYVOR","United States","California","Palm Desert",92211,"33.762759","-116.324817"
"9526-JAWYF","United States","California","Blythe",92225,"33.674583","-114.716120"
"5649-VUKMC","United States","California","Coachella",92236,"33.680031","-116.171678"
"5143-EGQFK","United States","California","Imperial",92251,"32.858595","-115.662709"
"4919-IKATY","United States","California","Joshua Tree",92252,"34.167236","-116.281511"
"9050-QLROH","United States","California","Niland",92257,"33.345825","-115.596574"
"6168-WFVVF","United States","California","Palm Springs",92262,"33.839989","-116.659215"
"0877-SDMBN","United States","California","Parker Dam",92267,"34.273872","-114.192901"
"8065-YKXKD","United States","California","Seeley",92273,"32.790282","-115.689559"
"9637-EIHEQ","United States","California","Thermal",92274,"33.536040","-116.119222"
"9689-PTNPG","United States","California","Vidal",92280,"34.264124","-114.717964"
"9465-RWMXL","United States","California","Westmorland",92281,"33.036790","-115.605030"
"2362-IBOOY","United States","California","Winterhaven",92283,"32.852947","-114.850784"
"0843-WTBXE","United States","California","Landers",92285,"34.341737","-116.539416"
"5515-IDEJJ","United States","California","Angelus Oaks",92305,"34.167800","-116.864330"
"7450-NWRTR","United States","California","Apple Valley",92308,"34.424926","-117.184503"
"5376-DEQCP","United States","California","Barstow",92311,"34.965648","-117.001509"
"9095-HFAFX","United States","California","Big Bear City",92314,"34.278967","-116.773825"
"2379-ENZGV","United States","California","Bloomington",92316,"34.059722","-117.391040"
"6005-OBZPH","United States","California","Ludlow",92338,"34.702766","-116.093376"
"7932-WPTDS","United States","California","Green Valley Lake",92341,"34.244411","-117.072654"
"2722-VOJQL","United States","California","Highland",92346,"34.129677","-117.154277"
"5228-EXCET","United States","California","Newberry Springs",92365,"34.893260","-116.505958"
"7394-FKDNK","United States","California","Redlands",92374,"34.064073","-117.166158"
"6331-LWDTQ","United States","California","Rialto",92377,"34.156758","-117.404686"
"1597-FZREH","United States","California","Shoshone",92384,"35.924252","-116.188668"
"7000-WCEVQ","United States","California","Wrightwood",92397,"34.358321","-117.618263"
"0727-IWKVK","United States","California","Yermo",92398,"35.013299","-116.834092"
"5959-BELXA","United States","California","Yucaipa",92399,"34.045970","-117.011825"
"3512-IZIKN","United States","California","San Bernardino",92404,"34.183286","-117.221722"
"6141-OOXUQ","United States","California","San Bernardino",92411,"34.122501","-117.320138"
"7503-ZGUZJ","United States","California","Riverside",92505,"33.920907","-117.489426"
"2506-TNFCO","United States","California","Riverside",92509,"34.004379","-117.447864"
"8718-PTMEZ","United States","California","Lake Elsinore",92530,"33.655421","-117.391751"
"2207-OBZNX","United States","California","Aguanga",92536,"33.482243","-116.827173"
"6142-VSJQO","United States","California","Homeland",92548,"33.761894","-117.120868"
"6437-UKHMV","United States","California","Moreno Valley",92557,"33.970661","-117.255039"
"1114-CENIM","United States","California","San Jacinto",92582,"33.806708","-117.020070"
"6060-DRTNL","United States","California","San Jacinto",92583,"33.796568","-116.924723"
"8473-VUVJN","United States","California","Temecula",92590,"33.475493","-117.219551"
"6289-CPNLD","United States","California","Temecula",92591,"33.540604","-117.109090"
"5536-SLHPM","United States","California","Temecula",92592,"33.507255","-117.029473"
"0196-VULGZ","United States","California","Irvine",92620,"33.716136","-117.752574"
"8837-VVWLQ","United States","California","Capistrano Beach",92624,"33.458754","-117.665104"
"2696-NARTR","United States","California","Corona Del Mar",92625,"33.600987","-117.862734"
"7614-QVWQL","United States","California","Costa Mesa",92627,"33.645672","-117.922613"
"1976-CFOCS","United States","California","Dana Point",92629,"33.477923","-117.705314"
"4631-OACRM","United States","California","Lake Forest",92630,"33.644849","-117.684254"
"3755-JBMNH","United States","California","Huntington Beach",92648,"33.679659","-118.016195"
"6345-ULYRW","United States","California","Laguna Beach",92651,"33.570023","-117.773669"
"1809-DMJHQ","United States","California","Newport Beach",92660,"33.634626","-117.874882"
"6923-EFPNL","United States","California","Silverado",92676,"33.782346","-117.635263"
"9574-RKJIF","United States","California","Trabuco Canyon",92679,"33.631119","-117.567346"
"2619-WFQWU","United States","California","Mission Viejo",92692,"33.606930","-117.644253"
"0778-NELLA","United States","California","Anaheim",92805,"33.830209","-117.906099"
"4614-NUVZD","United States","California","Anaheim",92807,"33.848733","-117.788357"
"3803-KMQFW","United States","California","Brea",92821,"33.930199","-117.862898"
"6804-GDMOI","United States","California","Brea",92823,"33.924143","-117.793870"
"9572-MTILT","United States","California","Fullerton",92833,"33.877639","-117.961212"
"9611-CTWIH","United States","California","Garden Grove",92841,"33.786738","-117.982564"
"0329-GTIAJ","United States","California","Garden Grove",92844,"33.766476","-117.969795"
"6629-CZTTH","United States","California","Orange",92865,"33.828779","-117.848299"
"5364-EVNIB","United States","California","Orange",92868,"33.787796","-117.875928"
"5087-SUURX","United States","California","Yorba Linda",92887,"33.884073","-117.732197"
"0013-EXCHZ","United States","California","Camarillo",93010,"34.227846","-119.079903"
"5550-VFRLC","United States","California","Moorpark",93021,"34.312945","-118.858169"
"4929-BSTRX","United States","California","Oxnard",93030,"34.223244","-119.180120"
"2225-ZRGSG","United States","California","Piru",93040,"34.432843","-118.730106"
"5271-YNWVR","United States","California","Santa Paula",93060,"34.402343","-119.094824"
"2657-ALMWY","United States","California","Simi Valley",93065,"34.269449","-118.768471"
"6330-JKLPC","United States","California","Somis",93066,"34.297628","-119.014627"
"4667-OHGKG","United States","California","Summerland",93067,"34.420998","-119.601370"
"1660-HSOOQ","United States","California","Santa Barbara",93105,"34.037342","-119.800790"
"7253-UVNDW","United States","California","Santa Barbara",93108,"34.457541","-119.631072"
"7228-OMTPN","United States","California","Santa Barbara",93110,"34.437945","-119.771910"
"6284-AHOOQ","United States","California","Avenal",93204,"35.916943","-120.129921"
"2344-JMOGN","United States","California","Buttonwillow",93206,"35.451402","-119.488413"
"3799-ISUZQ","United States","California","California Hot Springs",93207,"35.865795","-118.697590"
"1794-HBQTJ","United States","California","Corcoran",93212,"36.045330","-119.532424"
"2460-FPSYH","United States","California","Exeter",93221,"36.301689","-119.018233"
"4818-DRBQT","United States","California","Farmersville",93223,"36.298780","-119.201028"
"1320-HTRDR","United States","California","Fellows",93224,"35.215731","-119.570130"
"1493-AMTIE","United States","California","Ivanhoe",93235,"36.385818","-119.224243"
"6424-ELEYH","United States","California","Lebec",93243,"34.845861","-118.885163"
"4391-RESHN","United States","California","Lemon Cove",93244,"36.462671","-118.997291"
"6821-BUXUX","United States","California","Maricopa",93252,"34.737031","-119.460557"
"5028-HTLJB","United States","California","New Cuyama",93254,"34.956577","-119.750142"
"9801-GDWGV","United States","California","Onyx",93255,"35.676978","-118.101378"
"2320-JRSDE","United States","California","Richgrove",93261,"35.809921","-119.127437"
"0601-WZHJF","United States","California","Shafter",93263,"35.490705","-119.286833"
"5143-WMWOG","United States","California","Stratford",93266,"36.175255","-119.813805"
"5393-RXQSZ","United States","California","Taft",93268,"35.184837","-119.402525"
"0231-LXVAP","United States","California","Tipton",93272,"36.047414","-119.344304"
"9444-JTXHZ","United States","California","Tulare",93274,"36.185471","-119.375243"
"5510-BOIUJ","United States","California","Visalia",93277,"36.303793","-119.375646"
"4471-KXAUH","United States","California","Woody",93287,"35.710244","-118.881679"
"7638-QVMVY","United States","California","Visalia",93292,"36.375590","-119.211689"
"3244-DCJWY","United States","California","Bakersfield",93312,"35.392599","-119.245341"
"0875-CABNR","United States","California","San Luis Obispo",93401,"35.233745","-120.626442"
"7812-FZHPE","United States","California","Bradley",93426,"35.842889","-121.004862"
"4797-AXPXK","United States","California","Lompoc",93436,"34.601055","-120.382917"
"5229-PRWKT","United States","California","Lompoc",93437,"34.757477","-120.550507"
"6982-UQZLY","United States","California","Los Alamos",93440,"34.758699","-120.275839"
"5057-LCOUI","United States","California","Nipomo",93444,"35.050345","-120.489599"
"0193-ESZXP","United States","California","Oceano",93445,"35.059695","-120.604741"
"4369-HTUIF","United States","California","Pismo Beach",93449,"35.165668","-120.655842"
"0156-FVPTA","United States","California","Solvang",93463,"34.624399","-120.137875"
"1984-FCOWB","United States","California","Templeton",93465,"35.536115","-120.739231"
"0654-HMSHN","United States","California","Mojave",93501,"35.097323","-118.171288"
"5287-QWLKY","United States","California","Big Pine",93513,"37.245505","-118.062943"
"5196-SGOAK","United States","California","Caliente",93518,"35.358953","-118.527064"
"1891-UAWWU","United States","California","Johannesburg",93528,"35.363339","-117.637641"
"6108-OQZDQ","United States","California","Keene",93531,"35.214982","-118.590490"
"0363-QJVFX","United States","California","Lake Hughes",93532,"34.659579","-118.584212"
"9840-DVNDC","United States","California","Lancaster",93536,"34.741406","-118.381110"
"3096-JRDSO","United States","California","Lone Pine",93545,"36.590415","-118.073839"
"8042-JVNFH","United States","California","Olancha",93549,"36.296851","-117.865469"
"3374-LXDEV","United States","California","Pearblossom",93553,"34.445239","-117.894868"
"5049-GLYVG","United States","California","Badger",93603,"36.645450","-118.924982"
"5883-GTGVD","United States","California","Biola",93606,"36.798882","-120.019511"
"4817-QRJSX","United States","California","Clovis",93612,"36.814539","-119.711868"
"2398-YPMUR","United States","California","Dinuba",93618,"36.523619","-119.386868"
"9985-MWVIX","United States","California","Hume",93628,"36.807595","-118.901544"
"1265-XTECC","United States","California","Madera",93638,"37.004068","-119.930027"
"2237-ZFSMY","United States","California","Riverdale",93656,"36.452211","-119.945750"
"4871-JTKJF","United States","California","Selma",93662,"36.545322","-119.642281"
"1415-YFWLT","United States","California","Shaver Lake",93664,"37.223000","-119.001021"
"6711-VTNRE","United States","California","Tranquillity",93668,"36.635661","-120.288644"
"3500-RMZLT","United States","California","Fresno",93702,"36.739385","-119.753649"
"4548-SDBKE","United States","California","Fresno",93711,"36.833002","-119.829470"
"8066-POXGX","United States","California","Fresno",93720,"36.878709","-119.764500"
"4143-OOBWZ","United States","California","Fresno",93726,"36.793601","-119.761131"
"7854-EKTJL","United States","California","Salinas",93901,"36.641520","-121.622188"
"9102-IAYHT","United States","California","Salinas",93908,"36.624338","-121.615669"
"3422-LYEPQ","United States","California","Carmel By The Sea",93921,"36.554618","-121.922239"
"2642-DTVCO","United States","California","Chualar",93925,"36.596271","-121.442274"
"4361-JEIVL","United States","California","Greenfield",93927,"36.248708","-121.386617"
"1363-TXLSL","United States","California","San Lucas",93954,"36.125529","-120.864443"
"9507-EXLTT","United States","California","Seaside",93955,"36.625114","-121.823565"
"9846-GKXAS","United States","California","Burlingame",94010,"37.570280","-122.365778"
"6017-PPLPX","United States","California","Daly City",94014,"37.691561","-122.445202"
"7136-RVDTZ","United States","California","Portola Valley",94028,"37.369709","-122.215844"
"4581-SSPWD","United States","California","Mountain View",94040,"37.380662","-122.086022"
"6927-WTFIV","United States","California","Redwood City",94061,"37.461251","-122.235414"
"3398-ZOUAA","United States","California","Redwood City",94063,"37.499411","-122.196318"
"0378-NHQXU","United States","California","South San Francisco",94080,"37.654436","-122.426468"
"4512-ZUIYL","United States","California","Sunnyvale",94089,"37.421633","-122.009613"
"7969-AULMZ","United States","California","San Francisco",94104,"37.791222","-122.402241"
"0568-ONFPC","United States","California","San Francisco",94112,"37.720498","-122.443119"
"0733-VUNUW","United States","California","San Francisco",94114,"37.758085","-122.434801"
"4550-EVXNY","United States","California","San Francisco",94115,"37.786031","-122.437301"
"2968-SSGAA","United States","California","San Francisco",94117,"37.770533","-122.445121"
"4844-JJWUY","United States","California","San Francisco",94121,"37.776718","-122.495781"
"6777-TGHTM","United States","California","San Francisco",94122,"37.760412","-122.484966"
"3538-WZPHD","United States","California","San Francisco",94127,"37.736535","-122.457320"
"4785-QRJHC","United States","California","San Francisco",94132,"37.722302","-122.491129"
"8610-WFCJF","United States","California","Palo Alto",94303,"37.458090","-122.115398"
"4905-JEFDW","United States","California","Palo Alto",94306,"37.416159","-122.131337"
"7881-INRLC","United States","California","San Mateo",94403,"37.538309","-122.305109"
"0117-LFRMW","United States","California","Angwin",94508,"38.542448","-122.419923"
"6172-FECYY","United States","California","Antioch",94509,"37.980057","-121.801599"
"1965-AKTSX","United States","California","Byron",94514,"37.833230","-121.601461"
"4786-UKSNZ","United States","California","Clayton",94517,"37.881842","-121.848111"
"7248-VZQLC","United States","California","Concord",94521,"37.971421","-121.971504"
"0011-IGKFF","United States","California","Martinez",94553,"38.014457","-122.115432"
"4192-GORJT","United States","California","Fremont",94555,"37.555473","-122.080312"
"6496-SLWHQ","United States","California","Moraga",94556,"37.827946","-122.107185"
"9912-GVSEQ","United States","California","Napa",94558,"38.489789","-122.270110"
"5383-MMTWC","United States","California","Oakley",94561,"37.999406","-121.686241"
"7240-ETPTR","United States","California","Pope Valley",94567,"38.672708","-122.403219"
"2202-CUYXZ","United States","California","Dublin",94568,"37.713926","-121.928425"
"5995-OIGLP","United States","California","Port Costa",94569,"38.035707","-122.196821"
"6261-RCVNS","United States","California","Rodeo",94572,"38.027218","-122.234630"
"7951-QKZPL","United States","California","Saint Helena",94574,"38.581354","-122.296283"
"3640-PHQXK","United States","California","Union City",94587,"37.594850","-122.051521"
"6877-LGWXO","United States","California","Pleasanton",94588,"37.685052","-121.912061"
"8019-ENHXU","United States","California","Oakland",94601,"37.776523","-122.219268"
"5167-GBFRE","United States","California","Oakland",94602,"37.803883","-122.208417"
"9033-EOXWV","United States","California","Oakland",94603,"37.739113","-122.175602"
"1324-NLTJE","United States","California","Emeryville",94608,"37.837260","-122.287648"
"1522-VVDMG","United States","California","Oakland",94611,"37.828416","-122.216005"
"9185-TQCVP","United States","California","Albany",94706,"37.890274","-122.295192"
"5567-WSELE","United States","California","Richmond",94801,"37.945288","-122.383941"
"8063-RJYNF","United States","California","Richmond",94804,"37.921034","-122.341798"
"0687-ZVTHB","United States","California","Richmond",94805,"37.941456","-122.320968"
"9661-ACXBS","United States","California","San Rafael",94901,"37.972662","-122.491452"
"3727-RJMEO","United States","California","Rohnert Park",94928,"38.347190","-122.697822"
"6646-VRFOL","United States","California","Larkspur",94939,"37.937082","-122.532369"
"5685-IIXLY","United States","California","Novato",94945,"38.135897","-122.563683"
"4250-ZBWLV","United States","California","Olema",94950,"38.052209","-122.775567"
"5095-AESKG","United States","California","Sausalito",94965,"37.848641","-122.515692"
"1871-MOWRM","United States","California","Woodacre",94973,"38.005839","-122.638155"
"2027-OAQQC","United States","California","Aptos",95003,"37.013471","-121.877877"
"9090-SGQXL","United States","California","Ben Lomond",95005,"37.078873","-122.090386"
"6595-YGXIT","United States","California","Boulder Creek",95006,"37.171727","-122.142961"
"9835-ZIITK","United States","California","Campbell",95008,"37.279689","-121.954567"
"1555-DJEQW","United States","California","Cupertino",95014,"37.306612","-122.080621"
"5649-TJHOV","United States","California","Davenport",95017,"37.114335","-122.237162"
"0519-XUZJU","United States","California","Felton",95018,"37.089111","-122.062213"
"6338-AVWCY","United States","California","Hollister",95023,"36.875409","-121.279679"
"9253-QXKBE","United States","California","Morgan Hill",95037,"37.161544","-121.649371"
"9445-SZLCH","United States","California","Santa Clara",95050,"37.351214","-121.952417"
"7568-PODML","United States","California","Watsonville",95076,"36.931654","-121.752383"
"5349-IECLD","United States","California","San Jose",95111,"37.284265","-121.827673"
"3945-GFWQL","United States","California","San Jose",95113,"37.333851","-121.891147"
"3797-VTIDR","United States","California","San Jose",95121,"37.304681","-121.809955"
"9526-BIHHD","United States","California","San Jose",95127,"37.375156","-121.795867"
"4523-WXCEF","United States","California","San Jose",95129,"37.305622","-122.000887"
"8364-TRMMK","United States","California","San Jose",95132,"37.424655","-121.748410"
"3063-QFSZL","United States","California","San Jose",95135,"37.286820","-121.723877"
"8775-LHDJH","United States","California","San Jose",95136,"37.270938","-121.851046"
"3097-NQYSN","United States","California","San Jose",95139,"37.218705","-121.762429"
"3565-UNOCC","United States","California","Stockton",95209,"38.044523","-121.348048"
"9249-FXSCK","United States","California","Acampo",95220,"38.200231","-121.235034"
"5493-SDRDQ","United States","California","Angels Camp",95222,"38.071327","-120.632221"
"0871-URUWO","United States","California","Sheep Ranch",95250,"38.244806","-120.417301"
"9190-MFJLN","United States","California","Vallecito",95251,"38.055562","-120.456298"
"1095-JUDTC","United States","California","Woodbridge",95258,"38.169605","-121.310964"
"0870-VEMYL","United States","California","Columbia",95310,"38.085839","-120.378550"
"5385-SUIRI","United States","California","Delhi",95315,"37.422961","-120.765493"
"3982-XWFZQ","United States","California","Denair",95316,"37.524721","-120.757977"
"4009-ALQFH","United States","California","Groveland",95321,"37.902968","-119.667544"
"3627-FCRDW","United States","California","Hughson",95326,"37.592300","-120.853288"
"7562-GSUHK","United States","California","Jamestown",95327,"37.847710","-120.486589"
"4903-UYAVB","United States","California","Lathrop",95330,"37.808210","-121.308401"
"6776-TLWOI","United States","California","Livingston",95334,"37.361987","-120.748394"
"4077-CROMM","United States","California","Modesto",95350,"37.671806","-121.007575"
"2868-MZAGQ","United States","California","Modesto",95354,"37.639029","-120.964772"
"4847-QNOKA","United States","California","Modesto",95355,"37.672906","-120.946594"
"6379-RXJRQ","United States","California","Modesto",95358,"37.612612","-121.108568"
"8650-RHRKE","United States","California","Oakdale",95361,"37.785033","-120.776141"
"0475-RIJEP","United States","California","Pinecrest",95364,"38.224869","-119.755729"
"1260-TTRXI","United States","California","Planada",95365,"37.329725","-120.306399"
"6328-ZPBGN","United States","California","Riverbank",95367,"37.734971","-120.954271"
"4789-KWMXN","United States","California","Tuolumne",95379,"37.939768","-120.188002"
"2867-UIMSS","United States","California","Vernalis",95385,"37.609095","-121.263381"
"8111-RKSPX","United States","California","Santa Rosa",95401,"38.460517","-122.790335"
"1585-MQSSU","United States","California","Santa Rosa",95404,"38.526941","-122.709096"
"2856-NNASM","United States","California","Santa Rosa",95407,"38.394091","-122.739814"
"8559-CIZFV","United States","California","Annapolis",95412,"38.731055","-123.316553"
"7547-EKNFS","United States","California","Caspar",95420,"39.361283","-123.784599"
"6769-DYBQN","United States","California","Clearlake",95422,"38.965804","-122.631779"
"4439-JMPMT","United States","California","Comptche",95427,"39.239818","-123.565432"
"2446-BEGGB","United States","California","Eldridge",95431,"38.348884","-122.516990"
"1496-GGSUK","United States","California","Fulton",95439,"38.493888","-122.777141"
"2575-GFSOE","United States","California","Graton",95444,"38.434362","-122.868910"
"2842-JTCCU","United States","California","Hopland",95449,"38.937060","-123.118111"
"3296-SILRA","United States","California","Lakeport",95453,"39.080469","-122.955176"
"9681-OXGVC","United States","California","Laytonville",95454,"39.806141","-123.531098"
"5180-UCIIQ","United States","California","Lucerne",95458,"39.141934","-122.770679"
"7153-OANIO","United States","California","Mendocino",95460,"39.305545","-123.743697"
"6521-YYTYI","United States","California","Navarro",95463,"39.182916","-123.552571"
"8878-HMWBV","United States","California","Nice",95464,"39.123340","-122.838198"
"3751-KTZEL","United States","California","Yorkville",95494,"38.888351","-123.239647"
"1977-STDKI","United States","California","The Sea Ranch",95497,"38.696659","-123.436861"
"5813-UECBU","United States","California","Bridgeville",95526,"40.372532","-123.525626"
"0328-GRPMV","United States","California","Burnt Ranch",95527,"40.854512","-123.450097"
"4342-HENTK","United States","California","Garberville",95542,"40.057784","-123.679461"
"4195-SMMNX","United States","California","Hydesville",95547,"40.557314","-124.081662"
"6956-SMUCM","United States","California","Miranda",95553,"40.210895","-123.860000"
"3223-WZWJM","United States","California","Petrolia",95558,"40.274302","-124.210902"
"9053-JZFKV","United States","California","Redway",95560,"40.142256","-123.852927"
"2530-ENDWQ","United States","California","Rio Dell",95562,"40.485849","-124.163234"
"6615-ZGEDR","United States","California","Smith River",95567,"41.950683","-124.097094"
"9250-WYPLL","United States","California","Whitethorn",95589,"40.053159","-123.995867"
"2754-XBHTB","United States","California","Amador City",95601,"38.431407","-120.842100"
"1597-LHYNC","United States","California","Auburn",95602,"38.990030","-121.114408"
"7055-VKGDA","United States","California","Clarksburg",95612,"38.384648","-121.578701"
"0754-UKWQP","United States","California","Cool",95614,"38.880622","-120.973865"
"7493-TPUWZ","United States","California","Diamond Springs",95619,"38.683605","-120.811852"
"1577-HKTFG","United States","California","Elk Grove",95624,"38.434138","-121.305870"
"8752-STIVR","United States","California","Elmira",95625,"38.349195","-121.902943"
"4558-FANTW","United States","California","Fair Oaks",95628,"38.652065","-121.254410"
"8651-ENBZX","United States","California","Grizzly Flats",95636,"38.636102","-120.522149"
"9330-IJWIO","United States","California","Kirkwood",95646,"38.631489","-120.015167"
"9286-DOJGF","United States","California","Lotus",95651,"38.815515","-120.916997"
"9661-MHUMO","United States","California","Mather",95655,"38.549822","-121.266725"
"1842-EZJMK","United States","California","Orangevale",95662,"38.689174","-121.218435"
"8079-XRJRS","United States","California","Pleasant Grove",95668,"38.833554","-121.498102"
"8073-IJDCM","United States","California","Rescue",95672,"38.724322","-120.991237"
"8884-ADFVN","United States","California","Roseville",95678,"38.759751","-121.288545"
"2720-WGKHP","United States","California","Sloughhouse",95683,"38.470423","-121.114897"
"2869-ADAWR","United States","California","Sutter Creek",95685,"38.432145","-120.770690"
"9894-EZEWG","United States","California","Walnut Grove",95690,"38.240419","-121.587535"
"7851-FLGGQ","United States","California","Wheatland",95692,"39.043387","-121.409837"
"0637-UBJRP","United States","California","Wilton",95693,"38.392559","-121.225093"
"0940-OUQEC","United States","California","Winters",95694,"38.578604","-122.024579"
"0702-PGIBZ","United States","California","Dutch Flat",95714,"39.197215","-120.836790"
"1963-VAUKV","United States","California","Kyburz",95720,"38.766036","-120.209673"
"3058-HJCUY","United States","California","Rancho Cordova",95742,"38.591134","-121.161585"
"3259-FDWOY","United States","California","Elk Grove",95758,"38.353630","-121.441950"
"0807-ZABDG","United States","California","Woodland",95776,"38.694081","-121.694431"
"5748-RNCJT","United States","California","Sacramento",95820,"38.535080","-121.444144"
"7739-LAXOG","United States","California","Sacramento",95825,"38.590035","-121.412455"
"9776-CLUJA","United States","California","Sacramento",95829,"38.486502","-121.334051"
"6034-ZRYCV","United States","California","Sacramento",95837,"38.691607","-121.602284"
"2079-FBMZK","United States","California","Antelope",95843,"38.715498","-121.363411"
"6608-QQLVK","United States","California","Bangor",95914,"39.396585","-121.380290"
"3551-HUAZH","United States","California","Brownsville",95919,"39.440687","-121.263583"
"6302-JGYRJ","United States","California","Chico",95928,"39.681488","-121.837210"
"3685-YLCMQ","United States","California","Dobbins",95935,"39.381174","-121.211910"
"8634-MPHTR","United States","California","Forbestown",95941,"39.531028","-121.248070"
"8761-NSOBC","United States","California","Gridley",95948,"39.346898","-121.759537"
"8413-VONUO","United States","California","Grimes",95950,"39.033058","-121.895718"
"9223-UCPVT","United States","California","Orland",95963,"39.748037","-122.302169"
"4351-QLCSU","United States","California","Quincy",95971,"39.971228","-121.041166"
"5419-JPRRN","United States","California","Rough And Ready",95975,"39.225634","-121.156163"
"2100-BDNSN","United States","California","Strawberry Valley",95981,"39.584580","-121.093256"
"0488-GSLFR","United States","California","Taylorsville",95983,"40.053684","-120.743116"
"9318-NKNFC","United States","California","Twain",95984,"40.022184","-121.062384"
"9728-FTTVZ","United States","California","Williams",95987,"39.117537","-122.284654"
"7254-IQWOZ","United States","California","Redding",96001,"40.587919","-122.464732"
"2474-BRUCM","United States","California","Redding",96002,"40.527834","-122.318749"
"0742-NXBGR","United States","California","Adin",96006,"41.171578","-120.913161"
"6110-OHIHY","United States","California","Burney",96013,"40.946785","-121.719489"
"5889-LFOLL","United States","California","Canby",96015,"41.486953","-120.913975"
"5708-EVONK","United States","California","Cassel",96016,"40.936285","-121.572692"
"8708-XPXHZ","United States","California","Castella",96017,"41.121108","-122.336613"
"0616-ATFGB","United States","California","Shasta Lake",96019,"40.692523","-122.369876"
"7016-BPGEU","United States","California","Dunsmuir",96025,"41.212695","-122.392067"
"6876-ADESB","United States","California","Etna",96027,"41.405193","-123.008567"
"1963-SVUCV","United States","California","Flournoy",96029,"39.847840","-122.544556"
"0220-EBGCE","United States","California","Fort Jones",96032,"41.583700","-122.935922"
"2754-VDLTR","United States","California","Greenview",96037,"41.528541","-122.955018"
"3190-XFANI","United States","California","Happy Camp",96039,"41.831901","-123.487478"
"7551-DACSP","United States","California","Hat Creek",96040,"40.789799","-121.474529"
"7235-NXZCP","United States","California","Hornbrook",96044,"41.962127","-122.527696"
"0520-FDVVT","United States","California","Lewiston",96052,"40.704293","-122.803899"
"1444-VVSGW","United States","California","Los Molinos",96055,"40.059385","-122.091481"
"5712-PTIWW","United States","California","Mcarthur",96056,"41.108310","-121.360362"
"3315-TOTBP","United States","California","Mill Creek",96061,"40.331975","-121.460674"
"6661-HBGWL","United States","California","Mineral",96063,"40.408796","-121.579609"
"1518-VOWAV","United States","California","Montague",96064,"41.759864","-122.379175"
"5909-ECHUI","United States","California","Oak Run",96069,"40.689243","-122.037023"
"1309-BXVOQ","United States","California","Old Station",96071,"40.656287","-121.428965"
"9317-WZPGV","United States","California","Paskenta",96074,"39.884395","-122.587513"
"2856-HYAPG","United States","California","Platina",96076,"40.367964","-122.937379"
"4488-PSYCG","United States","California","Seiad Valley",96086,"41.924174","-123.260788"
"3621-CEOVK","United States","California","Trinity Center",96091,"41.081847","-122.700545"
"6906-ANDWJ","United States","California","Vina",96092,"39.955164","-122.018567"
"1031-IIDEO","United States","California","Sierra City",96125,"39.600599","-120.636358"
"5832-XKAES","United States","California","Sierraville",96126,"39.559709","-120.345639"
"4701-AHWMW","United States","California","Susanville",96130,"40.559177","-120.612113"
"9210-IAHGH","United States","California","Wendel",96136,"40.345949","-120.081187"
"0023-XUOPT","United States","California","Carnelian Bay",96140,"39.227434","-120.091806"
"4592-IWTJI","United States","California","Homewood",96141,"39.117018","-120.212535"
"7632-MNYOY","United States","California","Tahoe Vista",96148,"39.241240","-120.054765"
"6518-LGAOV","United States","California","South Lake Tahoe",96150,"38.911577","-120.106169"
"7242-QZLXF","United States","California","Truckee",96161,"39.342498","-120.247127"
"4576-CSAJH","United States","California","Los Angeles",90001,"33.973616","-118.249020"
"1000-AJSLD","United States","California","Los Angeles",90002,"33.949255","-118.246978"
"1062-LHZOD","United States","California","Los Angeles",90005,"34.059281","-118.307420"
"9600-NAXZN","United States","California","Los Angeles",90010,"34.062125","-118.315709"
"6457-USBER","United States","California","Los Angeles",90014,"34.043144","-118.251977"
"4662-EKDPQ","United States","California","Los Angeles",90016,"34.028331","-118.354338"
"9248-OJYKK","United States","California","Los Angeles",90017,"34.052842","-118.264495"
"3398-FSHON","United States","California","Los Angeles",90019,"34.049841","-118.338460"
"3319-DWOEP","United States","California","Los Angeles",90020,"34.066367","-118.309868"
"9259-PACGQ","United States","California","Los Angeles",90026,"34.078991","-118.263804"
"4415-IJZTP","United States","California","Los Angeles",90027,"34.127194","-118.295647"
"1465-VINDH","United States","California","Los Angeles",90028,"34.099869","-118.326843"
"2810-FTLEM","United States","California","Los Angeles",90036,"34.070291","-118.349191"
"1925-TIBLE","United States","California","Los Angeles",90049,"34.091829","-118.491244"
"0818-OCPZO","United States","California","Los Angeles",90059,"33.927254","-118.249826"
"1447-GIQMR","United States","California","Los Angeles",90062,"34.003553","-118.308933"
"0872-NXJYS","United States","California","West Hollywood",90069,"34.093781","-118.381061"
"9412-ARGBX","United States","California","Downey",90241,"33.940884","-118.128628"
"1389-CXMLU","United States","California","Downey",90242,"33.921793","-118.140588"
"5561-NWEVX","United States","California","Hermosa Beach",90254,"33.865320","-118.396336"
"2737-WFVYW","United States","California","Marina Del Rey",90292,"33.977468","-118.445475"
"2272-QAGFO","United States","California","Inglewood",90304,"33.936827","-118.359824"
"9850-OWRHQ","United States","California","Torrance",90502,"33.833181","-118.292062"
"3768-NLUBH","United States","California","Torrance",90503,"33.840399","-118.353714"
"8676-TRMJS","United States","California","Torrance",90504,"33.867257","-118.330794"
"7359-SSBJK","United States","California","Whittier",90605,"33.960891","-118.032222"
"0685-MLYYM","United States","California","Buena Park",90620,"33.845706","-118.012204"
"8182-PNAGI","United States","California","Pico Rivera",90660,"33.989524","-118.089299"
"7957-RYHQD","United States","California","Bellflower",90706,"33.887676","-118.127289"
"2180-DXNEG","United States","California","Harbor City",90710,"33.798266","-118.300237"
"5515-AKOAJ","United States","California","Hawaiian Gardens",90716,"33.830431","-118.074071"
"8976-OQHGT","United States","California","Lomita",90717,"33.794209","-118.317354"
"6230-BSUXY","United States","California","Paramount",90723,"33.897122","-118.164432"
"5294-CDGWY","United States","California","Long Beach",90802,"33.752524","-118.210737"
"5295-PCJOO","United States","California","Long Beach",90805,"33.864622","-118.179626"
"9863-JZAIC","United States","California","Long Beach",90807,"33.830099","-118.182239"
"7660-HDPJV","United States","California","Long Beach",90810,"33.819814","-118.222416"
"7931-PXHFC","United States","California","Duarte",91010,"34.145695","-117.959820"
"3990-QYKBE","United States","California","La Canada Flintridge",91011,"34.234912","-118.153729"
"4919-MOAVT","United States","California","Pasadena",91103,"34.167465","-118.165327"
"3090-HAWSU","United States","California","Pasadena",91107,"34.159007","-118.087353"
"9820-RMCQV","United States","California","San Marino",91108,"34.122671","-118.112911"
"7839-QRKXN","United States","California","Glendale",91203,"34.153338","-118.262974"
"5204-QZXPU","United States","California","Glendale",91205,"34.136580","-118.245839"
"4597-ELFTS","United States","California","Glendale",91206,"34.162515","-118.203869"
"8450-JOVAH","United States","California","Agoura Hills",91301,"34.129058","-118.759788"
"1113-IUJYX","United States","California","Winnetka",91306,"34.209532","-118.577563"
"9274-CNFMO","United States","California","Pacoima",91331,"34.255442","-118.421314"
"7758-XKCBS","United States","California","Reseda",91335,"34.200175","-118.540958"
"8992-JQYUN","United States","California","San Fernando",91340,"34.286131","-118.435969"
"0617-AQNWT","United States","California","North Hills",91343,"34.238802","-118.482296"
"2446-PLQVO","United States","California","Santa Clarita",91350,"34.502432","-118.414590"
"3005-NFMTA","United States","California","Valencia",91354,"34.457005","-118.573726"
"8784-CGILN","United States","California","Tarzana",91356,"34.157137","-118.548511"
"5389-FFVKB","United States","California","Thousand Oaks",91360,"34.214054","-118.881090"
"8444-WRIDW","United States","California","Thousand Oaks",91362,"34.191842","-118.822796"
"9451-LPGOO","United States","California","Panorama City",91402,"34.223768","-118.445461"
"5868-YWPDW","United States","California","Sherman Oaks",91423,"34.146957","-118.432138"
"2025-JKFWI","United States","California","Burbank",91501,"34.188339","-118.300942"
"4078-SAYYN","United States","California","Burbank",91502,"34.177267","-118.310030"
"9940-HPQPG","United States","California","North Hollywood",91601,"34.169200","-118.372498"
"6618-RYATB","United States","California","North Hollywood",91605,"34.207295","-118.400022"
"9079-YEXQJ","United States","California","Chino",91710,"33.990646","-117.663025"
"2685-SREOM","United States","California","Rancho Cucamonga",91730,"34.100970","-117.578820"
"0402-CQAJN","United States","California","El Monte",91732,"34.074492","-118.014620"
"6692-UDPJC","United States","California","South El Monte",91733,"34.046220","-118.053753"
"1273-MTETI","United States","California","Rancho Cucamonga",91737,"34.245289","-117.642503"
"5480-HPRRX","United States","California","Glendora",91740,"34.119363","-117.855059"
"0295-PPHDO","United States","California","La Puente",91744,"34.031441","-117.936436"
"1195-OIYEJ","United States","California","La Puente",91746,"34.038983","-117.991372"
"5906-CVLHP","United States","California","Rowland Heights",91748,"33.976753","-117.897367"
"4501-EQDRN","United States","California","Montclair",91763,"34.072121","-117.698319"
"2990-HWIML","United States","California","Ontario",91764,"34.074087","-117.605618"
"7384-GHBPI","United States","California","San Dimas",91773,"34.102119","-117.815532"
"7603-USHJS","United States","California","San Gabriel",91775,"34.114772","-118.089431"
"7234-FECYN","United States","California","San Gabriel",91776,"34.089927","-118.095645"
"5876-HZVZM","United States","California","West Covina",91792,"34.024405","-117.898722"
"1400-MMYXY","United States","California","Alhambra",91801,"34.090925","-118.128164"
"3085-QUOZK","United States","California","Alpine",91901,"32.827184","-116.703729"
"3926-CUQZX","United States","California","Campo",91906,"32.673483","-116.472863"
"1041-RXHRA","United States","California","Guatay",91931,"32.857946","-116.561917"
"1750-CSKKM","United States","California","Imperial Beach",91932,"32.579134","-117.119009"
"7142-HVGBG","United States","California","Mount Laguna",91948,"32.830852","-116.444601"
"8267-ZNYVZ","United States","California","Spring Valley",91977,"32.726627","-116.994608"
"6457-GIRWB","United States","California","Carlsbad",92008,"33.148116","-117.306043"
"1450-SKCVI","United States","California","Del Mar",92014,"32.948262","-117.256086"
"5570-PTWEH","United States","California","Encinitas",92024,"33.054579","-117.256650"
"6502-MJQAE","United States","California","Escondido",92027,"33.141265","-116.967221"
"7693-LCKZL","United States","California","Julian",92036,"32.980678","-116.262854"
"0032-PGELS","United States","California","Palomar Mountain",92060,"33.309852","-116.823091"
"6797-LNAQX","United States","California","Poway",92064,"32.984395","-117.013454"
"6394-MFYNG","United States","California","Solana Beach",92075,"33.001813","-117.263628"
"1564-NTYXF","United States","California","San Marcos",92078,"33.119028","-117.166036"
"8155-IBNHG","United States","California","San Diego",92103,"32.747484","-117.166877"
"0886-QGENL","United States","California","San Diego",92104,"32.741499","-117.127409"
"8739-WWKDU","United States","California","San Diego",92109,"32.787836","-117.232376"
"8685-WHQPW","United States","California","San Diego",92110,"32.765010","-117.199380"
"4745-LSPLO","United States","California","San Diego",92111,"32.805518","-117.169052"
"8083-YTZES","United States","California","San Diego",92113,"32.697098","-117.116587"
"7240-FQLHE","United States","California","San Diego",92114,"32.707892","-117.055120"
"6664-FPDAC","United States","California","San Diego",92115,"32.762506","-117.072450"
"0786-VSSUD","United States","California","San Diego",92123,"32.808814","-117.134694"
"3976-BWUCK","United States","California","San Diego",92130,"32.957195","-117.202542"
"3585-ISXZP","United States","California","Indio",92201,"33.713891","-116.237257"
"6583-QGCSI","United States","California","Indian Wells",92210,"33.537646","-116.291089"
"4174-LPGTI","United States","California","Beaumont",92223,"33.946982","-116.977672"
"2108-XWMPY","United States","California","Cabazon",92230,"33.929812","-116.760580"
"6304-IJFSQ","United States","California","Calipatria",92233,"33.143826","-115.497485"
"0093-XWZFY","United States","California","Desert Hot Springs",92241,"33.832799","-116.250973"
"1980-KXVPM","United States","California","El Centro",92243,"32.770393","-115.609150"
"7703-ZEKEF","United States","California","Heber",92249,"32.730583","-115.501083"
"0723-DRCLG","United States","California","Holtville",92250,"32.811001","-115.152865"
"5482-NUPNA","United States","California","Imperial",92251,"32.858595","-115.662709"
"1122-JWTJW","United States","California","Ocotillo",92259,"32.698964","-115.886656"
"1699-HPSBG","United States","California","Palm Springs",92264,"33.745746","-116.514215"
"8775-CEBBJ","United States","California","Seeley",92273,"32.790282","-115.689559"
"6894-LFHLY","United States","California","Vidal",92280,"34.264124","-114.717964"
"0639-TSIQW","United States","California","White Water",92282,"33.972293","-116.654195"
"8361-LTMKD","United States","California","Apple Valley",92307,"34.550820","-117.122396"
"7590-VHVEG","United States","California","Los Angeles",90001,"33.973616","-118.249020"
"5575-GNVDE","United States","California","Los Angeles",90002,"33.949255","-118.246978"
"7795-CFOCW","United States","California","Los Angeles",90004,"34.076259","-118.310715"
"1452-KIOVK","United States","California","Los Angeles",90007,"34.027337","-118.285150"
"6713-OKOMC","United States","California","Los Angeles",90008,"34.008293","-118.346766"
"6388-TABGU","United States","California","Los Angeles",90011,"34.007090","-118.258681"
"9763-GRSKD","United States","California","Los Angeles",90012,"34.065875","-118.238728"
"7469-LKBCI","United States","California","Los Angeles",90013,"34.044639","-118.240413"
"8091-TTVAX","United States","California","Los Angeles",90014,"34.043144","-118.251977"
"5129-JLPIS","United States","California","Los Angeles",90016,"34.028331","-118.354338"
"3655-SNQYZ","United States","California","Los Angeles",90017,"34.052842","-118.264495"
"8191-XWSZG","United States","California","Los Angeles",90018,"34.028735","-118.317236"
"9959-WOFKT","United States","California","Los Angeles",90019,"34.049841","-118.338460"
"4183-MYFRB","United States","California","Los Angeles",90021,"34.029043","-118.239504"
"1680-VDCWW","United States","California","Los Angeles",90023,"34.017697","-118.200577"
"3638-WEABW","United States","California","Los Angeles",90025,"34.046174","-118.446333"
"6322-HRPFA","United States","California","Los Angeles",90026,"34.078991","-118.263804"
"6865-JZNKO","United States","California","Los Angeles",90027,"34.127194","-118.295647"
"5248-YGIJN","United States","California","Los Angeles",90031,"34.085807","-118.206617"
"3841-NFECX","United States","California","Los Angeles",90033,"34.050198","-118.210946"
"4929-XIHVW","United States","California","Los Angeles",90034,"34.030578","-118.399613"
"6827-IEAUQ","United States","California","Los Angeles",90035,"34.051809","-118.383843"
"7310-EGVHZ","United States","California","Los Angeles",90036,"34.070291","-118.349191"
"3413-BMNZE","United States","California","Los Angeles",90037,"34.002642","-118.287596"
"6234-RAAPL","United States","California","Los Angeles",90038,"34.088017","-118.327168"
"6572-ADKRS","United States","California","Los Angeles",90040,"33.994524","-118.149953"
"8865-TNMNX","United States","California","Los Angeles",90043,"33.988543","-118.334081"
"9489-DEDVP","United States","California","Los Angeles",90044,"33.952714","-118.292061"
"9867-JCZSP","United States","California","Los Angeles",90045,"33.954017","-118.402447"
"4671-VJLCL","United States","California","Los Angeles",90046,"34.108455","-118.362081"
"4080-IIARD","United States","California","Los Angeles",90047,"33.958149","-118.308441"
"7639-LIAYI","United States","California","Los Angeles",90057,"34.061918","-118.277939"
"2954-PIBKO","United States","California","Los Angeles",90058,"34.001617","-118.222274"
"8012-SOUDQ","United States","California","Los Angeles",90059,"33.927254","-118.249826"
"6575-SUVOI","United States","California","Los Angeles",90062,"34.003553","-118.308933"
"4667-QONEA","United States","California","Los Angeles",90064,"34.037251","-118.423573"
"8769-KKTPH","United States","California","Los Angeles",90066,"34.002028","-118.430656"
"5067-XJQFU","United States","California","Los Angeles",90067,"34.057496","-118.413959"
"3957-SQXML","United States","California","Los Angeles",90068,"34.137411","-118.328915"
"5954-BDFSG","United States","California","West Hollywood",90069,"34.093781","-118.381061"
"0434-CSFON","United States","California","Los Angeles",90071,"34.052917","-118.255178"
"1215-FIGMP","United States","California","Los Angeles",90077,"34.102084","-118.451629"
"0526-SXDJP","United States","California","Bell",90201,"33.970343","-118.171368"
"0557-ASKVU","United States","California","Beverly Hills",90210,"34.099891","-118.414338"
"5122-CYFXA","United States","California","Beverly Hills",90212,"34.062095","-118.401508"
"8627-ZYGSZ","United States","California","Compton",90220,"33.881510","-118.234451"
"3410-YOQBQ","United States","California","Compton",90221,"33.885811","-118.206459"
"3170-NMYVV","United States","California","Compton",90222,"33.912246","-118.236773"
"7410-OIEDU","United States","California","Culver City",90230,"33.993991","-118.397040"
"2273-QCKXA","United States","California","Culver City",90232,"34.019323","-118.391902"
"0731-EBJQB","United States","California","Downey",90240,"33.956228","-118.120993"
"1891-QRQSA","United States","California","Downey",90241,"33.940884","-118.128628"
"8028-PNXHQ","United States","California","Downey",90242,"33.921793","-118.140588"
"5630-AHZIL","United States","California","El Segundo",90245,"33.917145","-118.401554"
"2673-CXQEU","United States","California","Gardena",90247,"33.890853","-118.297967"
"6416-JNVRK","United States","California","Gardena",90248,"33.876482","-118.284077"
"5590-ZSKRV","United States","California","Gardena",90249,"33.901390","-118.315697"
"0191-ZHSKZ","United States","California","Hawthorne",90250,"33.914775","-118.348083"
"3887-PBQAO","United States","California","Hermosa Beach",90254,"33.865320","-118.396336"
"8108-UXRQN","United States","California","Lawndale",90260,"33.888560","-118.351813"
"9919-YLNNG","United States","California","Malibu",90263,"34.037037","-118.705803"
"0318-ZOPWS","United States","California","Malibu",90265,"34.074572","-118.831181"
"4445-ZJNMU","United States","California","Manhattan Beach",90266,"33.889632","-118.397370"
"4808-YNLEU","United States","California","Maywood",90270,"33.988572","-118.186565"
"1862-QRWPE","United States","California","Pacific Palisades",90272,"34.079449","-118.548306"
"2796-NNUFI","United States","California","Palos Verdes Peninsula",90274,"33.788208","-118.404955"
"3016-KSVCP","United States","California","Rancho Palos Verdes",90275,"33.753146","-118.367459"
"4767-HZZHQ","United States","California","Redondo Beach",90277,"33.830453","-118.384565"
"2424-WVHPL","United States","California","Redondo Beach",90278,"33.873395","-118.370190"
"7233-PAHHL","United States","California","South Gate",90280,"33.944624","-118.192615"
"6067-NGCEU","United States","California","Topanga",90290,"34.115192","-118.610170"
"9848-JQJTX","United States","California","Venice",90291,"33.991782","-118.479229"
"9803-FTJCG","United States","California","Playa Del Rey",90293,"33.947305","-118.439841"
"3212-KXOCR","United States","California","Inglewood",90302,"33.975332","-118.355252"
"6380-ARCEH","United States","California","Inglewood",90304,"33.936827","-118.359824"
"3679-XASPY","United States","California","Inglewood",90305,"33.958134","-118.330905"
"7123-WQUHX","United States","California","Santa Monica",90401,"34.015481","-118.493231"
"5386-THSLQ","United States","California","Santa Monica",90402,"34.035849","-118.503508"
"6180-YBIQI","United States","California","Santa Monica",90404,"34.026334","-118.474222"
"6728-DKUCO","United States","California","Santa Monica",90405,"34.005439","-118.477507"
"9750-BOOHV","United States","California","Torrance",90501,"33.833699","-118.314387"
"8597-CWYHH","United States","California","Torrance",90502,"33.833181","-118.292062"
"2848-YXSMW","United States","California","Torrance",90503,"33.840399","-118.353714"
"4549-ZDQYY","United States","California","Torrance",90505,"33.807882","-118.347957"
"5712-AHQNN","United States","California","Whittier",90601,"34.007353","-118.033683"
"5256-SKJGO","United States","California","Whittier",90603,"33.945318","-117.992066"
"3071-VBYPO","United States","California","Whittier",90604,"33.929704","-118.012080"
"9560-BBZXK","United States","California","Whittier",90605,"33.960891","-118.032222"
"8402-OOOHJ","United States","California","Buena Park",90620,"33.845706","-118.012204"
"9445-ZUEQE","United States","California","Buena Park",90621,"33.874224","-117.993368"
"1091-SOZGA","United States","California","La Palma",90623,"33.850504","-118.039892"
"2928-HLDBA","United States","California","Cypress",90630,"33.818477","-118.038307"
"6497-TILVL","United States","California","La Mirada",90638,"33.902045","-118.008961"
"7219-TLZHO","United States","California","Montebello",90640,"34.015217","-118.109962"
"4622-YNKIJ","United States","California","Norwalk",90650,"33.905963","-118.082630"
"6734-PSBAW","United States","California","Santa Fe Springs",90670,"33.933565","-118.062611"
"3930-ZGWVE","United States","California","Stanton",90680,"33.801869","-117.995068"
"2639-UGMAZ","United States","California","Artesia",90701,"33.867593","-118.080637"
"2876-GZYZC","United States","California","Cerritos",90703,"33.868100","-118.067402"
"8587-XYZSF","United States","California","Bellflower",90706,"33.887676","-118.127289"
"7799-LGRDP","United States","California","Lakewood",90713,"33.847755","-118.112532"
"7850-VWJUU","United States","California","Lakewood",90715,"33.841027","-118.078097"
"3774-VBNXY","United States","California","Hawaiian Gardens",90716,"33.830431","-118.074071"
"6217-KDYWC","United States","California","Lomita",90717,"33.794209","-118.317354"
"3146-MSEGF","United States","California","Paramount",90723,"33.897122","-118.164432"
"1095-WGNGG","United States","California","San Pedro",90732,"33.744119","-118.314480"
"2636-SJDOU","United States","California","Seal Beach",90740,"33.754620","-118.071128"
"1131-QQZEB","United States","California","Sunset Beach",90742,"33.719221","-118.073596"
"5716-EZXZN","United States","California","Surfside",90743,"33.728273","-118.085304"
"6837-BJYDQ","United States","California","Wilmington",90744,"33.782068","-118.262263"
"6440-DKQGE","United States","California","Carson",90746,"33.859171","-118.252272"
"3466-BYAVD","United States","California","Long Beach",90802,"33.752524","-118.210737"
"3780-YVMFA","United States","California","Long Beach",90803,"33.760458","-118.129725"
"1679-JRFBR","United States","California","Long Beach",90805,"33.864622","-118.179626"
"9073-ZZIAY","United States","California","Long Beach",90806,"33.802664","-118.179971"
"3077-RSNTJ","United States","California","Long Beach",90807,"33.830099","-118.182239"
"6551-GNYDG","United States","California","Long Beach",90808,"33.823943","-118.111335"
"9167-APMXZ","United States","California","Long Beach",90810,"33.819814","-118.222416"
"2749-CTKAJ","United States","California","Long Beach",90813,"33.781086","-118.199049"
"6371-NZYEG","United States","California","Long Beach",90814,"33.771612","-118.143866"
"7554-NEWDD","United States","California","Long Beach",90815,"33.797638","-118.116620"
"8992-VONJD","United States","California","Long Beach",90822,"33.778436","-118.118648"
"4482-EWFMI","United States","California","Arcadia",91006,"34.137319","-118.029837"
"4648-YPBTM","United States","California","Arcadia",91007,"34.128284","-118.047732"
"2907-ILJBN","United States","California","Duarte",91010,"34.145695","-117.959820"
"6345-FZOQH","United States","California","La Canada Flintridge",91011,"34.234912","-118.153729"
"5997-OPVFA","United States","California","Montrose",91020,"34.211200","-118.230625"
"1159-WFSGR","United States","California","South Pasadena",91030,"34.110444","-118.156957"
"7654-YWJUF","United States","California","Sunland",91040,"34.282704","-118.312929"
"6727-IOTLZ","United States","California","Pasadena",91101,"34.146635","-118.139225"
"5918-VUKWP","United States","California","Pasadena",91104,"34.165383","-118.123752"
"1744-JHKYS","United States","California","Pasadena",91105,"34.139460","-118.166649"
"5947-SGKCL","United States","California","San Marino",91108,"34.122671","-118.112911"
"3712-PKXZA","United States","California","Glendale",91201,"34.170510","-118.289463"
"6582-OIVSP","United States","California","Glendale",91203,"34.153338","-118.262974"
"5524-KHNJP","United States","California","Glendale",91205,"34.136580","-118.245839"
"4827-USJHP","United States","California","Glendale",91208,"34.195386","-118.238508"
"8167-GJLRN","United States","California","La Crescenta",91214,"34.239636","-118.245259"
"0956-SYCWG","United States","California","Agoura Hills",91301,"34.129058","-118.759788"
"8017-UVSZU","United States","California","Calabasas",91302,"34.130861","-118.683460"
"7100-FQPRV","United States","California","Canoga Park",91303,"34.198290","-118.602203"
"2984-RGEYA","United States","California","Winnetka",91306,"34.209532","-118.577563"
"9680-NIAUV","United States","California","West Hills",91307,"34.199787","-118.684930"
"2146-EGVDT","United States","California","Chatsworth",91311,"34.294142","-118.603883"
"2604-IJPDU","United States","California","Encino",91316,"34.150354","-118.518292"
"9178-JHUVJ","United States","California","Newbury Park",91320,"34.172071","-118.946262"
"6168-YBYNP","United States","California","Newhall",91321,"34.370378","-118.504118"
"7255-SSFBC","United States","California","Northridge",91324,"34.238208","-118.550290"
"3645-DEYGF","United States","California","Northridge",91325,"34.236683","-118.517588"
"9323-HGFWY","United States","California","Porter Ranch",91326,"34.281911","-118.556218"
"8544-GOQSH","United States","California","Pacoima",91331,"34.255442","-118.421314"
"3363-DTIVD","United States","California","Reseda",91335,"34.200175","-118.540958"
"7018-WBJNK","United States","California","San Fernando",91340,"34.286131","-118.435969"
"9142-KZXOP","United States","California","Sylmar",91342,"34.321621","-118.399841"
"7674-YTAFD","United States","California","North Hills",91343,"34.238802","-118.482296"
"6348-SNFUS","United States","California","Granada Hills",91344,"34.291273","-118.505104"
"1347-KTTTA","United States","California","Canyon Country",91351,"34.422519","-118.420717"
"4195-NZGTA","United States","California","Valencia",91354,"34.457005","-118.573726"
"7157-SMCFK","United States","California","Valencia",91355,"34.439870","-118.644609"
"4709-LKHYG","United States","California","Tarzana",91356,"34.157137","-118.548511"
"2504-DSHIH","United States","California","Thousand Oaks",91360,"34.214054","-118.881090"
"0699-NDKJM","United States","California","Westlake Village",91361,"34.130992","-118.894673"
"9286-BHDQG","United States","California","Thousand Oaks",91362,"34.191842","-118.822796"
"0230-WEQUW","United States","California","Woodland Hills",91364,"34.153733","-118.593408"
"2040-LDIWQ","United States","California","Woodland Hills",91367,"34.178068","-118.615714"
"6496-JDSSB","United States","California","Oak Park",91377,"34.192250","-118.776874"
"4443-EMBNA","United States","California","Castaic",91384,"34.506627","-118.699048"
"6469-MRVET","United States","California","Van Nuys",91401,"34.178483","-118.431791"
"5961-VUSRV","United States","California","Sherman Oaks",91403,"34.147149","-118.463365"
"6778-JFCMK","United States","California","Van Nuys",91405,"34.202494","-118.448048"
"6341-JVQGF","United States","California","Van Nuys",91406,"34.195685","-118.490752"
"4811-JBUVU","United States","California","Sherman Oaks",91423,"34.146957","-118.432138"
"0945-TSONX","United States","California","Encino",91436,"34.152875","-118.486056"
"2651-ZCBXV","United States","California","Burbank",91501,"34.188339","-118.300942"
"3316-UWXUY","United States","California","Burbank",91502,"34.177267","-118.310030"
"7083-MIOPC","United States","California","Burbank",91505,"34.174215","-118.345928"
"1984-GPTEH","United States","California","Burbank",91506,"34.169706","-118.323548"
"0621-JFHOL","United States","California","North Hollywood",91602,"34.151360","-118.364786"
"9903-LYSAB","United States","California","Studio City",91604,"34.139082","-118.392750"
"9227-UAQFT","United States","California","North Hollywood",91606,"34.187599","-118.387125"
"7301-ABVAD","United States","California","Valley Village",91607,"34.165783","-118.399795"
"6614-FHDBO","United States","California","Rancho Cucamonga",91701,"34.132275","-117.611478"
"7576-ASEJU","United States","California","Azusa",91702,"34.174493","-117.870680"
"9058-HRZSV","United States","California","Baldwin Park",91706,"34.098275","-117.967399"
"4522-AKYLR","United States","California","Chino Hills",91709,"33.942895","-117.725644"
"0221-WMXNQ","United States","California","Chino",91710,"33.990646","-117.663025"
"0303-UNCIP","United States","California","Claremont",91711,"34.127621","-117.717863"
"0959-WHOKV","United States","California","Covina",91724,"34.081110","-117.853935"
"4075-JFPGR","United States","California","Rancho Cucamonga",91730,"34.100970","-117.578820"
"3282-ZISZV","United States","California","South El Monte",91733,"34.046220","-118.053753"
"3675-YDUPJ","United States","California","Rancho Cucamonga",91737,"34.245289","-117.642503"
"4111-BNXIF","United States","California","Rancho Cucamonga",91739,"34.133809","-117.523724"
"7017-VFHAY","United States","California","Glendora",91740,"34.119363","-117.855059"
"6655-LHBYW","United States","California","Glendora",91741,"34.146490","-117.849815"
"5046-NUHWD","United States","California","Hacienda Heights",91745,"33.998471","-117.973758"
"7529-ZDFXI","United States","California","La Verne",91750,"34.144703","-117.770299"
"7605-BDWDC","United States","California","Mira Loma",91752,"33.999992","-117.535395"
"1950-KSVVJ","United States","California","Monterey Park",91754,"34.050322","-118.147037"
"0123-CRBRT","United States","California","Monterey Park",91755,"34.049172","-118.115022"
"6292-TOSSS","United States","California","Mt Baldy",91759,"34.231318","-117.662032"
"3197-ARFOY","United States","California","Ontario",91761,"34.035602","-117.591528"
"7014-ZZXAW","United States","California","Montclair",91763,"34.072121","-117.698319"
"7633-MVPUY","United States","California","Diamond Bar",91765,"33.992416","-117.807874"
"4716-HHKQH","United States","California","Pomona",91767,"34.083086","-117.737997"
"3179-GBRWV","United States","California","San Gabriel",91775,"34.114772","-118.089431"
"8645-KWHJO","United States","California","San Gabriel",91776,"34.089927","-118.095645"
"4130-MZLCC","United States","California","Temple City",91780,"34.101608","-118.055848"
"0314-TKOSI","United States","California","Upland",91784,"34.141146","-117.655583"
"8229-MYEJZ","United States","California","Upland",91786,"34.105493","-117.660934"
"2080-SRCDE","United States","California","Walnut",91789,"34.018354","-117.854920"
"9577-WJVCQ","United States","California","West Covina",91790,"34.066964","-117.937007"
"6202-DYYFX","United States","California","West Covina",91792,"34.024405","-117.898722"
"3808-HFKDE","United States","California","Alhambra",91801,"34.090925","-118.128164"
"3727-OWVYD","United States","California","Campo",91906,"32.673483","-116.472863"
"2294-SALNE","United States","California","Chula Vista",91910,"32.636792","-117.054989"
"4847-TAJYI","United States","California","Chula Vista",91911,"32.607964","-117.059459"
"1563-IWQEX","United States","California","Chula Vista",91913,"32.641640","-116.985026"
"8203-XJZRC","United States","California","Chula Vista",91914,"32.688506","-116.938632"
"6556-DBKZF","United States","California","Chula Vista",91915,"32.605012","-116.975950"
"6851-WEFYX","United States","California","Descanso",91916,"32.912664","-116.635387"
"2985-JUUBZ","United States","California","Dulzura",91917,"32.622999","-116.687855"
"0895-LMRSF","United States","California","Imperial Beach",91932,"32.579134","-117.119009"
"8266-VBFQL","United States","California","Jamul",91935,"32.695681","-116.798386"
"8181-YHCMF","United States","California","La Mesa",91941,"32.759327","-116.997260"
"2240-HSJQD","United States","California","La Mesa",91942,"32.782501","-117.016110"
"1248-DYXUB","United States","California","Lemon Grove",91945,"32.733564","-117.033713"
"4115-BNPJY","United States","California","National City",91950,"32.671020","-117.095235"
"3167-SNQPL","United States","California","Pine Valley",91962,"32.800671","-116.483363"
"4091-TVOCN","United States","California","Potrero",91963,"32.619465","-116.593605"
"1098-TDVUQ","United States","California","Spring Valley",91977,"32.726627","-116.994608"
"7277-OZCGZ","United States","California","Spring Valley",91978,"32.730264","-116.950963"
"1557-EMYVT","United States","California","Tecate",91980,"32.587557","-116.636816"
"2799-ARNLO","United States","California","Bonsall",92003,"33.290907","-117.202895"
"5027-YOCXN","United States","California","Cardiff By The Sea",92007,"33.015866","-117.272254"
"3973-SKMLN","United States","California","Carlsbad",92008,"33.148116","-117.306043"
"6745-JEFZB","United States","California","El Cajon",92019,"32.785165","-116.862648"
"9880-TDQAC","United States","California","El Cajon",92021,"32.832706","-116.873258"
"8705-WZCYL","United States","California","Encinitas",92024,"33.054579","-117.256650"
"7102-JJVTX","United States","California","Escondido",92025,"33.081478","-117.033814"
"8626-PTQGE","United States","California","Escondido",92026,"33.218460","-117.116916"
"4983-CLMLV","United States","California","Escondido",92027,"33.141265","-116.967221"
"5701-YVSVF","United States","California","Fallbrook",92028,"33.362575","-117.299644"
"5697-GOMBF","United States","California","Julian",92036,"32.980678","-116.262854"
"2739-CACDQ","United States","California","La Jolla",92037,"32.853743","-117.250340"
"9385-EHGDO","United States","California","Lakeside",92040,"32.909873","-116.906774"
"9498-FIMXL","United States","California","Oceanside",92054,"33.351059","-117.420557"
"2379-GYFLQ","United States","California","Oceanside",92056,"33.194742","-117.290320"
"2088-IEBAU","United States","California","Poway",92064,"32.984395","-117.013454"
"7982-VCELR","United States","California","Ramona",92065,"33.044541","-116.833922"
"6035-BXTTY","United States","California","Rancho Santa Fe",92067,"33.012751","-117.200617"
"6885-PKOAM","United States","California","San Marcos",92069,"33.162624","-117.170863"
"7520-HQWJU","United States","California","Santa Ysabel",92070,"33.174725","-116.743329"
"9639-BUJXT","United States","California","Santee",92071,"32.847336","-116.997605"
"5924-SNGKP","United States","California","Solana Beach",92075,"33.001813","-117.263628"
"0021-IKXGC","United States","California","San Marcos",92078,"33.119028","-117.166036"
"8966-SNIZF","United States","California","Vista",92083,"33.174940","-117.242761"
"6243-OZGFH","United States","California","Vista",92084,"33.227840","-117.200024"
"4654-DLAMQ","United States","California","Warner Springs",92086,"33.323705","-116.626907"
"0513-RBGPE","United States","California","Rancho Santa Fe",92091,"32.993560","-117.207121"
"5160-UXJED","United States","California","San Diego",92101,"32.725230","-117.171346"
"4115-NZRKS","United States","California","San Diego",92102,"32.716007","-117.117462"
"3351-NGXYI","United States","California","San Diego",92106,"32.713460","-117.236378"
"8984-EYLLL","United States","California","San Diego",92107,"32.741852","-117.243453"
"9833-TGFHX","United States","California","San Diego",92109,"32.787836","-117.232376"
"9294-TDIPC","United States","California","San Diego",92110,"32.765010","-117.199380"
"5229-DTFYB","United States","California","San Diego",92111,"32.805518","-117.169052"
"0104-PPXDV","United States","California","San Diego",92113,"32.697098","-117.116587"
"5176-LMJXE","United States","California","San Diego",92114,"32.707892","-117.055120"
"3583-KRKMD","United States","California","San Diego",92115,"32.762506","-117.072450"
"9069-LGEUL","United States","California","San Diego",92117,"32.825086","-117.199424"
"7302-ZHMHP","United States","California","Coronado",92118,"32.686740","-117.186612"
"9571-EDEBV","United States","California","San Diego",92119,"32.802959","-117.027095"
"3520-FJGCV","United States","California","San Diego",92120,"32.807867","-117.060993"
"6563-VRERX","United States","California","San Diego",92121,"32.898613","-117.202937"
"6122-EFVKN","United States","California","San Diego",92123,"32.808814","-117.134694"
"2805-EDJPQ","United States","California","San Diego",92124,"32.827238","-117.089287"
"6862-CQUMB","United States","California","San Diego",92126,"32.886925","-117.152162"
"7156-MXBJE","United States","California","San Diego",92127,"33.017518","-117.118456"
"6158-HDPXZ","United States","California","San Diego",92128,"33.000269","-117.072093"
"2863-IMQDR","United States","California","San Diego",92130,"32.957195","-117.202542"
"5686-CMAWK","United States","California","San Diego",92131,"32.893250","-117.087091"
"5651-CRHKQ","United States","California","San Diego",92139,"32.677716","-117.047666"
"8204-YJCLA","United States","California","San Ysidro",92173,"32.555828","-117.040073"
"6583-SZVGP","United States","California","Indio",92203,"33.752938","-116.230055"
"1708-PBBOA","United States","California","Banning",92220,"33.936298","-116.849577"
"8782-LKFPK","United States","California","Beaumont",92223,"33.946982","-116.977672"
"5522-JBWMO","United States","California","Blythe",92225,"33.674583","-114.716120"
"3597-MVHJT","United States","California","Brawley",92227,"33.039330","-115.191857"
"9774-NRNAU","United States","California","Cabazon",92230,"33.929812","-116.760580"
"0224-RLWWD","United States","California","Calexico",92231,"32.690654","-115.431225"
"9967-ATRFS","United States","California","Calipatria",92233,"33.143826","-115.497485"
"3951-NJCVI","United States","California","Cathedral City",92234,"33.829583","-116.474131"
"2977-CEBSX","United States","California","Coachella",92236,"33.680031","-116.171678"
"0177-PXBAT","United States","California","Desert Center",92239,"33.889605","-115.257009"
"2519-ERQOJ","United States","California","Desert Hot Springs",92241,"33.832799","-116.250973"
"5876-QMYLD","United States","California","Earp",92242,"34.137742","-114.365140"
"2277-AXSDC","United States","California","El Centro",92243,"32.770393","-115.609150"
"9442-JTWDL","United States","California","Heber",92249,"32.730583","-115.501083"
"3067-SVMTC","United States","California","Imperial",92251,"32.858595","-115.662709"
"5495-GPSRW","United States","California","Joshua Tree",92252,"34.167236","-116.281511"
"7606-BPHHN","United States","California","La Quinta",92253,"33.695532","-116.310571"
"4742-DRORA","United States","California","Mecca",92254,"33.543835","-115.993906"
"0111-KLBQG","United States","California","Morongo Valley",92256,"34.097863","-116.594561"
"4163-NCJAK","United States","California","Palm Desert",92260,"33.694501","-116.412711"
"5233-AOZUF","United States","California","Palm Springs",92262,"33.839989","-116.659215"
"5973-EJGDP","United States","California","Palm Springs",92264,"33.745746","-116.514215"
"1996-DBMUS","United States","California","Palo Verde",92266,"33.324900","-114.758334"
"7916-VCCPB","United States","California","Parker Dam",92267,"34.273872","-114.192901"
"4686-GEFRM","United States","California","Pioneertown",92268,"34.201108","-116.593456"
"5249-QYHEX","United States","California","Rancho Mirage",92270,"33.763678","-116.429928"
"2233-FAGXV","United States","California","Salton City",92275,"33.281560","-115.955541"
"5605-IYGFG","United States","California","Thousand Palms",92276,"33.849263","-116.382778"
"7663-ZTEGJ","United States","California","Twentynine Palms",92277,"34.172110","-115.769773"
"3935-TBRZZ","United States","California","Twentynine Palms",92278,"34.457829","-116.139589"
"8111-BKVDS","United States","California","Vidal",92280,"34.264124","-114.717964"
"2055-SIFSS","United States","California","Westmorland",92281,"33.036790","-115.605030"
"2806-MLNTI","United States","California","White Water",92282,"33.972293","-116.654195"
"8734-DKSTZ","United States","California","Winterhaven",92283,"32.852947","-114.850784"
"4360-PNRQB","United States","California","Yucca Valley",92284,"34.159534","-116.425984"
"6152-ONASV","United States","California","Landers",92285,"34.341737","-116.539416"
"7781-HVGMK","United States","California","Amboy",92304,"34.559882","-115.637164"
"2181-UAESM","United States","California","Angelus Oaks",92305,"34.167800","-116.864330"
"6048-NJXHX","United States","California","Apple Valley",92308,"34.424926","-117.184503"
"2320-SLKMB","United States","California","Baker",92309,"35.289520","-116.092214"
"4980-URKXC","United States","California","Fort Irwin",92310,"35.349241","-116.770281"
"4376-KFVRS","United States","California","Barstow",92311,"34.965648","-117.001509"
"5886-VLQVU","United States","California","Grand Terrace",92313,"34.029175","-117.307211"
"3577-AMVUX","United States","California","Big Bear City",92314,"34.278967","-116.773825"
"0771-WLCLA","United States","California","Big Bear Lake",92315,"34.242058","-116.898020"
"5628-RKIFK","United States","California","Bloomington",92316,"34.059722","-117.391040"
"0206-TBWLC","United States","California","Calimesa",92320,"33.982787","-117.057627"
"2937-FTHUR","United States","California","Cedar Glen",92321,"34.255203","-117.175654"
"1910-FMXJM","United States","California","Colton",92324,"34.030915","-117.273201"
"0732-OCQOC","United States","California","Death Valley",92328,"36.276880","-117.033326"
"5168-MSWXT","United States","California","Essex",92332,"34.943600","-115.287901"
"1090-ESELR","United States","California","Fawnskin",92333,"34.274846","-116.937581"
"8592-PLTMQ","United States","California","Fontana",92335,"34.087558","-117.464096"
"5760-WRAHC","United States","California","Fontana",92336,"34.136367","-117.460803"
"8847-GEOOQ","United States","California","Fontana",92337,"34.049671","-117.468896"
"4785-FCIFB","United States","California","Forest Falls",92339,"34.067699","-116.903891"
"8313-NDOIA","United States","California","Green Valley Lake",92341,"34.244411","-117.072654"
"5149-CUZUJ","United States","California","Helendale",92342,"34.757783","-117.339970"
"0942-KOWSM","United States","California","Hesperia",92345,"34.361387","-117.337509"
"4237-CLSMM","United States","California","Highland",92346,"34.129677","-117.154277"
"1452-VOQCH","United States","California","Hinkley",92347,"34.983808","-117.239306"
"4719-UMSIY","United States","California","Lake Arrowhead",92352,"34.256500","-117.193350"
"6614-VBEGU","United States","California","Loma Linda",92354,"34.049315","-117.255974"
"1480-BKXGA","United States","California","Mentone",92359,"34.103578","-117.040540"
"2996-XAUVF","United States","California","Needles",92363,"34.711224","-114.702256"
"9076-AXYIK","United States","California","Nipton",92364,"35.478736","-115.516984"
"5968-XQIVE","United States","California","Newberry Springs",92365,"34.893260","-116.505958"
"8896-RAZCR","United States","California","Oro Grande",92368,"34.647959","-117.296957"
"4933-IKULF","United States","California","Pinon Hills",92372,"34.459322","-117.629729"
"1304-BCCFO","United States","California","Redlands",92374,"34.064073","-117.166158"
"4104-PVRPS","United States","California","Rialto",92376,"34.109775","-117.378904"
"3780-DDGSE","United States","California","Shoshone",92384,"35.924252","-116.188668"
"4431-EDMIQ","United States","California","Sugarloaf",92386,"34.243088","-116.830015"
"0486-LGCCH","United States","California","Victorville",92394,"34.567058","-117.362329"
"4612-SSVHJ","United States","California","Yermo",92398,"35.013299","-116.834092"
"5168-MQQCA","United States","California","Yucaipa",92399,"34.045970","-117.011825"
"7971-HLVXI","United States","California","San Bernardino",92404,"34.183286","-117.221722"
"9094-AZPHK","United States","California","San Bernardino",92405,"34.142747","-117.300864"
"3649-JPUGY","United States","California","San Bernardino",92407,"34.250069","-117.393949"
"4472-LVYGI","United States","California","San Bernardino",92408,"34.084909","-117.258107"
"3552-CTCYF","United States","California","San Bernardino",92411,"34.122501","-117.320138"
"6778-YSNIH","United States","California","Riverside",92501,"33.994676","-117.372498"
"5756-OZRIO","United States","California","Riverside",92504,"33.910800","-117.398153"
"6579-JPICP","United States","California","Riverside",92505,"33.920907","-117.489426"
"4134-BSXLX","United States","California","Riverside",92507,"33.976328","-117.319786"
"0505-SPOOW","United States","California","Riverside",92508,"33.885499","-117.324959"
"4374-YMUSQ","United States","California","Lake Elsinore",92530,"33.655421","-117.391751"
"4513-CXYIX","United States","California","Lake Elsinore",92532,"33.705836","-117.318204"
"3957-HHLMR","United States","California","Aguanga",92536,"33.482243","-116.827173"
"7803-XOCCZ","United States","California","Anza",92539,"33.527605","-116.666551"
"5736-YEJAX","United States","California","Hemet",92543,"33.739415","-116.968339"
"8981-FJGLA","United States","California","Hemet",92545,"33.734933","-117.044145"
"1135-LMECX","United States","California","Moreno Valley",92551,"33.882740","-117.224878"
"4332-MUOEZ","United States","California","Moreno Valley",92553,"33.923149","-117.244933"
"8535-SFUTN","United States","California","Moreno Valley",92555,"33.907361","-117.109972"
"8677-HDZEE","United States","California","Mountain Center",92561,"33.638645","-116.557830"
"2475-MROZF","United States","California","Murrieta",92562,"33.548869","-117.334165"
"3482-ABPKK","United States","California","Nuevo",92567,"33.827690","-117.102244"
"6705-LXORM","United States","California","Perris",92570,"33.787298","-117.320676"
"7531-GQHME","United States","California","San Jacinto",92582,"33.806708","-117.020070"
"5174-ITUMV","United States","California","San Jacinto",92583,"33.796568","-116.924723"
"4109-CYRBD","United States","California","Menifee",92584,"33.653338","-117.178271"
"0913-XWSCN","United States","California","Sun City",92585,"33.739412","-117.173334"
"0750-EBAIU","United States","California","Temecula",92590,"33.475493","-117.219551"
"8606-CIQUL","United States","California","Temecula",92591,"33.540604","-117.109090"
"3571-DPYUH","United States","California","Temecula",92592,"33.507255","-117.029473"
"7601-GNDYK","United States","California","Wildomar",92595,"33.617108","-117.253349"
"0356-OBMAC","United States","California","Winchester",92596,"33.657433","-117.042540"
"8067-NIOYM","United States","California","Irvine",92602,"33.720359","-117.733655"
"1403-GYAFU","United States","California","Irvine",92604,"33.688546","-117.788091"
"4234-XTNEA","United States","California","Irvine",92606,"33.703976","-117.824172"
"1297-VQDRP","United States","California","Foothill Ranch",92610,"33.698728","-117.677680"
"5348-CAGXB","United States","California","Irvine",92614,"33.680302","-117.833296"
"0621-HJWXJ","United States","California","Irvine",92618,"33.667145","-117.732135"
"5844-QVTAT","United States","California","Irvine",92620,"33.716136","-117.752574"
"8905-IAZPF","United States","California","Capistrano Beach",92624,"33.458754","-117.665104"
"5394-MEITZ","United States","California","Corona Del Mar",92625,"33.600987","-117.862734"
"6859-QNXIQ","United States","California","Costa Mesa",92626,"33.678591","-117.905471"
"2782-LFZVW","United States","California","Costa Mesa",92627,"33.645672","-117.922613"
"2866-IKBTM","United States","California","Dana Point",92629,"33.477923","-117.705314"
"7129-AZJDE","United States","California","Huntington Beach",92647,"33.723579","-118.005441"
"2560-PPCHE","United States","California","Huntington Beach",92649,"33.721917","-118.043237"
"4676-MQUEA","United States","California","Laguna Beach",92651,"33.570023","-117.773669"
"8138-EALND","United States","California","Laguna Hills",92653,"33.606899","-117.717854"
"3580-HYCSP","United States","California","Midway City",92655,"33.744439","-117.985880"
"1352-HNSAW","United States","California","Aliso Viejo",92656,"33.571259","-117.731917"
"2075-PUEPR","United States","California","Newport Coast",92657,"33.603282","-117.821841"
"1982-FEBTD","United States","California","Newport Beach",92660,"33.634626","-117.874882"
"5791-KAJFD","United States","California","Newport Beach",92662,"33.606336","-117.893042"
"2654-VBVPB","United States","California","Newport Beach",92663,"33.622510","-117.927024"
"1154-HYWWO","United States","California","San Clemente",92672,"33.429488","-117.609432"
"2501-XWWTZ","United States","California","San Clemente",92673,"33.472500","-117.584273"
"3716-UVSPD","United States","California","San Juan Capistrano",92675,"33.521447","-117.602555"
"6815-ABQFQ","United States","California","Silverado",92676,"33.782346","-117.635263"
"7343-EOBEU","United States","California","Laguna Niguel",92677,"33.529047","-117.701175"
"3701-SFMUH","United States","California","Trabuco Canyon",92679,"33.631119","-117.567346"
"6103-LIANB","United States","California","Westminster",92683,"33.752591","-117.993661"
"7319-VENRZ","United States","California","Rancho Santa Margarita",92688,"33.624654","-117.611733"
"5846-NEQVZ","United States","California","Mission Viejo",92691,"33.611945","-117.665867"
"6967-QIQRV","United States","California","Mission Viejo",92692,"33.606930","-117.644253"
"5781-RFZRP","United States","California","Ladera Ranch",92694,"33.569186","-117.640055"
"0308-IVGOK","United States","California","Santa Ana",92703,"33.748635","-117.906125"
"7293-LSCDV","United States","California","Santa Ana",92704,"33.719869","-117.907063"
"7025-WCBNE","United States","California","Santa Ana",92705,"33.766004","-117.786763"
"5756-JYOJT","United States","California","Santa Ana",92706,"33.765893","-117.881533"
"6030-REHUX","United States","California","Fountain Valley",92708,"33.712036","-117.950113"
"9548-LIGTA","United States","California","Tustin",92780,"33.735802","-117.818805"
"5150-LJNSR","United States","California","Tustin",92782,"33.738543","-117.785046"
"8270-RKSAP","United States","California","Anaheim",92801,"33.844983","-117.952151"
"6522-YRBXD","United States","California","Anaheim",92802,"33.807864","-117.923782"
"2640-LYMOV","United States","California","Anaheim",92804,"33.818000","-117.974404"
"1423-BMPBQ","United States","California","Anaheim",92808,"33.850452","-117.726668"
"2393-DIVAI","United States","California","Brea",92821,"33.930199","-117.862898"
"4568-KNYWR","United States","California","Fullerton",92831,"33.879983","-117.895482"
"8752-IMQOS","United States","California","Fullerton",92832,"33.868316","-117.929029"
"0742-LAFQK","United States","California","Fullerton",92833,"33.877639","-117.961212"
"0795-LAFGP","United States","California","Fullerton",92835,"33.902211","-117.914922"
"0619-OLYUR","United States","California","Garden Grove",92840,"33.787165","-117.931889"
"5512-IDZEI","United States","California","Garden Grove",92841,"33.786738","-117.982564"
"0459-SPZHJ","United States","California","Garden Grove",92843,"33.764018","-117.931507"
"0215-BQKGS","United States","California","Garden Grove",92844,"33.766476","-117.969795"
"9244-ZVAPM","United States","California","Garden Grove",92845,"33.782955","-118.026456"
"8208-EUMTE","United States","California","Villa Park",92861,"33.817473","-117.810462"
"5172-MIGPM","United States","California","Orange",92865,"33.828779","-117.848299"
"1710-RCXUS","United States","California","Orange",92866,"33.784597","-117.844535"
"0374-FIUCA","United States","California","Orange",92867,"33.818590","-117.821288"
"5839-SUYVZ","United States","California","Orange",92868,"33.787796","-117.875928"
"5173-ZXXXL","United States","California","Orange",92869,"33.792791","-117.789749"
"1096-ADRUX","United States","California","Placentia",92870,"33.881158","-117.854783"
"2001-MCUUW","United States","California","Corona",92879,"33.893823","-117.531446"
"2731-GJRDG","United States","California","Corona",92880,"33.918043","-117.617809"
"4723-BEGSG","United States","California","Corona",92881,"33.833686","-117.513063"
"6516-NKQBO","United States","California","Corona",92882,"33.819385","-117.600213"
"8672-OAUPW","United States","California","Corona",92883,"33.762351","-117.488725"
"8207-DMRVL","United States","California","Yorba Linda",92886,"33.897253","-117.792202"
"2804-ETQDK","United States","California","Ventura",93004,"34.278697","-119.167798"
"6689-VRRTK","United States","California","Camarillo",93010,"34.227846","-119.079903"
"7138-GIRSH","United States","California","Camarillo",93012,"34.205504","-118.993111"
"9396-ZSFLL","United States","California","Carpinteria",93013,"34.441398","-119.513163"
"6464-KEXXH","United States","California","Fillmore",93015,"34.408161","-118.865111"
"7134-MJPDY","United States","California","Moorpark",93021,"34.312945","-118.858169"
"5240-CAOYT","United States","California","Oak View",93022,"34.404544","-119.302118"
"4059-IIEBK","United States","California","Ojai",93023,"34.581308","-118.931948"
"4881-JVQOD","United States","California","Oxnard",93030,"34.223244","-119.180120"
"0516-UXRMT","United States","California","Oxnard",93033,"34.156629","-119.117218"
"4851-BQDNX","United States","California","Oxnard",93035,"34.184540","-119.224666"
"5148-HKFIR","United States","California","Piru",93040,"34.432843","-118.730106"
"3003-CMDUU","United States","California","Santa Paula",93060,"34.402343","-119.094824"
"5016-IBERQ","United States","California","Simi Valley",93063,"34.296813","-118.685703"
"6797-UCJHZ","United States","California","Simi Valley",93065,"34.269449","-118.768471"
"2469-DTSGX","United States","California","Somis",93066,"34.297628","-119.014627"
"9931-KGHOA","United States","California","Santa Barbara",93103,"34.438581","-119.685368"
"1775-KWJKQ","United States","California","Santa Barbara",93105,"34.037342","-119.800790"
"7665-VIGUD","United States","California","Santa Barbara",93108,"34.457541","-119.631072"
"9411-TPQQV","United States","California","Santa Barbara",93109,"34.406256","-119.726936"
"7954-MLBUN","United States","California","Santa Barbara",93111,"34.460197","-119.802602"
"2077-DDHJK","United States","California","Goleta",93117,"34.489983","-120.091246"
"9574-BOSMD","United States","California","Arvin",93203,"35.116307","-118.817644"
"4908-XAXAY","United States","California","Buttonwillow",93206,"35.451402","-119.488413"
"8404-VLQFB","United States","California","California Hot Springs",93207,"35.865795","-118.697590"
"2391-IPLOP","United States","California","Corcoran",93212,"36.045330","-119.532424"
"3509-GWQGF","United States","California","Ducor",93218,"35.846067","-119.004073"
"5845-BZZIB","United States","California","Frazier Park",93222,"34.907911","-119.234281"
"1140-UKVZG","United States","California","Farmersville",93223,"36.298780","-119.201028"
"5183-SNMJQ","United States","California","Frazier Park",93225,"34.827662","-118.999073"
"8100-PNJMH","United States","California","Glennville",93226,"35.735694","-118.738483"
"7838-LAZFO","United States","California","Hanford",93230,"36.292230","-119.622676"
"2085-JVGAD","United States","California","Ivanhoe",93235,"36.385818","-119.224243"
"8095-WANWK","United States","California","Kettleman City",93239,"35.996923","-120.000951"
"3030-ZKIWL","United States","California","Lake Isabella",93240,"35.607875","-118.466318"
"9565-FLVCG","United States","California","Lamont",93241,"35.245035","-118.905553"
"8755-OGKNA","United States","California","Laton",93242,"36.444232","-119.718285"
"2800-VEQXM","United States","California","Lebec",93243,"34.845861","-118.885163"
"5533-RJFTJ","United States","California","Lemoore",93245,"36.303666","-119.825657"
"0214-JHPFW","United States","California","Lost Hills",93249,"35.637715","-119.893068"
"5642-MHDQT","United States","California","Mc Farland",93250,"35.666886","-119.186717"
"3088-FVYWK","United States","California","Mc Kittrick",93251,"35.383810","-119.730885"
"9092-GDZKO","United States","California","New Cuyama",93254,"34.956577","-119.750142"
"3729-OWRVL","United States","California","Pixley",93256,"35.957019","-119.330928"
"2324-AALNO","United States","California","Porterville",93257,"36.008958","-118.891593"
"5760-IFJOZ","United States","California","Richgrove",93261,"35.809921","-119.127437"
"2826-UWHIS","United States","California","Sequoia National Park",93262,"36.527243","-118.594938"
"7501-IWUNG","United States","California","Springville",93265,"36.245926","-118.693138"
"4957-TREIR","United States","California","Stratford",93266,"36.175255","-119.813805"
"7251-LJBQN","United States","California","Strathmore",93267,"36.141319","-119.129075"
"8040-MNRTF","United States","California","Taft",93268,"35.184837","-119.402525"
"1536-HBSWP","United States","California","Terra Bella",93270,"35.939068","-119.043666"
"5313-FPXWG","United States","California","Three Rivers",93271,"36.413433","-118.854708"
"0946-FKYTX","United States","California","Tulare",93274,"36.185471","-119.375243"
"5076-YVXCM","United States","California","Tupman",93276,"35.316263","-119.402559"
"8262-COGGB","United States","California","Visalia",93277,"36.303793","-119.375646"
"6663-JOCQO","United States","California","Wasco",93280,"35.652242","-119.446400"
"9620-QJREV","United States","California","Weldon",93283,"35.556470","-118.244914"
"2682-KEVRP","United States","California","Woodlake",93286,"36.464635","-119.094348"
"2480-JZOSN","United States","California","Woody",93287,"35.710244","-118.881679"
"0078-XZMHT","United States","California","Visalia",93291,"36.391777","-119.372842"
"9978-HYCIN","United States","California","Bakersfield",93301,"35.383937","-119.020428"
"8338-QIUNR","United States","California","Bakersfield",93304,"35.339796","-119.023552"
"1525-LNLOJ","United States","California","Bakersfield",93305,"35.391733","-118.984109"
"9450-TRJUU","United States","California","Bakersfield",93306,"35.449881","-118.841442"
"1766-GKNMI","United States","California","Bakersfield",93307,"35.280113","-118.962329"
"6942-LBFDP","United States","California","Bakersfield",93308,"35.559617","-118.925185"
"1456-TWCGB","United States","California","Bakersfield",93309,"35.342891","-119.064803"
"7596-ZYWBB","United States","California","Bakersfield",93312,"35.392599","-119.245341"
"8329-UTMVM","United States","California","Bakersfield",93313,"35.140938","-119.051348"
"3014-WJKSM","United States","California","San Luis Obispo",93401,"35.233745","-120.626442"
"3347-YJZZE","United States","California","Los Osos",93402,"35.279984","-120.824288"
"7929-DMBCV","United States","California","Arroyo Grande",93420,"35.176236","-120.483243"
"9661-JALZV","United States","California","Atascadero",93422,"35.453912","-120.694610"
"5433-KYGHE","United States","California","Avila Beach",93424,"35.186644","-120.728305"
"4312-KFRXN","United States","California","Bradley",93426,"35.842889","-121.004862"
"5575-TPIZQ","United States","California","Buellton",93427,"34.631362","-120.238218"
"0114-IGABW","United States","California","Cambria",93428,"35.591387","-121.032256"
"9944-AEXBM","United States","California","Casmalia",93429,"34.866032","-120.536546"
"1853-ARAAQ","United States","California","Cayucos",93430,"35.511833","-120.918713"
"6952-OMNWB","United States","California","Creston",93432,"35.480896","-120.469476"
"4697-LUPSU","United States","California","Grover Beach",93433,"35.120833","-120.618430"
"8434-VGEQQ","United States","California","Guadalupe",93434,"34.936000","-120.594655"
"6549-YMFAW","United States","California","Los Olivos",93441,"34.704340","-120.026090"
"4950-HKQTE","United States","California","Morro Bay",93442,"35.369553","-120.763864"
"6786-OBWQR","United States","California","Nipomo",93444,"35.050345","-120.489599"
"2753-JMMCV","United States","California","Paso Robles",93446,"35.634222","-120.728341"
"6621-YOBKI","United States","California","San Ardo",93450,"35.996008","-120.853050"
"1216-JWVUX","United States","California","San Miguel",93451,"35.886767","-120.608661"
"7564-GHCVB","United States","California","San Simeon",93452,"35.746484","-121.223355"
"1173-NOEYG","United States","California","Santa Margarita",93453,"35.303926","-120.256567"
"7595-EHCDL","United States","California","Santa Maria",93454,"34.943523","-120.256729"
"6647-ZEDXT","United States","California","Santa Maria",93455,"34.818227","-120.418784"
"2521-NPUZR","United States","California","Santa Maria",93458,"34.959340","-120.490081"
"1307-TVUFB","United States","California","Santa Ynez",93460,"34.630356","-120.032564"
"7503-MIOGA","United States","California","Shandon",93461,"35.634488","-120.293534"
"4381-MHQDC","United States","California","Solvang",93463,"34.624399","-120.137875"
"6923-JHPMP","United States","California","Templeton",93465,"35.536115","-120.739231"
"4018-PPNDW","United States","California","California City",93505,"35.151491","-117.927597"
"1635-FJFCC","United States","California","Acton",93510,"34.501452","-118.207862"
"2499-AJYUA","United States","California","Benton",93512,"37.653947","-118.231443"
"6919-ELBGL","United States","California","Big Pine",93513,"37.245505","-118.062943"
"3966-HRMZA","United States","California","Bishop",93514,"37.045840","-118.397236"
"6425-JWTDV","United States","California","Boron",93516,"34.957030","-117.730450"
"8405-IGQFX","United States","California","Bridgeport",93517,"38.184583","-119.286558"
"8224-IVVPA","United States","California","Caliente",93518,"35.358953","-118.527064"
"9477-LGWQI","United States","California","Darwin",93522,"36.319181","-117.593053"
"1410-RSCMR","United States","California","Edwards",93523,"34.966777","-117.961179"
"3115-CZMZD","United States","California","Independence",93526,"36.869584","-118.189241"
"0139-IVFJG","United States","California","Inyokern",93527,"36.041315","-118.188235"
"5730-DBDSI","United States","California","June Lake",93529,"37.730269","-119.055813"
"0030-FNXPP","United States","California","Keeler",93530,"36.560498","-117.962461"
"5684-FJVYR","United States","California","Lake Hughes",93532,"34.659579","-118.584212"
"4013-GUXND","United States","California","Lancaster",93534,"34.727529","-118.153098"
"1266-NZYUI","United States","California","Lee Vining",93541,"37.890145","-119.184087"
"7969-FFOWG","United States","California","Littlerock",93543,"34.505273","-117.955054"
"4718-DHSMV","United States","California","Llano",93544,"34.500091","-117.765862"
"5175-WLYXL","United States","California","Lone Pine",93545,"36.590415","-118.073839"
"7817-OMJNA","United States","California","Mammoth Lakes",93546,"37.550074","-118.837167"
"8728-SKJLR","United States","California","Olancha",93549,"36.296851","-117.865469"
"3137-NYQQI","United States","California","Palmdale",93550,"34.536232","-118.082935"
"7706-DZNKK","United States","California","Palmdale",93551,"34.613476","-118.256358"
"8823-RLPWL","United States","California","Rosamond",93560,"34.903052","-118.411251"
"9505-SQFSW","United States","California","Tehachapi",93561,"35.073777","-118.652112"
"3758-CKOQL","United States","California","Valyermo",93563,"34.395830","-117.734568"
"5676-CFLYY","United States","California","Ahwahnee",93601,"37.375816","-119.739935"
"7521-AFHAB","United States","California","Auberry",93602,"36.991762","-119.242874"
"0285-INHLN","United States","California","Badger",93603,"36.645450","-118.924982"
"5125-CNDSP","United States","California","Big Creek",93605,"37.172770","-119.299700"
"4992-LTJNE","United States","California","Cantua Creek",93608,"36.488056","-120.407691"
"2202-OUTMO","United States","California","Caruthers",93609,"36.527600","-119.865999"
"0810-BDHAW","United States","California","Chowchilla",93610,"37.100948","-120.270136"
"0229-LFJAF","United States","California","Clovis",93611,"36.917652","-119.593757"
"7131-ZQZNK","United States","California","Clovis",93612,"36.814539","-119.711868"
"3442-ZHHCC","United States","California","Coarsegold",93614,"37.212191","-119.749323"
"5726-CVNYA","United States","California","Cutler",93615,"36.497895","-119.285484"
"9871-ELEYA","United States","California","Del Rey",93616,"36.657462","-119.595293"
"4257-GAESD","United States","California","Dinuba",93618,"36.523619","-119.386868"
"5173-WXOQV","United States","California","Dos Palos",93620,"37.045728","-120.630682"
"2040-OBMLJ","United States","California","Dunlap",93621,"36.789213","-119.140338"
"6286-ZHAOK","United States","California","Firebaugh",93622,"36.785618","-120.625382"
"3807-XHCJH","United States","California","Fish Camp",93623,"37.483535","-119.679414"
"5671-RQRLP","United States","California","Fowler",93625,"36.625792","-119.672483"
"8859-AXJZP","United States","California","Helm",93627,"36.520537","-120.118055"
"3174-AKMAS","United States","California","Hume",93628,"36.807595","-118.901544"
"9926-PJHDQ","United States","California","Kingsburg",93631,"36.478239","-119.521370"
"7382-DFJTU","United States","California","Lakeshore",93634,"37.290606","-119.216328"
"2798-NYLMZ","United States","California","Los Banos",93635,"36.995162","-120.955099"
"8098-TDCBU","United States","California","North Fork",93643,"37.244307","-119.470256"
"3551-GAEGL","United States","California","Oakhurst",93644,"37.648647","-119.231447"
"4785-NKHCX","United States","California","O Neals",93645,"37.140104","-119.657092"
"3196-NVXLZ","United States","California","Orange Cove",93646,"36.633498","-119.298895"
"0036-IHMOT","United States","California","Parlier",93648,"36.622237","-119.521126"
"4178-EGMON","United States","California","Prather",93651,"37.007238","-119.505661"
"4220-TINQT","United States","California","Raisin City",93652,"36.594542","-119.905245"
"5318-YKDPV","United States","California","Raymond",93653,"37.252057","-119.957830"
"7975-TZMLR","United States","California","Reedley",93654,"36.636638","-119.421842"
"0295-QVKPB","United States","California","Riverdale",93656,"36.452211","-119.945750"
"4335-BSMJS","United States","California","Sanger",93657,"36.819628","-119.440414"
"9146-JRIOX","United States","California","Shaver Lake",93664,"37.223000","-119.001021"
"5337-IIWKZ","United States","California","Sultana",93666,"36.545353","-119.338535"
"9650-VBUOG","United States","California","Tranquillity",93668,"36.635661","-120.288644"
"3487-EARAT","United States","California","Wishon",93669,"37.287758","-119.548156"
"2672-TGEFF","United States","California","Traver",93673,"36.456091","-119.486225"
"4250-WAROZ","United States","California","Fresno",93701,"36.749403","-119.787574"
"8184-WMOFI","United States","California","Fresno",93702,"36.739385","-119.753649"
"6092-QZVPP","United States","California","Fresno",93704,"36.799648","-119.801247"
"4625-LAMOB","United States","California","Fresno",93705,"36.787240","-119.827813"
"0392-BZIUW","United States","California","Fresno",93710,"36.822715","-119.761826"
"6549-NNDYT","United States","California","Fresno",93720,"36.878709","-119.764500"
"0422-OHQHQ","United States","California","Fresno",93722,"36.789790","-119.929894"
"6916-HIJSE","United States","California","Fresno",93725,"36.623632","-119.741322"
"2316-ESMLS","United States","California","Fresno",93726,"36.793601","-119.761131"
"9778-OGKQZ","United States","California","Fresno",93727,"36.751489","-119.680720"
"7408-OFWXJ","United States","California","Fresno",93728,"36.757345","-119.818274"
"6007-TCTST","United States","California","Salinas",93901,"36.641520","-121.622188"
"2252-NKNSI","United States","California","Salinas",93905,"36.667794","-121.601306"
"8713-IGZSO","United States","California","Salinas",93906,"36.722898","-121.633648"
"7905-TVXTA","United States","California","Salinas",93907,"36.774620","-121.664714"
"7695-PKLCZ","United States","California","Salinas",93908,"36.624338","-121.615669"
"8374-UULRV","United States","California","Carmel By The Sea",93921,"36.554618","-121.922239"
"3224-DFQNQ","United States","California","Carmel Valley",93924,"36.414611","-121.638600"
"5275-PMFUT","United States","California","Chualar",93925,"36.596271","-121.442274"
"4795-UXVCJ","United States","California","Gonzales",93926,"36.525880","-121.396719"
"9777-IQHWP","United States","California","Greenfield",93927,"36.248708","-121.386617"
"0979-MOZQI","United States","California","Monterey",93940,"36.362741","-121.869685"
"2732-ISEZX","United States","California","Pacific Grove",93950,"36.618337","-121.926417"
"0323-XWWTN","United States","California","San Lucas",93954,"36.125529","-120.864443"
"1937-OTUKY","United States","California","Seaside",93955,"36.625114","-121.823565"
"1573-LGXBA","United States","California","Soledad",93960,"36.414216","-121.360597"
"1764-VUUMT","United States","California","Spreckels",93962,"36.624641","-121.647195"
"4713-ZBURT","United States","California","Brisbane",94005,"37.684694","-122.407120"
"3050-GBUSH","United States","California","Burlingame",94010,"37.570280","-122.365778"
"7876-AEHIG","United States","California","Daly City",94015,"37.680844","-122.481310"
"7945-HLKEA","United States","California","Half Moon Bay",94019,"37.455670","-122.407992"
"9342-VNIMQ","United States","California","La Honda",94020,"37.285677","-122.224165"
"3523-BRGUW","United States","California","Los Altos",94022,"37.349546","-122.134356"
"3199-NPKCN","United States","California","Menlo Park",94025,"37.449551","-122.183762"
"5170-PTRKA","United States","California","Atherton",94027,"37.454924","-122.203168"
"4661-NJEUX","United States","California","Portola Valley",94028,"37.369709","-122.215844"
"2123-AGEEN","United States","California","Millbrae",94030,"37.601248","-122.403099"
"1258-YMZNM","United States","California","Montara",94037,"37.540582","-122.509594"
"0048-LUMLS","United States","California","Moss Beach",94038,"37.515556","-122.502311"
"5898-IGSLP","United States","California","Mountain View",94041,"37.388349","-122.075299"
"6259-WJQLC","United States","California","Pacifica",94044,"37.573633","-122.455167"
"7997-EASSD","United States","California","Redwood City",94061,"37.461251","-122.235414"
"0730-KOAVE","United States","California","Redwood City",94062,"37.410567","-122.297152"
"8975-SKGRX","United States","California","Redwood City",94063,"37.499411","-122.196318"
"0678-RLHVP","United States","California","Redwood City",94065,"37.527497","-122.230941"
"2267-FPIMA","United States","California","San Carlos",94070,"37.497915","-122.267361"
"1051-GEJLJ","United States","California","San Gregorio",94074,"37.331762","-122.341444"
"5285-MVEHD","United States","California","Sunnyvale",94087,"37.351100","-122.037311"
"0379-DJQHR","United States","California","Sunnyvale",94089,"37.421633","-122.009613"
"5543-QDCRY","United States","California","San Francisco",94103,"37.773147","-122.411287"
"0297-RBCSG","United States","California","San Francisco",94104,"37.791222","-122.402241"
"4694-PHWFW","United States","California","San Francisco",94105,"37.789168","-122.395009"
"0835-JKADZ","United States","California","San Francisco",94107,"37.768881","-122.395521"
"7508-SMHXL","United States","California","San Francisco",94109,"37.794487","-122.422270"
"3865-YIOTT","United States","California","San Francisco",94110,"37.750021","-122.415201"
"5993-BQHEA","United States","California","San Francisco",94111,"37.801776","-122.402293"
"6024-RUGGH","United States","California","San Francisco",94112,"37.720498","-122.443119"
"3956-CJUST","United States","California","San Francisco",94115,"37.786031","-122.437301"
"4079-WWQQQ","United States","California","San Francisco",94116,"37.744410","-122.486764"
"6103-BOCOU","United States","California","San Francisco",94117,"37.770533","-122.445121"
"5149-TGWDZ","United States","California","San Francisco",94118,"37.781304","-122.461522"
"7471-WNSUF","United States","California","San Francisco",94121,"37.776718","-122.495781"
"8942-DBMHZ","United States","California","San Francisco",94122,"37.760412","-122.484966"
"4301-VVZKA","United States","California","San Francisco",94123,"37.800254","-122.436975"
"9199-PWQVC","United States","California","San Francisco",94124,"37.731505","-122.384532"
"4824-GUCBY","United States","California","San Francisco",94127,"37.736535","-122.457320"
"5393-HJZSM","United States","California","San Francisco",94129,"37.797526","-122.464531"
"0862-PRCBS","United States","California","San Francisco",94132,"37.722302","-122.491129"
"8812-ZRHFP","United States","California","San Francisco",94133,"37.802071","-122.411004"
"5146-CBVOE","United States","California","San Francisco",94134,"37.721052","-122.413573"
"0454-OKRCT","United States","California","Palo Alto",94301,"37.444314","-122.149996"
"5787-KXGIY","United States","California","Palo Alto",94303,"37.458090","-122.115398"
"4198-VFOEA","United States","California","Stanford",94305,"37.424342","-122.165641"
"6630-UJZMY","United States","California","Palo Alto",94306,"37.416159","-122.131337"
"5709-LVOEQ","United States","California","San Mateo",94401,"37.590421","-122.306467"
"2692-AQCPF","United States","California","San Mateo",94403,"37.538309","-122.305109"
"0347-UBKUZ","United States","California","San Mateo",94404,"37.556094","-122.272437"
"0835-DUUIQ","United States","California","Alameda",94501,"37.774633","-122.274434"
"0811-GSDTP","United States","California","Alameda",94502,"37.724817","-122.224363"
"7567-ECMCM","United States","California","Danville",94506,"37.791481","-121.903253"
"6115-ZTBFQ","United States","California","Alamo",94507,"37.855717","-121.994813"
"6353-BRMMA","United States","California","Angwin",94508,"38.542448","-122.419923"
"6231-WFGFH","United States","California","Benicia",94510,"38.113533","-122.119260"
"9904-EHEVJ","United States","California","Bethel Island",94511,"38.050558","-121.646924"
"6169-PPETC","United States","California","Brentwood",94513,"37.908242","-121.682472"
"8584-KMVXD","United States","California","Calistoga",94515,"38.629618","-122.593216"
"8467-WYNSR","United States","California","Clayton",94517,"37.881842","-121.848111"
"0851-DFJKB","United States","California","Concord",94518,"37.950248","-122.022455"
"5382-SOYZL","United States","California","Concord",94519,"37.990118","-122.012188"
"3261-CQXOL","United States","California","Concord",94521,"37.971421","-121.971504"
"8388-FYNPZ","United States","California","Pleasant Hill",94523,"37.953380","-122.076886"
"4002-BQWPQ","United States","California","Crockett",94525,"38.049292","-122.228415"
"5651-YLPRD","United States","California","Danville",94526,"37.815459","-121.977203"
"2826-DXLQO","United States","California","El Cerrito",94530,"37.924838","-122.289145"
"4378-BZYFP","United States","California","Fairfield",94533,"38.287136","-122.027110"
"9489-UTFKA","United States","California","Travis Afb",94535,"38.265899","-121.939461"
"4849-PYRLQ","United States","California","Fremont",94536,"37.572273","-121.964583"
"7764-BDPEE","United States","California","Hayward",94542,"37.656695","-122.048361"
"3429-IFLEM","United States","California","Hayward",94544,"37.639215","-122.037554"
"5002-GCQFH","United States","California","Hercules",94547,"37.991259","-122.214945"
"0556-FJEGU","United States","California","Lafayette",94549,"37.907777","-122.127161"
"0604-THJFP","United States","California","Castro Valley",94552,"37.722727","-122.021570"
"5879-SESNB","United States","California","Moraga",94556,"37.827946","-122.107185"
"6461-PPAXN","United States","California","Napa",94559,"38.232389","-122.324944"
"3318-ISQFQ","United States","California","Newark",94560,"37.504133","-122.032347"
"1106-HRLKZ","United States","California","Oakley",94561,"37.999406","-121.686241"
"2483-XSSMZ","United States","California","Orinda",94563,"37.873916","-122.205220"
"8165-ZJRNM","United States","California","Pittsburg",94565,"38.006047","-121.916834"
"2604-XVDAM","United States","California","Pope Valley",94567,"38.672708","-122.403219"
"3717-OFRTN","United States","California","Dublin",94568,"37.713926","-121.928425"
"9046-JBFWA","United States","California","Port Costa",94569,"38.035707","-122.196821"
"3280-NMUVX","United States","California","Rio Vista",94571,"38.148862","-121.737696"
"1206-EHBDD","United States","California","Rodeo",94572,"38.027218","-122.234630"
"1352-VHKAJ","United States","California","Berkeley",94709,"37.878554","-122.266090"
"8361-LBRDI","United States","California","Saint Helena",94574,"38.581354","-122.296283"
"4883-KCPZJ","United States","California","Deer Park",94576,"38.554383","-122.474773"
"9108-EQPNQ","United States","California","San Leandro",94577,"37.717196","-122.159338"
"7277-KAMWT","United States","California","San Leandro",94578,"37.704384","-122.126703"
"2545-LXYVJ","United States","California","Suisun City",94585,"38.197907","-122.017258"
"3234-VKACU","United States","California","Sunol",94586,"37.587494","-121.862856"
"8120-JDCAM","United States","California","Vallejo",94589,"38.161321","-122.271588"
"8917-FAEMR","United States","California","Vallejo",94590,"38.104705","-122.247387"
"7047-YXDMZ","United States","California","Vallejo",94591,"38.105733","-122.186338"
"2858-EIMXH","United States","California","Vallejo",94592,"38.093701","-122.276589"
"6419-ZTTLE","United States","California","Yountville",94599,"38.421458","-122.365048"
"0929-HYQEW","United States","California","Oakland",94601,"37.776523","-122.219268"
"6614-YOLAC","United States","California","Oakland",94602,"37.803883","-122.208417"
"7426-RHZGU","United States","California","Oakland",94603,"37.739113","-122.175602"
"4065-JJAVA","United States","California","Oakland",94605,"37.758019","-122.138678"
"7649-SIJJF","United States","California","Emeryville",94608,"37.837260","-122.287648"
"9361-YNQWJ","United States","California","Oakland",94609,"37.834341","-122.264370"
"3748-FVMZZ","United States","California","Oakland",94610,"37.808731","-122.238708"
"9391-TTOYH","United States","California","Oakland",94611,"37.828416","-122.216005"
"1452-XRSJV","United States","California","Oakland",94612,"37.809014","-122.269739"
"3422-WJOYD","United States","California","Oakland",94618,"37.845510","-122.235181"
"8242-SOQUO","United States","California","Oakland",94619,"37.787186","-122.146330"
"7460-ITWWP","United States","California","Oakland",94621,"37.750553","-122.197175"
"7147-AYBAA","United States","California","Berkeley",94702,"37.866009","-122.286228"
"7868-TMWMZ","United States","California","Berkeley",94703,"37.863843","-122.275684"
"6732-FZUGP","United States","California","Berkeley",94705,"37.858898","-122.240512"
"8329-GWVPJ","United States","California","Berkeley",94708,"37.897743","-122.263124"
"2632-TACXW","United States","California","Richmond",94801,"37.945288","-122.383941"
"8146-QQKZH","United States","California","El Sobrante",94803,"37.963995","-122.288296"
"1767-CJKBA","United States","California","Richmond",94804,"37.921034","-122.341798"
"6445-TNRXS","United States","California","Richmond",94805,"37.941456","-122.320968"
"4581-LNWUM","United States","California","San Pablo",94806,"37.980269","-122.342635"
"4869-EPIUS","United States","California","San Rafael",94901,"37.972662","-122.491452"
"1915-OAKWD","United States","California","Belvedere Tiburon",94920,"37.885629","-122.468580"
"7296-PIXQY","United States","California","Bodega",94922,"38.343282","-122.975500"
"3354-OADJP","United States","California","Bolinas",94924,"37.943087","-122.723790"
"3524-WQDSG","United States","California","Corte Madera",94925,"37.924014","-122.511694"
"0810-DHDBD","United States","California","Rohnert Park",94928,"38.347190","-122.697822"
"4026-SKKHW","United States","California","Dillon Beach",94929,"38.244580","-122.956268"
"2829-HYVZP","United States","California","Fairfax",94930,"37.971751","-122.611873"
"3845-JHAMY","United States","California","Inverness",94937,"38.099323","-122.945723"
"7013-PSXHK","United States","California","Lagunitas",94938,"38.021772","-122.691744"
"3486-NPGST","United States","California","Mill Valley",94941,"37.901371","-122.572024"
"6100-FJZDG","United States","California","Olema",94950,"38.052209","-122.775567"
"4829-ZLJTK","United States","California","Penngrove",94951,"38.325599","-122.642352"
"1730-VFMWO","United States","California","Petaluma",94952,"38.237018","-122.778720"
"7143-BQIBA","United States","California","Petaluma",94954,"38.235021","-122.557332"
"3800-LYTRK","United States","California","Point Reyes Station",94956,"38.060264","-122.830646"
"9646-NMHXE","United States","California","San Geronimo",94963,"38.004740","-122.663717"
"7030-NJVDP","United States","California","San Quentin",94964,"37.942551","-122.491642"
"8883-GRDWQ","United States","California","Stinson Beach",94970,"37.921137","-122.657562"
"7771-ZONAT","United States","California","Woodacre",94973,"38.005839","-122.638155"
"2111-DWYHN","United States","California","Aptos",95003,"37.013471","-121.877877"
"4194-WHFCB","United States","California","Aromas",95004,"36.878364","-121.629781"
"4121-AGSIN","United States","California","Ben Lomond",95005,"37.078873","-122.090386"
"9845-PEEKO","United States","California","Brookdale",95007,"37.106902","-122.100006"
"0455-XFASS","United States","California","Campbell",95008,"37.279689","-121.954567"
"0301-KOBTQ","United States","California","Capitola",95010,"36.977025","-121.952864"
"1751-NCDLI","United States","California","Castroville",95012,"36.784481","-121.759054"
"4367-NUYAO","United States","California","Cupertino",95014,"37.306612","-122.080621"
"9170-ARBTB","United States","California","Felton",95018,"37.089111","-122.062213"
"7241-AJHFS","United States","California","Hollister",95023,"36.875409","-121.279679"
"4546-FOKWR","United States","California","Los Gatos",95032,"37.233034","-121.947427"
"9036-CSKBW","United States","California","Los Gatos",95033,"37.160194","-121.945611"
"5832-TRLPB","United States","California","Milpitas",95035,"37.441931","-121.878502"
"8590-YFFQO","United States","California","Morgan Hill",95037,"37.161544","-121.649371"
"8659-IOOPU","United States","California","Moss Landing",95039,"36.863303","-121.781632"
"1338-CECEE","United States","California","Mount Hermon",95041,"37.051166","-122.056194"
"7439-DKZTW","United States","California","Paicines",95043,"36.525703","-120.952122"
"4646-QZXTF","United States","California","San Juan Bautista",95045,"36.810568","-121.503022"
"9742-XOKTS","United States","California","Santa Clara",95050,"37.351214","-121.952417"
"6921-OZMFH","United States","California","Santa Clara",95051,"37.348129","-121.984690"
"9578-FOMUK","United States","California","Santa Clara",95054,"37.393554","-121.965114"
"4712-UYOOI","United States","California","Santa Cruz",95060,"36.993451","-122.098858"
"7722-CVFXN","United States","California","Santa Cruz",95064,"37.007882","-122.065975"
"8717-VCTXJ","United States","California","Santa Cruz",95065,"37.031404","-121.981865"
"7363-QTBIW","United States","California","Scotts Valley",95066,"37.070177","-122.010077"
"4159-NAAIX","United States","California","Saratoga",95070,"37.257772","-122.051824"
"0971-QIFJK","United States","California","Soquel",95073,"37.023669","-121.946461"
"9397-TZSHA","United States","California","Watsonville",95076,"36.931654","-121.752383"
"3391-JSQEW","United States","California","San Jose",95110,"37.346670","-121.910019"
"0343-QLUZP","United States","California","San Jose",95111,"37.284265","-121.827673"
"2176-LVPNX","United States","California","San Jose",95113,"37.333851","-121.891147"
"3312-UUMZW","United States","California","San Jose",95117,"37.311088","-121.961786"
"1271-UODNO","United States","California","San Jose",95118,"37.255479","-121.889838"
"8461-EFQYM","United States","California","San Jose",95119,"37.233226","-121.788090"
"6900-RBKER","United States","California","San Jose",95120,"37.186141","-121.843554"
"6891-JPYFF","United States","California","San Jose",95121,"37.304681","-121.809955"
"1459-QNFQT","United States","California","San Jose",95122,"37.328860","-121.834567"
"1047-NNCBF","United States","California","San Jose",95123,"37.238758","-121.828375"
"3696-XRIEN","United States","California","San Jose",95124,"37.257063","-121.923037"
"0074-HDKDG","United States","California","San Jose",95126,"37.327069","-121.916819"
"8791-GFXLZ","United States","California","San Jose",95127,"37.375156","-121.795867"
"9330-DHBFL","United States","California","San Jose",95130,"37.277592","-121.986477"
"0098-BOWSO","United States","California","San Jose",95131,"37.387027","-121.897775"
"3452-ABWRL","United States","California","San Jose",95132,"37.424655","-121.748410"
"5859-HZYLF","United States","California","San Jose",95133,"37.371862","-121.860349"
"3156-QLHBO","United States","California","San Jose",95136,"37.270938","-121.851046"
"2208-NQBCT","United States","California","San Jose",95138,"37.246064","-121.749494"
"1779-PWPMG","United States","California","San Jose",95139,"37.218705","-121.762429"
"6621-NRZAK","United States","California","Mount Hamilton",95140,"37.382909","-121.634151"
"0831-JNISG","United States","California","San Jose",95148,"37.339533","-121.777179"
"0774-IFUVM","United States","California","Stockton",95202,"37.959706","-121.287669"
"3082-WQRVY","United States","California","Stockton",95203,"37.954089","-121.329761"
"9553-DLCLU","United States","California","Stockton",95204,"37.974498","-121.319568"
"1641-BYBTK","United States","California","Stockton",95205,"37.965695","-121.260051"
"2460-NGXBJ","United States","California","Stockton",95206,"37.902422","-121.440029"
"2446-ZKVAF","United States","California","Stockton",95207,"38.002125","-121.324979"
"3522-CDKHF","United States","California","Stockton",95210,"38.033219","-121.297433"
"1430-SFQSA","United States","California","Stockton",95212,"38.049457","-121.216530"
"0411-EZJZE","United States","California","Stockton",95215,"37.946282","-121.139499"
"8807-ARQET","United States","California","Angels Camp",95222,"38.071327","-120.632221"
"8992-CEUEN","United States","California","Arnold",95223,"38.321530","-120.236358"
"4320-QMLLA","United States","California","Avery",95224,"38.208336","-120.339938"
"8777-PVYGU","United States","California","Burson",95225,"38.183918","-120.898817"
"8292-ITGYJ","United States","California","Campo Seco",95226,"38.233879","-120.861666"
"6870-ZWMNX","United States","California","Clements",95227,"38.227285","-121.027890"
"0621-CXBKL","United States","California","Copperopolis",95228,"37.943954","-120.671080"
"5268-DSMNQ","United States","California","Farmington",95230,"37.956963","-120.863055"
"5334-JLAXU","United States","California","French Camp",95231,"37.873283","-121.292034"
"6242-MBHPK","United States","California","Hathaway Pines",95233,"38.184914","-120.364085"
"9359-UGBTK","United States","California","Lockeford",95237,"38.166791","-121.142070"
"4782-OSFXZ","United States","California","Lodi",95242,"38.128087","-121.407800"
"6479-OAUSD","United States","California","Mokelumne Hill",95245,"38.304194","-120.592431"
"7129-ACFOG","United States","California","Mountain Ranch",95246,"38.264262","-120.515133"
"4189-NAKJS","United States","California","Murphys",95247,"38.147852","-120.440124"
"5562-BETPV","United States","California","San Andreas",95249,"38.196497","-120.616890"
"1282-IHQAC","United States","California","Sheep Ranch",95250,"38.244806","-120.417301"
"9127-FHJBZ","United States","California","Vallecito",95251,"38.055562","-120.456298"
"1641-RQDAY","United States","California","Wallace",95254,"38.192608","-120.957842"
"6994-ORCWG","United States","California","Wilseyville",95257,"38.392686","-120.415951"
"1346-UFHAX","United States","California","Woodbridge",95258,"38.169605","-121.310964"
"2933-XEUJM","United States","California","Ballico",95303,"37.469500","-120.672724"
"5461-QKNTN","United States","California","Catheys Valley",95306,"37.394411","-120.127262"
"4835-YSJMR","United States","California","Ceres",95307,"37.553469","-120.952825"
"3164-YAXFY","United States","California","Coulterville",95311,"37.722127","-120.110174"
"0887-WBJVH","United States","California","Cressey",95312,"37.420273","-120.665270"
"4660-IRIBM","United States","California","Crows Landing",95313,"37.435664","-121.049056"
"7670-ZBPOQ","United States","California","Denair",95316,"37.524721","-120.757977"
"8089-UZWLX","United States","California","El Nido",95317,"37.127386","-120.506422"
"0080-OROZO","United States","California","El Portal",95318,"37.654551","-119.822984"
"3916-NRPAP","United States","California","Escalon",95320,"37.818543","-121.006907"
"6807-SIWJI","United States","California","Groveland",95321,"37.902968","-119.667544"
"8221-HVAYI","United States","California","Gustine",95322,"37.147198","-121.120161"
"5232-NXPAY","United States","California","Hilmar",95324,"37.394536","-120.890747"
"8967-SZQAS","United States","California","Hornitos",95325,"37.479926","-120.230424"
"4468-KAZHE","United States","California","Hughson",95326,"37.592300","-120.853288"
"0455-ENTCR","United States","California","Jamestown",95327,"37.847710","-120.486589"
"8944-AILEF","United States","California","Keyes",95328,"37.555631","-120.911653"
"5542-NKVRU","United States","California","La Grange",95329,"37.666587","-120.411517"
"7126-RBHSD","United States","California","Lathrop",95330,"37.808210","-121.308401"
"5370-IIVVL","United States","California","Le Grand",95333,"37.249377","-120.249581"
"6789-HJBWG","United States","California","Livingston",95334,"37.361987","-120.748394"
"9087-EYCPR","United States","California","Manteca",95336,"37.830267","-121.201018"
"6791-YBNAK","United States","California","Manteca",95337,"37.750822","-121.238423"
"6077-BDPXA","United States","California","Merced",95340,"37.255637","-120.493537"
"0013-MHZWF","United States","California","Midpines",95345,"37.581496","-119.972762"
"8268-YDIXR","United States","California","Merced",95348,"37.401220","-120.514191"
"4291-SHSBH","United States","California","Modesto",95354,"37.639029","-120.964772"
"6980-IMXXE","United States","California","Modesto",95355,"37.672906","-120.946594"
"0040-HALCW","United States","California","Modesto",95358,"37.612612","-121.108568"
"0784-GTUUK","United States","California","Newman",95360,"37.343846","-121.039391"
"2294-DMMUS","United States","California","Patterson",95363,"37.410236","-121.320337"
"0872-JCPIB","United States","California","Pinecrest",95364,"38.224869","-119.755729"
"3055-MJDSB","United States","California","Planada",95365,"37.329725","-120.306399"
"9091-WTUUY","United States","California","Ripon",95366,"37.750778","-121.132380"
"7115-IRDHS","United States","California","Sonora",95370,"37.982716","-120.343732"
"8496-DMZUK","United States","California","Soulsbyville",95372,"37.990574","-120.261821"
"2040-VZIKE","United States","California","Stevinson",95374,"37.316807","-120.855753"
"9068-VPWQQ","United States","California","Tracy",95376,"37.680968","-121.446049"
"0178-SZBHO","United States","California","Tuolumne",95379,"37.939768","-120.188002"
"0384-RVBPI","United States","California","Turlock",95380,"37.474396","-120.875917"
"1299-AURJA","United States","California","Twain Harte",95383,"38.107441","-120.230625"
"4525-VZCZG","United States","California","Vernalis",95385,"37.609095","-121.263381"
"1543-LLLFT","United States","California","Waterford",95386,"37.669516","-120.626964"
"2788-CJQAQ","United States","California","Winton",95388,"37.421299","-120.599587"
"0319-QZTCO","United States","California","Santa Rosa",95401,"38.460517","-122.790335"
"2120-SMPEX","United States","California","Santa Rosa",95403,"38.488431","-122.752839"
"0096-FCPUF","United States","California","Santa Rosa",95404,"38.526941","-122.709096"
"0668-OGMHD","United States","California","Santa Rosa",95405,"38.439696","-122.668817"
"6507-ZJSUR","United States","California","Albion",95410,"39.225694","-123.717354"
"9408-HRXRK","United States","California","Annapolis",95412,"38.731055","-123.316553"
"5593-SUAOO","United States","California","Boonville",95415,"39.025867","-123.381544"
"6766-HFKLA","United States","California","Cazadero",95421,"38.578807","-123.193380"
"7617-EYGLW","United States","California","Clearlake Oaks",95423,"39.071160","-122.598542"
"9220-ZNKJI","United States","California","Cobb",95426,"38.838088","-122.732030"
"2226-ICFDO","United States","California","Covelo",95428,"39.833070","-123.178765"
"0723-VSOBE","United States","California","Dos Rios",95429,"39.756049","-123.358701"
"5529-GIBVH","United States","California","Duncans Mills",95430,"38.445603","-123.063756"
"9992-UJOEL","United States","California","Elk",95432,"39.108252","-123.645121"
"4741-WWJQZ","United States","California","Forestville",95436,"38.499302","-122.924440"
"6625-UTXEW","United States","California","Fort Bragg",95437,"39.455555","-123.683979"
"6244-BESBM","United States","California","Geyserville",95441,"38.731771","-123.064272"
"1004-NOZNR","United States","California","Glen Ellen",95442,"38.368744","-122.522642"
"1251-STYSZ","United States","California","Glenhaven",95443,"39.045246","-122.743181"
"2612-PHGOX","United States","California","Graton",95444,"38.434362","-122.868910"
"8480-PPONV","United States","California","Guerneville",95446,"38.525760","-123.013347"
"8780-IHCRN","United States","California","Healdsburg",95448,"38.618347","-122.908422"
"4598-ZADCK","United States","California","Hopland",95449,"38.937060","-123.118111"
"1257-SXUXQ","United States","California","Jenner",95450,"38.505995","-123.187019"
"9681-KYGYB","United States","California","Kelseyville",95451,"38.934960","-122.792243"
"7182-OVLBJ","United States","California","Kenwood",95452,"38.419525","-122.521585"
"5095-ETBRJ","United States","California","Lakeport",95453,"39.080469","-122.955176"
"7005-CYUIL","United States","California","Laytonville",95454,"39.806141","-123.531098"
"4821-WQOYN","United States","California","Little River",95456,"39.245911","-123.772140"
"4730-AWNAU","United States","California","Lower Lake",95457,"38.925545","-122.549083"
"3452-FLHYD","United States","California","Lucerne",95458,"39.141934","-122.770679"
"2388-LAESQ","United States","California","Manchester",95459,"38.966713","-123.586412"
"9531-NSBMR","United States","California","Mendocino",95460,"39.305545","-123.743697"
"6260-ONULR","United States","California","Middletown",95461,"38.787446","-122.586750"
"4389-UEFCZ","United States","California","Monte Rio",95462,"38.471049","-123.015549"
"8711-LOBKY","United States","California","Navarro",95463,"39.182916","-123.552571"
"8985-OOPOS","United States","California","Occidental",95465,"38.415003","-122.998726"
"8800-ZKRFW","United States","California","Philo",95466,"39.094102","-123.500853"
"2616-FLVQC","United States","California","Point Arena",95468,"38.911299","-123.609588"
"9968-FFVVH","United States","California","Potter Valley",95469,"39.408634","-123.045516"
"3108-PCCGG","United States","California","Redwood Valley",95470,"39.298065","-123.252110"
"8390-FESFV","United States","California","Sebastopol",95472,"38.398815","-122.861923"
"3022-BEXHZ","United States","California","Sonoma",95476,"38.254850","-122.461799"
"6248-TKCQV","United States","California","Upper Lake",95485,"39.220368","-122.907693"
"6729-GDNGC","United States","California","Westport",95488,"39.724433","-123.767578"
"6198-ZFIOJ","United States","California","Willits",95490,"39.492046","-123.375818"
"5989-OMNJE","United States","California","Windsor",95492,"38.527297","-122.810044"
"1291-CUOCY","United States","California","Yorkville",95494,"38.888351","-123.239647"
"9795-SHUHB","United States","California","The Sea Ranch",95497,"38.696659","-123.436861"
"3230-IUALN","United States","California","Eureka",95501,"40.796621","-124.154280"
"3070-BDOQC","United States","California","Sacramento",95827,"38.549185","-121.328386"
"0042-RLHYP","United States","California","Eureka",95503,"40.737431","-124.108897"
"4945-RVMTE","United States","California","Blocksburg",95514,"40.309088","-123.668201"
"1866-NXPSP","United States","California","Arcata",95521,"40.839958","-124.003757"
"3941-XTSKM","United States","California","Burnt Ranch",95527,"40.854512","-123.450097"
"1661-CZBAU","United States","California","Carlotta",95528,"40.497283","-123.930370"
"5158-RIVOP","United States","California","Fields Landing",95537,"40.726949","-124.217378"
"9788-YTFGE","United States","California","Fortuna",95540,"40.584991","-124.121504"
"9277-JOOMO","United States","California","Garberville",95542,"40.057784","-123.679461"
"1907-YLNYW","United States","California","Gasquet",95543,"41.867908","-123.794144"
"8947-YRTDV","United States","California","Hoopa",95546,"41.163637","-123.704841"
"3161-ONRWK","United States","California","Hydesville",95547,"40.557314","-124.081662"
"0114-RSRRW","United States","California","Klamath",95548,"41.572813","-124.035011"
"4565-NLZBV","United States","California","Kneeland",95549,"40.664483","-123.865325"
"6682-VCIXC","United States","California","Mad River",95552,"40.390301","-123.412327"
"6475-VHUIZ","United States","California","Myers Flat",95554,"40.267158","-123.805913"
"3910-MRQOY","United States","California","Orick",95555,"41.336354","-124.044354"
"0661-WCQNQ","United States","California","Orleans",95556,"41.269521","-123.546958"
"7537-RBWEA","United States","California","Petrolia",95558,"40.274302","-124.210902"
"4656-CAURT","United States","California","Phillipsville",95559,"40.184094","-123.745487"
"0121-SNYRK","United States","California","Redway",95560,"40.142256","-123.852927"
"3733-LSYCE","United States","California","Samoa",95564,"40.809636","-124.189977"
"6265-FRMTQ","United States","California","Scotia",95565,"40.440636","-124.098739"
"1371-DWPAZ","United States","California","Redcrest",95569,"40.363446","-123.835041"
"2017-CCBLH","United States","California","Weott",95571,"40.310119","-123.909449"
"7690-KPNCU","United States","California","Willow Creek",95573,"40.949012","-123.655847"
"0536-BGFMZ","United States","California","Leggett",95585,"39.873371","-123.741474"
"2293-IJWPS","United States","California","Piercy",95587,"39.955587","-123.681175"
"5469-NUJUR","United States","California","Zenia",95595,"40.170357","-123.417298"
"2625-TRCZQ","United States","California","Auburn",95602,"38.990030","-121.114408"
"4102-HLENU","United States","California","Auburn",95603,"38.912881","-121.082766"
"7266-GSSJX","United States","California","West Sacramento",95605,"38.592745","-121.540036"
"7722-VJRQD","United States","California","Brooks",95606,"38.809804","-122.241383"
"7073-QETQY","United States","California","Capay",95607,"38.681651","-122.130569"
"5624-RYAMH","United States","California","Citrus Heights",95610,"38.695080","-121.271616"
"0196-JTUQI","United States","California","Clarksburg",95612,"38.384648","-121.578701"
"7130-YXBRO","United States","California","Cool",95614,"38.880622","-120.973865"
"9272-LSVYH","United States","California","Courtland",95615,"38.311609","-121.554034"
"3084-DOWLE","United States","California","Citrus Heights",95621,"38.695490","-121.307864"
"1084-MNSMJ","United States","California","El Dorado",95623,"38.631530","-120.842609"
"4238-HFHSN","United States","California","Elverta",95626,"38.734997","-121.463719"
"6250-CGGUN","United States","California","Esparto",95627,"38.834469","-122.127193"
"5478-JJVZK","United States","California","Fair Oaks",95628,"38.652065","-121.254410"
"7596-IIWYC","United States","California","Fiddletown",95629,"38.513484","-120.704613"
"9793-WECQC","United States","California","Foresthill",95631,"39.031876","-120.811141"
"4291-HPAXL","United States","California","Galt",95632,"38.274451","-121.259201"
"8999-YPYBV","United States","California","Garden Valley",95633,"38.852544","-120.837669"
"1839-FBNFR","United States","California","Georgetown",95634,"38.938600","-120.785514"
"3071-MVJCD","United States","California","Grizzly Flats",95636,"38.636102","-120.522149"
"1697-BCSHV","United States","California","Guinda",95637,"38.830739","-122.196202"
"0562-KBDVM","United States","California","Herald",95638,"38.313447","-121.123886"
"1131-SUEKT","United States","California","Hood",95639,"38.375325","-121.507935"
"3717-OEAUQ","United States","California","Ione",95640,"38.337880","-120.954202"
"4538-WNTMJ","United States","California","Isleton",95641,"38.154823","-121.601358"
"9432-RUVSL","United States","California","Kirkwood",95646,"38.631489","-120.015167"
"8060-HIWJJ","United States","California","Lincoln",95648,"38.922812","-121.312005"
"7684-XSZIY","United States","California","Loomis",95650,"38.809175","-121.171375"
"9089-UOWJG","United States","California","Lotus",95651,"38.815515","-120.916997"
"8039-ACLPL","United States","California","Mather",95655,"38.549822","-121.266725"
"9885-AIBVB","United States","California","Newcastle",95658,"38.883224","-121.159180"
"1934-MKPXS","United States","California","Nicolaus",95659,"38.788898","-121.608624"
"2592-YKDIF","United States","California","North Highlands",95660,"38.671295","-121.388251"
"2272-JKMSI","United States","California","Roseville",95661,"38.736685","-121.251984"
"8714-CTZJW","United States","California","Pilot Hill",95664,"38.803731","-121.043799"
"3569-EDBPQ","United States","California","Pine Grove",95665,"38.400264","-120.641274"
"3131-NWVFJ","United States","California","Pioneer",95666,"38.546999","-120.271114"
"7521-YXVZY","United States","California","Placerville",95667,"38.733714","-120.795213"
"2373-NTKOD","United States","California","Rancho Cordova",95670,"38.602723","-121.279913"
"1970-KKFWL","United States","California","Rescue",95672,"38.724322","-120.991237"
"9337-SRRNI","United States","California","Rio Oso",95674,"38.954144","-121.482536"
"0895-UADGO","United States","California","River Pines",95675,"38.545775","-120.743325"
"5678-VFNEQ","United States","California","Rocklin",95677,"38.790400","-121.236973"
"5977-CKHON","United States","California","Roseville",95678,"38.759751","-121.288545"
"2692-BUCFV","United States","California","Shingle Springs",95682,"38.598936","-120.963092"
"1830-GGFNM","United States","California","Somerset",95684,"38.606703","-120.586659"
"5302-BDJNT","United States","California","Sutter Creek",95685,"38.432145","-120.770690"
"5223-UZAVK","United States","California","Thornton",95686,"38.157794","-121.520223"
"4859-ZSRDZ","United States","California","Vacaville",95687,"38.333133","-121.920151"
"5651-WYIPH","United States","California","Vacaville",95688,"38.419088","-122.024568"
"9350-VLHMB","United States","California","Volcano",95689,"38.481902","-120.603668"
"3498-LZGQZ","United States","California","Walnut Grove",95690,"38.240419","-121.587535"
"8785-CJSHH","United States","California","West Sacramento",95691,"38.627951","-121.593287"
"3870-SPZSI","United States","California","Wilton",95693,"38.392559","-121.225093"
"6234-PFPXL","United States","California","Sacramento",95829,"38.486502","-121.334051"
"7560-QRBXH","United States","California","Woodland",95695,"38.719670","-121.862416"
"7077-XJMET","United States","California","Alta",95701,"39.218096","-120.791530"
"8752-GHJFU","United States","California","Applegate",95703,"38.983388","-120.988814"
"6896-SRVYQ","United States","California","Camino",95709,"38.748316","-120.675512"
"4652-ODEVH","United States","California","Dutch Flat",95714,"39.197215","-120.836790"
"6510-UPNKS","United States","California","Emigrant Gap",95715,"39.237540","-120.720196"
"6718-BDGHG","United States","California","Gold Run",95717,"39.170376","-120.838404"
"9046-DQMTP","United States","California","Kyburz",95720,"38.766036","-120.209673"
"6439-LAJXL","United States","California","Echo Lake",95721,"38.851842","-120.076204"
"9052-VKDUW","United States","California","Pollock Pines",95726,"38.733908","-120.453416"
"1666-JZPZT","United States","California","Twin Bridges",95735,"38.805481","-120.132870"
"5777-KJIRB","United States","California","Weimar",95736,"39.009780","-120.978273"
"7677-SJJJK","United States","California","Granite Bay",95746,"38.749466","-121.184196"
"2480-EJWYP","United States","California","Roseville",95747,"38.784329","-121.373245"
"3253-HKOKL","United States","California","Elk Grove",95758,"38.353630","-121.441950"
"7055-HNEOJ","United States","California","El Dorado Hills",95762,"38.684437","-121.055634"
"5514-YQENT","United States","California","Rocklin",95765,"38.823278","-121.281856"
"3211-AAPKX","United States","California","Woodland",95776,"38.694081","-121.694431"
"8445-DNBAE","United States","California","Sacramento",95814,"38.584505","-121.491956"
"2958-NHPPS","United States","California","Sacramento",95816,"38.574856","-121.465040"
"6806-YDEUL","United States","California","Sacramento",95817,"38.550722","-121.457314"
"1735-XMJVH","United States","California","Sacramento",95818,"38.556306","-121.495817"
"6890-PFRQX","United States","California","Sacramento",95819,"38.567594","-121.437507"
"0222-CNVPT","United States","California","Sacramento",95820,"38.535080","-121.444144"
"5899-OUVKV","United States","California","Sacramento",95821,"38.625096","-121.383658"
"8681-ICONS","United States","California","Sacramento",95822,"38.512569","-121.495184"
"1621-YNCJH","United States","California","Sacramento",95823,"38.475465","-121.443625"
"6362-QHAFM","United States","California","Sacramento",95825,"38.590035","-121.412455"
"9824-QCJPK","United States","California","Sacramento",95830,"38.490508","-121.284171"
"4283-IVYCI","United States","California","Sacramento",95832,"38.445939","-121.496855"
"1866-OBPNR","United States","California","Sacramento",95833,"38.619049","-121.517552"
"8205-MQUGY","United States","California","Sacramento",95834,"38.646209","-121.524460"
"8970-ANWXO","United States","California","Sacramento",95835,"38.685069","-121.543709"
"9480-BQJEI","United States","California","Sacramento",95837,"38.691607","-121.602284"
"6979-TNDEU","United States","California","Sacramento",95841,"38.660442","-121.346321"
"9777-WJJPR","United States","California","Sacramento",95842,"38.687367","-121.348480"
"9495-SKLKD","United States","California","Marysville",95901,"39.195140","-121.503883"
"6048-UWKAL","United States","California","Beale Afb",95903,"39.125311","-121.392283"
"5067-DGXLL","United States","California","Alleghany",95910,"39.467828","-120.841386"
"6281-FKEWS","United States","California","Berry Creek",95916,"39.657228","-121.377780"
"8898-KASCD","United States","California","Biggs",95917,"39.457388","-121.818201"
"9242-TKFSV","United States","California","Browns Valley",95918,"39.292334","-121.320597"
"9290-SHCMB","United States","California","Brownsville",95919,"39.440687","-121.263583"
"0743-HNPFG","United States","California","Butte City",95920,"39.449794","-121.936372"
"2277-BKJKN","United States","California","Camptonville",95922,"39.432127","-121.099287"
"5035-PGZXH","United States","California","Chico",95926,"39.745712","-121.843330"
"8695-WDYEA","United States","California","Chico",95928,"39.681488","-121.837210"
"6543-JXSOO","United States","California","Clipper Mills",95930,"39.562239","-121.148360"
"8016-ZMGMO","United States","California","Colusa",95932,"39.273096","-122.050763"
"8605-ITULD","United States","California","Crescent Mills",95934,"40.080342","-120.957805"
"6416-YJTTB","United States","California","Downieville",95936,"39.578792","-120.780786"
"4472-VESGY","United States","California","Durham",95938,"39.607831","-121.777959"
"3195-TQDZX","United States","California","Elk Creek",95939,"39.532220","-122.594879"
"3128-YOVTD","United States","California","Forbestown",95941,"39.531028","-121.248070"
"1728-CXQBE","United States","California","Glenn",95943,"39.597975","-122.032248"
"7041-TXQJH","United States","California","Goodyears Bar",95944,"39.564113","-120.868836"
"5014-GSOUQ","United States","California","Grass Valley",95945,"39.194539","-120.988066"
"5724-BIDBU","United States","California","Penn Valley",95946,"39.203817","-121.195840"
"0481-SUMCB","United States","California","Greenville",95947,"40.160386","-120.835428"
"1769-GRUIK","United States","California","Gridley",95948,"39.346898","-121.759537"
"8819-WFGGJ","United States","California","Grimes",95950,"39.033058","-121.895718"
"7427-AUFPY","United States","California","Hamilton City",95951,"39.732767","-122.042298"
"2811-POVEX","United States","California","Live Oak",95953,"39.258746","-121.776970"
"7898-PDWQE","United States","California","Maxwell",95955,"39.281194","-122.226568"
"9972-EWRJS","United States","California","Meadow Valley",95956,"39.937017","-121.058043"
"9314-IJWSQ","United States","California","Meridian",95957,"39.068071","-121.832638"
"5799-JRCZO","United States","California","North San Juan",95960,"39.423046","-120.984472"
"1921-KYSAY","United States","California","Olivehurst",95961,"39.082568","-121.553250"
"6198-RTPMF","United States","California","Oregon House",95962,"39.342587","-121.249833"
"2924-KHUVI","United States","California","Orland",95963,"39.748037","-122.302169"
"1925-GMVBW","United States","California","Oroville",95965,"39.624561","-121.552866"
"6184-DYUOB","United States","California","Palermo",95968,"39.435756","-121.552071"
"9207-ZPANB","United States","California","Paradise",95969,"39.696760","-121.644379"
"9327-QSDED","United States","California","Quincy",95971,"39.971228","-121.041166"
"1656-DRSMG","United States","California","Chico",95973,"39.903272","-121.843567"
"3012-VFFMN","United States","California","Richvale",95974,"39.495768","-121.747472"
"2984-AFWNC","United States","California","Rough And Ready",95975,"39.225634","-121.156163"
"0640-YJTPY","United States","California","Smartville",95977,"39.176595","-121.291692"
"8096-LOIST","United States","California","Stirling City",95978,"39.904002","-121.527823"
"9764-REAFF","United States","California","Stonyford",95979,"39.288127","-122.415841"
"7107-UBYKY","United States","California","Sutter",95982,"39.172777","-121.805845"
"4881-GQJTW","United States","California","Taylorsville",95983,"40.053684","-120.743116"
"7876-DNYAP","United States","California","Washington",95986,"39.341280","-120.786867"
"7905-NJMXS","United States","California","Williams",95987,"39.117537","-122.284654"
"2882-WDTBA","United States","California","Willows",95988,"39.493991","-122.286363"
"2091-GPPIQ","United States","California","Yuba City",95991,"39.027410","-121.614982"
"5071-FBJFS","United States","California","Redding",96001,"40.587919","-122.464732"
"2796-UUZZO","United States","California","Redding",96002,"40.527834","-122.318749"
"2429-AYKKO","United States","California","Redding",96003,"40.677649","-122.294670"
"9798-OPFEM","United States","California","Adin",96006,"41.171578","-120.913161"
"3794-NFNCH","United States","California","Bella Vista",96008,"40.722733","-122.109666"
"5193-QLVZB","United States","California","Bieber",96009,"41.083464","-121.107929"
"7114-AEOZE","United States","California","Big Bar",96010,"40.775272","-123.287414"
"5522-NYKPB","United States","California","Burney",96013,"40.946785","-121.719489"
"9957-YODKZ","United States","California","Canby",96015,"41.486953","-120.913975"
"6518-KZXCB","United States","California","Cassel",96016,"40.936285","-121.572692"
"2245-ADZFJ","United States","California","Castella",96017,"41.121108","-122.336613"
"7776-QGYJC","United States","California","Shasta Lake",96019,"40.692523","-122.369876"
"9313-QOLTZ","United States","California","Chester",96020,"40.243494","-121.154733"
"4672-FOTSD","United States","California","Dorris",96023,"41.949216","-122.050062"
"9818-XQCUV","United States","California","Dunsmuir",96025,"41.212695","-122.392067"
"7338-ERIVA","United States","California","Etna",96027,"41.405193","-123.008567"
"8259-NFJTV","United States","California","Flournoy",96029,"39.847840","-122.544556"
"3223-DWFIO","United States","California","Forks Of Salmon",96031,"41.232128","-123.194748"
"6968-GMKPR","United States","California","French Gulch",96033,"40.740138","-122.587476"
"4751-ERMAN","United States","California","Gazelle",96034,"41.411315","-122.697236"
"1436-ZMJAN","United States","California","Gerber",96035,"40.031940","-122.176023"
"3292-PBZEJ","United States","California","Greenview",96037,"41.528541","-122.955018"
"0799-DDIHE","United States","California","Grenada",96038,"41.599978","-122.539381"
"3070-FNFZQ","United States","California","Happy Camp",96039,"41.831901","-123.487478"
"2812-SFXMJ","United States","California","Hat Creek",96040,"40.789799","-121.474529"
"5014-WUQMG","United States","California","Hornbrook",96044,"41.962127","-122.527696"
"5312-TSZVC","United States","California","Hyampom",96046,"40.648024","-123.465088"
"0993-OSGPT","United States","California","Junction City",96048,"40.913192","-123.065970"
"7108-DGVUU","United States","California","Lookout",96054,"41.280478","-121.160249"
"2782-JEEBU","United States","California","Los Molinos",96055,"40.059385","-122.091481"
"5127-BZENZ","United States","California","Mcarthur",96056,"41.108310","-121.360362"
"2720-FVBQP","United States","California","Mccloud",96057,"41.251322","-122.105209"
"9906-NHHVC","United States","California","Macdoel",96058,"41.769709","-121.920630"
"4522-XRWWI","United States","California","Manton",96059,"40.426679","-121.850421"
"3766-EJLFL","United States","California","Mill Creek",96061,"40.331975","-121.460674"
"5939-SXWHM","United States","California","Millville",96062,"40.531257","-122.148139"
"8152-UOBNY","United States","California","Mineral",96063,"40.408796","-121.579609"
"7351-KYHQH","United States","California","Montague",96064,"41.759864","-122.379175"
"7643-RCHXS","United States","California","Montgomery Creek",96065,"40.877552","-121.885884"
"8246-SHFGA","United States","California","Mount Shasta",96067,"41.338320","-122.290756"
"0620-XEFWH","United States","California","Oak Run",96069,"40.689243","-122.037023"
"6485-QXWWE","United States","California","Old Station",96071,"40.656287","-121.428965"
"7321-VGNKU","United States","California","Paskenta",96074,"39.884395","-122.587513"
"5327-CNLUQ","United States","California","Paynes Creek",96075,"40.343213","-121.815412"
"7552-KEYGT","United States","California","Platina",96076,"40.367964","-122.937379"
"5816-JMLGY","United States","California","Red Bluff",96080,"40.186772","-122.388361"
"2927-QRRQV","United States","California","Scott Bar",96085,"41.737962","-123.075570"
"6265-SXWBU","United States","California","Shingletown",96088,"40.497441","-121.827524"
"7941-RCJOW","United States","California","Tehama",96090,"40.021787","-122.127576"
"6374-NTQLP","United States","California","Trinity Center",96091,"41.081847","-122.700545"
"2387-KDZQY","United States","California","Weaverville",96093,"40.759401","-122.939337"
"3584-WKTTW","United States","California","Weed",96094,"41.465121","-122.380947"
"3399-BMLVW","United States","California","Whitmore",96096,"40.637105","-121.906949"
"1971-DTCZB","United States","California","Yreka",96097,"41.764869","-122.671316"
"3374-PZLXD","United States","California","Blairsden Graeagle",96103,"39.783747","-120.661032"
"3813-DHBBB","United States","California","Cedarville",96104,"41.505916","-120.152505"
"2812-REYAT","United States","California","Chilcoot",96105,"39.872961","-120.198876"
"6518-PPLMZ","United States","California","Clio",96106,"39.745805","-120.580882"
"4939-KYYPY","United States","California","Coleville",96107,"38.425280","-119.475741"
"5930-GBIWP","United States","California","Doyle",96109,"40.012675","-120.101857"
"6022-KOUQO","United States","California","Eagleville",96110,"41.280341","-120.150381"
"2361-UPSND","United States","California","Herlong",96113,"40.198234","-120.180890"
"6035-RIIOM","United States","California","Janesville",96114,"40.294034","-120.512622"
"9504-DSHWM","United States","California","Litchfield",96117,"40.507272","-120.338228"
"5035-BVCXS","United States","California","Loyalton",96118,"39.637471","-120.226338"
"6267-DCFFZ","United States","California","Madeline",96119,"41.042003","-120.506086"
"3533-UVMOM","United States","California","Markleeville",96120,"38.735789","-119.857980"
"2439-LYPMQ","United States","California","Milford",96121,"40.181279","-120.392967"
"1478-VPOAD","United States","California","Calpine",96124,"39.672813","-120.456699"
"9995-HOTOH","United States","California","Sierra City",96125,"39.600599","-120.636358"
"2988-PLAHS","United States","California","Sierraville",96126,"39.559709","-120.345639"
"1371-OJCEK","United States","California","Standish",96128,"40.346634","-120.386422"
"4999-IEZLT","United States","California","Susanville",96130,"40.559177","-120.612113"
"8883-ANODQ","United States","California","Termo",96132,"41.027281","-120.669427"
"2351-RRBUE","United States","California","Tulelake",96134,"41.813521","-121.492666"
"5980-BDHPY","United States","California","Wendel",96136,"40.345949","-120.081187"
"1498-DQNRX","United States","California","Westwood",96137,"40.271535","-121.018087"
"9469-WEJBT","United States","California","Carnelian Bay",96140,"39.227434","-120.091806"
"2581-VKIRT","United States","California","Kings Beach",96143,"39.246654","-120.029273"
"7426-WEIJX","United States","California","Olympic Valley",96146,"39.191797","-120.212401"
"2851-MMUTZ","United States","California","Tahoe Vista",96148,"39.241240","-120.054765"
"3307-TLCUD","United States","California","Los Angeles",90001,"33.973616","-118.249020"
"6625-FLENO","United States","California","Los Angeles",90002,"33.949255","-118.246978"
"2967-MXRAV","United States","California","Los Angeles",90003,"33.964131","-118.272783"
"8189-HBVRW","United States","California","Los Angeles",90005,"34.059281","-118.307420"
"4163-KIUHY","United States","California","Los Angeles",90006,"34.048013","-118.293953"
"3500-NSDOA","United States","California","Los Angeles",90008,"34.008293","-118.346766"
"1171-TYKUR","United States","California","Los Angeles",90010,"34.062125","-118.315709"
"3761-FLYZI","United States","California","Los Angeles",90011,"34.007090","-118.258681"
"1219-NNDDO","United States","California","Los Angeles",90015,"34.039224","-118.266293"
"8388-DMKAE","United States","California","Los Angeles",90016,"34.028331","-118.354338"
"4403-BWPAY","United States","California","Los Angeles",90017,"34.052842","-118.264495"
"9659-QEQSY","United States","California","Los Angeles",90018,"34.028735","-118.317236"
"5405-ZMYXQ","United States","California","Los Angeles",90019,"34.049841","-118.338460"
"1442-OKRJE","United States","California","Los Angeles",90021,"34.029043","-118.239504"
"4737-AQCPU","United States","California","Los Angeles",90022,"34.023810","-118.156582"
"2808-CHTDM","United States","California","Los Angeles",90024,"34.066303","-118.435479"
"0793-TWELN","United States","California","Los Angeles",90026,"34.078991","-118.263804"
"3283-WCWXT","United States","California","Los Angeles",90027,"34.127194","-118.295647"
"1060-ENTOF","United States","California","Los Angeles",90028,"34.099869","-118.326843"
"0999-QXNSA","United States","California","Los Angeles",90029,"34.089953","-118.294824"
"5451-MHQOF","United States","California","Los Angeles",90031,"34.085807","-118.206617"
"4836-WNFNO","United States","California","Los Angeles",90032,"34.078821","-118.177576"
"9225-BZLNZ","United States","California","Los Angeles",90033,"34.050198","-118.210946"
"0354-VXMJC","United States","California","Los Angeles",90034,"34.030578","-118.399613"
"4422-QVIJA","United States","California","Los Angeles",90035,"34.051809","-118.383843"
"9365-SRSZE","United States","California","Los Angeles",90036,"34.070291","-118.349191"
"8332-OSJDW","United States","California","Los Angeles",90038,"34.088017","-118.327168"
"4735-BJKOU","United States","California","Los Angeles",90039,"34.110845","-118.259595"
"0274-JKUJR","United States","California","Los Angeles",90040,"33.994524","-118.149953"
"5740-YHGTW","United States","California","Los Angeles",90041,"34.137412","-118.207607"
"8917-SZTTJ","United States","California","Los Angeles",90042,"34.115720","-118.192754"
"1696-MZVAU","United States","California","Los Angeles",90043,"33.988543","-118.334081"
"7359-WWYJV","United States","California","Los Angeles",90044,"33.952714","-118.292061"
"4906-ZHGPK","United States","California","Los Angeles",90046,"34.108455","-118.362081"
"3795-GWTRD","United States","California","Los Angeles",90048,"34.072945","-118.372670"
"1298-PHBTI","United States","California","Los Angeles",90049,"34.091829","-118.491244"
"6223-DHJGV","United States","California","Los Angeles",90056,"33.987945","-118.370442"
"6961-MJKBO","United States","California","Los Angeles",90057,"34.061918","-118.277939"
"8158-WPEZG","United States","California","Los Angeles",90061,"33.921280","-118.274186"
"4918-FYJNT","United States","California","Los Angeles",90063,"34.044271","-118.185237"
"0727-BNRLG","United States","California","Los Angeles",90064,"34.037251","-118.423573"
"4854-CIDCF","United States","California","Los Angeles",90065,"34.108833","-118.229715"
"3280-MRDOF","United States","California","Los Angeles",90067,"34.057496","-118.413959"
"6435-SRWBJ","United States","California","Los Angeles",90068,"34.137411","-118.328915"
"9964-WBQDJ","United States","California","West Hollywood",90069,"34.093781","-118.381061"
"6303-KFWSL","United States","California","Los Angeles",90071,"34.052917","-118.255178"
"1702-CCFNJ","United States","California","Los Angeles",90077,"34.102084","-118.451629"
"8932-CZHRQ","United States","California","Bell",90201,"33.970343","-118.171368"
"0386-CWRGM","United States","California","Beverly Hills",90210,"34.099891","-118.414338"
"5515-RUGKN","United States","California","Beverly Hills",90211,"34.063947","-118.383001"
"0404-AHASP","United States","California","Beverly Hills",90212,"34.062095","-118.401508"
"7279-NMVJC","United States","California","Compton",90220,"33.881510","-118.234451"
"2081-VEYEH","United States","California","Compton",90221,"33.885811","-118.206459"
"6407-UTSLV","United States","California","Compton",90222,"33.912246","-118.236773"
"9060-HJJRW","United States","California","Culver City",90232,"34.019323","-118.391902"
"2587-YNLES","United States","California","Downey",90240,"33.956228","-118.120993"
"7398-SKNQZ","United States","California","Downey",90241,"33.940884","-118.128628"
"5935-FCCNB","United States","California","Downey",90242,"33.921793","-118.140588"
"1958-RNRKS","United States","California","El Segundo",90245,"33.917145","-118.401554"
"5136-RGMZO","United States","California","Gardena",90247,"33.890853","-118.297967"
"8345-MVDYC","United States","California","Gardena",90248,"33.876482","-118.284077"
"8226-BXGES","United States","California","Gardena",90249,"33.901390","-118.315697"
"9705-IOVQQ","United States","California","Huntington Park",90255,"33.978030","-118.217141"
"1015-OWJKI","United States","California","Lawndale",90260,"33.888560","-118.351813"
"2040-XBAVJ","United States","California","Malibu",90263,"34.037037","-118.705803"
"8887-IPQNC","United States","California","Manhattan Beach",90266,"33.889632","-118.397370"
"8646-JCOMS","United States","California","Maywood",90270,"33.988572","-118.186565"
"1222-KJNZD","United States","California","Palos Verdes Peninsula",90274,"33.788208","-118.404955"
"0106-GHRQR","United States","California","Rancho Palos Verdes",90275,"33.753146","-118.367459"
"3768-VHXQO","United States","California","Redondo Beach",90278,"33.873395","-118.370190"
"8952-WCVCD","United States","California","South Gate",90280,"33.944624","-118.192615"
"2418-TPEUN","United States","California","Topanga",90290,"34.115192","-118.610170"
"3963-RYFNS","United States","California","Venice",90291,"33.991782","-118.479229"
"8540-ZQGEA","United States","California","Playa Del Rey",90293,"33.947305","-118.439841"
"1320-REHCS","United States","California","Inglewood",90301,"33.956445","-118.358634"
"4137-JOPHL","United States","California","Inglewood",90302,"33.975332","-118.355252"
"7801-CEDNV","United States","California","Inglewood",90304,"33.936827","-118.359824"
"2057-BOYKM","United States","California","Inglewood",90305,"33.958134","-118.330905"
"3658-QQJYD","United States","California","Santa Monica",90401,"34.015481","-118.493231"
"1803-BGNBD","United States","California","Santa Monica",90402,"34.035849","-118.503508"
"0134-XWXCE","United States","California","Santa Monica",90403,"34.031529","-118.491156"
"6950-TWMYB","United States","California","Santa Monica",90404,"34.026334","-118.474222"
"5848-FHRFC","United States","California","Santa Monica",90405,"34.005439","-118.477507"
"2243-FNMMI","United States","California","Torrance",90501,"33.833699","-118.314387"
"2511-MORQY","United States","California","Torrance",90502,"33.833181","-118.292062"
"5356-KZCKT","United States","California","Torrance",90503,"33.840399","-118.353714"
"9470-XCCEM","United States","California","Torrance",90504,"33.867257","-118.330794"
"6519-CFDBX","United States","California","Torrance",90505,"33.807882","-118.347957"
"3902-MIVLE","United States","California","Whittier",90601,"34.007353","-118.033683"
"0409-WTMPL","United States","California","Whittier",90602,"33.972119","-118.020188"
"8763-KIAFH","United States","California","Whittier",90603,"33.945318","-117.992066"
"3669-WHAFY","United States","California","Whittier",90604,"33.929704","-118.012080"
"3055-VTCGS","United States","California","Whittier",90605,"33.960891","-118.032222"
"3144-KMTWZ","United States","California","Whittier",90606,"33.976678","-118.065875"
"2007-QVGAW","United States","California","Cypress",90630,"33.818477","-118.038307"
"5207-PLSTK","United States","California","La Habra",90631,"33.940619","-117.951300"
"2307-FYNNL","United States","California","La Mirada",90638,"33.902045","-118.008961"
"5605-XNWEN","United States","California","Montebello",90640,"34.015217","-118.109962"
"2155-AMQRX","United States","California","Norwalk",90650,"33.905963","-118.082630"
"6181-AXXYF","United States","California","Pico Rivera",90660,"33.989524","-118.089299"
"5091-HFAZW","United States","California","Santa Fe Springs",90670,"33.933565","-118.062611"
"2519-LBNQL","United States","California","Artesia",90701,"33.867593","-118.080637"
"8623-ULFNQ","United States","California","Cerritos",90703,"33.868100","-118.067402"
"1568-LJSZU","United States","California","Harbor City",90710,"33.798266","-118.300237"
"7789-HKSBS","United States","California","Lakewood",90713,"33.847755","-118.112532"
"7416-CKTEP","United States","California","Lakewood",90715,"33.841027","-118.078097"
"2586-CWXVV","United States","California","Hawaiian Gardens",90716,"33.830431","-118.074071"
"2348-KCJLT","United States","California","Los Alamitos",90720,"33.794990","-118.065591"
"8401-EMUWF","United States","California","Paramount",90723,"33.897122","-118.164432"
"4193-IBKSW","United States","California","San Pedro",90731,"33.736387","-118.284363"
"5377-NDTOU","United States","California","San Pedro",90732,"33.744119","-118.314480"
"2474-LCNUE","United States","California","Sunset Beach",90742,"33.719221","-118.073596"
"0839-QNXME","United States","California","Surfside",90743,"33.728273","-118.085304"
"3506-OVLKD","United States","California","Wilmington",90744,"33.782068","-118.262263"
"6650-VJONK","United States","California","Carson",90746,"33.859171","-118.252272"
"2178-PMGCJ","United States","California","Long Beach",90802,"33.752524","-118.210737"
"7492-TAFJD","United States","California","Long Beach",90803,"33.760458","-118.129725"
"2773-MADBQ","United States","California","Long Beach",90804,"33.783047","-118.148600"
"6016-LVTJQ","United States","California","Long Beach",90805,"33.864622","-118.179626"
"7860-KSUGX","United States","California","Long Beach",90806,"33.802664","-118.179971"
"8966-KZXXA","United States","California","Long Beach",90807,"33.830099","-118.182239"
"5149-QYTTU","United States","California","Long Beach",90814,"33.771612","-118.143866"
"2070-XYMFH","United States","California","Long Beach",90815,"33.797638","-118.116620"
"2085-BOJKI","United States","California","Long Beach",90822,"33.778436","-118.118648"
"0817-HSUSE","United States","California","Altadena",91001,"34.196837","-118.142236"
"5442-PPTJY","United States","California","Arcadia",91006,"34.137319","-118.029837"
"1927-QEWMY","United States","California","Arcadia",91007,"34.128284","-118.047732"
"1663-MHLHE","United States","California","Duarte",91010,"34.145695","-117.959820"
"5663-QBGIS","United States","California","La Canada Flintridge",91011,"34.234912","-118.153729"
"4450-MDZFX","United States","California","Monrovia",91016,"34.152800","-118.000482"
"6701-DHKWQ","United States","California","Montrose",91020,"34.211200","-118.230625"
"7554-AKDQF","United States","California","Sierra Madre",91024,"34.168686","-118.057505"
"0794-YVSGE","United States","California","Pasadena",91101,"34.146635","-118.139225"
"5423-BHIXO","United States","California","Pasadena",91103,"34.167465","-118.165327"
"6908-VVYHM","United States","California","Pasadena",91104,"34.165383","-118.123752"
"2959-EEXWB","United States","California","Pasadena",91105,"34.139460","-118.166649"
"1839-UMACK","United States","California","Pasadena",91106,"34.139402","-118.128658"
"3030-YDNRM","United States","California","Pasadena",91107,"34.159007","-118.087353"
"7321-KKSDU","United States","California","San Marino",91108,"34.122671","-118.112911"
"3402-XRIUO","United States","California","Glendale",91201,"34.170510","-118.289463"
"8286-AFUYI","United States","California","Glendale",91203,"34.153338","-118.262974"
"8356-WUAOJ","United States","California","Glendale",91205,"34.136580","-118.245839"
"8058-DMYRU","United States","California","Glendale",91208,"34.195386","-118.238508"
"9350-ZXYJC","United States","California","La Crescenta",91214,"34.239636","-118.245259"
"8958-JPTRR","United States","California","Calabasas",91302,"34.130861","-118.683460"
"6959-GQEGV","United States","California","Canoga Park",91303,"34.198290","-118.602203"
"3173-WSSUE","United States","California","Canoga Park",91304,"34.224377","-118.632656"
"1265-HVPZB","United States","California","Winnetka",91306,"34.209532","-118.577563"
"4115-UMJFQ","United States","California","West Hills",91307,"34.199787","-118.684930"
"7369-TRPFD","United States","California","Chatsworth",91311,"34.294142","-118.603883"
"1098-KFQEC","United States","California","Encino",91316,"34.150354","-118.518292"
"7190-XHTWJ","United States","California","Newbury Park",91320,"34.172071","-118.946262"
"3537-RYBHH","United States","California","Northridge",91324,"34.238208","-118.550290"
"5296-BFCYD","United States","California","San Fernando",91340,"34.286131","-118.435969"
"9359-JANWS","United States","California","North Hills",91343,"34.238802","-118.482296"
"3279-DYZQM","United States","California","Santa Clarita",91350,"34.502432","-118.414590"
"0523-VNGTF","United States","California","Sun Valley",91352,"34.231053","-118.338307"
"9575-IWCAZ","United States","California","Valencia",91354,"34.457005","-118.573726"
"7105-MXJLL","United States","California","Valencia",91355,"34.439870","-118.644609"
"7064-FRRSW","United States","California","Tarzana",91356,"34.157137","-118.548511"
"7940-UQQUG","United States","California","Thousand Oaks",91360,"34.214054","-118.881090"
"3961-SXAXY","United States","California","Thousand Oaks",91362,"34.191842","-118.822796"
"7010-BRBUU","United States","California","Woodland Hills",91364,"34.153733","-118.593408"
"3566-HJGPK","United States","California","Woodland Hills",91367,"34.178068","-118.615714"
"3062-ICYZQ","United States","California","Oak Park",91377,"34.192250","-118.776874"
"9938-PRCVK","United States","California","Stevenson Ranch",91381,"34.364153","-118.615583"
"0973-KYVNF","United States","California","Castaic",91384,"34.506627","-118.699048"
"5129-HHMZC","United States","California","Van Nuys",91401,"34.178483","-118.431791"
"9637-CDTKZ","United States","California","Panorama City",91402,"34.223768","-118.445461"
"3946-JEWRQ","United States","California","Sherman Oaks",91403,"34.147149","-118.463365"
"7873-CVMAW","United States","California","Van Nuys",91405,"34.202494","-118.448048"
"0463-WZZKO","United States","California","Van Nuys",91406,"34.195685","-118.490752"
"4524-QCSSM","United States","California","Encino",91436,"34.152875","-118.486056"
"5832-EXGTT","United States","California","Burbank",91501,"34.188339","-118.300942"
"2039-JONDJ","United States","California","Burbank",91504,"34.213049","-118.317651"
"7217-JYHOQ","United States","California","Burbank",91505,"34.174215","-118.345928"
"6695-FRVEC","United States","California","Burbank",91506,"34.169706","-118.323548"
"9894-QMIMJ","United States","California","North Hollywood",91602,"34.151360","-118.364786"
"8069-YQQAJ","United States","California","Studio City",91604,"34.139082","-118.392750"
"1636-NTNCO","United States","California","Valley Village",91607,"34.165783","-118.399795"
"3466-WAESX","United States","California","Rancho Cucamonga",91701,"34.132275","-117.611478"
"9281-PKKZE","United States","California","Azusa",91702,"34.174493","-117.870680"
"3638-VBZTA","United States","California","Baldwin Park",91706,"34.098275","-117.967399"
"7459-IMVYU","United States","California","Chino Hills",91709,"33.942895","-117.725644"
"8563-OYMQY","United States","California","Covina",91722,"34.097345","-117.906736"
"0754-EEBDC","United States","California","Covina",91723,"34.084747","-117.886844"
"5777-ZPQNC","United States","California","Covina",91724,"34.081110","-117.853935"
"1951-IEYXM","United States","California","Rancho Cucamonga",91730,"34.100970","-117.578820"
"3318-NMQXL","United States","California","El Monte",91731,"34.079934","-118.046695"
"1022-RKXDR","United States","California","South El Monte",91733,"34.046220","-118.053753"
"2361-FJWNO","United States","California","Rancho Cucamonga",91737,"34.245289","-117.642503"
"2272-UOINI","United States","California","Rancho Cucamonga",91739,"34.133809","-117.523724"
"8232-UTFOZ","United States","California","Glendora",91740,"34.119363","-117.855059"
"3750-YHRYO","United States","California","Glendora",91741,"34.146490","-117.849815"
"6637-KYRCV","United States","California","La Puente",91744,"34.031441","-117.936436"
"5668-MEISB","United States","California","Hacienda Heights",91745,"33.998471","-117.973758"
"0129-QMPDR","United States","California","La Puente",91746,"34.038983","-117.991372"
"7188-CBBBA","United States","California","Rowland Heights",91748,"33.976753","-117.897367"
"5356-CSVSQ","United States","California","La Verne",91750,"34.144703","-117.770299"
"3221-CJMSG","United States","California","Mira Loma",91752,"33.999992","-117.535395"
"3219-JQRSL","United States","California","Monterey Park",91755,"34.049172","-118.115022"
"2801-NISEI","United States","California","Mt Baldy",91759,"34.231318","-117.662032"
"4623-ZKHLY","United States","California","Ontario",91762,"34.057256","-117.667677"
"6732-VAILE","United States","California","Montclair",91763,"34.072121","-117.698319"
"8201-AAXCB","United States","California","Ontario",91764,"34.074087","-117.605618"
"7696-CFTAT","United States","California","Diamond Bar",91765,"33.992416","-117.807874"
"1845-CSBRZ","United States","California","Pomona",91766,"34.042286","-117.756106"
"2123-VSCOT","United States","California","Pomona",91767,"34.083086","-117.737997"
"2018-QKYGT","United States","California","San Gabriel",91775,"34.114772","-118.089431"
"2792-VPPET","United States","California","San Gabriel",91776,"34.089927","-118.095645"
"7409-JURKQ","United States","California","Temple City",91780,"34.101608","-118.055848"
"3247-MHJKM","United States","California","Upland",91784,"34.141146","-117.655583"
"1964-SVLEA","United States","California","Upland",91786,"34.105493","-117.660934"
"7297-DVYGA","United States","California","West Covina",91790,"34.066964","-117.937007"
"2239-CGBUZ","United States","California","West Covina",91791,"34.061634","-117.893169"
"0854-UYHZD","United States","California","West Covina",91792,"34.024405","-117.898722"
"7243-LCGGZ","United States","California","Alhambra",91801,"34.090925","-118.128164"
"8267-KFGYD","United States","California","Alhambra",91803,"34.074736","-118.145959"
"4890-VMUAV","United States","California","Alpine",91901,"32.827184","-116.703729"
"9261-WDCAF","United States","California","Bonita",91902,"32.671170","-117.002320"
"3764-MNMOI","United States","California","Boulevard",91905,"32.677097","-116.304991"
"7442-YGZFK","United States","California","Campo",91906,"32.673483","-116.472863"
"8229-BUJHX","United States","California","Chula Vista",91911,"32.607964","-117.059459"
"7449-HVPIV","United States","California","Chula Vista",91913,"32.641640","-116.985026"
"5504-WSIUR","United States","California","Chula Vista",91914,"32.688506","-116.938632"
"8466-PZBLH","United States","California","Descanso",91916,"32.912664","-116.635387"
"8735-IJJEG","United States","California","Guatay",91931,"32.857946","-116.561917"
"0564-MUUQK","United States","California","Imperial Beach",91932,"32.579134","-117.119009"
"0701-RFGFI","United States","California","La Mesa",91941,"32.759327","-116.997260"
"0019-EFAEP","United States","California","La Mesa",91942,"32.782501","-117.016110"
"5619-PTMIK","United States","California","Lemon Grove",91945,"32.733564","-117.033713"
"3737-XBQDD","United States","California","Mount Laguna",91948,"32.830852","-116.444601"
"5882-CMAZQ","United States","California","National City",91950,"32.671020","-117.095235"
"5846-QFDFI","United States","California","Pine Valley",91962,"32.800671","-116.483363"
"4445-KWOKW","United States","California","Potrero",91963,"32.619465","-116.593605"
"3511-APPBJ","United States","California","Spring Valley",91977,"32.726627","-116.994608"
"7967-HYCDE","United States","California","Spring Valley",91978,"32.730264","-116.950963"
"2430-RRYUW","United States","California","Tecate",91980,"32.587557","-116.636816"
"3723-BFBGR","United States","California","Borrego Springs",92004,"33.200369","-116.192313"
"5447-WZAFP","United States","California","Carlsbad",92008,"33.148116","-117.306043"
"5110-CHOPY","United States","California","Carlsbad",92009,"33.098018","-117.258203"
"4425-OWHWB","United States","California","El Cajon",92019,"32.785165","-116.862648"
"7892-QVYKW","United States","California","El Cajon",92020,"32.796970","-116.969082"
"9675-ICXCT","United States","California","El Cajon",92021,"32.832706","-116.873258"
"4703-MQYKT","United States","California","Escondido",92025,"33.081478","-117.033814"
"5692-ICXLW","United States","California","Escondido",92027,"33.141265","-116.967221"
"0602-DDUML","United States","California","Fallbrook",92028,"33.362575","-117.299644"
"2208-MPXIO","United States","California","Escondido",92029,"33.079834","-117.134275"
"1960-UYCNN","United States","California","Julian",92036,"32.980678","-116.262854"
"3190-FZATL","United States","California","Lakeside",92040,"32.909873","-116.906774"
"7336-RLLRH","United States","California","Oceanside",92054,"33.351059","-117.420557"
"7710-JSYOA","United States","California","Pala",92059,"33.384345","-117.072619"
"9885-MFVSU","United States","California","Poway",92064,"32.984395","-117.013454"
"0607-MVMGC","United States","California","Ranchita",92066,"33.215251","-116.536330"
"3365-SAIGS","United States","California","Rancho Santa Fe",92067,"33.012751","-117.200617"
"8022-BECSI","United States","California","Santa Ysabel",92070,"33.174725","-116.743329"
"9993-LHIEB","United States","California","Solana Beach",92075,"33.001813","-117.263628"
"0266-CLZKZ","United States","California","San Marcos",92078,"33.119028","-117.166036"
"7020-OZKXZ","United States","California","Vista",92084,"33.227840","-117.200024"
"3977-QCRSL","United States","California","Warner Springs",92086,"33.323705","-116.626907"
"0017-DINOC","United States","California","Rancho Santa Fe",92091,"32.993560","-117.207121"
"7639-OPLNG","United States","California","San Diego",92107,"32.741852","-117.243453"
"1492-QGCLU","United States","California","San Diego",92109,"32.787836","-117.232376"
"7328-OWMOM","United States","California","San Diego",92111,"32.805518","-117.169052"
"4418-LZMSV","United States","California","San Diego",92113,"32.697098","-117.116587"
"5155-AZQPB","United States","California","San Diego",92114,"32.707892","-117.055120"
"1087-GRUYI","United States","California","San Diego",92116,"32.765299","-117.122565"
"2546-KZAAT","United States","California","San Diego",92119,"32.802959","-117.027095"
"0181-RITDD","United States","California","San Diego",92120,"32.807867","-117.060993"
"5989-PGKJB","United States","California","San Diego",92121,"32.898613","-117.202937"
"8272-ONJLV","United States","California","San Diego",92123,"32.808814","-117.134694"
"1488-PBLJN","United States","California","San Diego",92124,"32.827238","-117.089287"
"0308-GIQJT","United States","California","San Diego",92126,"32.886925","-117.152162"
"3778-FOAQW","United States","California","San Diego",92127,"33.017518","-117.118456"
"4452-ROHMO","United States","California","San Diego",92128,"33.000269","-117.072093"
"3090-LETTY","United States","California","San Diego",92130,"32.957195","-117.202542"
"5349-AZPEW","United States","California","San Diego",92131,"32.893250","-117.087091"
"9720-JJJOR","United States","California","San Ysidro",92173,"32.555828","-117.040073"
"8100-HZZLJ","United States","California","Indio",92201,"33.713891","-116.237257"
"8775-ERLNB","United States","California","Indio",92203,"33.752938","-116.230055"
"8309-IEYJD","United States","California","Indian Wells",92210,"33.537646","-116.291089"
"7398-HPYZQ","United States","California","Beaumont",92223,"33.946982","-116.977672"
"3546-GHEAE","United States","California","Blythe",92225,"33.674583","-114.716120"
"7361-YPXFS","United States","California","Brawley",92227,"33.039330","-115.191857"
"6557-BZXLQ","United States","California","Cabazon",92230,"33.929812","-116.760580"
"2550-QHZGP","United States","California","Calexico",92231,"32.690654","-115.431225"
"7519-JTWQH","United States","California","Calipatria",92233,"33.143826","-115.497485"
"2538-OIMXF","United States","California","Cathedral City",92234,"33.829583","-116.474131"
"8543-MSDMF","United States","California","Coachella",92236,"33.680031","-116.171678"
"1170-SASML","United States","California","Desert Hot Springs",92240,"33.948558","-116.516976"
"4872-JCVCA","United States","California","Desert Hot Springs",92241,"33.832799","-116.250973"
"5346-BZCHP","United States","California","Earp",92242,"34.137742","-114.365140"
"2038-LLMLM","United States","California","El Centro",92243,"32.770393","-115.609150"
"1216-BGTSP","United States","California","Imperial",92251,"32.858595","-115.662709"
"4138-NAXED","United States","California","Joshua Tree",92252,"34.167236","-116.281511"
"0744-BIKKF","United States","California","Mecca",92254,"33.543835","-115.993906"
"7483-IQWIB","United States","California","Morongo Valley",92256,"34.097863","-116.594561"
"5248-KWLAR","United States","California","Niland",92257,"33.345825","-115.596574"
"7996-MHXLW","United States","California","Ocotillo",92259,"32.698964","-115.886656"
"7833-PKIHD","United States","California","Palm Desert",92260,"33.694501","-116.412711"
"7061-OVMIM","United States","California","Palm Springs",92262,"33.839989","-116.659215"
"5153-RTHKF","United States","California","Palm Springs",92264,"33.745746","-116.514215"
"1852-QSWCD","United States","California","Palo Verde",92266,"33.324900","-114.758334"
"4832-VRBMR","United States","California","Parker Dam",92267,"34.273872","-114.192901"
"9079-LWTFD","United States","California","Pioneertown",92268,"34.201108","-116.593456"
"3392-EHMNK","United States","California","Thermal",92274,"33.536040","-116.119222"
"5986-WWXDV","United States","California","Salton City",92275,"33.281560","-115.955541"
"3061-BCKYI","United States","California","Thousand Palms",92276,"33.849263","-116.382778"
"7901-TBKJX","United States","California","Twentynine Palms",92278,"34.457829","-116.139589"
"7228-PAQPD","United States","California","Vidal",92280,"34.264124","-114.717964"
"7746-QYVCO","United States","California","White Water",92282,"33.972293","-116.654195"
"5804-HYIEZ","United States","California","Winterhaven",92283,"32.852947","-114.850784"
"9919-FZDED","United States","California","Yucca Valley",92284,"34.159534","-116.425984"
"5934-TSSAU","United States","California","Landers",92285,"34.341737","-116.539416"
"3486-KHMLI","United States","California","Adelanto",92301,"34.667815","-117.536183"
"6784-XYJAE","United States","California","Fort Irwin",92310,"35.349241","-116.770281"
"3933-DQPWX","United States","California","Barstow",92311,"34.965648","-117.001509"
"6661-EIPZC","United States","California","Grand Terrace",92313,"34.029175","-117.307211"
"8957-THMOA","United States","California","Big Bear City",92314,"34.278967","-116.773825"
"2251-PYLPB","United States","California","Big Bear Lake",92315,"34.242058","-116.898020"
"5555-RNPGT","United States","California","Bloomington",92316,"34.059722","-117.391040"
"1057-FOGLZ","United States","California","Calimesa",92320,"33.982787","-117.057627"
"8087-LGYHQ","United States","California","Crestline",92325,"34.248061","-117.290280"
"4137-BTIKL","United States","California","Daggett",92327,"34.875144","-116.821698"
"2190-BCXEC","United States","California","Death Valley",92328,"36.276880","-117.033326"
"6227-FBDXH","United States","California","Essex",92332,"34.943600","-115.287901"
"2911-WDXMV","United States","California","Fontana",92335,"34.087558","-117.464096"
"7206-PQBBZ","United States","California","Fontana",92336,"34.136367","-117.460803"
"4547-FZJWE","United States","California","Forest Falls",92339,"34.067699","-116.903891"
"7422-WNBTY","United States","California","Green Valley Lake",92341,"34.244411","-117.072654"
"0842-IWYCP","United States","California","Helendale",92342,"34.757783","-117.339970"
"3521-HTQTV","United States","California","Hesperia",92345,"34.361387","-117.337509"
"3744-ZBHON","United States","California","Highland",92346,"34.129677","-117.154277"
"3373-DIUUN","United States","California","Hinkley",92347,"34.983808","-117.239306"
"8383-SGHJU","United States","California","Lake Arrowhead",92352,"34.256500","-117.193350"
"7607-QKKTJ","United States","California","Loma Linda",92354,"34.049315","-117.255974"
"7707-PYBBH","United States","California","Lucerne Valley",92356,"34.508417","-116.856103"
"8984-HPEMB","United States","California","Lytle Creek",92358,"34.238162","-117.534306"
"4139-DETXS","United States","California","Needles",92363,"34.711224","-114.702256"
"9779-DPNEJ","United States","California","Nipton",92364,"35.478736","-115.516984"
"9805-FILKB","United States","California","Newberry Springs",92365,"34.893260","-116.505958"
"5793-YOLJN","United States","California","Oro Grande",92368,"34.647959","-117.296957"
"0673-IGUQO","United States","California","Phelan",92371,"34.441123","-117.537886"
"4123-FCVCB","United States","California","Pinon Hills",92372,"34.459322","-117.629729"
"8819-IMISP","United States","California","Redlands",92373,"34.003243","-117.138286"
"8311-UEUAB","United States","California","Rialto",92376,"34.109775","-117.378904"
"5858-EAFCZ","United States","California","Rialto",92377,"34.156758","-117.404686"
"1163-ONYEY","United States","California","Shoshone",92384,"35.924252","-116.188668"
"5656-MJEFC","United States","California","Victorville",92392,"34.486835","-117.362274"
"6082-OQFBA","United States","California","Victorville",92394,"34.567058","-117.362329"
"8974-OVACP","United States","California","Yermo",92398,"35.013299","-116.834092"
"4010-YLMVT","United States","California","Yucaipa",92399,"34.045970","-117.011825"
"1379-FRVEB","United States","California","San Bernardino",92401,"34.105935","-117.291400"
"8612-GXIDD","United States","California","San Bernardino",92404,"34.183286","-117.221722"
"6288-CHQJB","United States","California","San Bernardino",92405,"34.142747","-117.300864"
"8160-HOWOX","United States","California","San Bernardino",92407,"34.250069","-117.393949"
"6648-INWPS","United States","California","San Bernardino",92410,"34.106922","-117.297553"
"4223-BKEOR","United States","California","San Bernardino",92411,"34.122501","-117.320138"
"4079-VTGLK","United States","California","Riverside",92501,"33.994676","-117.372498"
"1763-WQFUK","United States","California","Riverside",92503,"33.890046","-117.455583"
"1391-UBDAR","United States","California","Riverside",92504,"33.910800","-117.398153"
"8894-JVDCV","United States","California","Riverside",92505,"33.920907","-117.489426"
"2023-VQFDL","United States","California","Riverside",92506,"33.930931","-117.361788"
"1345-GKDZZ","United States","California","Riverside",92507,"33.976328","-117.319786"
"2014-MKGMH","United States","California","Riverside",92508,"33.885499","-117.324959"
"5628-FCGYG","United States","California","Riverside",92509,"34.004379","-117.447864"
"2560-WBWXF","United States","California","March Air Reserve Base",92518,"33.888323","-117.277533"
"0248-IPDFW","United States","California","Lake Elsinore",92530,"33.655421","-117.391751"
"7978-DKUQH","United States","California","Lake Elsinore",92532,"33.705836","-117.318204"
"4335-UPJSI","United States","California","Aguanga",92536,"33.482243","-116.827173"
"1784-EZDKJ","United States","California","Hemet",92544,"33.644585","-116.871544"
"9297-FVVDH","United States","California","Hemet",92545,"33.734933","-117.044145"
"8007-YYPWD","United States","California","Homeland",92548,"33.761894","-117.120868"
"7101-HRBLJ","United States","California","Idyllwild",92549,"33.755039","-116.741796"
"6635-CPNUN","United States","California","Moreno Valley",92553,"33.923149","-117.244933"
"5453-YBTWV","United States","California","Moreno Valley",92557,"33.970661","-117.255039"
"5039-LZRQT","United States","California","Mountain Center",92561,"33.638645","-116.557830"
"2931-VUVJN","United States","California","Murrieta",92562,"33.548869","-117.334165"
"6418-PIQSP","United States","California","Perris",92570,"33.787298","-117.320676"
"8220-OCUFY","United States","California","Perris",92571,"33.828289","-117.201666"
"3995-WFCSM","United States","California","San Jacinto",92582,"33.806708","-117.020070"
"1895-QTKDO","United States","California","San Jacinto",92583,"33.796568","-116.924723"
"2038-OEQZH","United States","California","Menifee",92584,"33.653338","-117.178271"
"1178-PZGAB","United States","California","Sun City",92585,"33.739412","-117.173334"
"2626-VEEWG","United States","California","Sun City",92587,"33.698870","-117.250710"
"2878-RMWXY","United States","California","Temecula",92590,"33.475493","-117.219551"
"1657-DYMBM","United States","California","Temecula",92591,"33.540604","-117.109090"
"7311-MQJCH","United States","California","Temecula",92592,"33.507255","-117.029473"
"7375-WMVMT","United States","California","Wildomar",92595,"33.617108","-117.253349"
"1136-XGEQU","United States","California","Winchester",92596,"33.657433","-117.042540"
"2530-FMFXO","United States","California","Irvine",92602,"33.720359","-117.733655"
"6844-DZKRF","United States","California","Irvine",92604,"33.688546","-117.788091"
"5970-GHJAW","United States","California","Irvine",92612,"33.643095","-117.810896"
"8879-XUAHX","United States","California","Irvine",92614,"33.680302","-117.833296"
"3689-MOZGR","United States","California","Irvine",92618,"33.667145","-117.732135"
"4195-PNGZS","United States","California","Irvine",92620,"33.716136","-117.752574"
"5003-XZWWO","United States","California","Capistrano Beach",92624,"33.458754","-117.665104"
"7622-FWGEW","United States","California","Costa Mesa",92626,"33.678591","-117.905471"
"6922-NCEDI","United States","California","Costa Mesa",92627,"33.645672","-117.922613"
"9891-NQDBD","United States","California","Lake Forest",92630,"33.644849","-117.684254"
"6131-IUNXN","United States","California","Huntington Beach",92646,"33.666301","-117.969501"
"8548-AWOFC","United States","California","Huntington Beach",92647,"33.723579","-118.005441"
"9798-DRYDS","United States","California","Huntington Beach",92648,"33.679659","-118.016195"
"8532-UEFWH","United States","California","Huntington Beach",92649,"33.721917","-118.043237"
"6296-DDOOR","United States","California","Laguna Beach",92651,"33.570023","-117.773669"
"7951-VRDVK","United States","California","Laguna Hills",92653,"33.606899","-117.717854"
"4815-YOSUK","United States","California","Aliso Viejo",92656,"33.571259","-117.731917"
"0380-NEAVX","United States","California","Newport Beach",92660,"33.634626","-117.874882"
"4365-MSDYN","United States","California","San Clemente",92672,"33.429488","-117.609432"
"7036-TYDEC","United States","California","San Clemente",92673,"33.472500","-117.584273"
"5802-ADBRC","United States","California","San Juan Capistrano",92675,"33.521447","-117.602555"
"8076-FEZKJ","United States","California","Silverado",92676,"33.782346","-117.635263"
"5197-YPYBZ","United States","California","Laguna Niguel",92677,"33.529047","-117.701175"
"4312-GVYNH","United States","California","Westminster",92683,"33.752591","-117.993661"
"8495-LJDFO","United States","California","Rancho Santa Margarita",92688,"33.624654","-117.611733"
"0839-JTCUD","United States","California","Mission Viejo",92691,"33.611945","-117.665867"
"5494-WOZRZ","United States","California","Mission Viejo",92692,"33.606930","-117.644253"
"1302-UHBDD","United States","California","Ladera Ranch",92694,"33.569186","-117.640055"
"2234-EOFPT","United States","California","Santa Ana",92701,"33.748478","-117.858918"
"8619-IJNDK","United States","California","Santa Ana",92703,"33.748635","-117.906125"
"8378-LKJAF","United States","California","Santa Ana",92704,"33.719869","-117.907063"
"1153-GNOLC","United States","California","Santa Ana",92707,"33.714829","-117.872941"
"3298-QEICA","United States","California","Fountain Valley",92708,"33.712036","-117.950113"
"0788-DXBFY","United States","California","Tustin",92780,"33.735802","-117.818805"
"3597-YASZG","United States","California","Tustin",92782,"33.738543","-117.785046"
"3496-LFSZU","United States","California","Anaheim",92801,"33.844983","-117.952151"
"5242-UOWHD","United States","California","Anaheim",92802,"33.807864","-117.923782"
"6479-SZPLM","United States","California","Anaheim",92805,"33.830209","-117.906099"
"8097-VBQTZ","United States","California","Anaheim",92806,"33.837960","-117.870494"
"4500-HKANN","United States","California","Anaheim",92807,"33.848733","-117.788357"
"9917-KWRBE","United States","California","Anaheim",92808,"33.850452","-117.726668"
"3420-ZDBMA","United States","California","Brea",92821,"33.930199","-117.862898"
"2212-LYASK","United States","California","Brea",92823,"33.924143","-117.793870"
"1393-IMKZG","United States","California","Fullerton",92831,"33.879983","-117.895482"
"8069-RHUXK","United States","California","Fullerton",92832,"33.868316","-117.929029"
"3398-GCPMU","United States","California","Fullerton",92833,"33.877639","-117.961212"
"2908-WGAXL","United States","California","Fullerton",92835,"33.902211","-117.914922"
"3378-AJRAO","United States","California","Garden Grove",92840,"33.787165","-117.931889"
"1013-QCWAM","United States","California","Garden Grove",92841,"33.786738","-117.982564"
"6050-FFXES","United States","California","Garden Grove",92844,"33.766476","-117.969795"
"0362-RAOQO","United States","California","Norco",92860,"33.925833","-117.559639"
"9554-DFKIC","United States","California","Villa Park",92861,"33.817473","-117.810462"
"5527-ACHSO","United States","California","Orange",92865,"33.828779","-117.848299"
"0829-DDVLK","United States","California","Orange",92866,"33.784597","-117.844535"
"1399-UBQIU","United States","California","Orange",92867,"33.818590","-117.821288"
"1813-JLKWR","United States","California","Orange",92868,"33.787796","-117.875928"
"0336-PIKEI","United States","California","Orange",92869,"33.792791","-117.789749"
"7322-OCWHC","United States","California","Placentia",92870,"33.881158","-117.854783"
"9537-VHDTA","United States","California","Corona",92879,"33.893823","-117.531446"
"4957-TIALW","United States","California","Corona",92880,"33.918043","-117.617809"
"2054-PJOCK","United States","California","Corona",92881,"33.833686","-117.513063"
"9150-HEPMB","United States","California","Corona",92882,"33.819385","-117.600213"
"9030-QGZNL","United States","California","Corona",92883,"33.762351","-117.488725"
"3126-WQMGH","United States","California","Yorba Linda",92887,"33.884073","-117.732197"
"7176-WRTNX","United States","California","Ventura",93004,"34.278697","-119.167798"
"5732-IKGQH","United States","California","Camarillo",93012,"34.205504","-118.993111"
"9239-GZHZE","United States","California","Carpinteria",93013,"34.441398","-119.513163"
"7205-BAIAD","United States","California","Fillmore",93015,"34.408161","-118.865111"
"0093-EXYQL","United States","California","Ojai",93023,"34.581308","-118.931948"
"8064-RAVOH","United States","California","Oxnard",93030,"34.223244","-119.180120"
"0219-QAERP","United States","California","Oxnard",93033,"34.156629","-119.117218"
"9168-INPSZ","United States","California","Port Hueneme",93041,"34.110124","-119.100972"
"0015-UOCOJ","United States","California","Simi Valley",93063,"34.296813","-118.685703"
"5334-AFQJB","United States","California","Simi Valley",93065,"34.269449","-118.768471"
"2754-SDJRD","United States","California","Somis",93066,"34.297628","-119.014627"
"8963-JLGJT","United States","California","Santa Barbara",93105,"34.037342","-119.800790"
"1465-LNTLJ","United States","California","Santa Barbara",93109,"34.406256","-119.726936"
"2135-DQWAQ","United States","California","Santa Barbara",93111,"34.460197","-119.802602"
"4056-QHXHZ","United States","California","Goleta",93117,"34.489983","-120.091246"
"7401-JIXNM","United States","California","Arvin",93203,"35.116307","-118.817644"
"9339-FIIJL","United States","California","Avenal",93204,"35.916943","-120.129921"
"4706-DGAHW","United States","California","California Hot Springs",93207,"35.865795","-118.697590"
"6670-MFRPK","United States","California","Coalinga",93210,"36.186867","-120.387793"
"6177-PEVRA","United States","California","Corcoran",93212,"36.045330","-119.532424"
"4813-HQMGZ","United States","California","Ducor",93218,"35.846067","-119.004073"
"7579-KKLOE","United States","California","Earlimart",93219,"35.858054","-119.305858"
"8402-EIVQS","United States","California","Frazier Park",93222,"34.907911","-119.234281"
"4947-DSMXK","United States","California","Farmersville",93223,"36.298780","-119.201028"
"7245-NIIWQ","United States","California","Fellows",93224,"35.215731","-119.570130"
"0002-ORFBO","United States","California","Frazier Park",93225,"34.827662","-118.999073"
"3324-OIRTO","United States","California","Glennville",93226,"35.735694","-118.738483"
"5414-OFQCB","United States","California","Hanford",93230,"36.292230","-119.622676"
"4967-WPNCF","United States","California","Huron",93234,"36.217864","-120.080117"
"8552-OBVRU","United States","California","Ivanhoe",93235,"36.385818","-119.224243"
"8499-BRXTD","United States","California","Kernville",93238,"35.852892","-118.397782"
"9154-QDGTH","United States","California","Kettleman City",93239,"35.996923","-120.000951"
"8197-BFWVU","United States","California","Lake Isabella",93240,"35.607875","-118.466318"
"2577-GVSIL","United States","California","Lamont",93241,"35.245035","-118.905553"
"9367-OIUXP","United States","California","Laton",93242,"36.444232","-119.718285"
"6770-UAYGJ","United States","California","Lebec",93243,"34.845861","-118.885163"
"6463-HHXJR","United States","California","Lemon Cove",93244,"36.462671","-118.997291"
"7928-VJYAB","United States","California","Lemoore",93245,"36.303666","-119.825657"
"1187-WILMM","United States","California","Lindsay",93247,"36.205465","-119.085807"
"9776-OJUZI","United States","California","Lost Hills",93249,"35.637715","-119.893068"
"1306-RPWXZ","United States","California","Mc Farland",93250,"35.666886","-119.186717"
"3097-PYWXL","United States","California","New Cuyama",93254,"34.956577","-119.750142"
"2266-SJNAT","United States","California","Onyx",93255,"35.676978","-118.101378"
"0869-PAPRP","United States","California","Pixley",93256,"35.957019","-119.330928"
"4238-JSSWH","United States","California","Porterville",93257,"36.008958","-118.891593"
"2972-YDYUW","United States","California","Posey",93260,"35.861928","-118.636698"
"1104-FEJAM","United States","California","Richgrove",93261,"35.809921","-119.127437"
"2809-ILCYT","United States","California","Sequoia National Park",93262,"36.527243","-118.594938"
"5499-ECUTN","United States","California","Shafter",93263,"35.490705","-119.286833"
"4981-FLTMF","United States","California","Springville",93265,"36.245926","-118.693138"
"9121-PHQSR","United States","California","Stratford",93266,"36.175255","-119.813805"
"3113-IWHLC","United States","California","Strathmore",93267,"36.141319","-119.129075"
"4277-BWBML","United States","California","Three Rivers",93271,"36.413433","-118.854708"
"0234-TEVTT","United States","California","Tulare",93274,"36.185471","-119.375243"
"4304-TSPVK","United States","California","Tupman",93276,"35.316263","-119.402559"
"1552-AAGRX","United States","California","Visalia",93277,"36.303793","-119.375646"
"2637-FKFSY","United States","California","Wasco",93280,"35.652242","-119.446400"
"9796-MVYXX","United States","California","Weldon",93283,"35.556470","-118.244914"
"7874-ECPQJ","United States","California","Wofford Heights",93285,"35.690535","-118.552784"
"0020-INWCK","United States","California","Woodlake",93286,"36.464635","-119.094348"
"7089-RKVSZ","United States","California","Woody",93287,"35.710244","-118.881679"
"2683-JXWQQ","United States","California","Visalia",93291,"36.391777","-119.372842"
"9548-ZMVTX","United States","California","Visalia",93292,"36.375590","-119.211689"
"8739-XNIKG","United States","California","Bakersfield",93301,"35.383937","-119.020428"
"9755-JHNMN","United States","California","Bakersfield",93304,"35.339796","-119.023552"
"3981-QSVQI","United States","California","Bakersfield",93305,"35.391733","-118.984109"
"2789-HQBOU","United States","California","Bakersfield",93306,"35.449881","-118.841442"
"9424-CMPOG","United States","California","Bakersfield",93307,"35.280113","-118.962329"
"5067-WJEUN","United States","California","Bakersfield",93308,"35.559617","-118.925185"
"3450-WXOAT","United States","California","Bakersfield",93309,"35.342891","-119.064803"
"9251-WNSOD","United States","California","Bakersfield",93311,"35.162070","-119.194488"
"6974-DAFLI","United States","California","Bakersfield",93312,"35.392599","-119.245341"
"2616-UUTFK","United States","California","Bakersfield",93313,"35.140938","-119.051348"
"7064-JHXCE","United States","California","San Luis Obispo",93401,"35.233745","-120.626442"
"7989-AWGEH","United States","California","San Luis Obispo",93405,"35.236549","-120.727344"
"4373-VVHQL","United States","California","Arroyo Grande",93420,"35.176236","-120.483243"
"4559-UWIHT","United States","California","Atascadero",93422,"35.453912","-120.694610"
"7268-IGMFD","United States","California","Avila Beach",93424,"35.186644","-120.728305"
"6650-BWFRT","United States","California","Cambria",93428,"35.591387","-121.032256"
"9570-KYEUA","United States","California","Casmalia",93429,"34.866032","-120.536546"
"6993-YGFJV","United States","California","Cayucos",93430,"35.511833","-120.918713"
"2712-SYWAY","United States","California","Creston",93432,"35.480896","-120.469476"
"0730-BGQGF","United States","California","Grover Beach",93433,"35.120833","-120.618430"
"5498-IBWPI","United States","California","Guadalupe",93434,"34.936000","-120.594655"
"9101-NTIXF","United States","California","Lompoc",93436,"34.601055","-120.382917"
"0013-SMEOE","United States","California","Lompoc",93437,"34.757477","-120.550507"
"9314-QDMDW","United States","California","Los Alamos",93440,"34.758699","-120.275839"
"9308-ANMVE","United States","California","Los Olivos",93441,"34.704340","-120.026090"
"3413-DHLPB","United States","California","Oceano",93445,"35.059695","-120.604741"
"7649-PHJVR","United States","California","Paso Robles",93446,"35.634222","-120.728341"
"6114-TCFID","United States","California","Pismo Beach",93449,"35.165668","-120.655842"
"3787-TRIAL","United States","California","San Ardo",93450,"35.996008","-120.853050"
"2573-GYRUU","United States","California","San Miguel",93451,"35.886767","-120.608661"
"5156-UMKOW","United States","California","San Simeon",93452,"35.746484","-121.223355"
"1247-QBVSH","United States","California","Santa Margarita",93453,"35.303926","-120.256567"
"6734-GMPVK","United States","California","Santa Maria",93454,"34.943523","-120.256729"
"9822-OAOVB","United States","California","Santa Maria",93455,"34.818227","-120.418784"
"6161-ERDGD","United States","California","Santa Maria",93458,"34.959340","-120.490081"
"1226-JZNKR","United States","California","Santa Ynez",93460,"34.630356","-120.032564"
"7318-EIVKO","United States","California","Shandon",93461,"35.634488","-120.293534"
"3771-PZOBW","United States","California","Solvang",93463,"34.624399","-120.137875"
"8231-BSWXX","United States","California","Mojave",93501,"35.097323","-118.171288"
"6486-LHTMA","United States","California","California City",93505,"35.151491","-117.927597"
"4083-BFNYK","United States","California","Acton",93510,"34.501452","-118.207862"
"7389-KBFIT","United States","California","Big Pine",93513,"37.245505","-118.062943"
"7176-WIONM","United States","California","Bishop",93514,"37.045840","-118.397236"
"5141-ZUVBH","United States","California","Boron",93516,"34.957030","-117.730450"
"1089-HDMKP","United States","California","Bridgeport",93517,"38.184583","-119.286558"
"7623-HKYRK","United States","California","Caliente",93518,"35.358953","-118.527064"
"0310-SUCIN","United States","California","Darwin",93522,"36.319181","-117.593053"
"5197-PYEPU","United States","California","Edwards",93523,"34.966777","-117.961179"
"6619-RPLQZ","United States","California","June Lake",93529,"37.730269","-119.055813"
"3275-RHRNE","United States","California","Keeler",93530,"36.560498","-117.962461"
"3503-TYDAY","United States","California","Keene",93531,"35.214982","-118.590490"
"6901-GOGZG","United States","California","Lake Hughes",93532,"34.659579","-118.584212"
"7021-XSNYE","United States","California","Lancaster",93535,"34.712708","-117.889656"
"9621-OUPYD","United States","California","Lancaster",93536,"34.741406","-118.381110"
"8982-NHAVY","United States","California","Littlerock",93543,"34.505273","-117.955054"
"4307-KWMXE","United States","California","Llano",93544,"34.500091","-117.765862"
"0141-YEAYS","United States","California","Lone Pine",93545,"36.590415","-118.073839"
"2450-ZKEED","United States","California","Mammoth Lakes",93546,"37.550074","-118.837167"
"3694-DELSO","United States","California","Olancha",93549,"36.296851","-117.865469"
"3893-JRNFS","United States","California","Palmdale",93550,"34.536232","-118.082935"
"9603-OAIHC","United States","California","Palmdale",93551,"34.613476","-118.256358"
"1133-KXCGE","United States","California","Palmdale",93552,"34.557711","-118.029441"
"0142-GVYSN","United States","California","Randsburg",93554,"35.405722","-117.773354"
"1049-FYSYG","United States","California","Ridgecrest",93555,"35.603913","-117.678280"
"8406-LNMHF","United States","California","Trona",93562,"35.748370","-117.384948"
"1821-BUCWY","United States","California","Valyermo",93563,"34.395830","-117.734568"
"0023-UYUPN","United States","California","Ahwahnee",93601,"37.375816","-119.739935"
"8314-DPQHL","United States","California","Auberry",93602,"36.991762","-119.242874"
"1465-WCZVT","United States","California","Badger",93603,"36.645450","-118.924982"
"9481-SFCQY","United States","California","Bass Lake",93604,"37.458367","-119.345011"
"6360-SVNWV","United States","California","Big Creek",93605,"37.172770","-119.299700"
"0567-GGCAC","United States","California","Biola",93606,"36.798882","-120.019511"
"8884-MRNSU","United States","California","Caruthers",93609,"36.527600","-119.865999"
"2171-UDMFD","United States","California","Chowchilla",93610,"37.100948","-120.270136"
"9050-IKDZA","United States","California","Clovis",93611,"36.917652","-119.593757"
"9802-CAQUT","United States","California","Coarsegold",93614,"37.212191","-119.749323"
"0187-WZNAB","United States","California","Del Rey",93616,"36.657462","-119.595293"
"1475-VWVDO","United States","California","Dos Palos",93620,"37.045728","-120.630682"
"1357-MVDOZ","United States","California","Firebaugh",93622,"36.785618","-120.625382"
"7602-MVRMB","United States","California","Fish Camp",93623,"37.483535","-119.679414"
"1197-BVMVG","United States","California","Friant",93626,"37.027663","-119.690560"
"5406-KGRMX","United States","California","Helm",93627,"36.520537","-120.118055"
"5968-HYJRZ","United States","California","Kerman",93630,"36.727418","-120.123526"
"5198-EFNBM","United States","California","Kingsburg",93631,"36.478239","-119.521370"
"7516-GMHUV","United States","California","Lakeshore",93634,"37.290606","-119.216328"
"7140-ADSMJ","United States","California","Los Banos",93635,"36.995162","-120.955099"
"2230-XTUWL","United States","California","Madera",93637,"36.902954","-120.194274"
"7706-YLMQA","United States","California","Madera",93638,"37.004068","-119.930027"
"2585-KTFRE","United States","California","Mendota",93640,"36.687292","-120.437354"
"7994-UYIVZ","United States","California","Miramonte",93641,"36.696759","-119.024051"
"7717-BICXI","United States","California","O Neals",93645,"37.140104","-119.657092"
"6559-RAKOZ","United States","California","Orange Cove",93646,"36.633498","-119.298895"
"4716-MRVEN","United States","California","Parlier",93648,"36.622237","-119.521126"
"2143-LJULT","United States","California","Fresno",93650,"36.841655","-119.797113"
"3200-MNQTF","United States","California","Raisin City",93652,"36.594542","-119.905245"
"6164-HXUGH","United States","California","Raymond",93653,"37.252057","-119.957830"
"5630-IXDXV","United States","California","Reedley",93654,"36.636638","-119.421842"
"0320-DWVTU","United States","California","Riverdale",93656,"36.452211","-119.945750"
"9135-MGVPY","United States","California","Sanger",93657,"36.819628","-119.440414"
"1212-GLHMD","United States","California","San Joaquin",93660,"36.600193","-120.153393"
"7878-JGDKK","United States","California","Selma",93662,"36.545322","-119.642281"
"1088-AUUZZ","United States","California","Shaver Lake",93664,"37.223000","-119.001021"
"6614-YWYSC","United States","California","Sultana",93666,"36.545353","-119.338535"
"9588-OZDMQ","United States","California","Tollhouse",93667,"36.993666","-119.348267"
"6476-EPYZR","United States","California","Wishon",93669,"37.287758","-119.548156"
"1174-FGIFN","United States","California","Squaw Valley",93675,"36.719141","-119.202677"
"6620-HVDUJ","United States","California","Fresno",93701,"36.749403","-119.787574"
"1032-MAELW","United States","California","Fresno",93703,"36.768774","-119.762633"
"7641-TQFHN","United States","California","Fresno",93704,"36.799648","-119.801247"
"1552-TKMXS","United States","California","Fresno",93705,"36.787240","-119.827813"
"8622-ZLFKO","United States","California","Fresno",93710,"36.822715","-119.761826"
"6188-UXBBR","United States","California","Fresno",93720,"36.878709","-119.764500"
"2333-KWEWW","United States","California","Fresno",93721,"36.732694","-119.783786"
"5702-SKUOB","United States","California","Fresno",93722,"36.789790","-119.929894"
"1134-YWTYF","United States","California","Fresno",93725,"36.623632","-119.741322"
"6061-GWWAV","United States","California","Fresno",93726,"36.793601","-119.761131"
"0679-TDGAK","United States","California","Fresno",93727,"36.751489","-119.680720"
"6585-WCEWR","United States","California","Fresno",93728,"36.757345","-119.818274"
"9067-YGSCA","United States","California","Salinas",93901,"36.641520","-121.622188"
"9067-SQTNS","United States","California","Salinas",93905,"36.667794","-121.601306"
"1776-SPBWV","United States","California","Salinas",93907,"36.774620","-121.664714"
"8735-SDUFN","United States","California","Salinas",93908,"36.624338","-121.615669"
"9668-PUGNU","United States","California","Big Sur",93920,"36.092975","-121.549826"
"9405-GPBBG","United States","California","Carmel By The Sea",93921,"36.554618","-121.922239"
"1926-QUZNN","United States","California","Carmel",93923,"36.460611","-121.852507"
"7016-NVRIC","United States","California","Chualar",93925,"36.596271","-121.442274"
"5829-NVSQN","United States","California","Gonzales",93926,"36.525880","-121.396719"
"9565-AXSMR","United States","California","Greenfield",93927,"36.248708","-121.386617"
"8869-LIHMK","United States","California","King City",93930,"36.220761","-120.980777"
"0447-RXSGD","United States","California","Monterey",93940,"36.362741","-121.869685"
"4927-WWOOZ","United States","California","Pacific Grove",93950,"36.618337","-121.926417"
"5788-YPOEG","United States","California","Pebble Beach",93953,"36.587497","-121.944815"
"0661-KBKPA","United States","California","Seaside",93955,"36.625114","-121.823565"
"9081-WWXKP","United States","California","Soledad",93960,"36.414216","-121.360597"
"0784-ZQJZX","United States","California","Spreckels",93962,"36.624641","-121.647195"
"3133-PZNSR","United States","California","Belmont",94002,"37.509366","-122.306132"
"0722-SVSFK","United States","California","Half Moon Bay",94019,"37.455670","-122.407992"
"3612-YVGSJ","United States","California","La Honda",94020,"37.285677","-122.224165"
"9825-YCXWZ","United States","California","Loma Mar",94021,"37.266388","-122.263080"
"5397-NSKQG","United States","California","Los Altos",94022,"37.349546","-122.134356"
"8565-HBFNN","United States","California","Los Altos",94024,"37.352911","-122.093002"
"2000-DHJUY","United States","California","Menlo Park",94025,"37.449551","-122.183762"
"8670-ERCJH","United States","California","Portola Valley",94028,"37.369709","-122.215844"
"7758-UJWYS","United States","California","Millbrae",94030,"37.601248","-122.403099"
"2050-ONYDQ","United States","California","Montara",94037,"37.540582","-122.509594"
"7055-JCGNI","United States","California","Moss Beach",94038,"37.515556","-122.502311"
"0739-UUAJR","United States","California","Mountain View",94040,"37.380662","-122.086022"
"4826-DXMUP","United States","California","Mountain View",94041,"37.388349","-122.075299"
"7285-KLOTR","United States","California","Pacifica",94044,"37.573633","-122.455167"
"0654-PQKDW","United States","California","Pescadero",94060,"37.225650","-122.297533"
"7175-NTIXE","United States","California","Redwood City",94061,"37.461251","-122.235414"
"7963-SHNDT","United States","California","Redwood City",94062,"37.410567","-122.297152"
"9796-BPKIW","United States","California","Redwood City",94063,"37.499411","-122.196318"
"0188-GWFLE","United States","California","Redwood City",94065,"37.527497","-122.230941"
"8129-GMVGI","United States","California","San Bruno",94066,"37.624436","-122.430661"
"2882-DDZPG","United States","California","San Carlos",94070,"37.497915","-122.267361"
"3547-LQRIK","United States","California","San Gregorio",94074,"37.331762","-122.341444"
"9137-NOQKA","United States","California","South San Francisco",94080,"37.654436","-122.426468"
"5843-TTHGI","United States","California","Sunnyvale",94086,"37.378541","-122.020456"
"1849-RJYIG","United States","California","Sunnyvale",94087,"37.351100","-122.037311"
"8868-GAGIO","United States","California","Sunnyvale",94089,"37.421633","-122.009613"
"4061-UKJWL","United States","California","San Francisco",94102,"37.779500","-122.419233"
"5380-XPJNZ","United States","California","San Francisco",94103,"37.773147","-122.411287"
"8263-QMNTJ","United States","California","San Francisco",94104,"37.791222","-122.402241"
"3230-JCNZS","United States","California","San Francisco",94107,"37.768881","-122.395521"
"0277-ORXQS","United States","California","San Francisco",94108,"37.791998","-122.408653"
"7996-BPXHY","United States","California","San Francisco",94111,"37.801776","-122.402293"
"3227-WLKLI","United States","California","San Francisco",94112,"37.720498","-122.443119"
"2266-FUBDZ","United States","California","San Francisco",94115,"37.786031","-122.437301"
"8237-ULIXL","United States","California","San Francisco",94116,"37.744410","-122.486764"
"8216-AZUUZ","United States","California","San Francisco",94118,"37.781304","-122.461522"
"9153-BTBVV","United States","California","San Francisco",94121,"37.776718","-122.495781"
"5186-PEIZU","United States","California","San Francisco",94124,"37.731505","-122.384532"
"1074-AMIOH","United States","California","San Francisco",94127,"37.736535","-122.457320"
"4361-FEBGN","United States","California","San Francisco",94131,"37.746699","-122.442833"
"7748-UMTRK","United States","California","San Francisco",94132,"37.722302","-122.491129"
"0380-ZCSBI","United States","California","San Francisco",94133,"37.802071","-122.411004"
"7145-FEJWU","United States","California","San Francisco",94134,"37.721052","-122.413573"
"6463-MVYRY","United States","California","Palo Alto",94301,"37.444314","-122.149996"
"3969-JQABI","United States","California","Palo Alto",94303,"37.458090","-122.115398"
"9624-EGDEQ","United States","California","Palo Alto",94304,"37.386978","-122.177746"
"1051-EQPZR","United States","California","Stanford",94305,"37.424342","-122.165641"
"5849-ASHZJ","United States","California","Palo Alto",94306,"37.416159","-122.131337"
"5780-INQIK","United States","California","San Mateo",94401,"37.590421","-122.306467"
"4526-ZJJTM","United States","California","San Mateo",94403,"37.538309","-122.305109"
"8384-FZBJK","United States","California","San Mateo",94404,"37.556094","-122.272437"
"3750-RNQKR","United States","California","Alameda",94501,"37.774633","-122.274434"
"0962-CQPWQ","United States","California","Alameda",94502,"37.724817","-122.224363"
"3096-YXENJ","United States","California","Danville",94506,"37.791481","-121.903253"
"1265-BCFEO","United States","California","Alamo",94507,"37.855717","-121.994813"
"5837-LXSDN","United States","California","Angwin",94508,"38.542448","-122.419923"
"5945-AZYHT","United States","California","Antioch",94509,"37.980057","-121.801599"
"8325-QRPZR","United States","California","Benicia",94510,"38.113533","-122.119260"
"6384-VMJHP","United States","California","Bethel Island",94511,"38.050558","-121.646924"
"2262-SLNVK","United States","California","Birds Landing",94512,"38.140719","-121.838298"
"7730-CLDSV","United States","California","Brentwood",94513,"37.908242","-121.682472"
"1135-HIORI","United States","California","Byron",94514,"37.833230","-121.601461"
"0164-APGRB","United States","California","Calistoga",94515,"38.629618","-122.593216"
"6481-ESCNL","United States","California","Clayton",94517,"37.881842","-121.848111"
"1790-NESIO","United States","California","Concord",94518,"37.950248","-122.022455"
"1550-EENBN","United States","California","Concord",94519,"37.990118","-122.012188"
"8198-RKSZG","United States","California","El Cerrito",94530,"37.924838","-122.289145"
"9297-EONCV","United States","California","Fremont",94536,"37.572273","-121.964583"
"1069-QJOEE","United States","California","Hayward",94541,"37.674002","-122.076796"
"7799-DSEWS","United States","California","Hayward",94544,"37.639215","-122.037554"
"8766-PAFNE","United States","California","Hayward",94545,"37.629840","-122.120843"
"5315-CKEQK","United States","California","Castro Valley",94546,"37.708327","-122.083473"
"3130-ICDUP","United States","California","Hercules",94547,"37.991259","-122.214945"
"0820-FNRNX","United States","California","Lafayette",94549,"37.907777","-122.127161"
"0880-FVFWF","United States","California","Livermore",94550,"37.571748","-121.659562"
"4611-ANLQC","United States","California","Castro Valley",94552,"37.722727","-122.021570"
"4213-HKBJO","United States","California","Martinez",94553,"38.014457","-122.115432"
"2792-LSHWX","United States","California","Fremont",94555,"37.555473","-122.080312"
"0014-BMAQU","United States","California","Napa",94558,"38.489789","-122.270110"
"9018-PCIOK","United States","California","Newark",94560,"37.504133","-122.032347"
"4837-QUSFT","United States","California","Oakley",94561,"37.999406","-121.686241"
"9953-ZMKSM","United States","California","Pinole",94564,"37.996462","-122.293716"
"0907-HQNTS","United States","California","Pittsburg",94565,"38.006047","-121.916834"
"7665-NKLAV","United States","California","Pleasanton",94566,"37.633361","-121.862395"
"4391-LNRXK","United States","California","Port Costa",94569,"38.035707","-122.196821"
"8250-ZNGGW","United States","California","Rio Vista",94571,"38.148862","-121.737696"
"8562-GHPPI","United States","California","San Leandro",94577,"37.717196","-122.159338"
"5893-PYOLZ","United States","California","San Leandro",94578,"37.704384","-122.126703"
"4986-MXSFP","United States","California","San Leandro",94579,"37.687264","-122.157280"
"6131-FOYAS","United States","California","San Lorenzo",94580,"37.676249","-122.132415"
"3027-YNWZU","United States","California","San Ramon",94583,"37.766556","-121.976784"
"5609-IMCGG","United States","California","Suisun City",94585,"38.197907","-122.017258"
"4727-MCYZG","United States","California","Union City",94587,"37.594850","-122.051521"
"9481-WHGWY","United States","California","Pleasanton",94588,"37.685052","-121.912061"
"4328-VUFWD","United States","California","Vallejo",94591,"38.105733","-122.186338"
"3301-LSLWQ","United States","California","Vallejo",94592,"38.093701","-122.276589"
"7473-ZBDSN","United States","California","Walnut Creek",94595,"37.862128","-122.075197"
"3166-PNEOF","United States","California","Walnut Creek",94596,"37.900662","-122.052782"
"5639-NTUPK","United States","California","Walnut Creek",94598,"37.916648","-122.008483"
"8780-YRMTT","United States","California","Yountville",94599,"38.421458","-122.365048"
"5140-FOMCQ","United States","California","Oakland",94602,"37.803883","-122.208417"
"6242-SGYTS","United States","California","Oakland",94603,"37.739113","-122.175602"
"8166-ORCHU","United States","California","Oakland",94605,"37.758019","-122.138678"
"8414-OOEEL","United States","California","Oakland",94606,"37.792489","-122.244314"
"8454-AATJP","United States","California","Oakland",94607,"37.807070","-122.297401"
"4531-AUZNK","United States","California","Oakland",94610,"37.808731","-122.238708"
"4191-XOVOM","United States","California","Oakland",94611,"37.828416","-122.216005"
"2150-OEGBV","United States","California","Oakland",94612,"37.809014","-122.269739"
"1855-CFULU","United States","California","Oakland",94619,"37.787186","-122.146330"
"4878-BUNFV","United States","California","Oakland",94621,"37.750553","-122.197175"
"1872-EBWSC","United States","California","Berkeley",94702,"37.866009","-122.286228"
"7026-YMSBE","United States","California","Berkeley",94704,"37.871416","-122.246597"
"6997-UVGOX","United States","California","Albany",94706,"37.890274","-122.295192"
"9674-EHPPG","United States","California","Berkeley",94707,"37.897753","-122.279391"
"5440-VHLUL","United States","California","Berkeley",94710,"37.872902","-122.303708"
"5781-BKHOP","United States","California","Richmond",94801,"37.945288","-122.383941"
"5213-TWWJU","United States","California","Richmond",94804,"37.921034","-122.341798"
"8628-MFKAX","United States","California","San Pablo",94806,"37.980269","-122.342635"
"7629-WIXZF","United States","California","San Rafael",94903,"38.018065","-122.546024"
"5445-GLVOT","United States","California","Greenbrae",94904,"37.946617","-122.563571"
"3976-HXHCE","United States","California","Belvedere Tiburon",94920,"37.885629","-122.468580"
"2466-NEJOJ","United States","California","Bodega",94922,"38.343282","-122.975500"
"0254-KCJGT","United States","California","Bodega Bay",94923,"38.377165","-123.037957"
"5472-CVMDX","United States","California","Bolinas",94924,"37.943087","-122.723790"
"6461-SZMCV","United States","California","Corte Madera",94925,"37.924014","-122.511694"
"8150-QUDFX","United States","California","Rohnert Park",94928,"38.347190","-122.697822"
"9508-ILZDG","United States","California","Dillon Beach",94929,"38.244580","-122.956268"
"2346-DJQTB","United States","California","Fairfax",94930,"37.971751","-122.611873"
"1697-LYYYX","United States","California","Cotati",94931,"38.326215","-122.718742"
"1942-OQFRW","United States","California","Forest Knolls",94933,"38.010092","-122.689442"
"9640-ZSLDC","United States","California","Lagunitas",94938,"38.021772","-122.691744"
"4231-LZUYM","United States","California","Larkspur",94939,"37.937082","-122.532369"
"6128-AQBMT","United States","California","Nicasio",94946,"38.065359","-122.665566"
"3594-BDSOA","United States","California","Novato",94947,"38.112166","-122.634384"
"5133-VRSAB","United States","California","Olema",94950,"38.052209","-122.775567"
"5996-DAOQL","United States","California","Penngrove",94951,"38.325599","-122.642352"
"6838-YAUVY","United States","California","Petaluma",94952,"38.237018","-122.778720"
"0484-JPBRU","United States","California","Petaluma",94954,"38.235021","-122.557332"
"7883-ROJOC","United States","California","Point Reyes Station",94956,"38.060264","-122.830646"
"0244-LGNFY","United States","California","San Anselmo",94960,"37.992720","-122.575026"
"7274-CGTOD","United States","California","San Geronimo",94963,"38.004740","-122.663717"
"4295-YURET","United States","California","San Quentin",94964,"37.942551","-122.491642"
"4635-EJYPD","United States","California","Tomales",94971,"38.240769","-122.901041"
"1866-ZSLJM","United States","California","Valley Ford",94972,"38.339996","-122.935056"
"4636-TVXVG","United States","California","Woodacre",94973,"38.005839","-122.638155"
"4236-UJPWO","United States","California","Alviso",95002,"37.449537","-121.994813"
"9392-XBGTD","United States","California","Aptos",95003,"37.013471","-121.877877"
"6402-SSEJG","United States","California","Ben Lomond",95005,"37.078873","-122.090386"
"1169-SAOCL","United States","California","Brookdale",95007,"37.106902","-122.100006"
"1110-KYLGQ","United States","California","Campbell",95008,"37.279689","-121.954567"
"9929-PLVPA","United States","California","Capitola",95010,"36.977025","-121.952864"
"3518-PZXZQ","United States","California","Castroville",95012,"36.784481","-121.759054"
"2371-JUNGC","United States","California","Cupertino",95014,"37.306612","-122.080621"
"7693-QPEFS","United States","California","Davenport",95017,"37.114335","-122.237162"
"0924-BJCRC","United States","California","Felton",95018,"37.089111","-122.062213"
"5074-FBGHB","United States","California","Freedom",95019,"36.936228","-121.785559"
"2351-BKRZW","United States","California","Gilroy",95020,"37.038890","-121.528955"
"4455-BFSPD","United States","California","Hollister",95023,"36.875409","-121.279679"
"3948-KXDUF","United States","California","Los Gatos",95033,"37.160194","-121.945611"
"2323-ARSVR","United States","California","Milpitas",95035,"37.441931","-121.878502"
"0815-MFZGM","United States","California","Morgan Hill",95037,"37.161544","-121.649371"
"5480-XTFFL","United States","California","Mount Hermon",95041,"37.051166","-122.056194"
"8295-FHIVV","United States","California","Paicines",95043,"36.525703","-120.952122"
"9086-YJYXS","United States","California","San Martin",95046,"37.084697","-121.606417"
"1179-INLAT","United States","California","Santa Clara",95050,"37.351214","-121.952417"
"7909-FIOIY","United States","California","Santa Clara",95051,"37.348129","-121.984690"
"6351-SCJKT","United States","California","Santa Cruz",95062,"36.974575","-121.991149"
"5468-BPMMO","United States","California","Santa Cruz",95064,"37.007882","-122.065975"
"0197-PNKNK","United States","California","Scotts Valley",95066,"37.070177","-122.010077"
"2439-QKJUL","United States","California","Saratoga",95070,"37.257772","-122.051824"
"1194-SPVSP","United States","California","Soquel",95073,"37.023669","-121.946461"
"9534-NSXEM","United States","California","Watsonville",95076,"36.931654","-121.752383"
"8929-KSWIH","United States","California","San Jose",95111,"37.284265","-121.827673"
"2250-IVBWA","United States","California","San Jose",95112,"37.343827","-121.883119"
"1810-MVMAI","United States","California","San Jose",95113,"37.333851","-121.891147"
"9506-UXUSK","United States","California","San Jose",95116,"37.350284","-121.852855"
"1229-RCALF","United States","California","San Jose",95117,"37.311088","-121.961786"
"3572-UOLYZ","United States","California","San Jose",95118,"37.255479","-121.889838"
"1429-UYJSV","United States","California","San Jose",95119,"37.233226","-121.788090"
"6366-XIVKZ","United States","California","San Jose",95122,"37.328860","-121.834567"
"3470-OBUET","United States","California","San Jose",95123,"37.238758","-121.828375"
"2770-NSVDG","United States","California","San Jose",95124,"37.257063","-121.923037"
"9375-MHRRS","United States","California","San Jose",95125,"37.294926","-121.894763"
"4860-YZGZM","United States","California","San Jose",95128,"37.316146","-121.936285"
"6599-GZWCM","United States","California","San Jose",95129,"37.305622","-122.000887"
"5533-NHFRF","United States","California","San Jose",95132,"37.424655","-121.748410"
"7037-MTYVW","United States","California","San Jose",95133,"37.371862","-121.860349"
"4760-THGOT","United States","California","San Jose",95134,"37.427650","-121.945416"
"4016-BJKTZ","United States","California","San Jose",95136,"37.270938","-121.851046"
"6584-VQMYT","United States","California","San Jose",95138,"37.246064","-121.749494"
"9838-BFCQT","United States","California","San Jose",95139,"37.218705","-121.762429"
"2790-XUYMV","United States","California","Mount Hamilton",95140,"37.382909","-121.634151"
"0581-MDMPW","United States","California","San Jose",95148,"37.339533","-121.777179"
"1023-BQXZE","United States","California","Stockton",95203,"37.954089","-121.329761"
"9163-GHAYE","United States","California","Stockton",95204,"37.974498","-121.319568"
"3904-UKFRE","United States","California","Stockton",95205,"37.965695","-121.260051"
"5353-WILCI","United States","California","Stockton",95206,"37.902422","-121.440029"
"0058-EVZWM","United States","California","Stockton",95209,"38.044523","-121.348048"
"7009-PCARS","United States","California","Stockton",95215,"37.946282","-121.139499"
"0519-DRGTI","United States","California","Stockton",95219,"38.029729","-121.387999"
"1017-FBQMM","United States","California","Acampo",95220,"38.200231","-121.235034"
"1985-MBRYP","United States","California","Arnold",95223,"38.321530","-120.236358"
"9372-TXXPS","United States","California","Burson",95225,"38.183918","-120.898817"
"3259-QMXUN","United States","California","Campo Seco",95226,"38.233879","-120.861666"
"1015-JPFYW","United States","California","Clements",95227,"38.227285","-121.027890"
"6645-MXQJT","United States","California","Copperopolis",95228,"37.943954","-120.671080"
"4360-QRAVE","United States","California","Farmington",95230,"37.956963","-120.863055"
"8433-WPJTV","United States","California","French Camp",95231,"37.873283","-121.292034"
"5804-JMYIO","United States","California","Glencoe",95232,"38.358464","-120.579304"
"6484-LATFU","United States","California","Linden",95236,"38.047746","-121.030499"
"7599-NTMDP","United States","California","Lockeford",95237,"38.166791","-121.142070"
"0536-ACXIP","United States","California","Lodi",95242,"38.128087","-121.407800"
"0936-NQLJU","United States","California","Mokelumne Hill",95245,"38.304194","-120.592431"
"1575-KRZZE","United States","California","Murphys",95247,"38.147852","-120.440124"
"3251-YMVWZ","United States","California","San Andreas",95249,"38.196497","-120.616890"
"9348-ROUAI","United States","California","Honeydew",95545,"40.342928","-124.063329"
"4884-LEVMQ","United States","California","Valley Springs",95252,"38.156971","-120.849231"
"8857-CUPFQ","United States","California","Wallace",95254,"38.192608","-120.957842"
"7610-TVOPG","United States","California","West Point",95255,"38.419350","-120.469545"
"3638-DIMPH","United States","California","Wilseyville",95257,"38.392686","-120.415951"
"1845-ZLLIG","United States","California","Woodbridge",95258,"38.169605","-121.310964"
"8559-WNQZS","United States","California","Atwater",95301,"37.321233","-120.656354"
"1699-UOTXU","United States","California","Big Oak Flat",95305,"37.818589","-120.256995"
"0635-WKOLD","United States","California","Ceres",95307,"37.553469","-120.952825"
"5993-JSUWV","United States","California","Columbia",95310,"38.085839","-120.378550"
"4518-FZBSX","United States","California","Coulterville",95311,"37.722127","-120.110174"
"5387-ASZNZ","United States","California","Cressey",95312,"37.420273","-120.665270"
"6988-CJEYV","United States","California","Crows Landing",95313,"37.435664","-121.049056"
"3097-FQTVJ","United States","California","Denair",95316,"37.524721","-120.757977"
"5465-BUBFA","United States","California","El Nido",95317,"37.127386","-120.506422"
"7299-GNVPL","United States","California","El Portal",95318,"37.654551","-119.822984"
"9743-DQKQW","United States","California","Escalon",95320,"37.818543","-121.006907"
"1215-VFYVK","United States","California","Groveland",95321,"37.902968","-119.667544"
"9371-BITHB","United States","California","Gustine",95322,"37.147198","-121.120161"
"9093-FPDLG","United States","California","Hilmar",95324,"37.394536","-120.890747"
"0541-FITGH","United States","California","Hornitos",95325,"37.479926","-120.230424"
"6985-HAYWX","United States","California","Hughson",95326,"37.592300","-120.853288"
"7508-KBIMB","United States","California","Jamestown",95327,"37.847710","-120.486589"
"6838-HVLXG","United States","California","Keyes",95328,"37.555631","-120.911653"
"2277-DJJDL","United States","California","La Grange",95329,"37.666587","-120.411517"
"1897-OKVMW","United States","California","Lathrop",95330,"37.808210","-121.308401"
"5485-ITNPC","United States","California","Le Grand",95333,"37.249377","-120.249581"
"0233-FTHAV","United States","California","Livingston",95334,"37.361987","-120.748394"
"4644-PIZRT","United States","California","Long Barn",95335,"38.109125","-120.078597"
"8922-NPKBJ","United States","California","Manteca",95336,"37.830267","-121.201018"
"2740-TVLFN","United States","California","Manteca",95337,"37.750822","-121.238423"
"7771-CFQRQ","United States","California","Mariposa",95338,"37.526791","-119.994370"
"9512-PHSMG","United States","California","Merced",95340,"37.255637","-120.493537"
"6963-EZQEE","United States","California","Midpines",95345,"37.581496","-119.972762"
"2452-KDRRH","United States","California","Mi Wuk Village",95346,"38.121601","-120.133915"
"4146-SVFUD","United States","California","Modesto",95351,"37.621458","-121.012295"
"1564-HJUVY","United States","California","Modesto",95354,"37.639029","-120.964772"
"3617-XLSGQ","United States","California","Modesto",95355,"37.672906","-120.946594"
"7517-LDMPS","United States","California","Modesto",95356,"37.716186","-121.025836"
"7244-KXYZN","United States","California","Modesto",95357,"37.670526","-120.877572"
"5226-NOZFC","United States","California","Modesto",95358,"37.612612","-121.108568"
"1400-WIVLL","United States","California","Oakdale",95361,"37.785033","-120.776141"
"8148-NLEGT","United States","California","Pinecrest",95364,"38.224869","-119.755729"
"8347-GDTMP","United States","California","Ripon",95366,"37.750778","-121.132380"
"6746-WAUWT","United States","California","Salida",95368,"37.713152","-121.087390"
"0428-IKYCP","United States","California","Sonora",95370,"37.982716","-120.343732"
"2187-PKZAY","United States","California","Stevinson",95374,"37.316807","-120.855753"
"4003-OCTMP","United States","California","Tracy",95376,"37.680968","-121.446049"
"6652-YFFJO","United States","California","Tuolumne",95379,"37.939768","-120.188002"
"7225-IILWY","United States","California","Turlock",95380,"37.474396","-120.875917"
"5248-RPYWW","United States","California","Turlock",95382,"37.529656","-120.854357"
"7923-IYJWY","United States","California","Twain Harte",95383,"38.107441","-120.230625"
"3170-GWYKC","United States","California","Vernalis",95385,"37.609095","-121.263381"
"9830-ECLEN","United States","California","Winton",95388,"37.421299","-120.599587"
"2668-TZSPS","United States","California","Santa Rosa",95403,"38.488431","-122.752839"
"7446-SFAOA","United States","California","Santa Rosa",95407,"38.394091","-122.739814"
"9443-JUBUO","United States","California","Hoopa",95546,"41.163637","-123.704841"
"9522-ZSINC","United States","California","Santa Rosa",95409,"38.468893","-122.580539"
"8234-GSZYK","United States","California","Albion",95410,"39.225694","-123.717354"
"6505-OZNPG","United States","California","Annapolis",95412,"38.731055","-123.316553"
"6164-HAQTX","United States","California","Boonville",95415,"39.025867","-123.381544"
"7765-LWVVH","United States","California","Caspar",95420,"39.361283","-123.784599"
"1658-TJVOA","United States","California","Cazadero",95421,"38.578807","-123.193380"
"0953-LGOVU","United States","California","Clearlake",95422,"38.965804","-122.631779"
"4692-NNQRU","United States","California","Cloverdale",95425,"38.801936","-122.938935"
"7742-MYPGI","United States","California","Cobb",95426,"38.838088","-122.732030"
"9619-GSATL","United States","California","Dos Rios",95429,"39.756049","-123.358701"
"5622-UEJFI","United States","California","Duncans Mills",95430,"38.445603","-123.063756"
"0674-DGMAQ","United States","California","Elk",95432,"39.108252","-123.645121"
"6203-HBZPA","United States","California","Forestville",95436,"38.499302","-122.924440"
"0484-FFVBJ","United States","California","Fort Bragg",95437,"39.455555","-123.683979"
"0301-FIDRB","United States","California","Fulton",95439,"38.493888","-122.777141"
"4139-JPIAM","United States","California","Geyserville",95441,"38.731771","-123.064272"
"2181-TIDSV","United States","California","Glen Ellen",95442,"38.368744","-122.522642"
"2761-XECQW","United States","California","Glenhaven",95443,"39.045246","-122.743181"
"1936-CZAKF","United States","California","Graton",95444,"38.434362","-122.868910"
"9453-PATOS","United States","California","Gualala",95445,"38.848082","-123.506080"
"4402-FTBXC","United States","California","Hopland",95449,"38.937060","-123.118111"
"2931-XIQBR","United States","California","Kelseyville",95451,"38.934960","-122.792243"
"0106-UGRDO","United States","California","Kenwood",95452,"38.419525","-122.521585"
"5542-TBBWB","United States","California","Lakeport",95453,"39.080469","-122.955176"
"1930-QPBVZ","United States","California","Laytonville",95454,"39.806141","-123.531098"
"2606-PKWJB","United States","California","Little River",95456,"39.245911","-123.772140"
"5322-ZSMZY","United States","California","Lower Lake",95457,"38.925545","-122.549083"
"8059-UDZFY","United States","California","Lucerne",95458,"39.141934","-122.770679"
"7740-BTPUX","United States","California","Manchester",95459,"38.966713","-123.586412"
"5220-AGAAX","United States","California","Mendocino",95460,"39.305545","-123.743697"
"0208-BPQEJ","United States","California","Middletown",95461,"38.787446","-122.586750"
"9435-JMLSX","United States","California","Monte Rio",95462,"38.471049","-123.015549"
"3352-ALMCK","United States","California","Navarro",95463,"39.182916","-123.552571"
"5312-IRCFR","United States","California","Nice",95464,"39.123340","-122.838198"
"5294-IMHHT","United States","California","Occidental",95465,"38.415003","-122.998726"
"6176-YJWAS","United States","California","Potter Valley",95469,"39.408634","-123.045516"
"5310-NOOVA","United States","California","Redwood Valley",95470,"39.298065","-123.252110"
"4526-EXKKN","United States","California","Rio Nido",95471,"38.522328","-122.979320"
"5311-IHLEI","United States","California","Sebastopol",95472,"38.398815","-122.861923"
"3987-KQDDU","United States","California","Sonoma",95476,"38.254850","-122.461799"
"3404-JNXAX","United States","California","Ukiah",95482,"39.134075","-123.234220"
"5131-PONJI","United States","California","Upper Lake",95485,"39.220368","-122.907693"
"3489-VSFRD","United States","California","Willits",95490,"39.492046","-123.375818"
"3345-JHUEO","United States","California","Windsor",95492,"38.527297","-122.810044"
"5815-HGGHV","United States","California","Witter Springs",95493,"39.222323","-122.985488"
"5260-UMPWX","United States","California","Yorkville",95494,"38.888351","-123.239647"
"5649-RXQTV","United States","California","Alderpoint",95511,"40.166028","-123.584144"
"2674-MIAHT","United States","California","Blocksburg",95514,"40.309088","-123.668201"
"2576-HXMPA","United States","California","Mckinleyville",95519,"40.965011","-124.015255"
"7587-AOVVU","United States","California","Arcata",95521,"40.839958","-124.003757"
"6898-MDLZW","United States","California","Blue Lake",95525,"40.943380","-123.831799"
"4707-YNOQA","United States","California","Burnt Ranch",95527,"40.854512","-123.450097"
"9357-UJRUN","United States","California","Carlotta",95528,"40.497283","-123.930370"
"8648-PFRMP","United States","California","Ferndale",95536,"40.478500","-124.301372"
"7663-CUXZB","United States","California","Fields Landing",95537,"40.726949","-124.217378"
"0258-NOKBL","United States","California","Fortuna",95540,"40.584991","-124.121504"
"1163-VIPRI","United States","California","Garberville",95542,"40.057784","-123.679461"
"3043-TYBNO","United States","California","Kneeland",95549,"40.664483","-123.865325"
"4830-FAXFM","United States","California","Korbel",95550,"40.766600","-123.804580"
"5906-BFOZT","United States","California","Loleta",95551,"40.665952","-124.240051"
"2960-NKRSO","United States","California","Mad River",95552,"40.390301","-123.412327"
"8996-ZROXE","United States","California","Miranda",95553,"40.210895","-123.860000"
"5598-IKHQQ","United States","California","Myers Flat",95554,"40.267158","-123.805913"
"0397-ZXWQF","United States","California","Orick",95555,"41.336354","-124.044354"
"5266-PFRQK","United States","California","Orleans",95556,"41.269521","-123.546958"
"4674-HGNUA","United States","California","Petrolia",95558,"40.274302","-124.210902"
"6765-MBQNU","United States","California","Phillipsville",95559,"40.184094","-123.745487"
"9786-IJYDL","United States","California","Redway",95560,"40.142256","-123.852927"
"1303-SRDOK","United States","California","Rio Dell",95562,"40.485849","-124.163234"
"3769-MHZNV","United States","California","Salyer",95563,"40.898660","-123.539754"
"6295-OSINB","United States","California","Samoa",95564,"40.809636","-124.189977"
"3308-MHOOC","United States","California","Scotia",95565,"40.440636","-124.098739"
"2207-QPJED","United States","California","Somes Bar",95568,"41.444606","-123.471895"
"4177-JPDFU","United States","California","Redcrest",95569,"40.363446","-123.835041"
"2239-CFOUJ","United States","California","Trinidad",95570,"41.162295","-124.027381"
"8046-DNVTL","United States","California","Weott",95571,"40.310119","-123.909449"
"2209-XADXF","United States","California","Willow Creek",95573,"40.949012","-123.655847"
"6620-JDYNW","United States","California","Leggett",95585,"39.873371","-123.741474"
"4770-UEZOX","United States","California","Whitethorn",95589,"40.053159","-123.995867"
"1038-RQOST","United States","California","Zenia",95595,"40.170357","-123.417298"
"4568-TTZRT","United States","California","Auburn",95602,"38.990030","-121.114408"
"9513-DXHDA","United States","California","Auburn",95603,"38.912881","-121.082766"
"0516-QREYC","United States","California","Capay",95607,"38.681651","-122.130569"
"8084-OIVBS","United States","California","Clarksburg",95612,"38.384648","-121.578701"
"8896-BQTTI","United States","California","Cool",95614,"38.880622","-120.973865"
"3865-QBWSJ","United States","California","Courtland",95615,"38.311609","-121.554034"
"3352-RICWQ","United States","California","Davis",95616,"38.508735","-121.678813"
"2160-GPFXD","United States","California","Davis",95618,"38.544002","-121.685559"
"2065-MMKGR","United States","California","Diamond Springs",95619,"38.683605","-120.811852"
"5857-TYBCJ","United States","California","Dixon",95620,"38.392821","-121.799917"
"1498-NHTLT","United States","California","Citrus Heights",95621,"38.695490","-121.307864"
"1402-PTHGN","United States","California","Elk Grove",95624,"38.434138","-121.305870"
"4176-RELJR","United States","California","Elmira",95625,"38.349195","-121.902943"
"5199-FPUSP","United States","California","Esparto",95627,"38.834469","-122.127193"
"6377-KSLXC","United States","California","Fair Oaks",95628,"38.652065","-121.254410"
"1796-JANOW","United States","California","Fiddletown",95629,"38.513484","-120.704613"
"0238-WHBIQ","United States","California","Folsom",95630,"38.672638","-121.147403"
"8735-NBLWT","United States","California","Foresthill",95631,"39.031876","-120.811141"
"6651-RLGGM","United States","California","Galt",95632,"38.274451","-121.259201"
"1614-JBEBI","United States","California","Georgetown",95634,"38.938600","-120.785514"
"5696-EXCYS","United States","California","Hood",95639,"38.375325","-121.507935"
"5795-KTGUD","United States","California","Ione",95640,"38.337880","-120.954202"
"7924-GJZFI","United States","California","Jackson",95642,"38.336216","-120.769010"
"4702-HDRKD","United States","California","Knights Landing",95645,"38.875508","-121.765866"
"8512-WIWYV","United States","California","Kirkwood",95646,"38.631489","-120.015167"
"5897-ZYEKH","United States","California","Lincoln",95648,"38.922812","-121.312005"
"5456-ITGIC","United States","California","Loomis",95650,"38.809175","-121.171375"
"1406-PUQVY","United States","California","Madison",95653,"38.674276","-121.961866"
"9114-AAFQH","United States","California","North Highlands",95660,"38.671295","-121.388251"
"8715-KKTFG","United States","California","Roseville",95661,"38.736685","-121.251984"
"1728-BQDMA","United States","California","Penryn",95663,"38.859093","-121.182872"
"5117-ZSMHQ","United States","California","Pioneer",95666,"38.546999","-120.271114"
"5151-HQRDG","United States","California","Placerville",95667,"38.733714","-120.795213"
"0960-HUWBM","United States","California","Pleasant Grove",95668,"38.833554","-121.498102"
"6465-GSRCL","United States","California","Plymouth",95669,"38.489273","-120.891614"
"0263-FJTQO","United States","California","Rescue",95672,"38.724322","-120.991237"
"7319-ZNRTR","United States","California","Rio Linda",95673,"38.688764","-121.457596"
"7503-EPSZW","United States","California","River Pines",95675,"38.545775","-120.743325"
"7089-XXAYG","United States","California","Rocklin",95677,"38.790400","-121.236973"
"8070-AAWZP","United States","California","Sheridan",95681,"38.984756","-121.345074"
"1666-JXLKU","United States","California","Shingle Springs",95682,"38.598936","-120.963092"
"7855-DIWPO","United States","California","Sloughhouse",95683,"38.470423","-121.114897"
"5133-POWUA","United States","California","Somerset",95684,"38.606703","-120.586659"
"5652-MSDEY","United States","California","Sutter Creek",95685,"38.432145","-120.770690"
"1810-BOHSY","United States","California","Vacaville",95687,"38.333133","-121.920151"
"1784-BXEFA","United States","California","Vacaville",95688,"38.419088","-122.024568"
"7351-MHQVU","United States","California","Volcano",95689,"38.481902","-120.603668"
"9224-VTYID","United States","California","Walnut Grove",95690,"38.240419","-121.587535"
"9500-IWPXQ","United States","California","West Sacramento",95691,"38.627951","-121.593287"
"5762-TJXGK","United States","California","Wheatland",95692,"39.043387","-121.409837"
"4504-YOULA","United States","California","Wilton",95693,"38.392559","-121.225093"
"5569-IDSEY","United States","California","Winters",95694,"38.578604","-122.024579"
"7284-ZZLOH","United States","California","Alta",95701,"39.218096","-120.791530"
"1777-JYQPJ","United States","California","Colfax",95713,"39.084645","-120.894014"
"3401-URHDA","United States","California","Emigrant Gap",95715,"39.237540","-120.720196"
"1599-EAHXY","United States","California","Gold Run",95717,"39.170376","-120.838404"
"8631-XVRZL","United States","California","Kyburz",95720,"38.766036","-120.209673"
"3853-LYGAM","United States","California","Meadow Vista",95722,"39.003358","-121.022539"
"5751-USDBL","United States","California","Soda Springs",95728,"39.279068","-120.414275"
"5680-LQOGP","United States","California","Twin Bridges",95735,"38.805481","-120.132870"
"8189-DUKMV","United States","California","Rancho Cordova",95742,"38.591134","-121.161585"
"9931-DCEZH","United States","California","Roseville",95747,"38.784329","-121.373245"
"1898-JSNDC","United States","California","Elk Grove",95758,"38.353630","-121.441950"
"0315-LVCRK","United States","California","El Dorado Hills",95762,"38.684437","-121.055634"
"3911-RSNHI","United States","California","Rocklin",95765,"38.823278","-121.281856"
"2410-CIYFZ","United States","California","Woodland",95776,"38.694081","-121.694431"
"5505-OVWQW","United States","California","Sacramento",95815,"38.608405","-121.449942"
"7271-AJDTL","United States","California","Sacramento",95816,"38.574856","-121.465040"
"1867-TJHTS","United States","California","Sacramento",95817,"38.550722","-121.457314"
"6860-YRJZP","United States","California","Sacramento",95820,"38.535080","-121.444144"
"4429-WYGFR","United States","California","Sacramento",95821,"38.625096","-121.383658"
"2817-LVCPP","United States","California","Sacramento",95822,"38.512569","-121.495184"
"5038-ETMLM","United States","California","Sacramento",95823,"38.475465","-121.443625"
"5056-FIMPT","United States","California","Sacramento",95824,"38.517295","-121.439819"
"4521-WFJAI","United States","California","Sacramento",95825,"38.590035","-121.412455"
"6569-KTMDU","United States","California","Sacramento",95826,"38.542532","-121.378826"
"8809-XKHMD","United States","California","Sacramento",95828,"38.486938","-121.395805"
"0396-YCHWO","United States","California","Sacramento",95829,"38.486502","-121.334051"
"0867-LDTTC","United States","California","Sacramento",95830,"38.490508","-121.284171"
"9391-DXGGG","United States","California","Sacramento",95832,"38.445939","-121.496855"
"9844-FELAJ","United States","California","Sacramento",95833,"38.619049","-121.517552"
"2122-SZZZD","United States","California","Sacramento",95834,"38.646209","-121.524460"
"3148-AOIQT","United States","California","Sacramento",95837,"38.691607","-121.602284"
"8395-ETZKQ","United States","California","Sacramento",95841,"38.660442","-121.346321"
"6692-YQHXC","United States","California","Sacramento",95842,"38.687367","-121.348480"
"3889-VWBID","United States","California","Antelope",95843,"38.715498","-121.363411"
"5222-JCXZT","United States","California","Sacramento",95864,"38.585826","-121.376263"
"9754-CLVZW","United States","California","Marysville",95901,"39.195140","-121.503883"
"2739-CCZMB","United States","California","Alleghany",95910,"39.467828","-120.841386"
"7080-TNUWP","United States","California","Arbuckle",95912,"38.982373","-122.047751"
"0496-AHOOK","United States","California","Bangor",95914,"39.396585","-121.380290"
"8336-TAVKX","United States","California","Berry Creek",95916,"39.657228","-121.377780"
"2468-SJFLM","United States","California","Biggs",95917,"39.457388","-121.818201"
"3181-VTHOE","United States","California","Browns Valley",95918,"39.292334","-121.320597"
"7168-HDQHG","United States","California","Brownsville",95919,"39.440687","-121.263583"
"4567-AKPIA","United States","California","Canyon Dam",95923,"40.171312","-121.120605"
"7901-HXJVA","United States","California","Chico",95928,"39.681488","-121.837210"
"5924-IFQTT","United States","California","Crescent Mills",95934,"40.080342","-120.957805"
"7968-QUXNS","United States","California","Dobbins",95935,"39.381174","-121.211910"
"8903-WMRNW","United States","California","Durham",95938,"39.607831","-121.777959"
"2452-SNHFZ","United States","California","Elk Creek",95939,"39.532220","-122.594879"
"3629-WEAAM","United States","California","Forbestown",95941,"39.531028","-121.248070"
"6029-CSMJE","United States","California","Forest Ranch",95942,"40.077028","-121.494168"
"7993-NQLJE","United States","California","Glenn",95943,"39.597975","-122.032248"
"9909-DFRJA","United States","California","Goodyears Bar",95944,"39.564113","-120.868836"
"9099-FTUHS","United States","California","Grass Valley",95945,"39.194539","-120.988066"
"0581-BXBUB","United States","California","Penn Valley",95946,"39.203817","-121.195840"
"4962-CHQPW","United States","California","Greenville",95947,"40.160386","-120.835428"
"9467-ROOLM","United States","California","Gridley",95948,"39.346898","-121.759537"
"5150-ITWWB","United States","California","Hamilton City",95951,"39.732767","-122.042298"
"2253-KPMNB","United States","California","Live Oak",95953,"39.258746","-121.776970"
"1345-ZUKID","United States","California","Magalia",95954,"39.933852","-121.584371"
"6429-SHBCB","United States","California","Maxwell",95955,"39.281194","-122.226568"
"9281-OFDMF","United States","California","Meadow Valley",95956,"39.937017","-121.058043"
"2603-HVKCG","United States","California","Meridian",95957,"39.068071","-121.832638"
"1834-WULEG","United States","California","Nevada City",95959,"39.333737","-120.858667"
"9097-ZUBYC","United States","California","North San Juan",95960,"39.423046","-120.984472"
"5148-ORICT","United States","California","Olivehurst",95961,"39.082568","-121.553250"
"4893-GYUJU","United States","California","Oregon House",95962,"39.342587","-121.249833"
"4578-PHJYZ","United States","California","Orland",95963,"39.748037","-122.302169"
"7272-QDCKA","United States","California","Oroville",95965,"39.624561","-121.552866"
"8908-SLFCJ","United States","California","Oroville",95966,"39.473896","-121.415927"
"9766-HGEDE","United States","California","Paradise",95969,"39.696760","-121.644379"
"6968-MHOMU","United States","California","Princeton",95970,"39.424957","-122.039307"
"5044-XDPYX","United States","California","Chico",95973,"39.903272","-121.843567"
"1814-WFGVS","United States","California","Richvale",95974,"39.495768","-121.747472"
"3721-WKIIL","United States","California","Smartville",95977,"39.176595","-121.291692"
"6734-CKRSM","United States","California","Stirling City",95978,"39.904002","-121.527823"
"1265-ZFOSD","United States","California","Stonyford",95979,"39.288127","-122.415841"
"6568-POCUI","United States","California","Strawberry Valley",95981,"39.584580","-121.093256"
"5197-LQXXH","United States","California","Taylorsville",95983,"40.053684","-120.743116"
"3457-PQBYH","United States","California","Washington",95986,"39.341280","-120.786867"
"7682-AZNDK","United States","California","Williams",95987,"39.117537","-122.284654"
"5384-ZTTWP","United States","California","Yuba City",95991,"39.027410","-121.614982"
"3745-HRPHI","United States","California","Yuba City",95993,"39.075694","-121.706060"
"7636-OWBPG","United States","California","Redding",96001,"40.587919","-122.464732"
"1231-YNDEK","United States","California","Redding",96002,"40.527834","-122.318749"
"1407-DIGZV","United States","California","Redding",96003,"40.677649","-122.294670"
"0570-BFQHT","United States","California","Anderson",96007,"40.448632","-122.306657"
"4393-OBCRR","United States","California","Bella Vista",96008,"40.722733","-122.109666"
"8564-LDKFL","United States","California","Big Bar",96010,"40.775272","-123.287414"
"3696-DFHHB","United States","California","Big Bend",96011,"41.096569","-121.879082"
"4717-GHADL","United States","California","Callahan",96014,"41.388397","-122.794636"
"5501-TVMGM","United States","California","Canby",96015,"41.486953","-120.913975"
"5879-HMFFH","United States","California","Cassel",96016,"40.936285","-121.572692"
"6772-WFQRD","United States","California","Castella",96017,"41.121108","-122.336613"
"3810-DVDQQ","United States","California","Shasta Lake",96019,"40.692523","-122.369876"
"6972-SNKKW","United States","California","Chester",96020,"40.243494","-121.154733"
"3694-GLTJM","United States","California","Corning",96021,"39.913777","-122.289984"
"8550-XSXUQ","United States","California","Cottonwood",96022,"40.336392","-122.448533"
"9055-MOJJJ","United States","California","Douglas City",96024,"40.586588","-122.903677"
"4359-INNWN","United States","California","Dunsmuir",96025,"41.212695","-122.392067"
"0585-EGDDA","United States","California","Etna",96027,"41.405193","-123.008567"
"4032-RMHCI","United States","California","Fall River Mills",96028,"41.017282","-121.468945"
"0549-CYCQN","United States","California","Flournoy",96029,"39.847840","-122.544556"
"3481-JHUZH","United States","California","Forks Of Salmon",96031,"41.232128","-123.194748"
"3594-IVHJZ","United States","California","French Gulch",96033,"40.740138","-122.587476"
"6869-FGJJC","United States","California","Gazelle",96034,"41.411315","-122.697236"
"3896-ZVNET","United States","California","Gerber",96035,"40.031940","-122.176023"
"8205-VSLRB","United States","California","Greenview",96037,"41.528541","-122.955018"
"5960-MVTUK","United States","California","Grenada",96038,"41.599978","-122.539381"
"6817-WTYHE","United States","California","Happy Camp",96039,"41.831901","-123.487478"
"3082-VQXNH","United States","California","Hat Creek",96040,"40.789799","-121.474529"
"4931-TRZWN","United States","California","Hornbrook",96044,"41.962127","-122.527696"
"0750-EKNGL","United States","California","Hyampom",96046,"40.648024","-123.465088"
"7669-LCRSD","United States","California","Igo",96047,"40.524535","-122.647172"
"3567-PQTSO","United States","California","Junction City",96048,"40.913192","-123.065970"
"8043-PNYSD","United States","California","Lakehead",96051,"40.883853","-122.418258"
"9938-EKRGF","United States","California","Lewiston",96052,"40.704293","-122.803899"
"2703-AMTUL","United States","California","Lookout",96054,"41.280478","-121.160249"
"0928-JMXNP","United States","California","Los Molinos",96055,"40.059385","-122.091481"
"8173-RXAYP","United States","California","Mcarthur",96056,"41.108310","-121.360362"
"4825-XJGDM","United States","California","Mccloud",96057,"41.251322","-122.105209"
"5402-HTOTQ","United States","California","Macdoel",96058,"41.769709","-121.920630"
"6734-JDTTV","United States","California","Manton",96059,"40.426679","-121.850421"
"7850-THJMU","United States","California","Mill Creek",96061,"40.331975","-121.460674"
"3890-RTCMS","United States","California","Millville",96062,"40.531257","-122.148139"
"3717-FDJFU","United States","California","Montgomery Creek",96065,"40.877552","-121.885884"
"3665-JATSN","United States","California","Mount Shasta",96067,"41.338320","-122.290756"
"7966-YOTQW","United States","California","Nubieber",96068,"41.082472","-121.195215"
"8853-TZDGH","United States","California","Palo Cedro",96073,"40.582399","-122.195512"
"4324-BZCKL","United States","California","Paynes Creek",96075,"40.343213","-121.815412"
"6924-TDGMT","United States","California","Platina",96076,"40.367964","-122.937379"
"1536-YHDOE","United States","California","Round Mountain",96084,"40.923558","-122.059933"
"8123-QBNAZ","United States","California","Scott Bar",96085,"41.737962","-123.075570"
"3629-ZNKXA","United States","California","Seiad Valley",96086,"41.924174","-123.260788"
"4827-LTQRJ","United States","California","Shasta",96087,"40.617614","-122.512861"
"7711-YIJWC","United States","California","Shingletown",96088,"40.497441","-121.827524"
"5482-VXSXJ","United States","California","Tehama",96090,"40.021787","-122.127576"
"7365-BVCJH","United States","California","Trinity Center",96091,"41.081847","-122.700545"
"9620-ENEJV","United States","California","Vina",96092,"39.955164","-122.018567"
"2378-YIZKA","United States","California","Weed",96094,"41.465121","-122.380947"
"0689-DSXGL","United States","California","Yreka",96097,"41.764869","-122.671316"
"6818-DJXAA","United States","California","Alturas",96101,"41.468877","-120.542290"
"0464-WJTKO","United States","California","Cedarville",96104,"41.505916","-120.152505"
"8902-ZEOVF","United States","California","Chilcoot",96105,"39.872961","-120.198876"
"6778-EICRF","United States","California","Clio",96106,"39.745805","-120.580882"
"2662-NNTDK","United States","California","Coleville",96107,"38.425280","-119.475741"
"4132-KALRO","United States","California","Davis Creek",96108,"41.750354","-120.403885"
"2874-YXVVA","United States","California","Herlong",96113,"40.198234","-120.180890"
"1245-HARPS","United States","California","Janesville",96114,"40.294034","-120.512622"
"4323-ELYYB","United States","California","Likely",96116,"41.266008","-120.490731"
"4293-ETKAP","United States","California","Litchfield",96117,"40.507272","-120.338228"
"6064-PUPMC","United States","California","Loyalton",96118,"39.637471","-120.226338"
"6504-VBLFL","United States","California","Madeline",96119,"41.042003","-120.506086"
"6322-PJJDJ","United States","California","Markleeville",96120,"38.735789","-119.857980"
"0330-BGYZE","United States","California","Milford",96121,"40.181279","-120.392967"
"1085-LDWAM","United States","California","Portola",96122,"39.786755","-120.445626"
"7586-ZATGZ","United States","California","Ravendale",96123,"40.845738","-120.322219"
"7197-VOJMM","United States","California","Calpine",96124,"39.672813","-120.456699"
"1843-TLSGD","United States","California","Standish",96128,"40.346634","-120.386422"
"9626-VFRGG","United States","California","Susanville",96130,"40.559177","-120.612113"
"7075-BNDVQ","United States","California","Termo",96132,"41.027281","-120.669427"
"9143-CANJF","United States","California","Topaz",96133,"38.636052","-119.489162"
"7284-BUYEC","United States","California","Tulelake",96134,"41.813521","-121.492666"
"2041-JIJCI","United States","California","Wendel",96136,"40.345949","-120.081187"
"4900-MSOMT","United States","California","Carnelian Bay",96140,"39.227434","-120.091806"
"2229-VWQJH","United States","California","Homewood",96141,"39.117018","-120.212535"
"9194-GFVOI","United States","California","Tahoma",96142,"39.061227","-120.179546"
"1336-EZFZY","United States","California","Kings Beach",96143,"39.246654","-120.029273"
"4282-MSACW","United States","California","Tahoe City",96145,"39.178337","-120.162806"
"1403-LKLIK","United States","California","Olympic Valley",96146,"39.191797","-120.212401"
"0136-IFMYD","United States","California","Los Angeles",90001,"33.973616","-118.249020"
"5144-TVGLP","United States","California","Los Angeles",90002,"33.949255","-118.246978"
"9643-AVVWI","United States","California","Los Angeles",90003,"33.964131","-118.272783"
"0253-ZTEOB","United States","California","Los Angeles",90004,"34.076259","-118.310715"
"2706-QZIHY","United States","California","Los Angeles",90005,"34.059281","-118.307420"
"6080-TCMYC","United States","California","Rosemead",91770,"34.065108","-118.082791"
"6061-PQHMK","United States","California","Los Angeles",90006,"34.048013","-118.293953"
"6137-MFAJN","United States","California","Los Angeles",90008,"34.008293","-118.346766"
"9122-UMROB","United States","California","Los Angeles",90010,"34.062125","-118.315709"
"4232-JGKIY","United States","California","Los Angeles",90011,"34.007090","-118.258681"
"2402-TAIRZ","United States","California","Los Angeles",90012,"34.065875","-118.238728"
"9659-ZTWSM","United States","California","Los Angeles",90013,"34.044639","-118.240413"
"9139-TWBAS","United States","California","Los Angeles",90014,"34.043144","-118.251977"
"6685-GBWJZ","United States","California","Los Angeles",90015,"34.039224","-118.266293"
"2195-VVRJF","United States","California","Los Angeles",90018,"34.028735","-118.317236"
"3913-RDSJZ","United States","California","Los Angeles",90019,"34.049841","-118.338460"
"4203-QGNZA","United States","California","Los Angeles",90021,"34.029043","-118.239504"
"5043-TRZWM","United States","California","Los Angeles",90022,"34.023810","-118.156582"
"9494-BDNNC","United States","California","Los Angeles",90025,"34.046174","-118.446333"
"1640-PLFMP","United States","California","Los Angeles",90026,"34.078991","-118.263804"
"5366-OBVMR","United States","California","Los Angeles",90027,"34.127194","-118.295647"
"7644-OMVMY","United States","California","Los Angeles",90029,"34.089953","-118.294824"
"4573-JKNAE","United States","California","Los Angeles",90032,"34.078821","-118.177576"
"9817-APLHW","United States","California","Los Angeles",90034,"34.030578","-118.399613"
"8380-MQINP","United States","California","Los Angeles",90035,"34.051809","-118.383843"
"0840-DFEZH","United States","California","Los Angeles",90036,"34.070291","-118.349191"
"8690-ZVLCL","United States","California","Los Angeles",90038,"34.088017","-118.327168"
"1125-SNVCK","United States","California","Los Angeles",90040,"33.994524","-118.149953"
"0384-LPITE","United States","California","Los Angeles",90041,"34.137412","-118.207607"
"4616-EWBNJ","United States","California","Los Angeles",90042,"34.115720","-118.192754"
"1335-HQMKX","United States","California","Los Angeles",90044,"33.952714","-118.292061"
"2545-EBUPK","United States","California","Los Angeles",90045,"33.954017","-118.402447"
"6923-AQONU","United States","California","Los Angeles",90046,"34.108455","-118.362081"
"2172-EJXVF","United States","California","Los Angeles",90047,"33.958149","-118.308441"
"4536-PLEQY","United States","California","Los Angeles",90058,"34.001617","-118.222274"
"7029-IJEJK","United States","California","Los Angeles",90059,"33.927254","-118.249826"
"8871-JLMHM","United States","California","Los Angeles",90061,"33.921280","-118.274186"
"5447-VYTKW","United States","California","Los Angeles",90064,"34.037251","-118.423573"
"3623-FQBOX","United States","California","Los Angeles",90065,"34.108833","-118.229715"
"8659-HDIYE","United States","California","Los Angeles",90067,"34.057496","-118.413959"
"3474-BAFSJ","United States","California","West Hollywood",90069,"34.093781","-118.381061"
"3865-ZFZIB","United States","California","Los Angeles",90077,"34.102084","-118.451629"
"1855-AGAWH","United States","California","Bell",90201,"33.970343","-118.171368"
"7109-CQYUZ","United States","California","Beverly Hills",90210,"34.099891","-118.414338"
"1370-GGAWX","United States","California","Beverly Hills",90211,"34.063947","-118.383001"
"4680-KUTAJ","United States","California","Beverly Hills",90212,"34.062095","-118.401508"
"5307-UVGNB","United States","California","Compton",90220,"33.881510","-118.234451"
"2883-ILGWO","United States","California","Compton",90222,"33.912246","-118.236773"
"3642-BYHDO","United States","California","Downey",90240,"33.956228","-118.120993"
"9629-NHXFW","United States","California","Downey",90241,"33.940884","-118.128628"
"2696-RZVZW","United States","California","Downey",90242,"33.921793","-118.140588"
"5766-FTRTS","United States","California","El Segundo",90245,"33.917145","-118.401554"
"0396-HUJBP","United States","California","Gardena",90247,"33.890853","-118.297967"
"8879-ZKJOF","United States","California","Gardena",90249,"33.901390","-118.315697"
"6285-FTQBF","United States","California","Hawthorne",90250,"33.914775","-118.348083"
"1474-JUWSM","United States","California","Lynwood",90262,"33.923573","-118.200669"
"3530-CRZSB","United States","California","Malibu",90263,"34.037037","-118.705803"
"8498-XXGWA","United States","California","Malibu",90265,"34.074572","-118.831181"
"9617-INGJY","United States","California","Manhattan Beach",90266,"33.889632","-118.397370"
"0621-TSSMU","United States","California","Maywood",90270,"33.988572","-118.186565"
"1530-ZTDOZ","United States","California","Studio City",91604,"34.139082","-118.392750"
"7234-KMNRQ","United States","California","Pacific Palisades",90272,"34.079449","-118.548306"
"7636-PEPNS","United States","California","Palos Verdes Peninsula",90274,"33.788208","-118.404955"
"4683-WYDOU","United States","California","Rancho Palos Verdes",90275,"33.753146","-118.367459"
"9052-DHNKM","United States","California","Redondo Beach",90277,"33.830453","-118.384565"
"6794-HKIAJ","United States","California","Redondo Beach",90278,"33.873395","-118.370190"
"5578-NKCXI","United States","California","South Gate",90280,"33.944624","-118.192615"
"1642-HMARX","United States","California","Topanga",90290,"34.115192","-118.610170"
"3096-WPXBT","United States","California","Venice",90291,"33.991782","-118.479229"
"8434-PNQZX","United States","California","Marina Del Rey",90292,"33.977468","-118.445475"
"5950-AAAGJ","United States","California","Playa Del Rey",90293,"33.947305","-118.439841"
"4299-OPXEJ","United States","California","Inglewood",90301,"33.956445","-118.358634"
"9618-LFJRU","United States","California","Inglewood",90303,"33.936291","-118.332639"
"6693-DJWTY","United States","California","Inglewood",90304,"33.936827","-118.359824"
"0744-GKNGE","United States","California","Inglewood",90305,"33.958134","-118.330905"
"6447-EGDIV","United States","California","Santa Monica",90401,"34.015481","-118.493231"
"1167-OYZJF","United States","California","Santa Monica",90402,"34.035849","-118.503508"
"4806-DXQCE","United States","California","Santa Monica",90404,"34.026334","-118.474222"
"4854-SSLTN","United States","California","Torrance",90502,"33.833181","-118.292062"
"5294-DMSFH","United States","California","Torrance",90503,"33.840399","-118.353714"
"4837-PZTIC","United States","California","Torrance",90504,"33.867257","-118.330794"
"0603-OLQDC","United States","California","Whittier",90601,"34.007353","-118.033683"
"3272-VUHPV","United States","California","Whittier",90602,"33.972119","-118.020188"
"4176-FXYBO","United States","California","Whittier",90603,"33.945318","-117.992066"
"1063-DHQJF","United States","California","Whittier",90604,"33.929704","-118.012080"
"8663-UPDGF","United States","California","Whittier",90605,"33.960891","-118.032222"
"6719-FGEDO","United States","California","Whittier",90606,"33.976678","-118.065875"
"1837-YQUCE","United States","California","Buena Park",90620,"33.845706","-118.012204"
"0369-ZGOVK","United States","California","Cypress",90630,"33.818477","-118.038307"
"9919-KNPOO","United States","California","La Mirada",90638,"33.902045","-118.008961"
"7872-BAAZR","United States","California","Norwalk",90650,"33.905963","-118.082630"
"9391-LMANN","United States","California","Pico Rivera",90660,"33.989524","-118.089299"
"8174-TBVCF","United States","California","Stanton",90680,"33.801869","-117.995068"
"1698-XFZCI","United States","California","Artesia",90701,"33.867593","-118.080637"
"1877-HKBQX","United States","California","Cerritos",90703,"33.868100","-118.067402"
"4450-DLLMH","United States","California","Avalon",90704,"33.391181","-118.421305"
"0428-AXXLJ","United States","California","Bellflower",90706,"33.887676","-118.127289"
"2746-DIJLO","United States","California","Harbor City",90710,"33.798266","-118.300237"
"3508-VLHCZ","United States","California","Lakewood",90715,"33.841027","-118.078097"
"4086-ATNFV","United States","California","Hawaiian Gardens",90716,"33.830431","-118.074071"
"0468-YRPXN","United States","California","Lomita",90717,"33.794209","-118.317354"
"5996-NRVXR","United States","California","Los Alamitos",90720,"33.794990","-118.065591"
"3739-YBWAB","United States","California","Paramount",90723,"33.897122","-118.164432"
"7047-FWEYA","United States","California","San Pedro",90731,"33.736387","-118.284363"
"2000-MPKCA","United States","California","San Pedro",90732,"33.744119","-118.314480"
"9762-YAQAA","United States","California","Seal Beach",90740,"33.754620","-118.071128"
"5473-KHBPS","United States","California","Surfside",90743,"33.728273","-118.085304"
"0100-DUVFC","United States","California","Wilmington",90744,"33.782068","-118.262263"
"5397-TUPSH","United States","California","Carson",90745,"33.822295","-118.264110"
"8950-MTZNV","United States","California","Carson",90746,"33.859171","-118.252272"
"0326-VDYXE","United States","California","Long Beach",90802,"33.752524","-118.210737"
"6773-LQTVT","United States","California","Long Beach",90803,"33.760458","-118.129725"
"0436-TWFFZ","United States","California","Long Beach",90805,"33.864622","-118.179626"
"8566-YPRGL","United States","California","Long Beach",90806,"33.802664","-118.179971"
"6609-MXJHJ","United States","California","Long Beach",90808,"33.823943","-118.111335"
"2669-OIDSD","United States","California","Long Beach",90810,"33.819814","-118.222416"
"8400-WZICQ","United States","California","Long Beach",90813,"33.781086","-118.199049"
"9576-SYUHJ","United States","California","Long Beach",90815,"33.797638","-118.116620"
"0410-IPFTY","United States","California","Long Beach",90822,"33.778436","-118.118648"
"2831-EBWRN","United States","California","Altadena",91001,"34.196837","-118.142236"
"9430-NKQLY","United States","California","Arcadia",91006,"34.137319","-118.029837"
"0247-SLUJI","United States","California","Duarte",91010,"34.145695","-117.959820"
"9402-ORRAH","United States","California","La Canada Flintridge",91011,"34.234912","-118.153729"
"6483-OATDN","United States","California","Monrovia",91016,"34.152800","-118.000482"
"1293-HHSHJ","United States","California","Montrose",91020,"34.211200","-118.230625"
"4840-ORQXB","United States","California","Sierra Madre",91024,"34.168686","-118.057505"
"3982-DQLUS","United States","California","Sunland",91040,"34.282704","-118.312929"
"8610-ZIKJJ","United States","California","Tujunga",91042,"34.296574","-118.244839"
"3756-VNWDH","United States","California","Pasadena",91101,"34.146635","-118.139225"
"7801-KICAO","United States","California","Pasadena",91103,"34.167465","-118.165327"
"7673-LPRNY","United States","California","Pasadena",91104,"34.165383","-118.123752"
"6060-QBMGV","United States","California","Pasadena",91106,"34.139402","-118.128658"
"7339-POGZN","United States","California","Pasadena",91107,"34.159007","-118.087353"
"2828-SLQPF","United States","California","San Marino",91108,"34.122671","-118.112911"
"4465-VDKIQ","United States","California","Glendale",91201,"34.170510","-118.289463"
"2921-XWDJH","United States","California","Glendale",91202,"34.167926","-118.267539"
"2558-BUOZZ","United States","California","Glendale",91204,"34.136306","-118.260360"
"9257-AZMTZ","United States","California","Glendale",91205,"34.136580","-118.245839"
"0003-MKNFE","United States","California","Glendale",91206,"34.162515","-118.203869"
"0975-UYDTX","United States","California","Glendale",91207,"34.182378","-118.262922"
"4682-BLBUC","United States","California","La Crescenta",91214,"34.239636","-118.245259"
"0975-VOOVL","United States","California","Agoura Hills",91301,"34.129058","-118.759788"
"5968-VXZLG","United States","California","Calabasas",91302,"34.130861","-118.683460"
"5201-FRKKS","United States","California","Winnetka",91306,"34.209532","-118.577563"
"9799-CAYJJ","United States","California","West Hills",91307,"34.199787","-118.684930"
"5443-SCMKX","United States","California","Newbury Park",91320,"34.172071","-118.946262"
"8295-KMENE","United States","California","Newhall",91321,"34.370378","-118.504118"
"6738-ISCBM","United States","California","Northridge",91324,"34.238208","-118.550290"
"9821-BESNZ","United States","California","Northridge",91325,"34.236683","-118.517588"
"3678-MNGZX","United States","California","Porter Ranch",91326,"34.281911","-118.556218"
"1335-NTIUC","United States","California","Pacoima",91331,"34.255442","-118.421314"
"2916-BQZLN","United States","California","Reseda",91335,"34.200175","-118.540958"
"4558-CGYCZ","United States","California","San Fernando",91340,"34.286131","-118.435969"
"2368-GAKKQ","United States","California","Sylmar",91342,"34.321621","-118.399841"
"8710-YGLWG","United States","California","North Hills",91343,"34.238802","-118.482296"
"3199-XGZCY","United States","California","Granada Hills",91344,"34.291273","-118.505104"
"3785-KTYSH","United States","California","Mission Hills",91345,"34.266389","-118.459744"
"6814-ZPWFQ","United States","California","Santa Clarita",91350,"34.502432","-118.414590"
"4063-EIKNQ","United States","California","Canyon Country",91351,"34.422519","-118.420717"
"6993-YCOBK","United States","California","Sun Valley",91352,"34.231053","-118.338307"
"5206-HPJKM","United States","California","Valencia",91354,"34.457005","-118.573726"
"8393-JMVMB","United States","California","Thousand Oaks",91360,"34.214054","-118.881090"
"5019-GQVCR","United States","California","Westlake Village",91361,"34.130992","-118.894673"
"6036-TTFYU","United States","California","Thousand Oaks",91362,"34.191842","-118.822796"
"2550-AEVRU","United States","California","Woodland Hills",91364,"34.153733","-118.593408"
"0969-RGKCU","United States","California","Woodland Hills",91367,"34.178068","-118.615714"
"0378-CJKPV","United States","California","Oak Park",91377,"34.192250","-118.776874"
"2880-FPNAE","United States","California","Van Nuys",91405,"34.202494","-118.448048"
"1703-MGIAB","United States","California","Van Nuys",91406,"34.195685","-118.490752"
"4311-QTTAI","United States","California","Van Nuys",91411,"34.178470","-118.459472"
"4318-RAJVY","United States","California","Encino",91436,"34.152875","-118.486056"
"3612-YUNGG","United States","California","Burbank",91502,"34.177267","-118.310030"
"2254-DLXRI","United States","California","Burbank",91504,"34.213049","-118.317651"
"5062-CJJKH","United States","California","Burbank",91505,"34.174215","-118.345928"
"9028-LIHRP","United States","California","Burbank",91506,"34.169706","-118.323548"
"1053-MXTTK","United States","California","North Hollywood",91602,"34.151360","-118.364786"
"1301-LOPVR","United States","California","North Hollywood",91605,"34.207295","-118.400022"
"0853-TWRVK","United States","California","North Hollywood",91606,"34.187599","-118.387125"
"6212-ATMLK","United States","California","Rancho Cucamonga",91701,"34.132275","-117.611478"
"8200-LGKSR","United States","California","Azusa",91702,"34.174493","-117.870680"
"1568-BEKZM","United States","California","Baldwin Park",91706,"34.098275","-117.967399"
"0670-ANMUU","United States","California","Chino Hills",91709,"33.942895","-117.725644"
"6897-RWMUB","United States","California","Chino",91710,"33.990646","-117.663025"
"6999-CHVCF","United States","California","Covina",91723,"34.084747","-117.886844"
"6134-KWTBV","United States","California","Covina",91724,"34.081110","-117.853935"
"1077-HUUJM","United States","California","Rancho Cucamonga",91730,"34.100970","-117.578820"
"0895-LNKRC","United States","California","El Monte",91732,"34.074492","-118.014620"
"2045-BMBTJ","United States","California","South El Monte",91733,"34.046220","-118.053753"
"8417-GSODA","United States","California","Rancho Cucamonga",91737,"34.245289","-117.642503"
"5171-EPLKN","United States","California","Rancho Cucamonga",91739,"34.133809","-117.523724"
"4452-QIIEB","United States","California","Glendora",91740,"34.119363","-117.855059"
"6741-EGCBI","United States","California","Hacienda Heights",91745,"33.998471","-117.973758"
"7820-ZYGNY","United States","California","La Puente",91746,"34.038983","-117.991372"
"9677-AVKED","United States","California","La Verne",91750,"34.144703","-117.770299"
"2227-JRSJX","United States","California","Monterey Park",91754,"34.050322","-118.147037"
"9847-HNVGP","United States","California","Monterey Park",91755,"34.049172","-118.115022"
"6696-YDAYZ","United States","California","Mt Baldy",91759,"34.231318","-117.662032"
"8980-WQFWL","United States","California","Ontario",91761,"34.035602","-117.591528"
"1730-ZMAME","United States","California","Ontario",91762,"34.057256","-117.667677"
"6506-EYCNH","United States","California","Montclair",91763,"34.072121","-117.698319"
"4634-JLRJT","United States","California","Ontario",91764,"34.074087","-117.605618"
"9501-UKKNL","United States","California","Diamond Bar",91765,"33.992416","-117.807874"
"2560-QTSBS","United States","California","Pomona",91766,"34.042286","-117.756106"
"4795-WRNVT","United States","California","Pomona",91768,"34.067932","-117.785168"
"7860-UXCRM","United States","California","San Gabriel",91775,"34.114772","-118.089431"
"6357-JJPQT","United States","California","San Gabriel",91776,"34.089927","-118.095645"
"2292-XQWSV","United States","California","Temple City",91780,"34.101608","-118.055848"
"9552-TGUZV","United States","California","Upland",91784,"34.141146","-117.655583"
"5913-INRQV","United States","California","Upland",91786,"34.105493","-117.660934"
"9643-YBLUR","United States","California","West Covina",91791,"34.061634","-117.893169"
"8734-FNWVH","United States","California","West Covina",91792,"34.024405","-117.898722"
"9447-YPTBX","United States","California","Alhambra",91801,"34.090925","-118.128164"
"9026-LHEVG","United States","California","Boulevard",91905,"32.677097","-116.304991"
"7011-CVEUC","United States","California","Chula Vista",91911,"32.607964","-117.059459"
"6185-TASNN","United States","California","Chula Vista",91913,"32.641640","-116.985026"
"7925-PNRGI","United States","California","Chula Vista",91914,"32.688506","-116.938632"
"1552-CZCLL","United States","California","Descanso",91916,"32.912664","-116.635387"
"3038-PQIUY","United States","California","Dulzura",91917,"32.622999","-116.687855"
"9313-CDOGY","United States","California","Imperial Beach",91932,"32.579134","-117.119009"
"8148-BPLZQ","United States","California","Jacumba",91934,"32.649787","-116.223700"
"2623-DRYAM","United States","California","Jamul",91935,"32.695681","-116.798386"
"9987-LUTYD","United States","California","La Mesa",91941,"32.759327","-116.997260"
"4488-KQFDT","United States","California","Lemon Grove",91945,"32.733564","-117.033713"
"5693-PIPCS","United States","California","National City",91950,"32.671020","-117.095235"
"0491-KAPQG","United States","California","Pine Valley",91962,"32.800671","-116.483363"
"1925-LFCZZ","United States","California","Potrero",91963,"32.619465","-116.593605"
"8039-EQPIM","United States","California","Spring Valley",91977,"32.726627","-116.994608"
"8707-RMEZH","United States","California","Tecate",91980,"32.587557","-116.636816"
"3209-ZPKFI","United States","California","Borrego Springs",92004,"33.200369","-116.192313"
"6479-VDGRK","United States","California","Cardiff By The Sea",92007,"33.015866","-117.272254"
"9373-WSLOY","United States","California","Carlsbad",92008,"33.148116","-117.306043"
"3569-JFODW","United States","California","Del Mar",92014,"32.948262","-117.256086"
"9819-FBNSV","United States","California","El Cajon",92019,"32.785165","-116.862648"
"9544-PYPSJ","United States","California","El Cajon",92020,"32.796970","-116.969082"
"1591-XWLGB","United States","California","El Cajon",92021,"32.832706","-116.873258"
"0396-UKGAI","United States","California","Encinitas",92024,"33.054579","-117.256650"
"3243-ZHOHY","United States","California","Escondido",92025,"33.081478","-117.033814"
"5186-EJEGL","United States","California","Escondido",92026,"33.218460","-117.116916"
"7527-QNRUS","United States","California","Escondido",92027,"33.141265","-116.967221"
"2203-GHNWN","United States","California","Julian",92036,"32.980678","-116.262854"
"3878-AVSOQ","United States","California","La Jolla",92037,"32.853743","-117.250340"
"3258-SYSWS","United States","California","Lakeside",92040,"32.909873","-116.906774"
"5296-PSYVW","United States","California","Oceanside",92054,"33.351059","-117.420557"
"6319-QSUSR","United States","California","Oceanside",92056,"33.194742","-117.290320"
"0512-FLFDW","United States","California","Palomar Mountain",92060,"33.309852","-116.823091"
"0487-CRLZF","United States","California","Poway",92064,"32.984395","-117.013454"
"2107-FBPTK","United States","California","Ramona",92065,"33.044541","-116.833922"
"9451-WLYRI","United States","California","Ranchita",92066,"33.215251","-116.536330"
"8219-VYBVI","United States","California","Rancho Santa Fe",92067,"33.012751","-117.200617"
"1991-VOPLL","United States","California","San Marcos",92069,"33.162624","-117.170863"
"9738-QLWTP","United States","California","Santa Ysabel",92070,"33.174725","-116.743329"
"1016-DJTSV","United States","California","Santee",92071,"32.847336","-116.997605"
"9419-IPPBE","United States","California","Solana Beach",92075,"33.001813","-117.263628"
"0174-QRVVY","United States","California","San Marcos",92078,"33.119028","-117.166036"
"5699-BNCAS","United States","California","Valley Center",92082,"33.252830","-116.986079"
"2900-PHPLN","United States","California","Vista",92083,"33.174940","-117.242761"
"8106-GWQOK","United States","California","Warner Springs",92086,"33.323705","-116.626907"
"8751-EDEKA","United States","California","Rancho Santa Fe",92091,"32.993560","-117.207121"
"6878-GGDWG","United States","California","San Diego",92101,"32.725230","-117.171346"
"4039-PIMHX","United States","California","San Diego",92102,"32.716007","-117.117462"
"4227-OJHAL","United States","California","El Centro",92243,"32.770393","-115.609150"
"8450-LUGUK","United States","California","San Diego",92103,"32.747484","-117.166877"
"3604-WLABM","United States","California","San Diego",92104,"32.741499","-117.127409"
"0795-GMVQO","United States","California","San Diego",92105,"32.741859","-117.090353"
"2259-OUUSZ","United States","California","San Diego",92106,"32.713460","-117.236378"
"1142-IHLOO","United States","California","San Diego",92107,"32.741852","-117.243453"
"4633-MKHYU","United States","California","San Diego",92109,"32.787836","-117.232376"
"6257-RJOHI","United States","California","San Diego",92110,"32.765010","-117.199380"
"1545-JFUML","United States","California","San Diego",92111,"32.805518","-117.169052"
"7826-VVKWT","United States","California","San Diego",92114,"32.707892","-117.055120"
"1353-GHZOS","United States","California","San Diego",92115,"32.762506","-117.072450"
"2587-EKXTS","United States","California","San Diego",92116,"32.765299","-117.122565"
"5442-BXVND","United States","California","San Diego",92117,"32.825086","-117.199424"
"9753-OYLBX","United States","California","San Diego",92122,"32.857230","-117.209774"
"2364-UFROM","United States","California","San Diego",92123,"32.808814","-117.134694"
"6656-JWRQX","United States","California","San Diego",92124,"32.827238","-117.089287"
"6473-ULUHT","United States","California","San Diego",92126,"32.886925","-117.152162"
"7688-AWMDX","United States","California","San Diego",92131,"32.893250","-117.087091"
"2842-BCQGE","United States","California","San Diego",92139,"32.677716","-117.047666"
"7244-QWYHG","United States","California","San Diego",92154,"32.578103","-117.012975"
"5312-UXESG","United States","California","Indio",92203,"33.752938","-116.230055"
"2150-WLKUW","United States","California","Banning",92220,"33.936298","-116.849577"
"7159-FVYPK","United States","California","Beaumont",92223,"33.946982","-116.977672"
"7032-LMBHI","United States","California","Blythe",92225,"33.674583","-114.716120"
"6088-BXMRG","United States","California","Cabazon",92230,"33.929812","-116.760580"
"4821-SJHJV","United States","California","Calipatria",92233,"33.143826","-115.497485"
"7346-MEDWM","United States","California","Cathedral City",92234,"33.829583","-116.474131"
"1137-DGOWI","United States","California","Coachella",92236,"33.680031","-116.171678"
"3812-LRZIR","United States","California","Desert Hot Springs",92240,"33.948558","-116.516976"
"9483-GCPWE","United States","California","Earp",92242,"34.137742","-114.365140"
"9220-CXRSC","United States","California","Heber",92249,"32.730583","-115.501083"
"4993-JCRGJ","United States","California","Holtville",92250,"32.811001","-115.152865"
"9537-JALFH","United States","California","Imperial",92251,"32.858595","-115.662709"
"6698-OXETB","United States","California","Joshua Tree",92252,"34.167236","-116.281511"
"2103-ZRXFN","United States","California","La Quinta",92253,"33.695532","-116.310571"
"3724-BSCVH","United States","California","Mecca",92254,"33.543835","-115.993906"
"4877-TSOFF","United States","California","Morongo Valley",92256,"34.097863","-116.594561"
"9209-NWPGU","United States","California","Niland",92257,"33.345825","-115.596574"
"7306-YDSOI","United States","California","Ocotillo",92259,"32.698964","-115.886656"
"5288-AHOUP","United States","California","Palm Desert",92260,"33.694501","-116.412711"
"0655-YDGFJ","United States","California","Palm Springs",92264,"33.745746","-116.514215"
"8468-EHYJA","United States","California","Palo Verde",92266,"33.324900","-114.758334"
"6823-SIDFQ","United States","California","Parker Dam",92267,"34.273872","-114.192901"
"1097-FSPVW","United States","California","Pioneertown",92268,"34.201108","-116.593456"
"8328-SKJNO","United States","California","Seeley",92273,"32.790282","-115.689559"
"7010-ZMVBF","United States","California","Thermal",92274,"33.536040","-116.119222"
"5201-CBWYG","United States","California","Salton City",92275,"33.281560","-115.955541"
"6352-GIGGQ","United States","California","Vidal",92280,"34.264124","-114.717964"
"3635-QQRQD","United States","California","Westmorland",92281,"33.036790","-115.605030"
"2897-DOVND","United States","California","Winterhaven",92283,"32.852947","-114.850784"
"3082-YVEKW","United States","California","Yucca Valley",92284,"34.159534","-116.425984"
"0191-EQUUH","United States","California","Landers",92285,"34.341737","-116.539416"
"7134-HBPBS","United States","California","Adelanto",92301,"34.667815","-117.536183"
"3489-HHPFY","United States","California","Amboy",92304,"34.559882","-115.637164"
"2926-JEJJC","United States","California","Angelus Oaks",92305,"34.167800","-116.864330"
"4950-BDEUX","United States","California","Apple Valley",92308,"34.424926","-117.184503"
"5789-LDFXO","United States","California","Baker",92309,"35.289520","-116.092214"
"0508-OOLTO","United States","California","Fort Irwin",92310,"35.349241","-116.770281"
"2984-TBYKU","United States","California","Barstow",92311,"34.965648","-117.001509"
"9822-WMWVG","United States","California","Grand Terrace",92313,"34.029175","-117.307211"
"9040-KZVWO","United States","California","Big Bear Lake",92315,"34.242058","-116.898020"
"1548-ARAGG","United States","California","Cedar Glen",92321,"34.255203","-117.175654"
"6339-RZCBJ","United States","California","Colton",92324,"34.030915","-117.273201"
"4415-WNGVR","United States","California","Daggett",92327,"34.875144","-116.821698"
"2522-AHJXR","United States","California","Death Valley",92328,"36.276880","-117.033326"
"0412-UCCNP","United States","California","Essex",92332,"34.943600","-115.287901"
"1816-FLZDK","United States","California","Fawnskin",92333,"34.274846","-116.937581"
"7096-UCLNH","United States","California","Fontana",92335,"34.087558","-117.464096"
"4615-PIVVU","United States","California","Ludlow",92338,"34.702766","-116.093376"
"8885-QSQBX","United States","California","Forest Falls",92339,"34.067699","-116.903891"
"8617-ENBDS","United States","California","Helendale",92342,"34.757783","-117.339970"
"9385-NXKDA","United States","California","Hesperia",92345,"34.361387","-117.337509"
"0430-IHCDJ","United States","California","Highland",92346,"34.129677","-117.154277"
"6674-KVJHG","United States","California","Lake Arrowhead",92352,"34.256500","-117.193350"
"1814-DKOLC","United States","California","Loma Linda",92354,"34.049315","-117.255974"
"9351-HXDMR","United States","California","Lytle Creek",92358,"34.238162","-117.534306"
"3537-HPKQT","United States","California","Mentone",92359,"34.103578","-117.040540"
"2129-ALKBS","United States","California","Needles",92363,"34.711224","-114.702256"
"5821-MMEIL","United States","California","Nipton",92364,"35.478736","-115.516984"
"1309-XGFSN","United States","California","Pinon Hills",92372,"34.459322","-117.629729"
"6968-URWQU","United States","California","Redlands",92374,"34.064073","-117.166158"
"4742-TXUEX","United States","California","Rialto",92376,"34.109775","-117.378904"
"9631-XEYKE","United States","California","Rialto",92377,"34.156758","-117.404686"
"1335-MXCSE","United States","California","Shoshone",92384,"35.924252","-116.188668"
"8873-TMKGR","United States","California","Sugarloaf",92386,"34.243088","-116.830015"
"8800-JOOCF","United States","California","Tecopa",92389,"35.824572","-116.274755"
"1469-LBJQJ","United States","California","Victorville",92392,"34.486835","-117.362274"
"0064-YIJGF","United States","California","Yermo",92398,"35.013299","-116.834092"
"2386-OWURY","United States","California","Yucaipa",92399,"34.045970","-117.011825"
"0310-VQXAM","United States","California","San Bernardino",92404,"34.183286","-117.221722"
"3453-RTHJQ","United States","California","San Bernardino",92407,"34.250069","-117.393949"
"6278-FEPBZ","United States","California","San Bernardino",92410,"34.106922","-117.297553"
"4280-DLSHD","United States","California","San Bernardino",92411,"34.122501","-117.320138"
"1508-DFXCU","United States","California","Riverside",92501,"33.994676","-117.372498"
"7868-BGSZA","United States","California","Riverside",92504,"33.910800","-117.398153"
"2800-QQUSO","United States","California","Riverside",92505,"33.920907","-117.489426"
"7973-DZRKH","United States","California","Riverside",92507,"33.976328","-117.319786"
"7698-YFGEZ","United States","California","Riverside",92509,"34.004379","-117.447864"
"9773-PEQBZ","United States","California","Lake Elsinore",92530,"33.655421","-117.391751"
"0650-BWOZN","United States","California","Aguanga",92536,"33.482243","-116.827173"
"7785-RDVIG","United States","California","Hemet",92543,"33.739415","-116.968339"
"9602-WCXPI","United States","California","Hemet",92544,"33.644585","-116.871544"
"2903-YYTBW","United States","California","Hemet",92545,"33.734933","-117.044145"
"3620-MWJNE","United States","California","Homeland",92548,"33.761894","-117.120868"
"8573-JGCZW","United States","California","Idyllwild",92549,"33.755039","-116.741796"
"6837-HAEVO","United States","California","Moreno Valley",92551,"33.882740","-117.224878"
"6701-YVNQG","United States","California","Moreno Valley",92553,"33.923149","-117.244933"
"4304-XUMGI","United States","California","Moreno Valley",92557,"33.970661","-117.255039"
"9504-YAZWB","United States","California","Mountain Center",92561,"33.638645","-116.557830"
"8819-ZBYNA","United States","California","Murrieta",92562,"33.548869","-117.334165"
"6174-NRBTZ","United States","California","Murrieta",92563,"33.581045","-117.147190"
"9481-IEBZY","United States","California","Nuevo",92567,"33.827690","-117.102244"
"6137-NICCO","United States","California","Perris",92571,"33.828289","-117.201666"
"9065-ZCPQX","United States","California","San Jacinto",92582,"33.806708","-117.020070"
"6402-EJMWF","United States","California","San Jacinto",92583,"33.796568","-116.924723"
"9278-VZKCD","United States","California","Norco",92860,"33.925833","-117.559639"
"3620-EHIMZ","United States","California","Menifee",92584,"33.653338","-117.178271"
"3213-VVOLG","United States","California","Sun City",92585,"33.739412","-117.173334"
"6870-ECSHE","United States","California","Sun City",92586,"33.707483","-117.200006"
"8747-UDCOI","United States","California","Sun City",92587,"33.698870","-117.250710"
"4626-OZDTJ","United States","California","Wildomar",92595,"33.617108","-117.253349"
"9169-BSVIN","United States","California","Winchester",92596,"33.657433","-117.042540"
"8194-PEEBY","United States","California","Irvine",92604,"33.688546","-117.788091"
"6872-HXFNF","United States","California","Irvine",92606,"33.703976","-117.824172"
"7714-YXSMB","United States","California","Irvine",92612,"33.643095","-117.810896"
"8387-UGUSU","United States","California","Irvine",92614,"33.680302","-117.833296"
"1080-BWSYE","United States","California","Irvine",92618,"33.667145","-117.732135"
"1194-HVAIF","United States","California","Capistrano Beach",92624,"33.458754","-117.665104"
"1767-TGTKO","United States","California","Dana Point",92629,"33.477923","-117.705314"
"8439-LTUGF","United States","California","Lake Forest",92630,"33.644849","-117.684254"
"8805-JNRAZ","United States","California","Huntington Beach",92646,"33.666301","-117.969501"
"6418-HNFED","United States","California","Huntington Beach",92648,"33.679659","-118.016195"
"0206-OYVOC","United States","California","Huntington Beach",92649,"33.721917","-118.043237"
"7291-CDTMJ","United States","California","Laguna Beach",92651,"33.570023","-117.773669"
"7128-GGCNO","United States","California","Laguna Hills",92653,"33.606899","-117.717854"
"0237-YFUTL","United States","California","Midway City",92655,"33.744439","-117.985880"
"7691-KGKGP","United States","California","Aliso Viejo",92656,"33.571259","-117.731917"
"6710-HSJRD","United States","California","Newport Coast",92657,"33.603282","-117.821841"
"3675-EQOZA","United States","California","Newport Beach",92660,"33.634626","-117.874882"
"0840-DCNZE","United States","California","Newport Beach",92661,"33.601309","-117.902304"
"1732-FEKLD","United States","California","Newport Beach",92662,"33.606336","-117.893042"
"9862-KJTYK","United States","California","Newport Beach",92663,"33.622510","-117.927024"
"0479-HMSWA","United States","California","San Clemente",92672,"33.429488","-117.609432"
"5854-KSRBJ","United States","California","San Clemente",92673,"33.472500","-117.584273"
"0365-BZUWY","United States","California","San Juan Capistrano",92675,"33.521447","-117.602555"
"5701-SVCWR","United States","California","Laguna Niguel",92677,"33.529047","-117.701175"
"3129-AAQOU","United States","California","Trabuco Canyon",92679,"33.631119","-117.567346"
"4922-CVPDX","United States","California","Westminster",92683,"33.752591","-117.993661"
"1357-BIJKI","United States","California","Mission Viejo",92691,"33.611945","-117.665867"
"1099-BTKWT","United States","California","Mission Viejo",92692,"33.606930","-117.644253"
"2018-PZKMU","United States","California","Santa Ana",92701,"33.748478","-117.858918"
"7340-KEFQE","United States","California","Santa Ana",92703,"33.748635","-117.906125"
"4570-QHXHL","United States","California","Santa Ana",92704,"33.719869","-117.907063"
"7392-YYPYJ","United States","California","Santa Ana",92706,"33.765893","-117.881533"
"2223-GDSHL","United States","California","Fountain Valley",92708,"33.712036","-117.950113"
"9470-RTWDV","United States","California","Tustin",92782,"33.738543","-117.785046"
"2176-OSJUV","United States","California","Anaheim",92801,"33.844983","-117.952151"
"9348-YVOMK","United States","California","Anaheim",92802,"33.807864","-117.923782"
"8104-OSKWT","United States","California","Anaheim",92804,"33.818000","-117.974404"
"4521-YEEHE","United States","California","Anaheim",92805,"33.830209","-117.906099"
"4090-KPJIP","United States","California","Anaheim",92806,"33.837960","-117.870494"
"3786-WOVKF","United States","California","Anaheim",92807,"33.848733","-117.788357"
"2592-HODOV","United States","California","Brea",92823,"33.924143","-117.793870"
"7995-ZHHNZ","United States","California","Fullerton",92832,"33.868316","-117.929029"
"3824-RHKVR","United States","California","Fullerton",92833,"33.877639","-117.961212"
"5816-SCGFC","United States","California","Fullerton",92835,"33.902211","-117.914922"
"5989-AXPUC","United States","California","Garden Grove",92840,"33.787165","-117.931889"
"4979-HPRFL","United States","California","Garden Grove",92841,"33.786738","-117.982564"
"8590-OHDIW","United States","California","Garden Grove",92843,"33.764018","-117.931507"
"8015-IHCGW","United States","California","Garden Grove",92844,"33.766476","-117.969795"
"2332-TODQS","United States","California","Garden Grove",92845,"33.782955","-118.026456"
"8008-OTEZX","United States","California","Villa Park",92861,"33.817473","-117.810462"
"2773-OVBPK","United States","California","Orange",92865,"33.828779","-117.848299"
"5999-LCXAO","United States","California","Orange",92866,"33.784597","-117.844535"
"5206-XZZQI","United States","California","Orange",92867,"33.818590","-117.821288"
"4803-LBYPN","United States","California","Orange",92868,"33.787796","-117.875928"
"2139-FQHLM","United States","California","Corona",92879,"33.893823","-117.531446"
"8261-GWDBQ","United States","California","Corona",92880,"33.918043","-117.617809"
"1093-YSWCA","United States","California","Corona",92881,"33.833686","-117.513063"
"3882-IYOIJ","United States","California","Yorba Linda",92886,"33.897253","-117.792202"
"8749-TZYEC","United States","California","Yorba Linda",92887,"33.884073","-117.732197"
"1755-FZQEC","United States","California","Ventura",93001,"34.360261","-119.306383"
"3115-JPJDD","United States","California","Ventura",93003,"34.279221","-119.221437"
"5600-KTXFM","United States","California","Ventura",93004,"34.278697","-119.167798"
"6339-TBELP","United States","California","Fillmore",93015,"34.408161","-118.865111"
"7964-YESJC","United States","California","Moorpark",93021,"34.312945","-118.858169"
"6173-GOLSU","United States","California","Oak View",93022,"34.404544","-119.302118"
"9938-ZREHM","United States","California","Oxnard",93033,"34.156629","-119.117218"
"7950-XWOVN","United States","California","Oxnard",93035,"34.184540","-119.224666"
"4647-MUZON","United States","California","Port Hueneme",93041,"34.110124","-119.100972"
"9702-AIUJO","United States","California","Santa Paula",93060,"34.402343","-119.094824"
"8849-PRIQJ","United States","California","Simi Valley",93063,"34.296813","-118.685703"
"8851-RAGOV","United States","California","Simi Valley",93065,"34.269449","-118.768471"
"5396-IZEPB","United States","California","Summerland",93067,"34.420998","-119.601370"
"1729-VLAZJ","United States","California","Santa Barbara",93101,"34.419203","-119.710008"
"8285-ABVLB","United States","California","Santa Barbara",93103,"34.438581","-119.685368"
"0701-TJSEF","United States","California","Santa Barbara",93105,"34.037342","-119.800790"
"5712-VBOXD","United States","California","Santa Barbara",93108,"34.457541","-119.631072"
"6629-LADHQ","United States","California","Santa Barbara",93109,"34.406256","-119.726936"
"1559-DTODC","United States","California","Santa Barbara",93111,"34.460197","-119.802602"
"4797-MIWUM","United States","California","Goleta",93117,"34.489983","-120.091246"
"8720-RQSBJ","United States","California","Armona",93202,"36.315979","-119.710852"
"4537-CIBHB","United States","California","Arvin",93203,"35.116307","-118.817644"
"4324-AHJKS","United States","California","Buttonwillow",93206,"35.451402","-119.488413"
"4355-CVPVS","United States","California","California Hot Springs",93207,"35.865795","-118.697590"
"4495-LHSSK","United States","California","Camp Nelson",93208,"36.057458","-118.591951"
"5915-ANOEI","United States","California","Corcoran",93212,"36.045330","-119.532424"
"9861-PDSZP","United States","California","Delano",93215,"35.772244","-119.209689"
"7225-CBZPL","United States","California","Earlimart",93219,"35.858054","-119.305858"
"6704-UTUKK","United States","California","Exeter",93221,"36.301689","-119.018233"
"2019-HDCZY","United States","California","Farmersville",93223,"36.298780","-119.201028"
"8788-DOXSU","United States","California","Frazier Park",93225,"34.827662","-118.999073"
"7404-JLKQG","United States","California","Glennville",93226,"35.735694","-118.738483"
"7421-ZLUPA","United States","California","Hanford",93230,"36.292230","-119.622676"
"3274-NSDWE","United States","California","Ivanhoe",93235,"36.385818","-119.224243"
"2632-IVXVF","United States","California","Kernville",93238,"35.852892","-118.397782"
"3692-JHONH","United States","California","Kettleman City",93239,"35.996923","-120.000951"
"8915-NNTRC","United States","California","Lake Isabella",93240,"35.607875","-118.466318"
"5914-GXMDA","United States","California","Lamont",93241,"35.245035","-118.905553"
"7463-IFMQU","United States","California","Laton",93242,"36.444232","-119.718285"
"2920-RNCEZ","United States","California","Lebec",93243,"34.845861","-118.885163"
"2541-YGPKE","United States","California","Lemon Cove",93244,"36.462671","-118.997291"
"5382-TEMLV","United States","California","Lindsay",93247,"36.205465","-119.085807"
"3441-CGZJH","United States","California","Lost Hills",93249,"35.637715","-119.893068"
"9592-ERDKV","United States","California","Mc Farland",93250,"35.666886","-119.186717"
"4778-IZARL","United States","California","New Cuyama",93254,"34.956577","-119.750142"
"0432-CAJZV","United States","California","Onyx",93255,"35.676978","-118.101378"
"7008-LZVOZ","United States","California","Pixley",93256,"35.957019","-119.330928"
"1200-TUZHR","United States","California","Posey",93260,"35.861928","-118.636698"
"9365-CSLBQ","United States","California","Richgrove",93261,"35.809921","-119.127437"
"5884-FBCTL","United States","California","Shafter",93263,"35.490705","-119.286833"
"7130-CTCUS","United States","California","Springville",93265,"36.245926","-118.693138"
"6242-FEGFD","United States","California","Stratford",93266,"36.175255","-119.813805"
"6194-HBGQN","United States","California","Taft",93268,"35.184837","-119.402525"
"7634-WSWDB","United States","California","Terra Bella",93270,"35.939068","-119.043666"
"6986-IXNDM","United States","California","Three Rivers",93271,"36.413433","-118.854708"
"2987-BJXIK","United States","California","Tulare",93274,"36.185471","-119.375243"
"9769-TSBZE","United States","California","Tupman",93276,"35.316263","-119.402559"
"1395-WSWXR","United States","California","Weldon",93283,"35.556470","-118.244914"
"6023-GSSXW","United States","California","Wofford Heights",93285,"35.690535","-118.552784"
"6752-APNJL","United States","California","Woodlake",93286,"36.464635","-119.094348"
"0420-HLGXF","United States","California","Visalia",93291,"36.391777","-119.372842"
"7446-KQISO","United States","California","Visalia",93292,"36.375590","-119.211689"
"9823-EALYC","United States","California","Bakersfield",93301,"35.383937","-119.020428"
"0582-AVCLN","United States","California","Bakersfield",93304,"35.339796","-119.023552"
"5803-NQJZO","United States","California","Bakersfield",93305,"35.391733","-118.984109"
"2607-DHDAK","United States","California","Bakersfield",93307,"35.280113","-118.962329"
"1073-XXCZD","United States","California","Bakersfield",93308,"35.559617","-118.925185"
"0743-HRVFF","United States","California","Bakersfield",93309,"35.342891","-119.064803"
"4006-HKYHO","United States","California","Bakersfield",93311,"35.162070","-119.194488"
"3727-JEZTU","United States","California","Bakersfield",93312,"35.392599","-119.245341"
"8143-ETQTI","United States","California","Bakersfield",93313,"35.140938","-119.051348"
"9667-TKTVZ","United States","California","Los Osos",93402,"35.279984","-120.824288"
"3657-COGMW","United States","California","San Luis Obispo",93405,"35.236549","-120.727344"
"8570-KLJYJ","United States","California","Arroyo Grande",93420,"35.176236","-120.483243"
"7754-IXRMC","United States","California","Atascadero",93422,"35.453912","-120.694610"
"9473-CBZOP","United States","California","Avila Beach",93424,"35.186644","-120.728305"
"2969-WGHQO","United States","California","Bradley",93426,"35.842889","-121.004862"
"4334-HOWRP","United States","California","Cambria",93428,"35.591387","-121.032256"
"5863-OOKCL","United States","California","Cayucos",93430,"35.511833","-120.918713"
"1686-STUHN","United States","California","Creston",93432,"35.480896","-120.469476"
"1329-VHWNP","United States","California","Grover Beach",93433,"35.120833","-120.618430"
"0266-GMEAO","United States","California","Lompoc",93436,"34.601055","-120.382917"
"5574-NXZIU","United States","California","Los Alamos",93440,"34.758699","-120.275839"
"0019-GFNTW","United States","California","Los Olivos",93441,"34.704340","-120.026090"
"4256-ZWTZI","United States","California","Morro Bay",93442,"35.369553","-120.763864"
"8309-PPCED","United States","California","Nipomo",93444,"35.050345","-120.489599"
"4098-NAUKP","United States","California","Oceano",93445,"35.059695","-120.604741"
"5196-WPYOW","United States","California","Paso Robles",93446,"35.634222","-120.728341"
"4608-LCIMN","United States","California","Pismo Beach",93449,"35.165668","-120.655842"
"1485-YDHMM","United States","California","San Ardo",93450,"35.996008","-120.853050"
"4054-CUMIA","United States","California","San Miguel",93451,"35.886767","-120.608661"
"0603-TPMIB","United States","California","San Simeon",93452,"35.746484","-121.223355"
"2525-GVKQU","United States","California","Santa Margarita",93453,"35.303926","-120.256567"
"8161-QYMTT","United States","California","Santa Maria",93454,"34.943523","-120.256729"
"9581-GVBXT","United States","California","Santa Maria",93455,"34.818227","-120.418784"
"5862-BRIXZ","United States","California","Santa Maria",93458,"34.959340","-120.490081"
"5404-GGUKR","United States","California","Santa Ynez",93460,"34.630356","-120.032564"
"3308-JSGML","United States","California","Shandon",93461,"35.634488","-120.293534"
"2126-GSEGL","United States","California","Solvang",93463,"34.624399","-120.137875"
"0440-QEXBZ","United States","California","Mojave",93501,"35.097323","-118.171288"
"2434-EEVDB","United States","California","California City",93505,"35.151491","-117.927597"
"6762-QVYJO","United States","California","Acton",93510,"34.501452","-118.207862"
"6199-IWKGC","United States","California","Benton",93512,"37.653947","-118.231443"
"2675-DHUTR","United States","California","Big Pine",93513,"37.245505","-118.062943"
"8152-VETUR","United States","California","Bishop",93514,"37.045840","-118.397236"
"7446-YPODE","United States","California","Bridgeport",93517,"38.184583","-119.286558"
"9522-BNTHX","United States","California","Caliente",93518,"35.358953","-118.527064"
"4676-WLUHT","United States","California","Darwin",93522,"36.319181","-117.593053"
"7980-MHFLQ","United States","California","Independence",93526,"36.869584","-118.189241"
"0757-WCUUZ","United States","California","June Lake",93529,"37.730269","-119.055813"
"1629-DQQVB","United States","California","Keeler",93530,"36.560498","-117.962461"
"0374-AACSZ","United States","California","Lancaster",93534,"34.727529","-118.153098"
"4872-VXRIL","United States","California","Lancaster",93536,"34.741406","-118.381110"
"9140-CZQZZ","United States","California","Lee Vining",93541,"37.890145","-119.184087"
"3423-HHXAO","United States","California","Littlerock",93543,"34.505273","-117.955054"
"9938-TKDGL","United States","California","Llano",93544,"34.500091","-117.765862"
"0531-ZZJWQ","United States","California","Lone Pine",93545,"36.590415","-118.073839"
"6537-QLGEX","United States","California","Mammoth Lakes",93546,"37.550074","-118.837167"
"2688-BHGOG","United States","California","Olancha",93549,"36.296851","-117.865469"
"3160-TYXLT","United States","California","Palmdale",93552,"34.557711","-118.029441"
"1325-USMEC","United States","California","Pearblossom",93553,"34.445239","-117.894868"
"0916-QOFDP","United States","California","Randsburg",93554,"35.405722","-117.773354"
"5606-AMZBO","United States","California","Rosamond",93560,"34.903052","-118.411251"
"6199-IPCAO","United States","California","Tehachapi",93561,"35.073777","-118.652112"
"5640-CAXOA","United States","California","Auberry",93602,"36.991762","-119.242874"
"2235-EZAIK","United States","California","Badger",93603,"36.645450","-118.924982"
"3847-BAERP","United States","California","Bass Lake",93604,"37.458367","-119.345011"
"1453-RZFON","United States","California","Cantua Creek",93608,"36.488056","-120.407691"
"8263-OKETD","United States","California","Caruthers",93609,"36.527600","-119.865999"
"0670-KDOMA","United States","California","Chowchilla",93610,"37.100948","-120.270136"
"2476-YGEFM","United States","California","Clovis",93611,"36.917652","-119.593757"
"8687-BAFGU","United States","California","Clovis",93612,"36.814539","-119.711868"
"0641-EVBOJ","United States","California","Coarsegold",93614,"37.212191","-119.749323"
"0829-XXPLX","United States","California","Cutler",93615,"36.497895","-119.285484"
"9974-JFBHQ","United States","California","Del Rey",93616,"36.657462","-119.595293"
"6624-JDRDS","United States","California","Dos Palos",93620,"37.045728","-120.630682"
"0608-JDVEC","United States","California","Dunlap",93621,"36.789213","-119.140338"
"9780-FKVVF","United States","California","Firebaugh",93622,"36.785618","-120.625382"
"1919-RTPQD","United States","California","Fish Camp",93623,"37.483535","-119.679414"
"5214-NLTIT","United States","California","Five Points",93624,"36.397745","-120.119911"
"3345-PBBFH","United States","California","Fowler",93625,"36.625792","-119.672483"
"5055-BRMNE","United States","California","Friant",93626,"37.027663","-119.690560"
"2190-PHBHR","United States","California","Hume",93628,"36.807595","-118.901544"
"2650-GYRYL","United States","California","Kerman",93630,"36.727418","-120.123526"
"5208-FVQKB","United States","California","Lakeshore",93634,"37.290606","-119.216328"
"7184-LRUUR","United States","California","Los Banos",93635,"36.995162","-120.955099"
"6627-CFOSN","United States","California","Madera",93637,"36.902954","-120.194274"
"3982-JGSFD","United States","California","Madera",93638,"37.004068","-119.930027"
"1574-DYCWE","United States","California","Mendota",93640,"36.687292","-120.437354"
"7247-XOZPB","United States","California","Miramonte",93641,"36.696759","-119.024051"
"2466-FCCPT","United States","California","North Fork",93643,"37.244307","-119.470256"
"6211-WWLTF","United States","California","Oakhurst",93644,"37.648647","-119.231447"
"4826-TZEVA","United States","California","O Neals",93645,"37.140104","-119.657092"
"6016-NXBNJ","United States","California","Orange Cove",93646,"36.633498","-119.298895"
"9138-EFSMO","United States","California","Orosi",93647,"36.600185","-119.175655"
"4632-XJMEX","United States","California","Fresno",93650,"36.841655","-119.797113"
"8910-LEDAG","United States","California","Prather",93651,"37.007238","-119.505661"
"3452-GWUIN","United States","California","Raisin City",93652,"36.594542","-119.905245"
"2716-GFZOR","United States","California","Raymond",93653,"37.252057","-119.957830"
"3724-UCSHY","United States","California","Reedley",93654,"36.636638","-119.421842"
"8626-XHBIE","United States","California","Riverdale",93656,"36.452211","-119.945750"
"3192-LNKRK","United States","California","San Joaquin",93660,"36.600193","-120.153393"
"4439-YRNVD","United States","California","Selma",93662,"36.545322","-119.642281"
"2208-UGTGR","United States","California","Sultana",93666,"36.545353","-119.338535"
"3005-TYFRD","United States","California","Tollhouse",93667,"36.993666","-119.348267"
"8670-MEFCP","United States","California","Tranquillity",93668,"36.635661","-120.288644"
"3079-BCHLN","United States","California","Wishon",93669,"37.287758","-119.548156"
"7777-UNYHB","United States","California","Traver",93673,"36.456091","-119.486225"
"7278-CKDNC","United States","California","Fresno",93701,"36.749403","-119.787574"
"8450-UYIBU","United States","California","Fresno",93703,"36.768774","-119.762633"
"2969-VAPYH","United States","California","Fresno",93704,"36.799648","-119.801247"
"7181-OQCUT","United States","California","Fresno",93706,"36.654614","-119.903674"
"8474-UMLNT","United States","California","Fresno",93710,"36.822715","-119.761826"
"3836-FZSDJ","United States","California","Fresno",93720,"36.878709","-119.764500"
"9142-XMYJH","United States","California","Fresno",93721,"36.732694","-119.783786"
"0187-QSXOE","United States","California","Fresno",93725,"36.623632","-119.741322"
"7733-UDMTP","United States","California","Fresno",93726,"36.793601","-119.761131"
"2649-HWLYB","United States","California","Fresno",93727,"36.751489","-119.680720"
"5214-CHIWJ","United States","California","Fresno",93728,"36.757345","-119.818274"
"6904-JLBGY","United States","California","Salinas",93905,"36.667794","-121.601306"
"2465-BLLEU","United States","California","Salinas",93906,"36.722898","-121.633648"
"1685-VAYJF","United States","California","Salinas",93907,"36.774620","-121.664714"
"8874-EJNSR","United States","California","Salinas",93908,"36.624338","-121.615669"
"6917-YACBP","United States","California","Big Sur",93920,"36.092975","-121.549826"
"5049-MUBWG","United States","California","Carmel By The Sea",93921,"36.554618","-121.922239"
"4223-WOZCM","United States","California","Carmel",93923,"36.460611","-121.852507"
"0769-MURVM","United States","California","Carmel Valley",93924,"36.414611","-121.638600"
"9253-VIFJQ","United States","California","Chualar",93925,"36.596271","-121.442274"
"7030-FZTFM","United States","California","Gonzales",93926,"36.525880","-121.396719"
"9741-YLNTD","United States","California","Greenfield",93927,"36.248708","-121.386617"
"5917-RYRMG","United States","California","Jolon",93928,"35.930782","-121.189757"
"5120-ZBLAI","United States","California","King City",93930,"36.220761","-120.980777"
"1194-BHJYC","United States","California","Lockwood",93932,"35.989792","-121.055933"
"0906-QVPMS","United States","California","Monterey",93940,"36.362741","-121.869685"
"1905-OEILC","United States","California","Pebble Beach",93953,"36.587497","-121.944815"
"7858-GTZSP","United States","California","San Lucas",93954,"36.125529","-120.864443"
"6248-BSHKG","United States","California","Soledad",93960,"36.414216","-121.360597"
"4685-TFLLS","United States","California","Spreckels",93962,"36.624641","-121.647195"
"3470-BTGQO","United States","California","Belmont",94002,"37.509366","-122.306132"
"1209-VFFOC","United States","California","Brisbane",94005,"37.684694","-122.407120"
"8224-DWCKX","United States","California","Burlingame",94010,"37.570280","-122.365778"
"4553-DVPZG","United States","California","Daly City",94015,"37.680844","-122.481310"
"6917-IAYHD","United States","California","La Honda",94020,"37.285677","-122.224165"
"8620-RJPZN","United States","California","Los Altos",94022,"37.349546","-122.134356"
"7572-KPVKK","United States","California","Los Altos",94024,"37.352911","-122.093002"
"2642-MAWLJ","United States","California","Menlo Park",94025,"37.449551","-122.183762"
"7103-ZGVNT","United States","California","Portola Valley",94028,"37.369709","-122.215844"
"2027-WKXMW","United States","California","Montara",94037,"37.540582","-122.509594"
"7137-NAXML","United States","California","Moss Beach",94038,"37.515556","-122.502311"
"2428-ZMCTB","United States","California","Mountain View",94040,"37.380662","-122.086022"
"2961-VNFKL","United States","California","Mountain View",94041,"37.388349","-122.075299"
"1768-HNVGJ","United States","California","Mountain View",94043,"37.419725","-122.062947"
"6963-KQYQB","United States","California","Pacifica",94044,"37.573633","-122.455167"
"5934-RMPOV","United States","California","Pescadero",94060,"37.225650","-122.297533"
"1207-BLKSA","United States","California","Redwood City",94061,"37.461251","-122.235414"
"8316-BBQAY","United States","California","Redwood City",94063,"37.499411","-122.196318"
"1166-PQLGG","United States","California","Redwood City",94065,"37.527497","-122.230941"
"3146-JTQHR","United States","California","San Bruno",94066,"37.624436","-122.430661"
"4291-YZODP","United States","California","San Carlos",94070,"37.497915","-122.267361"
"4395-PZMSN","United States","California","San Gregorio",94074,"37.331762","-122.341444"
"6427-FEFIG","United States","California","South San Francisco",94080,"37.654436","-122.426468"
"0017-IUDMW","United States","California","Sunnyvale",94086,"37.378541","-122.020456"
"8706-HRADD","United States","California","Sunnyvale",94087,"37.351100","-122.037311"
"9955-QOPOY","United States","California","Sunnyvale",94089,"37.421633","-122.009613"
"4385-ZKVNW","United States","California","San Francisco",94102,"37.779500","-122.419233"
"5446-DKWYW","United States","California","San Francisco",94103,"37.773147","-122.411287"
"9031-ZVQPT","United States","California","San Francisco",94109,"37.794487","-122.422270"
"2990-IAJSV","United States","California","San Francisco",94110,"37.750021","-122.415201"
"8107-KNCIM","United States","California","San Francisco",94111,"37.801776","-122.402293"
"9027-YFHQJ","United States","California","San Francisco",94112,"37.720498","-122.443119"
"5176-LDKUH","United States","California","San Francisco",94114,"37.758085","-122.434801"
"4644-OBGFZ","United States","California","San Francisco",94115,"37.786031","-122.437301"
"7926-IJOOU","United States","California","San Francisco",94116,"37.744410","-122.486764"
"6480-YAGIY","United States","California","San Francisco",94117,"37.770533","-122.445121"
"4029-HPFVY","United States","California","San Francisco",94118,"37.781304","-122.461522"
"7602-DBTOU","United States","California","San Francisco",94121,"37.776718","-122.495781"
"5345-BMKWB","United States","California","San Francisco",94122,"37.760412","-122.484966"
"5457-COLHT","United States","California","San Francisco",94124,"37.731505","-122.384532"
"5451-YHYPW","United States","California","San Francisco",94129,"37.797526","-122.464531"
"7998-WNZEM","United States","California","San Francisco",94131,"37.746699","-122.442833"
"4664-NJCMS","United States","California","San Francisco",94133,"37.802071","-122.411004"
"0307-BCOPK","United States","California","San Francisco",94134,"37.721052","-122.413573"
"7629-WFGLW","United States","California","Palo Alto",94301,"37.444314","-122.149996"
"2542-HYGIQ","United States","California","Palo Alto",94303,"37.458090","-122.115398"
"5016-LIPDW","United States","California","Stanford",94305,"37.424342","-122.165641"
"6481-LXPWL","United States","California","Palo Alto",94306,"37.416159","-122.131337"
"6124-ACRHJ","United States","California","San Mateo",94403,"37.538309","-122.305109"
"9362-MWODR","United States","California","San Mateo",94404,"37.556094","-122.272437"
"9975-GPKZU","United States","California","Alameda",94501,"37.774633","-122.274434"
"9625-RZFUK","United States","California","Alameda",94502,"37.724817","-122.224363"
"5153-LXKDT","United States","California","Danville",94506,"37.791481","-121.903253"
"5161-UBZXI","United States","California","Alamo",94507,"37.855717","-121.994813"
"1020-JPQOW","United States","California","Angwin",94508,"38.542448","-122.419923"
"7919-ZODZZ","United States","California","Antioch",94509,"37.980057","-121.801599"
"0565-JUPYD","United States","California","Benicia",94510,"38.113533","-122.119260"
"6867-ACCZI","United States","California","Bethel Island",94511,"38.050558","-121.646924"
"5939-XAIXZ","United States","California","Birds Landing",94512,"38.140719","-121.838298"
"9054-FOWNV","United States","California","Brentwood",94513,"37.908242","-121.682472"
"8207-VVMYB","United States","California","Clayton",94517,"37.881842","-121.848111"
"9732-EQMWY","United States","California","Concord",94518,"37.950248","-122.022455"
"5269-NRGDP","United States","California","Concord",94521,"37.971421","-121.971504"
"6195-MELTI","United States","California","Pleasant Hill",94523,"37.953380","-122.076886"
"2121-JAFOM","United States","California","Danville",94526,"37.815459","-121.977203"
"8818-DOPVL","United States","California","El Cerrito",94530,"37.924838","-122.289145"
"1227-UDMZR","United States","California","Fremont",94536,"37.572273","-121.964583"
"5198-HQAEN","United States","California","Fremont",94538,"37.505768","-121.962472"
"2167-FQSTQ","United States","California","Hayward",94541,"37.674002","-122.076796"
"2819-GWENI","United States","California","Hayward",94542,"37.656695","-122.048361"
"3572-UUHRS","United States","California","Castro Valley",94546,"37.708327","-122.083473"
"2692-PFYTJ","United States","California","Hercules",94547,"37.991259","-122.214945"
"6288-LBEAR","United States","California","Yountville",94599,"38.421458","-122.365048"
"5955-EPOAZ","United States","California","Livermore",94550,"37.571748","-121.659562"
"6821-JPCDC","United States","California","Castro Valley",94552,"37.722727","-122.021570"
"8815-LMFLX","United States","California","Martinez",94553,"38.014457","-122.115432"
"9135-HSWOC","United States","California","Fremont",94555,"37.555473","-122.080312"
"8582-KRHPJ","United States","California","Moraga",94556,"37.827946","-122.107185"
"5811-IWXYM","United States","California","Napa",94558,"38.489789","-122.270110"
"7044-YAACC","United States","California","Napa",94559,"38.232389","-122.324944"
"8189-XRIKE","United States","California","Newark",94560,"37.504133","-122.032347"
"1506-YJTYT","United States","California","Oakley",94561,"37.999406","-121.686241"
"4123-DVHPH","United States","California","Orinda",94563,"37.873916","-122.205220"
"2228-BZDEE","United States","California","Pleasanton",94566,"37.633361","-121.862395"
"2789-CZANW","United States","California","Dublin",94568,"37.713926","-121.928425"
"7596-LDUXP","United States","California","Rodeo",94572,"38.027218","-122.234630"
"3740-RLMVT","United States","California","Saint Helena",94574,"38.581354","-122.296283"
"2192-OZITF","United States","California","San Leandro",94577,"37.717196","-122.159338"
"5651-CPDND","United States","California","San Leandro",94578,"37.704384","-122.126703"
"2186-QZEYA","United States","California","San Leandro",94579,"37.687264","-122.157280"
"1131-ALZWV","United States","California","San Lorenzo",94580,"37.676249","-122.132415"
"7729-XBTWX","United States","California","San Ramon",94583,"37.766556","-121.976784"
"9134-WYRVP","United States","California","Suisun City",94585,"38.197907","-122.017258"
"3284-SVCRO","United States","California","Sunol",94586,"37.587494","-121.862856"
"9732-OUYRN","United States","California","Union City",94587,"37.594850","-122.051521"
"0559-CKHUS","United States","California","Pleasanton",94588,"37.685052","-121.912061"
"2931-SVLTV","United States","California","Vallejo",94589,"38.161321","-122.271588"
"7504-UWHNB","United States","California","Vallejo",94591,"38.105733","-122.186338"
"2582-FFFZR","United States","California","Vallejo",94592,"38.093701","-122.276589"
"8908-NMQTX","United States","California","Walnut Creek",94595,"37.862128","-122.075197"
"1431-AIDJQ","United States","California","Walnut Creek",94598,"37.916648","-122.008483"
"8413-YNHNV","United States","California","Oakland",94603,"37.739113","-122.175602"
"5808-TOTXO","United States","California","Oakland",94605,"37.758019","-122.138678"
"4369-NYSCF","United States","California","Oakland",94606,"37.792489","-122.244314"
"6333-YDVLT","United States","California","Oakland",94607,"37.807070","-122.297401"
"5324-KTGCG","United States","California","Emeryville",94608,"37.837260","-122.287648"
"5599-HVLTW","United States","California","Oakland",94609,"37.834341","-122.264370"
"7394-LWLYN","United States","California","Oakland",94610,"37.808731","-122.238708"
"6873-UDNLD","United States","California","Oakland",94612,"37.809014","-122.269739"
"2700-LUEVA","United States","California","Oakland",94618,"37.845510","-122.235181"
"0958-YHXGP","United States","California","Oakland",94621,"37.750553","-122.197175"
"1101-SSWAG","United States","California","Berkeley",94702,"37.866009","-122.286228"
"5743-KHMNA","United States","California","Berkeley",94705,"37.858898","-122.240512"
"4194-FJARJ","United States","California","Albany",94706,"37.890274","-122.295192"
"5325-UWTWJ","United States","California","Berkeley",94707,"37.897753","-122.279391"
"3969-GYXEL","United States","California","Berkeley",94708,"37.897743","-122.263124"
"9208-OLGAQ","United States","California","Berkeley",94709,"37.878554","-122.266090"
"3244-CQPHU","United States","California","Berkeley",94710,"37.872902","-122.303708"
"2674-MLXMN","United States","California","Richmond",94801,"37.945288","-122.383941"
"9708-HPXWZ","United States","California","El Sobrante",94803,"37.963995","-122.288296"
"6992-TKNYO","United States","California","Richmond",94804,"37.921034","-122.341798"
"4468-YDOVK","United States","California","Richmond",94805,"37.941456","-122.320968"
"5792-JALQC","United States","California","San Rafael",94901,"37.972662","-122.491452"
"2200-DSAAL","United States","California","Greenbrae",94904,"37.946617","-122.563571"
"4302-ZYFEL","United States","California","Belvedere Tiburon",94920,"37.885629","-122.468580"
"9351-LZYGF","United States","California","Bodega",94922,"38.343282","-122.975500"
"4366-CTOUZ","United States","California","Bodega Bay",94923,"38.377165","-123.037957"
"1518-OMDIK","United States","California","Rohnert Park",94928,"38.347190","-122.697822"
"6671-NGWON","United States","California","Dillon Beach",94929,"38.244580","-122.956268"
"0595-ITUDF","United States","California","Fairfax",94930,"37.971751","-122.611873"
"1955-IBMMB","United States","California","Forest Knolls",94933,"38.010092","-122.689442"
"0096-BXERS","United States","California","Inverness",94937,"38.099323","-122.945723"
"3806-YAZOV","United States","California","Lagunitas",94938,"38.021772","-122.691744"
"7998-ZLXWN","United States","California","Larkspur",94939,"37.937082","-122.532369"
"6253-WRFHY","United States","California","Marshall",94940,"38.129308","-122.834815"
"9133-AYJZG","United States","California","Mill Valley",94941,"37.901371","-122.572024"
"2675-OTVVJ","United States","California","Novato",94945,"38.135897","-122.563683"
"8680-CGLTP","United States","California","Nicasio",94946,"38.065359","-122.665566"
"8430-TWCBX","United States","California","Novato",94947,"38.112166","-122.634384"
"5018-GWURO","United States","California","Novato",94949,"38.067204","-122.524004"
"6741-QRLUP","United States","California","Olema",94950,"38.052209","-122.775567"
"4737-HOBAX","United States","California","Penngrove",94951,"38.325599","-122.642352"
"0537-QYZZN","United States","California","Petaluma",94952,"38.237018","-122.778720"
"3340-QBBFM","United States","California","Petaluma",94954,"38.235021","-122.557332"
"8200-KLNYW","United States","California","San Geronimo",94963,"38.004740","-122.663717"
"3372-CDXFJ","United States","California","San Quentin",94964,"37.942551","-122.491642"
"4781-ZXYGU","United States","California","Sausalito",94965,"37.848641","-122.515692"
"7632-YUTXB","United States","California","Stinson Beach",94970,"37.921137","-122.657562"
"2718-YSKCS","United States","California","Tomales",94971,"38.240769","-122.901041"
"9896-UYMIE","United States","California","Valley Ford",94972,"38.339996","-122.935056"
"0853-NWIFK","United States","California","Woodacre",94973,"38.005839","-122.638155"
"8212-CRQXP","United States","California","Alviso",95002,"37.449537","-121.994813"
"6980-CDGFC","United States","California","Aptos",95003,"37.013471","-121.877877"
"7691-XVTZH","United States","California","Aromas",95004,"36.878364","-121.629781"
"2520-SGTTA","United States","California","Ben Lomond",95005,"37.078873","-122.090386"
"2277-VWCNI","United States","California","Brookdale",95007,"37.106902","-122.100006"
"1088-CNNKB","United States","California","Campbell",95008,"37.279689","-121.954567"
"1930-BZLHI","United States","California","Castroville",95012,"36.784481","-121.759054"
"5868-YTYKS","United States","California","Davenport",95017,"37.114335","-122.237162"
"3525-DVKFN","United States","California","Felton",95018,"37.089111","-122.062213"
"1482-OXZSY","United States","California","Freedom",95019,"36.936228","-121.785559"
"0377-JBKKT","United States","California","Gilroy",95020,"37.038890","-121.528955"
"5778-BVOFB","United States","California","Hollister",95023,"36.875409","-121.279679"
"3373-YZZYM","United States","California","Los Gatos",95030,"37.222842","-121.988727"
"0228-MAUWC","United States","California","Los Gatos",95033,"37.160194","-121.945611"
"7663-YJHSN","United States","California","Moss Landing",95039,"36.863303","-121.781632"
"4915-BFSXL","United States","California","Mount Hermon",95041,"37.051166","-122.056194"
"3086-RUCRN","United States","California","Paicines",95043,"36.525703","-120.952122"
"5215-LNLDJ","United States","California","San Juan Bautista",95045,"36.810568","-121.503022"
"7576-JMYWV","United States","California","San Martin",95046,"37.084697","-121.606417"
"0257-KXZGU","United States","California","Santa Clara",95051,"37.348129","-121.984690"
"1307-ATKGB","United States","California","Santa Clara",95054,"37.393554","-121.965114"
"3714-XPXBW","United States","California","Santa Cruz",95062,"36.974575","-121.991149"
"1850-AKQEP","United States","California","Santa Cruz",95064,"37.007882","-122.065975"
"2824-DXNKN","United States","California","Santa Cruz",95065,"37.031404","-121.981865"
"5227-JSCFE","United States","California","Scotts Valley",95066,"37.070177","-122.010077"
"0848-ZGQIJ","United States","California","Saratoga",95070,"37.257772","-122.051824"
"3621-CHYVB","United States","California","Soquel",95073,"37.023669","-121.946461"
"8042-RNLKO","United States","California","Watsonville",95076,"36.931654","-121.752383"
"5372-FBKBN","United States","California","San Jose",95111,"37.284265","-121.827673"
"0420-TXVSG","United States","California","San Jose",95112,"37.343827","-121.883119"
"6217-TOWGS","United States","California","San Jose",95113,"37.333851","-121.891147"
"1045-LTCYT","United States","California","San Jose",95118,"37.255479","-121.889838"
"1544-JJMYL","United States","California","San Jose",95119,"37.233226","-121.788090"
"4636-JGAAI","United States","California","San Jose",95120,"37.186141","-121.843554"
"6874-SGLHU","United States","California","San Jose",95121,"37.304681","-121.809955"
"5951-AOFIH","United States","California","San Jose",95122,"37.328860","-121.834567"
"3059-NGMXB","United States","California","San Jose",95124,"37.257063","-121.923037"
"8652-YHIYU","United States","California","San Jose",95125,"37.294926","-121.894763"
"5278-PNYOX","United States","California","San Jose",95126,"37.327069","-121.916819"
"3486-HOOGQ","United States","California","San Jose",95128,"37.316146","-121.936285"
"5061-PBXFW","United States","California","San Jose",95129,"37.305622","-122.000887"
"8630-FJLIB","United States","California","San Jose",95130,"37.277592","-121.986477"
"3891-NLXJB","United States","California","San Jose",95131,"37.387027","-121.897775"
"4749-OJKQU","United States","California","San Jose",95132,"37.424655","-121.748410"
"0577-WHMEV","United States","California","San Jose",95133,"37.371862","-121.860349"
"5453-AXEPF","United States","California","San Jose",95134,"37.427650","-121.945416"
"3639-XJHKQ","United States","California","San Jose",95135,"37.286820","-121.723877"
"3716-LRGXK","United States","California","San Jose",95136,"37.270938","-121.851046"
"2263-SFSQZ","United States","California","San Jose",95138,"37.246064","-121.749494"
"9950-MTGYX","United States","California","San Jose",95139,"37.218705","-121.762429"
"3397-AVTKU","United States","California","Mount Hamilton",95140,"37.382909","-121.634151"
"4825-FUREZ","United States","California","San Jose",95148,"37.339533","-121.777179"
"2672-OJQZP","United States","California","Stockton",95203,"37.954089","-121.329761"
"3134-DSHVC","United States","California","Stockton",95205,"37.965695","-121.260051"
"7821-DPRQE","United States","California","Stockton",95207,"38.002125","-121.324979"
"2001-EWBQU","United States","California","Stockton",95210,"38.033219","-121.297433"
"1608-GMEWB","United States","California","Stockton",95215,"37.946282","-121.139499"
"6695-AMZUF","United States","California","Stockton",95219,"38.029729","-121.387999"
"8410-BGQXN","United States","California","Angels Camp",95222,"38.071327","-120.632221"
"1619-YWUBB","United States","California","Avery",95224,"38.208336","-120.339938"
"7611-YKYTC","United States","California","Burson",95225,"38.183918","-120.898817"
"0365-GXEZS","United States","California","Copperopolis",95228,"37.943954","-120.671080"
"0082-OQIQY","United States","California","Farmington",95230,"37.956963","-120.863055"
"3606-SBKRY","United States","California","Linden",95236,"38.047746","-121.030499"
"0667-NSRGI","United States","California","Lodi",95240,"38.123544","-121.159078"
"6893-ODYYE","United States","California","Mokelumne Hill",95245,"38.304194","-120.592431"
"8242-JSVBO","United States","California","Mountain Ranch",95246,"38.264262","-120.515133"
"9541-ZPSEA","United States","California","San Andreas",95249,"38.196497","-120.616890"
"2665-NPTGL","United States","California","Sheep Ranch",95250,"38.244806","-120.417301"
"1139-WUOAH","United States","California","Vallecito",95251,"38.055562","-120.456298"
"4693-VWVBO","United States","California","Valley Springs",95252,"38.156971","-120.849231"
"6937-GCDGQ","United States","California","West Point",95255,"38.419350","-120.469545"
"0988-JRWWP","United States","California","Wilseyville",95257,"38.392686","-120.415951"
"5075-JSDKI","United States","California","Woodbridge",95258,"38.169605","-121.310964"
"8644-XYTSV","United States","California","Ballico",95303,"37.469500","-120.672724"
"3873-WOSBC","United States","California","Catheys Valley",95306,"37.394411","-120.127262"
"7465-ZZRVX","United States","California","Ceres",95307,"37.553469","-120.952825"
"7975-JMZNT","United States","California","Columbia",95310,"38.085839","-120.378550"
"7251-XFOIL","United States","California","Coulterville",95311,"37.722127","-120.110174"
"4116-IQRFR","United States","California","Cressey",95312,"37.420273","-120.665270"
"8259-DZLIZ","United States","California","Delhi",95315,"37.422961","-120.765493"
"0442-ZXKVS","United States","California","Denair",95316,"37.524721","-120.757977"
"7853-WNZSY","United States","California","El Nido",95317,"37.127386","-120.506422"
"3120-FAZKD","United States","California","El Portal",95318,"37.654551","-119.822984"
"8606-OEGQZ","United States","California","Escalon",95320,"37.818543","-121.006907"
"0225-ZORZP","United States","California","Groveland",95321,"37.902968","-119.667544"
"9489-JMTTN","United States","California","Hickman",95323,"37.605926","-120.699550"
"0575-CUQOV","United States","California","Hilmar",95324,"37.394536","-120.890747"
"0967-BMLBD","United States","California","Hornitos",95325,"37.479926","-120.230424"
"2830-LEWOA","United States","California","Jamestown",95327,"37.847710","-120.486589"
"5006-MXVRN","United States","California","Keyes",95328,"37.555631","-120.911653"
"8327-WKMIE","United States","California","Le Grand",95333,"37.249377","-120.249581"
"6917-FIJHC","United States","California","Livingston",95334,"37.361987","-120.748394"
"5329-KRDTM","United States","California","Long Barn",95335,"38.109125","-120.078597"
"7797-EJMDP","United States","California","Manteca",95336,"37.830267","-121.201018"
"3530-VWVGU","United States","California","Manteca",95337,"37.750822","-121.238423"
"6368-NWMCE","United States","California","Merced",95340,"37.255637","-120.493537"
"3633-CDBUW","United States","California","Midpines",95345,"37.581496","-119.972762"
"0707-HOVVN","United States","California","Mi Wuk Village",95346,"38.121601","-120.133915"
"3956-MGXOG","United States","California","Modesto",95350,"37.671806","-121.007575"
"9274-UARKJ","United States","California","Modesto",95351,"37.621458","-121.012295"
"4077-HWUYD","United States","California","Modesto",95354,"37.639029","-120.964772"
"0103-CSITQ","United States","California","Modesto",95357,"37.670526","-120.877572"
"8671-KKKOS","United States","California","Newman",95360,"37.343846","-121.039391"
"7305-ZWMAJ","United States","California","Oakdale",95361,"37.785033","-120.776141"
"9518-XXBXE","United States","California","Patterson",95363,"37.410236","-121.320337"
"6578-KRMAW","United States","California","Planada",95365,"37.329725","-120.306399"
"4860-IJUDE","United States","California","Ripon",95366,"37.750778","-121.132380"
"9688-YGXVR","United States","California","Salida",95368,"37.713152","-121.087390"
"0423-UDIJQ","United States","California","Snelling",95369,"37.521708","-120.426843"
"1945-XISKS","United States","California","Sonora",95370,"37.982716","-120.343732"
"5360-LJCNJ","United States","California","Tracy",95376,"37.680968","-121.446049"
"2607-FBDFF","United States","California","Tuolumne",95379,"37.939768","-120.188002"
"1100-DDVRV","United States","California","Twain Harte",95383,"38.107441","-120.230625"
"6728-WYQBC","United States","California","Westley",95387,"37.546007","-121.282570"
"9029-FEGVJ","United States","California","Yosemite National Park",95389,"37.704267","-119.607001"
"7216-KAOID","United States","California","Santa Rosa",95401,"38.460517","-122.790335"
"6145-NNPNO","United States","California","Santa Rosa",95404,"38.526941","-122.709096"
"5339-TJFEK","United States","California","Santa Rosa",95407,"38.394091","-122.739814"
"2074-GUHPQ","United States","California","Albion",95410,"39.225694","-123.717354"
"4625-XMOYM","United States","California","Annapolis",95412,"38.731055","-123.316553"
"5827-MWCZK","United States","California","Boonville",95415,"39.025867","-123.381544"
"1385-TQOZW","United States","California","Branscomb",95417,"39.710591","-123.682799"
"5914-XRFQB","United States","California","Caspar",95420,"39.361283","-123.784599"
"4329-YPDDQ","United States","California","Cazadero",95421,"38.578807","-123.193380"
"4804-NCPET","United States","California","Clearlake",95422,"38.965804","-122.631779"
"5944-UGLLK","United States","California","Cloverdale",95425,"38.801936","-122.938935"
"7787-BNTZM","United States","California","Comptche",95427,"39.239818","-123.565432"
"2252-ISRNH","United States","California","Covelo",95428,"39.833070","-123.178765"
"9415-TPKRV","United States","California","Dos Rios",95429,"39.756049","-123.358701"
"5322-TEUJK","United States","California","Duncans Mills",95430,"38.445603","-123.063756"
"1866-DIOQZ","United States","California","Forestville",95436,"38.499302","-122.924440"
"8375-KVTHK","United States","California","Fort Bragg",95437,"39.455555","-123.683979"
"2697-NQBPF","United States","California","Fulton",95439,"38.493888","-122.777141"
"3709-OIJEA","United States","California","Geyserville",95441,"38.731771","-123.064272"
"1386-ZIKUV","United States","California","Glenhaven",95443,"39.045246","-122.743181"
"0599-XNYDO","United States","California","Graton",95444,"38.434362","-122.868910"
"6377-WHAOX","United States","California","Gualala",95445,"38.848082","-123.506080"
"6855-VLGOS","United States","California","Guerneville",95446,"38.525760","-123.013347"
"8999-XXGNS","United States","California","Healdsburg",95448,"38.618347","-122.908422"
"8746-OQQRW","United States","California","Hopland",95449,"38.937060","-123.118111"
"3181-MIZBN","United States","California","Jenner",95450,"38.505995","-123.187019"
"0471-ARVMX","United States","California","Kelseyville",95451,"38.934960","-122.792243"
"7766-CLTIC","United States","California","Kenwood",95452,"38.419525","-122.521585"
"5650-YLIBA","United States","California","Lakeport",95453,"39.080469","-122.955176"
"0825-CPPQH","United States","California","Laytonville",95454,"39.806141","-123.531098"
"9084-OAYKL","United States","California","Little River",95456,"39.245911","-123.772140"
"6122-LJADA","United States","California","Lower Lake",95457,"38.925545","-122.549083"
"2400-XIWIO","United States","California","Lucerne",95458,"39.141934","-122.770679"
"7524-VRLPL","United States","California","Manchester",95459,"38.966713","-123.586412"
"7569-NMZYQ","United States","California","Middletown",95461,"38.787446","-122.586750"
"5201-USSQZ","United States","California","Monte Rio",95462,"38.471049","-123.015549"
"2105-PHWON","United States","California","Navarro",95463,"39.182916","-123.552571"
"1494-EJZDW","United States","California","Nice",95464,"39.123340","-122.838198"
"4884-TVUQF","United States","California","Occidental",95465,"38.415003","-122.998726"
"8003-EWNDZ","United States","California","Philo",95466,"39.094102","-123.500853"
"1897-RCFUM","United States","California","Point Arena",95468,"38.911299","-123.609588"
"9256-JTBNZ","United States","California","Potter Valley",95469,"39.408634","-123.045516"
"2211-RMNHO","United States","California","Rio Nido",95471,"38.522328","-122.979320"
"2432-TFSMK","United States","California","Sebastopol",95472,"38.398815","-122.861923"
"4929-ROART","United States","California","Ukiah",95482,"39.134075","-123.234220"
"1834-ABKHQ","United States","California","Upper Lake",95485,"39.220368","-122.907693"
"1741-WTPON","United States","California","Westport",95488,"39.724433","-123.767578"
"3932-IJWDZ","United States","California","Willits",95490,"39.492046","-123.375818"
"1240-HCBOH","United States","California","Windsor",95492,"38.527297","-122.810044"
"3594-KADLU","United States","California","Witter Springs",95493,"39.222323","-122.985488"
"8065-BVEPF","United States","California","Yorkville",95494,"38.888351","-123.239647"
"3796-ENZGF","United States","California","The Sea Ranch",95497,"38.696659","-123.436861"
"1734-ZMNTZ","United States","California","Eureka",95501,"40.796621","-124.154280"
"2853-CWQFQ","United States","California","Eureka",95503,"40.737431","-124.108897"
"0813-TAXXS","United States","California","Alderpoint",95511,"40.166028","-123.584144"
"2519-TWKFS","United States","California","Blocksburg",95514,"40.309088","-123.668201"
"0626-QXNGV","United States","California","Arcata",95521,"40.839958","-124.003757"
"6723-CEGQI","United States","California","Bayside",95524,"40.825486","-124.049485"
"4732-RRJZC","United States","California","Bridgeville",95526,"40.372532","-123.525626"
"9499-XPZXM","United States","California","Burnt Ranch",95527,"40.854512","-123.450097"
"4338-EYCER","United States","California","Carlotta",95528,"40.497283","-123.930370"
"3007-FDPEA","United States","California","Crescent City",95531,"41.701223","-124.003393"
"6350-XFYGW","United States","California","Ferndale",95536,"40.478500","-124.301372"
"8513-OLYGY","United States","California","Fortuna",95540,"40.584991","-124.121504"
"0311-QYWSS","United States","California","Garberville",95542,"40.057784","-123.679461"
"8705-DWKTI","United States","California","Gasquet",95543,"41.867908","-123.794144"
"8755-IWJHN","United States","California","Honeydew",95545,"40.342928","-124.063329"
"4480-QQRHC","United States","California","Hydesville",95547,"40.557314","-124.081662"
"0929-PECLO","United States","California","Klamath",95548,"41.572813","-124.035011"
"3680-CTHUH","United States","California","Kneeland",95549,"40.664483","-123.865325"
"1202-KKGFU","United States","California","Korbel",95550,"40.766600","-123.804580"
"6112-KTHFQ","United States","California","Loleta",95551,"40.665952","-124.240051"
"1852-XEMDW","United States","California","Mad River",95552,"40.390301","-123.412327"
"1820-DJFPH","United States","California","Orick",95555,"41.336354","-124.044354"
"9426-SXNHE","United States","California","Orleans",95556,"41.269521","-123.546958"
"9068-FHQHD","United States","California","Petrolia",95558,"40.274302","-124.210902"
"1269-FOYWN","United States","California","Phillipsville",95559,"40.184094","-123.745487"
"9470-YFUYI","United States","California","Redway",95560,"40.142256","-123.852927"
"7402-EYFXX","United States","California","Salyer",95563,"40.898660","-123.539754"
"9895-VFOXH","United States","California","Scotia",95565,"40.440636","-124.098739"
"1230-QAJDW","United States","California","Somes Bar",95568,"41.444606","-123.471895"
"5701-ZIKJE","United States","California","Redcrest",95569,"40.363446","-123.835041"
"5032-MIYKT","United States","California","Weott",95571,"40.310119","-123.909449"
"7396-VJUZB","United States","California","Willow Creek",95573,"40.949012","-123.655847"
"9717-QEBGU","United States","California","Leggett",95585,"39.873371","-123.741474"
"5172-RKOCB","United States","California","Piercy",95587,"39.955587","-123.681175"
"6509-TSGWN","United States","California","Whitethorn",95589,"40.053159","-123.995867"
"3178-CIFOT","United States","California","Amador City",95601,"38.431407","-120.842100"
"4530-NDRKU","United States","California","Auburn",95603,"38.912881","-121.082766"
"5985-TBABQ","United States","California","West Sacramento",95605,"38.592745","-121.540036"
"9800-ONTFE","United States","California","Brooks",95606,"38.809804","-122.241383"
"6743-HHQPF","United States","California","Capay",95607,"38.681651","-122.130569"
"8455-HIRAQ","United States","California","Carmichael",95608,"38.626128","-121.328011"
"6616-AALSR","United States","California","Citrus Heights",95610,"38.695080","-121.271616"
"9415-ZNBSX","United States","California","Cool",95614,"38.880622","-120.973865"
"4018-KJYUY","United States","California","Courtland",95615,"38.311609","-121.554034"
"3884-UEBXB","United States","California","Diamond Springs",95619,"38.683605","-120.811852"
"8780-RSYYU","United States","California","Dixon",95620,"38.392821","-121.799917"
"5537-UXXVS","United States","California","Citrus Heights",95621,"38.695490","-121.307864"
"1791-PQHBB","United States","California","El Dorado",95623,"38.631530","-120.842609"
"8701-DGLVH","United States","California","Elk Grove",95624,"38.434138","-121.305870"
"8741-LQOBK","United States","California","Elmira",95625,"38.349195","-121.902943"
"8082-GHXOP","United States","California","Esparto",95627,"38.834469","-122.127193"
"0980-FEXWF","United States","California","Fiddletown",95629,"38.513484","-120.704613"
"3011-WQKSZ","United States","California","Foresthill",95631,"39.031876","-120.811141"
"8218-FFJDS","United States","California","Georgetown",95634,"38.938600","-120.785514"
"1986-PHGZF","United States","California","Greenwood",95635,"38.921333","-120.897718"
"9360-OMDZZ","United States","California","Herald",95638,"38.313447","-121.123886"
"0345-XMMUG","United States","California","Ione",95640,"38.337880","-120.954202"
"8024-XNAFQ","United States","California","Isleton",95641,"38.154823","-121.601358"
"2988-GBIVW","United States","California","Knights Landing",95645,"38.875508","-121.765866"
"2832-SCUCO","United States","California","Kirkwood",95646,"38.631489","-120.015167"
"7036-ZZKBD","United States","California","Lincoln",95648,"38.922812","-121.312005"
"0265-PSUAE","United States","California","Lotus",95651,"38.815515","-120.916997"
"0463-TXOAK","United States","California","Madison",95653,"38.674276","-121.961866"
"0594-UFTUL","United States","California","Mather",95655,"38.549822","-121.266725"
"9509-MPYOD","United States","California","Newcastle",95658,"38.883224","-121.159180"
"9128-CPXKI","United States","California","Nicolaus",95659,"38.788898","-121.608624"
"0129-KPTWJ","United States","California","North Highlands",95660,"38.671295","-121.388251"
"5855-EIBDE","United States","California","Orangevale",95662,"38.689174","-121.218435"
"5365-LLFYV","United States","California","Penryn",95663,"38.859093","-121.182872"
"5956-YHHRX","United States","California","Pilot Hill",95664,"38.803731","-121.043799"
"6008-NAIXK","United States","California","Pine Grove",95665,"38.400264","-120.641274"
"1928-BXYIV","United States","California","Placerville",95667,"38.733714","-120.795213"
"5760-FXFVO","United States","California","Pleasant Grove",95668,"38.833554","-121.498102"
"0961-ZWLVI","United States","California","Rancho Cordova",95670,"38.602723","-121.279913"
"5181-OABFK","United States","California","Rescue",95672,"38.724322","-120.991237"
"4007-NHVHI","United States","California","Rio Linda",95673,"38.688764","-121.457596"
"7816-VGHTO","United States","California","Rio Oso",95674,"38.954144","-121.482536"
"5871-DGTXZ","United States","California","River Pines",95675,"38.545775","-120.743325"
"7550-WIQVA","United States","California","Rocklin",95677,"38.790400","-121.236973"
"7544-ZVIKX","United States","California","Roseville",95678,"38.759751","-121.288545"
"0016-QLJIS","United States","California","Sheridan",95681,"38.984756","-121.345074"
"7508-DQAKK","United States","California","Shingle Springs",95682,"38.598936","-120.963092"
"5176-OLSKT","United States","California","Sloughhouse",95683,"38.470423","-121.114897"
"9356-AXGMP","United States","California","Somerset",95684,"38.606703","-120.586659"
"3556-BVQGL","United States","California","Sutter Creek",95685,"38.432145","-120.770690"
"8979-CAMGB","United States","California","Vacaville",95687,"38.333133","-121.920151"
"7581-EBBOU","United States","California","Volcano",95689,"38.481902","-120.603668"
"5073-RZGBK","United States","California","West Sacramento",95691,"38.627951","-121.593287"
"2192-CKRLV","United States","California","Wilton",95693,"38.392559","-121.225093"
"3154-HMWUU","United States","California","Winters",95694,"38.578604","-122.024579"
"6119-SPUDB","United States","California","Woodland",95695,"38.719670","-121.862416"
"6522-OIQSX","United States","California","Alta",95701,"39.218096","-120.791530"
"7813-ZGGAW","United States","California","Applegate",95703,"38.983388","-120.988814"
"8748-HFWBO","United States","California","Camino",95709,"38.748316","-120.675512"
"1052-QJIBV","United States","California","Colfax",95713,"39.084645","-120.894014"
"1319-YLZJG","United States","California","Dutch Flat",95714,"39.197215","-120.836790"
"0723-FDLAY","United States","California","Gold Run",95717,"39.170376","-120.838404"
"3050-RLLXC","United States","California","Kyburz",95720,"38.766036","-120.209673"
"9298-WGMRW","United States","California","Echo Lake",95721,"38.851842","-120.076204"
"3088-LHEFH","United States","California","Pollock Pines",95726,"38.733908","-120.453416"
"6583-KQJLK","United States","California","Twin Bridges",95735,"38.805481","-120.132870"
"8544-JNBOX","United States","California","Weimar",95736,"39.009780","-120.978273"
"6681-ZSEXG","United States","California","Rancho Cordova",95742,"38.591134","-121.161585"
"6139-ZZRBQ","United States","California","Granite Bay",95746,"38.749466","-121.184196"
"6116-RFVHN","United States","California","Roseville",95747,"38.784329","-121.373245"
"8884-FEEWR","United States","California","El Dorado Hills",95762,"38.684437","-121.055634"
"3125-RAHBV","United States","California","Rocklin",95765,"38.823278","-121.281856"
"0373-AIVNJ","United States","California","Sacramento",95814,"38.584505","-121.491956"
"1682-VCOIO","United States","California","Sacramento",95816,"38.574856","-121.465040"
"2072-ZVJJX","United States","California","Sacramento",95818,"38.556306","-121.495817"
"8849-AYPTR","United States","California","Sacramento",95819,"38.567594","-121.437507"
"9518-IMLHK","United States","California","Sacramento",95820,"38.535080","-121.444144"
"3646-ITDGM","United States","California","Sacramento",95822,"38.512569","-121.495184"
"3569-VLDHH","United States","California","Sacramento",95824,"38.517295","-121.439819"
"8224-KDLKN","United States","California","Sacramento",95825,"38.590035","-121.412455"
"7594-LZNWR","United States","California","Sacramento",95826,"38.542532","-121.378826"
"4001-TSBTV","United States","California","Sacramento",95827,"38.549185","-121.328386"
"8727-XDPUD","United States","California","Sacramento",95829,"38.486502","-121.334051"
"1043-UXOVO","United States","California","Sacramento",95830,"38.490508","-121.284171"
"1064-FBXNK","United States","California","Sacramento",95831,"38.494832","-121.529447"
"3996-ZNWYK","United States","California","Sacramento",95832,"38.445939","-121.496855"
"2878-DHMIN","United States","California","Sacramento",95833,"38.619049","-121.517552"
"7762-ONLJY","United States","California","Sacramento",95834,"38.646209","-121.524460"
"5795-BKOYE","United States","California","Sacramento",95837,"38.691607","-121.602284"
"7402-PWYJJ","United States","California","Sacramento",95841,"38.660442","-121.346321"
"0018-NYROU","United States","California","Antelope",95843,"38.715498","-121.363411"
"7501-VTYLJ","United States","California","Sacramento",95864,"38.585826","-121.376263"
"7608-RGIRO","United States","California","Marysville",95901,"39.195140","-121.503883"
"0480-BIXDE","United States","California","Beale Afb",95903,"39.125311","-121.392283"
"5895-QSXOD","United States","California","Alleghany",95910,"39.467828","-120.841386"
"9814-AOUDH","United States","California","Arbuckle",95912,"38.982373","-122.047751"
"6175-IRFIT","United States","California","Bangor",95914,"39.396585","-121.380290"
"8760-ZRHKE","United States","California","Berry Creek",95916,"39.657228","-121.377780"
"1622-HSHSF","United States","California","Biggs",95917,"39.457388","-121.818201"
"6749-UTDVX","United States","California","Brownsville",95919,"39.440687","-121.263583"
"5542-DHSXL","United States","California","Butte City",95920,"39.449794","-121.936372"
"9102-OXKFY","United States","California","Camptonville",95922,"39.432127","-121.099287"
"5216-WASFJ","United States","California","Challenge",95925,"39.461768","-121.195825"
"7808-DVWEP","United States","California","Chico",95926,"39.745712","-121.843330"
"2284-VFLKH","United States","California","Clipper Mills",95930,"39.562239","-121.148360"
"0366-NQSHS","United States","California","Colusa",95932,"39.273096","-122.050763"
"3807-BPOMJ","United States","California","Dobbins",95935,"39.381174","-121.211910"
"3892-NXAZG","United States","California","Downieville",95936,"39.578792","-120.780786"
"4948-WBBKL","United States","California","Dunnigan",95937,"38.931425","-121.946081"
"4182-BGSIQ","United States","California","Durham",95938,"39.607831","-121.777959"
"0988-AADSA","United States","California","Forbestown",95941,"39.531028","-121.248070"
"9972-NKTFD","United States","California","Forest Ranch",95942,"40.077028","-121.494168"
"3717-LNXKW","United States","California","Glenn",95943,"39.597975","-122.032248"
"5734-EJKXG","United States","California","Goodyears Bar",95944,"39.564113","-120.868836"
"2207-RYYRL","United States","California","Grass Valley",95945,"39.194539","-120.988066"
"6729-FZWSY","United States","California","Penn Valley",95946,"39.203817","-121.195840"
"9695-IDRZR","United States","California","Greenville",95947,"40.160386","-120.835428"
"8144-DGHXP","United States","California","Gridley",95948,"39.346898","-121.759537"
"7814-LEEVE","United States","California","Grass Valley",95949,"39.099204","-121.137962"
"8631-WUXGY","United States","California","Magalia",95954,"39.933852","-121.584371"
"5906-DVAPM","United States","California","Meridian",95957,"39.068071","-121.832638"
"6654-QGBZZ","United States","California","Nevada City",95959,"39.333737","-120.858667"
"8348-JLBUG","United States","California","North San Juan",95960,"39.423046","-120.984472"
"5641-DMBFJ","United States","California","Oregon House",95962,"39.342587","-121.249833"
"9200-NLNPD","United States","California","Orland",95963,"39.748037","-122.302169"
"2664-XJZNO","United States","California","Oroville",95965,"39.624561","-121.552866"
"3339-EAQNV","United States","California","Palermo",95968,"39.435756","-121.552071"
"0921-OHLVP","United States","California","Paradise",95969,"39.696760","-121.644379"
"8350-NYMVI","United States","California","Chico",95973,"39.903272","-121.843567"
"1600-DILPE","United States","California","Richvale",95974,"39.495768","-121.747472"
"0536-ESJEP","United States","California","Rough And Ready",95975,"39.225634","-121.156163"
"4654-GGUII","United States","California","Smartville",95977,"39.176595","-121.291692"
"6478-HRRCZ","United States","California","Stirling City",95978,"39.904002","-121.527823"
"8510-BBWMU","United States","California","Stonyford",95979,"39.288127","-122.415841"
"6857-TKDJV","United States","California","Strawberry Valley",95981,"39.584580","-121.093256"
"2360-RDGRO","United States","California","Sutter",95982,"39.172777","-121.805845"
"0584-BJQGZ","United States","California","Taylorsville",95983,"40.053684","-120.743116"
"1360-XFJMR","United States","California","Washington",95986,"39.341280","-120.786867"
"5730-RIITO","United States","California","Willows",95988,"39.493991","-122.286363"
"9058-MJLZC","United States","California","Yuba City",95991,"39.027410","-121.614982"
"0902-XKXPN","United States","California","Redding",96001,"40.587919","-122.464732"
"5177-RVZNU","United States","California","Redding",96002,"40.527834","-122.318749"
"0056-EPFBG","United States","California","Redding",96003,"40.677649","-122.294670"
"8993-IZEUX","United States","California","Adin",96006,"41.171578","-120.913161"
"8190-ZTQFB","United States","California","Bieber",96009,"41.083464","-121.107929"
"0931-MHTEM","United States","California","Big Bar",96010,"40.775272","-123.287414"
"7515-LODFU","United States","California","Burney",96013,"40.946785","-121.719489"
"0440-UEDAI","United States","California","Callahan",96014,"41.388397","-122.794636"
"1337-BOZWO","United States","California","Canby",96015,"41.486953","-120.913975"
"0868-VJRDR","United States","California","Cassel",96016,"40.936285","-121.572692"
"6344-SFJVH","United States","California","Shasta Lake",96019,"40.692523","-122.369876"
"3950-VPYJB","United States","California","Chester",96020,"40.243494","-121.154733"
"8041-TMEID","United States","California","Corning",96021,"39.913777","-122.289984"
"7321-ZNSLA","United States","California","Cottonwood",96022,"40.336392","-122.448533"
"6941-KXRRV","United States","California","Dorris",96023,"41.949216","-122.050062"
"8727-JQFHV","United States","California","Dunsmuir",96025,"41.212695","-122.392067"
"9475-NNDGC","United States","California","Etna",96027,"41.405193","-123.008567"
"1355-KUSBG","United States","California","Fall River Mills",96028,"41.017282","-121.468945"
"3688-FTHLT","United States","California","Flournoy",96029,"39.847840","-122.544556"
"0899-LIIBW","United States","California","Forks Of Salmon",96031,"41.232128","-123.194748"
"1384-RCUXW","United States","California","French Gulch",96033,"40.740138","-122.587476"
"5825-XJOCM","United States","California","Gazelle",96034,"41.411315","-122.697236"
"6848-YLDFR","United States","California","Gerber",96035,"40.031940","-122.176023"
"8125-QPFJD","United States","California","Greenview",96037,"41.528541","-122.955018"
"2320-YKQBO","United States","California","Grenada",96038,"41.599978","-122.539381"
"4973-RLZVI","United States","California","Hornbrook",96044,"41.962127","-122.527696"
"7869-ZYDST","United States","California","Hyampom",96046,"40.648024","-123.465088"
"4501-UYKBC","United States","California","Igo",96047,"40.524535","-122.647172"
"1215-EXRMO","United States","California","Junction City",96048,"40.913192","-123.065970"
"2305-MRGLV","United States","California","Klamath River",96050,"41.816595","-122.948287"
"8404-VIOMB","United States","California","Lakehead",96051,"40.883853","-122.418258"
"2359-KLTEK","United States","California","Lookout",96054,"41.280478","-121.160249"
"5304-EFJLP","United States","California","Los Molinos",96055,"40.059385","-122.091481"
"2673-ZALNP","United States","California","Mcarthur",96056,"41.108310","-121.360362"
"9184-GALIL","United States","California","Mccloud",96057,"41.251322","-122.105209"
"4393-RYCRE","United States","California","Macdoel",96058,"41.769709","-121.920630"
"9746-MDMBK","United States","California","Manton",96059,"40.426679","-121.850421"
"3162-ZJZFU","United States","California","Mill Creek",96061,"40.331975","-121.460674"
"8404-GFGCZ","United States","California","Millville",96062,"40.531257","-122.148139"
"8875-AKBYH","United States","California","Mineral",96063,"40.408796","-121.579609"
"0533-UCAAU","United States","California","Montgomery Creek",96065,"40.877552","-121.885884"
"1394-SUIUH","United States","California","Mount Shasta",96067,"41.338320","-122.290756"
"3521-MNKLV","United States","California","Nubieber",96068,"41.082472","-121.195215"
"2533-TIBIX","United States","California","Oak Run",96069,"40.689243","-122.037023"
"5092-STPKP","United States","California","Platina",96076,"40.367964","-122.937379"
"0114-PEGZZ","United States","California","Round Mountain",96084,"40.923558","-122.059933"
"3359-DSRKA","United States","California","Scott Bar",96085,"41.737962","-123.075570"
"8639-NHQEI","United States","California","Seiad Valley",96086,"41.924174","-123.260788"
"7161-DFHUF","United States","California","Shasta",96087,"40.617614","-122.512861"
"3720-DBRWL","United States","California","Tehama",96090,"40.021787","-122.127576"
"8565-WUXZU","United States","California","Vina",96092,"39.955164","-122.018567"
"4994-OBRSZ","United States","California","Weed",96094,"41.465121","-122.380947"
"0562-FGDCR","United States","California","Whitmore",96096,"40.637105","-121.906949"
"2436-QBZFP","United States","California","Yreka",96097,"41.764869","-122.671316"
"3420-YJLQT","United States","California","Alturas",96101,"41.468877","-120.542290"
"6040-CGACY","United States","California","Blairsden Graeagle",96103,"39.783747","-120.661032"
"6582-PLFUU","United States","California","Cedarville",96104,"41.505916","-120.152505"
"8242-PDSGJ","United States","California","Chilcoot",96105,"39.872961","-120.198876"
"0264-CNITK","United States","California","Clio",96106,"39.745805","-120.580882"
"0089-IIQKO","United States","California","Coleville",96107,"38.425280","-119.475741"
"7839-NUIAA","United States","California","Davis Creek",96108,"41.750354","-120.403885"
"6075-QMNRR","United States","California","Doyle",96109,"40.012675","-120.101857"
"5966-EMAZU","United States","California","Fort Bidwell",96112,"41.932207","-120.135941"
"0440-EKDCF","United States","California","Herlong",96113,"40.198234","-120.180890"
"4774-HHGGS","United States","California","Janesville",96114,"40.294034","-120.512622"
"2055-BFOCC","United States","California","Likely",96116,"41.266008","-120.490731"
"8180-AKMJV","United States","California","Litchfield",96117,"40.507272","-120.338228"
"4298-OYIFC","United States","California","Loyalton",96118,"39.637471","-120.226338"
"5566-SOEZD","United States","California","Madeline",96119,"41.042003","-120.506086"
"9842-EFSYY","United States","California","Markleeville",96120,"38.735789","-119.857980"
"2272-WUSPA","United States","California","Milford",96121,"40.181279","-120.392967"
"4584-LBNMK","United States","California","Portola",96122,"39.786755","-120.445626"
"3898-GUYTS","United States","California","Ravendale",96123,"40.845738","-120.322219"
"0930-EHUZA","United States","California","Calpine",96124,"39.672813","-120.456699"
"9975-SKRNR","United States","California","Sierraville",96126,"39.559709","-120.345639"
"3703-KBKZP","United States","California","Standish",96128,"40.346634","-120.386422"
"4973-MGTON","United States","California","Topaz",96133,"38.636052","-119.489162"
"3682-YEUWS","United States","California","Tulelake",96134,"41.813521","-121.492666"
"1223-UNPKS","United States","California","Wendel",96136,"40.345949","-120.081187"
"3446-QDSZF","United States","California","Homewood",96141,"39.117018","-120.212535"
"5117-IFGPS","United States","California","Tahoe City",96145,"39.178337","-120.162806"
"7379-FNIUJ","United States","California","Olympic Valley",96146,"39.191797","-120.212401"
"1627-AFWVJ","United States","California","Tahoe Vista",96148,"39.241240","-120.054765"
"4486-EFAEB","United States","California","Los Angeles",90002,"33.949255","-118.246978"
"0060-FUALY","United States","California","Los Angeles",90003,"33.964131","-118.272783"
"6954-OOYZZ","United States","California","Los Angeles",90006,"34.048013","-118.293953"
"7088-FBAWU","United States","California","Los Angeles",90007,"34.027337","-118.285150"
"8313-AFGBW","United States","California","Los Angeles",90008,"34.008293","-118.346766"
"3097-IDVPU","United States","California","Los Angeles",90012,"34.065875","-118.238728"
"2197-OMWGI","United States","California","Los Angeles",90014,"34.043144","-118.251977"
"2303-PJYHN","United States","California","Los Angeles",90015,"34.039224","-118.266293"
"9795-VOWON","United States","California","Los Angeles",90016,"34.028331","-118.354338"
"1237-WIYYZ","United States","California","Los Angeles",90017,"34.052842","-118.264495"
"1987-AUELQ","United States","California","Los Angeles",90018,"34.028735","-118.317236"
"7852-LECYP","United States","California","Los Angeles",90019,"34.049841","-118.338460"
"4822-LPTYJ","United States","California","Los Angeles",90021,"34.029043","-118.239504"
"8165-CBKXO","United States","California","Los Angeles",90022,"34.023810","-118.156582"
"6527-PZFPV","United States","California","Los Angeles",90023,"34.017697","-118.200577"
"9593-CVZKR","United States","California","Los Angeles",90025,"34.046174","-118.446333"
"8595-SIZNC","United States","California","Los Angeles",90026,"34.078991","-118.263804"
"5236-XMZJY","United States","California","Los Angeles",90031,"34.085807","-118.206617"
"4827-DPADN","United States","California","Los Angeles",90032,"34.078821","-118.177576"
"2694-CIUMO","United States","California","Los Angeles",90033,"34.050198","-118.210946"
"5846-ABOBJ","United States","California","Los Angeles",90034,"34.030578","-118.399613"
"1439-LCGVL","United States","California","Los Angeles",90035,"34.051809","-118.383843"
"0909-SDHNU","United States","California","Los Angeles",90036,"34.070291","-118.349191"
"4647-XXZAM","United States","California","Los Angeles",90037,"34.002642","-118.287596"
"7740-KKCXF","United States","California","Los Angeles",90039,"34.110845","-118.259595"
"5360-XGYAZ","United States","California","Los Angeles",90040,"33.994524","-118.149953"
"3557-HTYWR","United States","California","Los Angeles",90043,"33.988543","-118.334081"
"8920-NAVAY","United States","California","Los Angeles",90045,"33.954017","-118.402447"
"8541-QVFKM","United States","California","Long Beach",90807,"33.830099","-118.182239"
"1699-TLDLZ","United States","California","Los Angeles",90046,"34.108455","-118.362081"
"5600-PDUJF","United States","California","Los Angeles",90047,"33.958149","-118.308441"
"0567-XRHCU","United States","California","Los Angeles",90049,"34.091829","-118.491244"
"2067-QYTCF","United States","California","Los Angeles",90057,"34.061918","-118.277939"
"7407-SUJIZ","United States","California","Los Angeles",90061,"33.921280","-118.274186"
"9150-KPBJQ","United States","California","Los Angeles",90062,"34.003553","-118.308933"
"0052-DCKON","United States","California","Los Angeles",90063,"34.044271","-118.185237"
"3654-ARMGP","United States","California","Los Angeles",90064,"34.037251","-118.423573"
"9699-UBQFS","United States","California","Los Angeles",90065,"34.108833","-118.229715"
"9367-TCUYN","United States","California","Los Angeles",90066,"34.002028","-118.430656"
"1261-FWTTE","United States","California","Los Angeles",90067,"34.057496","-118.413959"
"3528-HFRIQ","United States","California","Los Angeles",90068,"34.137411","-118.328915"
"0708-SJDIS","United States","California","West Hollywood",90069,"34.093781","-118.381061"
"2073-QBVBI","United States","California","Los Angeles",90077,"34.102084","-118.451629"
"6928-ONTRW","United States","California","Bell",90201,"33.970343","-118.171368"
"3320-VEOYC","United States","California","Beverly Hills",90210,"34.099891","-118.414338"
"5231-FIQPA","United States","California","Beverly Hills",90211,"34.063947","-118.383001"
"6617-WLBQC","United States","California","Beverly Hills",90212,"34.062095","-118.401508"
"2599-CIPQE","United States","California","Compton",90220,"33.881510","-118.234451"
"8774-GSBUN","United States","California","Compton",90222,"33.912246","-118.236773"
"7326-RIGQZ","United States","California","Culver City",90230,"33.993991","-118.397040"
"1401-FTHFQ","United States","California","Culver City",90232,"34.019323","-118.391902"
"0254-FNMCI","United States","California","Downey",90241,"33.940884","-118.128628"
"1848-LBZHY","United States","California","Downey",90242,"33.921793","-118.140588"
"8118-TJAFG","United States","California","Gardena",90247,"33.890853","-118.297967"
"5429-LWCMV","United States","California","Gardena",90248,"33.876482","-118.284077"
"7298-IZWLY","United States","California","Gardena",90249,"33.901390","-118.315697"
"9758-MFWGD","United States","California","Hawthorne",90250,"33.914775","-118.348083"
"3955-JBZZM","United States","California","Hermosa Beach",90254,"33.865320","-118.396336"
"4815-TUMEQ","United States","California","Lynwood",90262,"33.923573","-118.200669"
"9909-IDLEK","United States","California","Malibu",90265,"34.074572","-118.831181"
"4092-OFQZS","United States","California","Manhattan Beach",90266,"33.889632","-118.397370"
"1561-BWHIN","United States","California","Maywood",90270,"33.988572","-118.186565"
"9927-DSWDF","United States","California","Palos Verdes Peninsula",90274,"33.788208","-118.404955"
"9500-LTVBP","United States","California","Rancho Palos Verdes",90275,"33.753146","-118.367459"
"7252-NTGSS","United States","California","Redondo Beach",90277,"33.830453","-118.384565"
"8149-AIQCG","United States","California","Redondo Beach",90278,"33.873395","-118.370190"
"1360-JYXKQ","United States","California","South Gate",90280,"33.944624","-118.192615"
"0899-WZRSD","United States","California","Marina Del Rey",90292,"33.977468","-118.445475"
"3255-GRXMG","United States","California","Playa Del Rey",90293,"33.947305","-118.439841"
"4828-FAZPK","United States","California","Inglewood",90301,"33.956445","-118.358634"
"6094-ZIVKX","United States","California","Inglewood",90302,"33.975332","-118.355252"
"6925-BAYGL","United States","California","Inglewood",90303,"33.936291","-118.332639"
"3262-EIDHV","United States","California","Inglewood",90304,"33.936827","-118.359824"
"7354-OIJLX","United States","California","Inglewood",90305,"33.958134","-118.330905"
"1376-HHBDV","United States","California","Santa Monica",90401,"34.015481","-118.493231"
"6133-OZILE","United States","California","Santa Monica",90403,"34.031529","-118.491156"
"4135-FRWKJ","United States","California","Santa Monica",90404,"34.026334","-118.474222"
"6551-ZCOTS","United States","California","Torrance",90503,"33.840399","-118.353714"
"7191-ADRGF","United States","California","Torrance",90504,"33.867257","-118.330794"
"5018-LXQQG","United States","California","Torrance",90505,"33.807882","-118.347957"
"6892-BOGQE","United States","California","Whittier",90601,"34.007353","-118.033683"
"1746-TGTWV","United States","California","Whittier",90604,"33.929704","-118.012080"
"5995-SNNEW","United States","California","Whittier",90605,"33.960891","-118.032222"
"8050-WYBND","United States","California","Whittier",90606,"33.976678","-118.065875"
"3021-VLNRJ","United States","California","Encino",91436,"34.152875","-118.486056"
"2821-WARNZ","United States","California","Buena Park",90620,"33.845706","-118.012204"
"4879-GZLFH","United States","California","Buena Park",90621,"33.874224","-117.993368"
"8314-HTWVE","United States","California","Cypress",90630,"33.818477","-118.038307"
"9402-ROUMJ","United States","California","La Habra",90631,"33.940619","-117.951300"
"2507-QZPQS","United States","California","La Mirada",90638,"33.902045","-118.008961"
"7159-NOKYQ","United States","California","Montebello",90640,"34.015217","-118.109962"
"5707-ZMDJP","United States","California","Norwalk",90650,"33.905963","-118.082630"
"8779-YIQQA","United States","California","Pico Rivera",90660,"33.989524","-118.089299"
"7136-IHZJA","United States","California","Santa Fe Springs",90670,"33.933565","-118.062611"
"8966-OIQHG","United States","California","Stanton",90680,"33.801869","-117.995068"
"7074-STDCN","United States","California","Artesia",90701,"33.867593","-118.080637"
"8739-QOTTN","United States","California","Avalon",90704,"33.391181","-118.421305"
"1399-OUPJN","United States","California","Bellflower",90706,"33.887676","-118.127289"
"0277-BKSQP","United States","California","Harbor City",90710,"33.798266","-118.300237"
"5774-XZTQC","United States","California","Lakewood",90715,"33.841027","-118.078097"
"2676-SSLTO","United States","California","Hawaiian Gardens",90716,"33.830431","-118.074071"
"6266-QHOJZ","United States","California","Lomita",90717,"33.794209","-118.317354"
"7269-JISCY","United States","California","Los Alamitos",90720,"33.794990","-118.065591"
"0363-SVHYR","United States","California","Paramount",90723,"33.897122","-118.164432"
"8547-NSBBO","United States","California","San Pedro",90731,"33.736387","-118.284363"
"6591-QGOYB","United States","California","Surfside",90743,"33.728273","-118.085304"
"9070-BCKQP","United States","California","Wilmington",90744,"33.782068","-118.262263"
"6421-SZVEM","United States","California","Carson",90745,"33.822295","-118.264110"
"1328-EUZHC","United States","California","Carson",90746,"33.859171","-118.252272"
"8878-RYUKI","United States","California","Long Beach",90803,"33.760458","-118.129725"
"9633-DENPU","United States","California","Long Beach",90804,"33.783047","-118.148600"
"7811-JIVPF","United States","California","Long Beach",90805,"33.864622","-118.179626"
"7113-HIPFI","United States","California","Long Beach",90806,"33.802664","-118.179971"
"9258-CNWAC","United States","California","Long Beach",90813,"33.781086","-118.199049"
"5371-VYLSX","United States","California","Long Beach",90814,"33.771612","-118.143866"
"6374-AFWOX","United States","California","Long Beach",90815,"33.797638","-118.116620"
"5317-FLPJF","United States","California","Altadena",91001,"34.196837","-118.142236"
"7621-VPNET","United States","California","Arcadia",91006,"34.137319","-118.029837"
"6034-YMTOB","United States","California","Arcadia",91007,"34.128284","-118.047732"
"4903-CNOZC","United States","California","La Canada Flintridge",91011,"34.234912","-118.153729"
"4353-HYOJD","United States","California","Monrovia",91016,"34.152800","-118.000482"
"7267-FRMJW","United States","California","Sierra Madre",91024,"34.168686","-118.057505"
"4188-FRABG","United States","California","Sunland",91040,"34.282704","-118.312929"
"4128-ETESU","United States","California","Pasadena",91101,"34.146635","-118.139225"
"0620-DLSLK","United States","California","Pasadena",91103,"34.167465","-118.165327"
"3850-OKINF","United States","California","Pasadena",91106,"34.139402","-118.128658"
"1156-ZFYDO","United States","California","Glendale",91201,"34.170510","-118.289463"
"3295-YVUSR","United States","California","Glendale",91202,"34.167926","-118.267539"
"8016-NCFVO","United States","California","Glendale",91203,"34.153338","-118.262974"
"4119-ZYPZY","United States","California","Glendale",91204,"34.136306","-118.260360"
"5549-ZGHFB","United States","California","Glendale",91205,"34.136580","-118.245839"
"7577-SWIFR","United States","California","Glendale",91206,"34.162515","-118.203869"
"0303-WMMRN","United States","California","Glendale",91207,"34.182378","-118.262922"
"6408-OTUBZ","United States","California","Glendale",91208,"34.195386","-118.238508"
"5204-HMGYF","United States","California","La Crescenta",91214,"34.239636","-118.245259"
"1078-TDCRN","United States","California","Agoura Hills",91301,"34.129058","-118.759788"
"3727-OVPRY","United States","California","Calabasas",91302,"34.130861","-118.683460"
"3797-FKOGQ","United States","California","Canoga Park",91303,"34.198290","-118.602203"
"7622-NXQZR","United States","California","Canoga Park",91304,"34.224377","-118.632656"
"6196-HBOBZ","United States","California","Winnetka",91306,"34.209532","-118.577563"
"3970-XGJDU","United States","California","West Hills",91307,"34.199787","-118.684930"
"2080-CAZNM","United States","California","Burbank",91502,"34.177267","-118.310030"
"7017-VFULY","United States","California","Chatsworth",91311,"34.294142","-118.603883"
"5562-YJQGT","United States","California","Encino",91316,"34.150354","-118.518292"
"8807-OPMBM","United States","California","Newbury Park",91320,"34.172071","-118.946262"
"5439-WIKXB","United States","California","Newhall",91321,"34.370378","-118.504118"
"8294-UIMBA","United States","California","Northridge",91325,"34.236683","-118.517588"
"8109-YUOHE","United States","California","Porter Ranch",91326,"34.281911","-118.556218"
"5840-NVDCG","United States","California","Pacoima",91331,"34.255442","-118.421314"
"8092-NLTGF","United States","California","Reseda",91335,"34.200175","-118.540958"
"5928-QLDHB","United States","California","San Fernando",91340,"34.286131","-118.435969"
"9840-EFJQB","United States","California","Sylmar",91342,"34.321621","-118.399841"
"0696-UKTOX","United States","California","North Hills",91343,"34.238802","-118.482296"
"4801-KFYKL","United States","California","Granada Hills",91344,"34.291273","-118.505104"
"3472-OAOOR","United States","California","Mission Hills",91345,"34.266389","-118.459744"
"6135-OZQVA","United States","California","Santa Clarita",91350,"34.502432","-118.414590"
"2252-JHJGE","United States","California","Sun Valley",91352,"34.231053","-118.338307"
"4188-PCPIG","United States","California","Valencia",91354,"34.457005","-118.573726"
"7105-BENQF","United States","California","Tarzana",91356,"34.157137","-118.548511"
"7721-DVEKZ","United States","California","Thousand Oaks",91360,"34.214054","-118.881090"
"3566-VVORZ","United States","California","Westlake Village",91361,"34.130992","-118.894673"
"9507-HSMMZ","United States","California","Thousand Oaks",91362,"34.191842","-118.822796"
"2480-SQIOB","United States","California","Woodland Hills",91364,"34.153733","-118.593408"
"7813-TKCVO","United States","California","Oak Park",91377,"34.192250","-118.776874"
"0128-MKWSG","United States","California","Stevenson Ranch",91381,"34.364153","-118.615583"
"4350-ZTLPI","United States","California","Van Nuys",91401,"34.178483","-118.431791"
"0361-HJRDX","United States","California","Sherman Oaks",91403,"34.147149","-118.463365"
"5727-MYATE","United States","California","Van Nuys",91405,"34.202494","-118.448048"
"3823-KYNQY","United States","California","Van Nuys",91406,"34.195685","-118.490752"
"7570-WELNY","United States","California","Sherman Oaks",91423,"34.146957","-118.432138"
"1028-FFNJK","United States","California","Burbank",91504,"34.213049","-118.317651"
"6907-FLBER","United States","California","Burbank",91505,"34.174215","-118.345928"
"3001-UNBTL","United States","California","Burbank",91506,"34.169706","-118.323548"
"5982-PSMKW","United States","California","North Hollywood",91601,"34.169200","-118.372498"
"3507-GASNP","United States","California","North Hollywood",91602,"34.151360","-118.364786"
"7096-ZNBZI","United States","California","Studio City",91604,"34.139082","-118.392750"
"1676-MQAOA","United States","California","North Hollywood",91606,"34.187599","-118.387125"
"0786-IVLAW","United States","California","Valley Village",91607,"34.165783","-118.399795"
"7566-DSRLQ","United States","California","Rancho Cucamonga",91701,"34.132275","-117.611478"
"7245-JMTTQ","United States","California","Baldwin Park",91706,"34.098275","-117.967399"
"6050-IJRHS","United States","California","Chino Hills",91709,"33.942895","-117.725644"
"6202-JVYEU","United States","California","Chino",91710,"33.990646","-117.663025"
"8591-TKMZH","United States","California","Claremont",91711,"34.127621","-117.717863"
"0734-OXWBT","United States","California","Covina",91722,"34.097345","-117.906736"
"4282-ACRXS","United States","California","Covina",91723,"34.084747","-117.886844"
"0365-TRTPY","United States","California","Covina",91724,"34.081110","-117.853935"
"7349-ALMUX","United States","California","Rancho Cucamonga",91730,"34.100970","-117.578820"
"6502-KUGLL","United States","California","El Monte",91732,"34.074492","-118.014620"
"1841-YSJGV","United States","California","South El Monte",91733,"34.046220","-118.053753"
"3511-BFTJW","United States","California","Glendora",91740,"34.119363","-117.855059"
"7668-XCFYV","United States","California","Glendora",91741,"34.146490","-117.849815"
"5018-HEKFO","United States","California","Rowland Heights",91748,"33.976753","-117.897367"
"2923-ARZLG","United States","California","La Verne",91750,"34.144703","-117.770299"
"3976-NLDEZ","United States","California","Mira Loma",91752,"33.999992","-117.535395"
"2282-YGNOR","United States","California","Monterey Park",91754,"34.050322","-118.147037"
"5336-UFNZP","United States","California","Monterey Park",91755,"34.049172","-118.115022"
"6854-EXGSF","United States","California","Mt Baldy",91759,"34.231318","-117.662032"
"1241-EZFMJ","United States","California","Ontario",91761,"34.035602","-117.591528"
"9233-PSYHO","United States","California","Ontario",91762,"34.057256","-117.667677"
"5376-PCKNB","United States","California","Montclair",91763,"34.072121","-117.698319"
"8044-BGWPI","United States","California","Ontario",91764,"34.074087","-117.605618"
"4060-LDNLU","United States","California","Diamond Bar",91765,"33.992416","-117.807874"
"3589-PPVKW","United States","California","Pomona",91766,"34.042286","-117.756106"
"5887-IKKYO","United States","California","Pomona",91768,"34.067932","-117.785168"
"1755-RMCXH","United States","California","San Dimas",91773,"34.102119","-117.815532"
"3858-XHYJO","United States","California","San Gabriel",91776,"34.089927","-118.095645"
"4299-SIMNS","United States","California","Temple City",91780,"34.101608","-118.055848"
"7025-IWFHT","United States","California","Upland",91784,"34.141146","-117.655583"
"6261-LHRTG","United States","California","Upland",91786,"34.105493","-117.660934"
"7841-FCRQD","United States","California","Walnut",91789,"34.018354","-117.854920"
"2056-EVGZL","United States","California","West Covina",91790,"34.066964","-117.937007"
"8777-MBMTS","United States","California","West Covina",91791,"34.061634","-117.893169"
"7753-USQYQ","United States","California","West Covina",91792,"34.024405","-117.898722"
"7661-CPURM","United States","California","Alhambra",91803,"34.074736","-118.145959"
"6233-HXJMX","United States","California","Alpine",91901,"32.827184","-116.703729"
"5902-WBLSE","United States","California","Bonita",91902,"32.671170","-117.002320"
"3239-TPHPZ","United States","California","Chula Vista",91910,"32.636792","-117.054989"
"5115-GZDEL","United States","California","Chula Vista",91911,"32.607964","-117.059459"
"3338-CVVEH","United States","California","Chula Vista",91913,"32.641640","-116.985026"
"2615-YVMYX","United States","California","Chula Vista",91915,"32.605012","-116.975950"
"2851-STERV","United States","California","Descanso",91916,"32.912664","-116.635387"
"4393-GEADV","United States","California","Dulzura",91917,"32.622999","-116.687855"
"8486-AYEQH","United States","California","Guatay",91931,"32.857946","-116.561917"
"5419-JKZNQ","United States","California","La Mesa",91941,"32.759327","-116.997260"
"2495-KZNFB","United States","California","La Mesa",91942,"32.782501","-117.016110"
"1409-PHXTF","United States","California","Lemon Grove",91945,"32.733564","-117.033713"
"4560-WQAQW","United States","California","Mount Laguna",91948,"32.830852","-116.444601"
"9591-YVTEB","United States","California","National City",91950,"32.671020","-117.095235"
"9309-BZGNT","United States","California","Pine Valley",91962,"32.800671","-116.483363"
"4274-DRSQT","United States","California","Potrero",91963,"32.619465","-116.593605"
"2027-DNKIV","United States","California","Spring Valley",91977,"32.726627","-116.994608"
"8075-GXIUB","United States","California","Spring Valley",91978,"32.730264","-116.950963"
"2885-HIJDH","United States","California","Tecate",91980,"32.587557","-116.636816"
"5424-RLQLC","United States","California","Bonsall",92003,"33.290907","-117.202895"
"6507-DTJZV","United States","California","Cardiff By The Sea",92007,"33.015866","-117.272254"
"7673-BQGKU","United States","California","Carlsbad",92009,"33.098018","-117.258203"
"6723-WSNTY","United States","California","Del Mar",92014,"32.948262","-117.256086"
"2725-IWWBA","United States","California","El Cajon",92020,"32.796970","-116.969082"
"1061-PNTHC","United States","California","Encinitas",92024,"33.054579","-117.256650"
"0394-YONDK","United States","California","Escondido",92025,"33.081478","-117.033814"
"6574-MCOEH","United States","California","Escondido",92026,"33.218460","-117.116916"
"7399-QHBJS","United States","California","Escondido",92027,"33.141265","-116.967221"
"0997-YTLNY","United States","California","Escondido",92029,"33.079834","-117.134275"
"9479-HYNYL","United States","California","La Jolla",92037,"32.853743","-117.250340"
"9708-KFDBY","United States","California","Oceanside",92054,"33.351059","-117.420557"
"3642-GKTCT","United States","California","Oceanside",92057,"33.254497","-117.285879"
"0774-RMNUW","United States","California","Pala",92059,"33.384345","-117.072619"
"1334-PDUKM","United States","California","Palomar Mountain",92060,"33.309852","-116.823091"
"0756-MPZRL","United States","California","Pauma Valley",92061,"33.313828","-116.940501"
"2242-MFOTG","United States","California","Poway",92064,"32.984395","-117.013454"
"2927-CVULT","United States","California","Ramona",92065,"33.044541","-116.833922"
"2144-BFDSO","United States","California","Ranchita",92066,"33.215251","-116.536330"
"8745-PVESG","United States","California","Rancho Santa Fe",92067,"33.012751","-117.200617"
"7647-GYYKX","United States","California","San Marcos",92069,"33.162624","-117.170863"
"5647-FXOTP","United States","California","Santa Ysabel",92070,"33.174725","-116.743329"
"9700-ISPUP","United States","California","Valley Center",92082,"33.252830","-116.986079"
"9839-ETQOE","United States","California","Vista",92083,"33.174940","-117.242761"
"6078-VESFR","United States","California","Vista",92084,"33.227840","-117.200024"
"9027-TMATR","United States","California","Warner Springs",92086,"33.323705","-116.626907"
"1941-HOSAM","United States","California","San Diego",92101,"32.725230","-117.171346"
"9110-HSGTV","United States","California","San Diego",92102,"32.716007","-117.117462"
"0704-VCUMB","United States","California","San Diego",92103,"32.747484","-117.166877"
"6171-ZTVYB","United States","California","San Diego",92104,"32.741499","-117.127409"
"1935-IMVBB","United States","California","San Diego",92107,"32.741852","-117.243453"
"2535-PBCGC","United States","California","San Diego",92108,"32.774046","-117.142454"
"1470-PSXNM","United States","California","San Diego",92110,"32.765010","-117.199380"
"2498-XLDZR","United States","California","San Diego",92113,"32.697098","-117.116587"
"9866-OCCKE","United States","California","San Diego",92114,"32.707892","-117.055120"
"5338-YHWYT","United States","California","San Diego",92115,"32.762506","-117.072450"
"7718-UPSKJ","United States","California","San Diego",92116,"32.765299","-117.122565"
"8731-WBBMB","United States","California","San Diego",92117,"32.825086","-117.199424"
"1448-CYWKC","United States","California","Coronado",92118,"32.686740","-117.186612"
"7901-IIDQV","United States","California","San Diego",92119,"32.802959","-117.027095"
"2690-DVRVK","United States","California","San Diego",92120,"32.807867","-117.060993"
"1270-XKUCC","United States","California","San Diego",92122,"32.857230","-117.209774"
"0334-ZFJSR","United States","California","San Diego",92123,"32.808814","-117.134694"
"5583-EJXRD","United States","California","San Diego",92127,"33.017518","-117.118456"
"4565-EVZMJ","United States","California","San Diego",92128,"33.000269","-117.072093"
"3327-YBAKM","United States","California","San Diego",92131,"32.893250","-117.087091"
"9441-QHEVC","United States","California","San Diego",92139,"32.677716","-117.047666"
"6705-LNMDD","United States","California","San Diego",92154,"32.578103","-117.012975"
"2580-ASVVY","United States","California","San Ysidro",92173,"32.555828","-117.040073"
"3370-GQEAL","United States","California","Indio",92201,"33.713891","-116.237257"
"5032-USPKF","United States","California","Indio",92203,"33.752938","-116.230055"
"4254-QPEDE","United States","California","Banning",92220,"33.936298","-116.849577"
"6283-GITPX","United States","California","Beaumont",92223,"33.946982","-116.977672"
"0771-CHWSK","United States","California","Brawley",92227,"33.039330","-115.191857"
"9788-HNGUT","United States","California","Cabazon",92230,"33.929812","-116.760580"
"9495-REDIY","United States","California","Calexico",92231,"32.690654","-115.431225"
"5375-XLDOF","United States","California","Calipatria",92233,"33.143826","-115.497485"
"1172-VIYBP","United States","California","Cathedral City",92234,"33.829583","-116.474131"
"6559-PDZLR","United States","California","Desert Center",92239,"33.889605","-115.257009"
"8992-OBVDG","United States","California","Desert Hot Springs",92240,"33.948558","-116.516976"
"4273-MBHYA","United States","California","Desert Hot Springs",92241,"33.832799","-116.250973"
"4724-WXVWF","United States","California","Earp",92242,"34.137742","-114.365140"
"5701-GUXDC","United States","California","El Centro",92243,"32.770393","-115.609150"
"1460-UZPRJ","United States","California","Heber",92249,"32.730583","-115.501083"
"6082-GLJIX","United States","California","Holtville",92250,"32.811001","-115.152865"
"2495-TTHBQ","United States","California","La Quinta",92253,"33.695532","-116.310571"
"0485-ZBSLN","United States","California","Mecca",92254,"33.543835","-115.993906"
"3810-PJUHR","United States","California","Morongo Valley",92256,"34.097863","-116.594561"
"0847-HGRML","United States","California","North Palm Springs",92258,"33.906496","-116.569499"
"8232-CTLKO","United States","California","Ocotillo",92259,"32.698964","-115.886656"
"9227-YBAXE","United States","California","Palm Desert",92260,"33.694501","-116.412711"
"9860-LISIZ","United States","California","Palm Springs",92264,"33.745746","-116.514215"
"0112-QAWRZ","United States","California","Palo Verde",92266,"33.324900","-114.758334"
"2786-GCDPI","United States","California","Pioneertown",92268,"34.201108","-116.593456"
"4043-MKDTV","United States","California","Rancho Mirage",92270,"33.763678","-116.429928"
"9229-RQABD","United States","California","Salton City",92275,"33.281560","-115.955541"
"8313-KTIHG","United States","California","Thousand Palms",92276,"33.849263","-116.382778"
"5320-BRKGK","United States","California","Twentynine Palms",92277,"34.172110","-115.769773"
"6284-KMNUF","United States","California","Twentynine Palms",92278,"34.457829","-116.139589"
"6229-UOLQL","United States","California","White Water",92282,"33.972293","-116.654195"
"3137-LUPIX","United States","California","Yucca Valley",92284,"34.159534","-116.425984"
"6143-JQKEA","United States","California","Adelanto",92301,"34.667815","-117.536183"
"8676-OOQEJ","United States","California","Amboy",92304,"34.559882","-115.637164"
"9701-CDXHR","United States","California","Apple Valley",92307,"34.550820","-117.122396"
"8124-NZVGJ","United States","California","Baker",92309,"35.289520","-116.092214"
"2162-FRZAA","United States","California","Fort Irwin",92310,"35.349241","-116.770281"
"5118-MUEYH","United States","California","Grand Terrace",92313,"34.029175","-117.307211"
"5627-TVBPP","United States","California","Big Bear Lake",92315,"34.242058","-116.898020"
"3936-QQFLL","United States","California","Calimesa",92320,"33.982787","-117.057627"
"2589-AYCRP","United States","California","Cedar Glen",92321,"34.255203","-117.175654"
"4067-HLYQI","United States","California","Colton",92324,"34.030915","-117.273201"
"5124-EOGYE","United States","California","Crestline",92325,"34.248061","-117.290280"
"5057-RKGLH","United States","California","Daggett",92327,"34.875144","-116.821698"
"0292-WEGCH","United States","California","Death Valley",92328,"36.276880","-117.033326"
"8910-ICHIU","United States","California","Essex",92332,"34.943600","-115.287901"
"4097-YODCF","United States","California","Fawnskin",92333,"34.274846","-116.937581"
"9715-WZCLW","United States","California","Fontana",92335,"34.087558","-117.464096"
"9786-YWNHU","United States","California","Fontana",92336,"34.136367","-117.460803"
"6407-GSJNL","United States","California","Fontana",92337,"34.049671","-117.468896"
"4049-ZPALD","United States","California","Forest Falls",92339,"34.067699","-116.903891"
"3733-UOCWF","United States","California","Helendale",92342,"34.757783","-117.339970"
"6833-JMZYP","United States","California","Hesperia",92345,"34.361387","-117.337509"
"1310-QRITU","United States","California","Hinkley",92347,"34.983808","-117.239306"
"8961-QDZZJ","United States","California","Lake Arrowhead",92352,"34.256500","-117.193350"
"9715-SBVSU","United States","California","Loma Linda",92354,"34.049315","-117.255974"
"8490-BXHEO","United States","California","Lucerne Valley",92356,"34.508417","-116.856103"
"7173-TETGO","United States","California","Lytle Creek",92358,"34.238162","-117.534306"
"7929-SKFGK","United States","California","Mentone",92359,"34.103578","-117.040540"
"2300-RQGOI","United States","California","Needles",92363,"34.711224","-114.702256"
"3563-SVYLG","United States","California","Nipton",92364,"35.478736","-115.516984"
"6435-VWCCY","United States","California","Oro Grande",92368,"34.647959","-117.296957"
"4998-IKFSE","United States","California","Phelan",92371,"34.441123","-117.537886"
"8630-QSGXK","United States","California","Pinon Hills",92372,"34.459322","-117.629729"
"2455-USLMV","United States","California","Redlands",92373,"34.003243","-117.138286"
"9488-FVZCC","United States","California","Rialto",92376,"34.109775","-117.378904"
"5995-WWKKG","United States","California","Running Springs",92382,"34.186211","-117.076830"
"7879-CGSFV","United States","California","Sugarloaf",92386,"34.243088","-116.830015"
"9921-EZKBY","United States","California","Tecopa",92389,"35.824572","-116.274755"
"7432-FFVAR","United States","California","Victorville",92392,"34.486835","-117.362274"
"7246-ZGQDF","United States","California","Victorville",92394,"34.567058","-117.362329"
"4456-RHSNB","United States","California","San Bernardino",92401,"34.105935","-117.291400"
"2481-SBOYW","United States","California","San Bernardino",92405,"34.142747","-117.300864"
"7109-MFBYV","United States","California","San Bernardino",92407,"34.250069","-117.393949"
"1833-TCXKK","United States","California","San Bernardino",92408,"34.084909","-117.258107"
"1832-PEUTS","United States","California","San Bernardino",92410,"34.106922","-117.297553"
"8660-BUETV","United States","California","Riverside",92501,"33.994676","-117.372498"
"0580-PIQHM","United States","California","Riverside",92503,"33.890046","-117.455583"
"5696-CEIQJ","United States","California","Riverside",92504,"33.910800","-117.398153"
"1696-HXOWK","United States","California","Riverside",92506,"33.930931","-117.361788"
"3026-ATZYV","United States","California","Riverside",92507,"33.976328","-117.319786"
"4012-YCFAI","United States","California","Riverside",92508,"33.885499","-117.324959"
"9970-QBCDA","United States","California","March Air Reserve Base",92518,"33.888323","-117.277533"
"9496-IVVRP","United States","California","Lake Elsinore",92532,"33.705836","-117.318204"
"2657-VPXTA","United States","California","Anza",92539,"33.527605","-116.666551"
"6551-VLJMV","United States","California","Hemet",92543,"33.739415","-116.968339"
"1221-GHZEP","United States","California","Hemet",92544,"33.644585","-116.871544"
"9289-LBQVU","United States","California","Hemet",92545,"33.734933","-117.044145"
"3458-IDMFK","United States","California","Idyllwild",92549,"33.755039","-116.741796"
"6933-FHBZC","United States","California","Moreno Valley",92551,"33.882740","-117.224878"
"0221-NAUXK","United States","California","Moreno Valley",92553,"33.923149","-117.244933"
"9770-KXGQU","United States","California","Moreno Valley",92555,"33.907361","-117.109972"
"6538-POCHL","United States","California","Mountain Center",92561,"33.638645","-116.557830"
"6726-NNFWD","United States","California","Murrieta",92562,"33.548869","-117.334165"
"3002-WQZWT","United States","California","Murrieta",92563,"33.581045","-117.147190"
"4277-UDIEF","United States","California","Nuevo",92567,"33.827690","-117.102244"
"1208-NBVFH","United States","California","Perris",92570,"33.787298","-117.320676"
"4912-PIGUY","United States","California","Perris",92571,"33.828289","-117.201666"
"2725-TTRIQ","United States","California","Menifee",92584,"33.653338","-117.178271"
"3374-TTZTK","United States","California","Sun City",92585,"33.739412","-117.173334"
"8990-ZXLSU","United States","California","Sun City",92586,"33.707483","-117.200006"
"2275-RBYQS","United States","California","Sun City",92587,"33.698870","-117.250710"
"4419-UJMUS","United States","California","Wildomar",92595,"33.617108","-117.253349"
"7794-JASDG","United States","California","Winchester",92596,"33.657433","-117.042540"
"7609-YBPXG","United States","California","Irvine",92602,"33.720359","-117.733655"
"5519-TEEUH","United States","California","Irvine",92604,"33.688546","-117.788091"
"7856-GANIL","United States","California","Irvine",92606,"33.703976","-117.824172"
"0804-XBFBV","United States","California","Foothill Ranch",92610,"33.698728","-117.677680"
"2676-OXPPQ","United States","California","Irvine",92612,"33.643095","-117.810896"
"3703-TTEPD","United States","California","Irvine",92614,"33.680302","-117.833296"
"2799-TSLAG","United States","California","Irvine",92618,"33.667145","-117.732135"
"2208-NKVVH","United States","California","Costa Mesa",92626,"33.678591","-117.905471"
"7139-JZFVG","United States","California","Huntington Beach",92646,"33.666301","-117.969501"
"4987-GQWPO","United States","California","Huntington Beach",92647,"33.723579","-118.005441"
"1757-TCATG","United States","California","Huntington Beach",92649,"33.721917","-118.043237"
"4776-XSKYQ","United States","California","Laguna Hills",92653,"33.606899","-117.717854"
"8048-DSDFQ","United States","California","Midway City",92655,"33.744439","-117.985880"
"5753-QQWPW","United States","California","Aliso Viejo",92656,"33.571259","-117.731917"
"6010-DDPPW","United States","California","Newport Coast",92657,"33.603282","-117.821841"
"6693-FRIRW","United States","California","Newport Beach",92661,"33.601309","-117.902304"
"6586-MYGKD","United States","California","Newport Beach",92662,"33.606336","-117.893042"
"3173-NVMPX","United States","California","Newport Beach",92663,"33.622510","-117.927024"
"0248-PGHBZ","United States","California","San Clemente",92672,"33.429488","-117.609432"
"0623-GDISB","United States","California","San Clemente",92673,"33.472500","-117.584273"
"2892-GESUL","United States","California","San Juan Capistrano",92675,"33.521447","-117.602555"
"7472-EQOAV","United States","California","Laguna Niguel",92677,"33.529047","-117.701175"
"2043-WVTQJ","United States","California","Westminster",92683,"33.752591","-117.993661"
"8034-RYTVV","United States","California","Rancho Santa Margarita",92688,"33.624654","-117.611733"
"3863-QSTYI","United States","California","Mission Viejo",92691,"33.611945","-117.665867"
"5044-LRQAQ","United States","California","Ladera Ranch",92694,"33.569186","-117.640055"
"1716-LSAMB","United States","California","Santa Ana",92701,"33.748478","-117.858918"
"1333-PBMXB","United States","California","Santa Ana",92703,"33.748635","-117.906125"
"6546-OPBBH","United States","California","Santa Ana",92704,"33.719869","-117.907063"
"5985-BEHZK","United States","California","Santa Ana",92705,"33.766004","-117.786763"
"9127-QRZMH","United States","California","Santa Ana",92706,"33.765893","-117.881533"
"5919-VCZYM","United States","California","Santa Ana",92707,"33.714829","-117.872941"
"9644-KVCNC","United States","California","Fountain Valley",92708,"33.712036","-117.950113"
"2137-DQMEV","United States","California","Tustin",92780,"33.735802","-117.818805"
"8174-LNWMW","United States","California","Tustin",92782,"33.738543","-117.785046"
"9279-CJEOJ","United States","California","Anaheim",92801,"33.844983","-117.952151"
"7964-VEXDG","United States","California","Anaheim",92802,"33.807864","-117.923782"
"2404-JIBFC","United States","California","Anaheim",92804,"33.818000","-117.974404"
"8029-XYPWT","United States","California","Anaheim",92806,"33.837960","-117.870494"
"4632-PAOYU","United States","California","Anaheim",92808,"33.850452","-117.726668"
"2990-OGYTD","United States","California","Fullerton",92831,"33.879983","-117.895482"
"6646-JPPHA","United States","California","Fullerton",92832,"33.868316","-117.929029"
"7658-UYUQS","United States","California","Fullerton",92835,"33.902211","-117.914922"
"7880-XSOJX","United States","California","Garden Grove",92840,"33.787165","-117.931889"
"4589-IUAJB","United States","California","Garden Grove",92843,"33.764018","-117.931507"
"8746-BFOAJ","United States","California","Garden Grove",92845,"33.782955","-118.026456"
"8457-XIGKN","United States","California","Norco",92860,"33.925833","-117.559639"
"6072-NUQCB","United States","California","Villa Park",92861,"33.817473","-117.810462"
"8838-GPHZP","United States","California","Orange",92866,"33.784597","-117.844535"
"8750-QWZAJ","United States","California","Orange",92867,"33.818590","-117.821288"
"6918-UMQCG","United States","California","Orange",92869,"33.792791","-117.789749"
"0675-NCDYU","United States","California","Placentia",92870,"33.881158","-117.854783"
"6339-DKLMK","United States","California","Corona",92879,"33.893823","-117.531446"
"1346-PJWTK","United States","California","Corona",92880,"33.918043","-117.617809"
"5088-QZLRL","United States","California","Corona",92881,"33.833686","-117.513063"
"8023-QHAIO","United States","California","Corona",92882,"33.819385","-117.600213"
"4397-FRLTA","United States","California","Corona",92883,"33.762351","-117.488725"
"3057-VJJQE","United States","California","Yorba Linda",92886,"33.897253","-117.792202"
"2302-OUZXB","United States","California","Ventura",93001,"34.360261","-119.306383"
"8133-ANHHJ","United States","California","Ventura",93003,"34.279221","-119.221437"
"2270-CHBFN","United States","California","Ventura",93004,"34.278697","-119.167798"
"5982-FPVQN","United States","California","Camarillo",93012,"34.205504","-118.993111"
"9107-UKCKY","United States","California","Carpinteria",93013,"34.441398","-119.513163"
"4654-ULTTN","United States","California","Fillmore",93015,"34.408161","-118.865111"
"5546-BYZSM","United States","California","Oak View",93022,"34.404544","-119.302118"
"1492-KGETH","United States","California","Ojai",93023,"34.581308","-118.931948"
"4163-HFTUK","United States","California","Oxnard",93033,"34.156629","-119.117218"
"8215-NGSPE","United States","California","Oxnard",93035,"34.184540","-119.224666"
"8859-YSTWS","United States","California","Port Hueneme",93041,"34.110124","-119.100972"
"7601-DHFWZ","United States","California","Simi Valley",93063,"34.296813","-118.685703"
"1998-VHJHK","United States","California","Santa Barbara",93101,"34.419203","-119.710008"
"1707-HABPF","United States","California","Santa Barbara",93103,"34.438581","-119.685368"
"0487-VVUVK","United States","California","Santa Barbara",93109,"34.406256","-119.726936"
"5063-IUOKK","United States","California","Santa Barbara",93111,"34.460197","-119.802602"
"4508-OEBEY","United States","California","Goleta",93117,"34.489983","-120.091246"
"0027-KWYKW","United States","California","Alpaugh",93201,"35.869626","-119.498771"
"2308-STERM","United States","California","Armona",93202,"36.315979","-119.710852"
"5982-XMDEX","United States","California","Arvin",93203,"35.116307","-118.817644"
"6051-PTVNS","United States","California","Bodfish",93205,"35.523991","-118.400432"
"2877-VDUER","United States","California","Camp Nelson",93208,"36.057458","-118.591951"
"9152-AMKAK","United States","California","Coalinga",93210,"36.186867","-120.387793"
"9432-VOFYX","United States","California","Delano",93215,"35.772244","-119.209689"
"8049-WJCLQ","United States","California","Ducor",93218,"35.846067","-119.004073"
"6586-PSJOX","United States","California","Earlimart",93219,"35.858054","-119.305858"
"9705-ZJBCG","United States","California","Frazier Park",93222,"34.907911","-119.234281"
"6847-KJLTS","United States","California","Frazier Park",93225,"34.827662","-118.999073"
"9670-BPNXF","United States","California","Glennville",93226,"35.735694","-118.738483"
"3913-FCUUW","United States","California","Hanford",93230,"36.292230","-119.622676"
"3301-VKTGC","United States","California","Huron",93234,"36.217864","-120.080117"
"9555-SAHUZ","United States","California","Kernville",93238,"35.852892","-118.397782"
"0816-TSPHQ","United States","California","Kettleman City",93239,"35.996923","-120.000951"
"9932-WBWIK","United States","California","Lake Isabella",93240,"35.607875","-118.466318"
"4619-EVPHY","United States","California","Lamont",93241,"35.245035","-118.905553"
"5286-YHCVC","United States","California","Laton",93242,"36.444232","-119.718285"
"9115-YQHGA","United States","California","Lemoore",93245,"36.303666","-119.825657"
"4462-CYWMH","United States","California","Lindsay",93247,"36.205465","-119.085807"
"4537-DKTAL","United States","California","Darwin",93522,"36.319181","-117.593053"
"8963-MQVYN","United States","California","Lost Hills",93249,"35.637715","-119.893068"
"2458-EOMRE","United States","California","Mc Farland",93250,"35.666886","-119.186717"
"9334-GWGOW","United States","California","Mc Kittrick",93251,"35.383810","-119.730885"
"6542-LWGXJ","United States","California","Pixley",93256,"35.957019","-119.330928"
"5567-GZKQY","United States","California","Porterville",93257,"36.008958","-118.891593"
"1222-LRYKO","United States","California","Posey",93260,"35.861928","-118.636698"
"2087-QAREY","United States","California","Sequoia National Park",93262,"36.527243","-118.594938"
"4423-JWZJN","United States","California","Springville",93265,"36.245926","-118.693138"
"6490-FGZAT","United States","California","Strathmore",93267,"36.141319","-119.129075"
"7452-FOLON","United States","California","Terra Bella",93270,"35.939068","-119.043666"
"2320-TZRRH","United States","California","Three Rivers",93271,"36.413433","-118.854708"
"4942-VZZOM","United States","California","Tupman",93276,"35.316263","-119.402559"
"7502-BNYGS","United States","California","Wasco",93280,"35.652242","-119.446400"
"4291-HYEBC","United States","California","Weldon",93283,"35.556470","-118.244914"
"6147-CBCRA","United States","California","Wofford Heights",93285,"35.690535","-118.552784"
"6047-SUHPR","United States","California","Woodlake",93286,"36.464635","-119.094348"
"9752-ZNQUT","United States","California","Visalia",93291,"36.391777","-119.372842"
"1576-PFZIW","United States","California","Bakersfield",93301,"35.383937","-119.020428"
"5666-MBJPT","United States","California","Bakersfield",93304,"35.339796","-119.023552"
"7312-XSBAT","United States","California","Bakersfield",93305,"35.391733","-118.984109"
"3096-GKWEB","United States","California","Bakersfield",93306,"35.449881","-118.841442"
"2371-JQHZZ","United States","California","Bakersfield",93307,"35.280113","-118.962329"
"0674-GCDXG","United States","California","Bakersfield",93308,"35.559617","-118.925185"
"1121-QSIVB","United States","California","Bakersfield",93309,"35.342891","-119.064803"
"4396-KLSEH","United States","California","Bakersfield",93311,"35.162070","-119.194488"
"2824-MYYBN","United States","California","Bakersfield",93313,"35.140938","-119.051348"
"6345-HOVES","United States","California","Los Osos",93402,"35.279984","-120.824288"
"8318-LCNBW","United States","California","San Luis Obispo",93405,"35.236549","-120.727344"
"6469-QJKZW","United States","California","Arroyo Grande",93420,"35.176236","-120.483243"
"0147-ESWWR","United States","California","Atascadero",93422,"35.453912","-120.694610"
"1217-VASWC","United States","California","Avila Beach",93424,"35.186644","-120.728305"
"6370-ZVHDV","United States","California","Buellton",93427,"34.631362","-120.238218"
"5915-DGNVC","United States","California","Cambria",93428,"35.591387","-121.032256"
"6260-XLACS","United States","California","Casmalia",93429,"34.866032","-120.536546"
"3566-CAAYU","United States","California","Cayucos",93430,"35.511833","-120.918713"
"4983-CCWMC","United States","California","Creston",93432,"35.480896","-120.469476"
"9103-CXVOK","United States","California","Grover Beach",93433,"35.120833","-120.618430"
"2896-TBNBE","United States","California","Guadalupe",93434,"34.936000","-120.594655"
"2522-WLNSF","United States","California","Los Olivos",93441,"34.704340","-120.026090"
"3841-CONLJ","United States","California","Morro Bay",93442,"35.369553","-120.763864"
"4475-NVTLU","United States","California","Paso Robles",93446,"35.634222","-120.728341"
"9386-LDCZR","United States","California","San Ardo",93450,"35.996008","-120.853050"
"9585-KKMFD","United States","California","San Miguel",93451,"35.886767","-120.608661"
"5399-ZIMKF","United States","California","San Simeon",93452,"35.746484","-121.223355"
"0336-KXKFK","United States","California","Santa Margarita",93453,"35.303926","-120.256567"
"5619-XZZKR","United States","California","Santa Maria",93454,"34.943523","-120.256729"
"3948-FVVRP","United States","California","Santa Maria",93455,"34.818227","-120.418784"
"5327-XOKKY","United States","California","Santa Maria",93458,"34.959340","-120.490081"
"0983-TATYJ","United States","California","Santa Ynez",93460,"34.630356","-120.032564"
"1813-JYWTO","United States","California","Shandon",93461,"35.634488","-120.293534"
"6719-OXYBR","United States","California","California City",93505,"35.151491","-117.927597"
"3312-ZWLGF","United States","California","Acton",93510,"34.501452","-118.207862"
"6476-YHMGA","United States","California","Benton",93512,"37.653947","-118.231443"
"0795-XCCTE","United States","California","Bishop",93514,"37.045840","-118.397236"
"0168-XZKBB","United States","California","Boron",93516,"34.957030","-117.730450"
"3785-NRHYR","United States","California","Bridgeport",93517,"38.184583","-119.286558"
"7072-MBHEV","United States","California","Edwards",93523,"34.966777","-117.961179"
"5602-BVFMK","United States","California","Independence",93526,"36.869584","-118.189241"
"6297-NOOPG","United States","California","Inyokern",93527,"36.041315","-118.188235"
"8204-TIFGJ","United States","California","June Lake",93529,"37.730269","-119.055813"
"8050-DVOJX","United States","California","Keeler",93530,"36.560498","-117.962461"
"8903-XEBGX","United States","California","Lancaster",93534,"34.727529","-118.153098"
"8169-SAEJD","United States","California","Lancaster",93535,"34.712708","-117.889656"
"1089-XZWHH","United States","California","Lee Vining",93541,"37.890145","-119.184087"
"2325-WINES","United States","California","Littlerock",93543,"34.505273","-117.955054"
"6064-ZATLR","United States","California","Llano",93544,"34.500091","-117.765862"
"7824-PANSQ","United States","California","Mammoth Lakes",93546,"37.550074","-118.837167"
"9648-BCHKM","United States","California","Palmdale",93550,"34.536232","-118.082935"
"2888-ADFAO","United States","California","Palmdale",93551,"34.613476","-118.256358"
"8707-HOEDG","United States","California","Palmdale",93552,"34.557711","-118.029441"
"4072-IPYLT","United States","California","Randsburg",93554,"35.405722","-117.773354"
"7167-PCEYD","United States","California","Ridgecrest",93555,"35.603913","-117.678280"
"4936-YPJNK","United States","California","Rosamond",93560,"34.903052","-118.411251"
"1580-BMCMR","United States","California","Tehachapi",93561,"35.073777","-118.652112"
"4817-KEQSP","United States","California","Trona",93562,"35.748370","-117.384948"
"6408-WHTEF","United States","California","Valyermo",93563,"34.395830","-117.734568"
"9251-AWQGT","United States","California","Palmdale",93591,"34.598221","-117.795930"
"8749-CLJXC","United States","California","Ahwahnee",93601,"37.375816","-119.739935"
"7989-VCQOH","United States","California","Auberry",93602,"36.991762","-119.242874"
"4199-QHJNM","United States","California","Bass Lake",93604,"37.458367","-119.345011"
"8882-TLVRW","United States","California","Big Creek",93605,"37.172770","-119.299700"
"5135-GRQJV","United States","California","Cantua Creek",93608,"36.488056","-120.407691"
"2384-OVPSA","United States","California","Caruthers",93609,"36.527600","-119.865999"
"1371-WEPDS","United States","California","Chowchilla",93610,"37.100948","-120.270136"
"3580-GICBM","United States","California","Clovis",93611,"36.917652","-119.593757"
"9730-DRTMJ","United States","California","Coarsegold",93614,"37.212191","-119.749323"
"4686-UXDML","United States","California","Cutler",93615,"36.497895","-119.285484"
"3349-ANQNH","United States","California","Del Rey",93616,"36.657462","-119.595293"
"0932-YIXYU","United States","California","Dos Palos",93620,"37.045728","-120.630682"
"7480-SPLEF","United States","California","Dunlap",93621,"36.789213","-119.140338"
"7636-XUHWW","United States","California","Firebaugh",93622,"36.785618","-120.625382"
"1431-CYWMH","United States","California","Fish Camp",93623,"37.483535","-119.679414"
"5937-EORGB","United States","California","Five Points",93624,"36.397745","-120.119911"
"6349-JDHQP","United States","California","Fowler",93625,"36.625792","-119.672483"
"5539-HIVAK","United States","California","Friant",93626,"37.027663","-119.690560"
"5847-MXBEO","United States","California","Helm",93627,"36.520537","-120.118055"
"4583-PARNH","United States","California","Kerman",93630,"36.727418","-120.123526"
"1116-FRYVH","United States","California","Kingsburg",93631,"36.478239","-119.521370"
"1421-HCERK","United States","California","Lakeshore",93634,"37.290606","-119.216328"
"9633-XQABV","United States","California","Los Banos",93635,"36.995162","-120.955099"
"0716-BQNDX","United States","California","Madera",93637,"36.902954","-120.194274"
"1183-CANVH","United States","California","Mendota",93640,"36.687292","-120.437354"
"1972-XMUWV","United States","California","Miramonte",93641,"36.696759","-119.024051"
"8679-LZBMD","United States","California","North Fork",93643,"37.244307","-119.470256"
"3407-JMJQQ","United States","California","Oakhurst",93644,"37.648647","-119.231447"
"6252-DFGTK","United States","California","O Neals",93645,"37.140104","-119.657092"
"1539-LNKHM","United States","California","Orange Cove",93646,"36.633498","-119.298895"
"8645-KOMJQ","United States","California","Orosi",93647,"36.600185","-119.175655"
"0289-IVARM","United States","California","Parlier",93648,"36.622237","-119.521126"
"9761-XUJWD","United States","California","Fresno",93650,"36.841655","-119.797113"
"4057-FKCZK","United States","California","Prather",93651,"37.007238","-119.505661"
"4291-TPNFG","United States","California","Raisin City",93652,"36.594542","-119.905245"
"6087-YPWHO","United States","California","Raymond",93653,"37.252057","-119.957830"
"3090-QFUVD","United States","California","Reedley",93654,"36.636638","-119.421842"
"1722-LDZJS","United States","California","Sanger",93657,"36.819628","-119.440414"
"1818-ESQMW","United States","California","San Joaquin",93660,"36.600193","-120.153393"
"7401-RUBNK","United States","California","South Dos Palos",93665,"36.959731","-120.653519"
"0506-YLVKJ","United States","California","Sultana",93666,"36.545353","-119.338535"
"8661-BOYNW","United States","California","Tollhouse",93667,"36.993666","-119.348267"
"4815-GBTCD","United States","California","Wishon",93669,"37.287758","-119.548156"
"2805-AUFQN","United States","California","Traver",93673,"36.456091","-119.486225"
"0980-PVMRC","United States","California","Squaw Valley",93675,"36.719141","-119.202677"
"7233-DRTRF","United States","California","Fresno",93701,"36.749403","-119.787574"
"3873-NFTGI","United States","California","Fresno",93703,"36.768774","-119.762633"
"1162-ECVII","United States","California","Fresno",93704,"36.799648","-119.801247"
"7048-GXDAY","United States","California","Fresno",93705,"36.787240","-119.827813"
"8571-ZCMCX","United States","California","Fresno",93706,"36.654614","-119.903674"
"1169-WCVAK","United States","California","Fresno",93710,"36.822715","-119.761826"
"7129-CAKJW","United States","California","Fresno",93721,"36.732694","-119.783786"
"8695-ARGXZ","United States","California","Fresno",93722,"36.789790","-119.929894"
"3570-YUEKJ","United States","California","Fresno",93725,"36.623632","-119.741322"
"1555-HAPSU","United States","California","Fresno",93727,"36.751489","-119.680720"
"1697-NVVGY","United States","California","Fresno",93728,"36.757345","-119.818274"
"8464-EETCQ","United States","California","Salinas",93905,"36.667794","-121.601306"
"2419-FSORS","United States","California","Salinas",93906,"36.722898","-121.633648"
"8132-YPVBX","United States","California","Salinas",93907,"36.774620","-121.664714"
"6754-LZUKA","United States","California","Big Sur",93920,"36.092975","-121.549826"
"8099-MZPUJ","United States","California","Carmel",93923,"36.460611","-121.852507"
"0787-LHDYT","United States","California","Carmel Valley",93924,"36.414611","-121.638600"
"0374-IOEGQ","United States","California","Gonzales",93926,"36.525880","-121.396719"
"3197-NNYNB","United States","California","Jolon",93928,"35.930782","-121.189757"
"3396-DKDEL","United States","California","King City",93930,"36.220761","-120.980777"
"1752-OZXFY","United States","California","Lockwood",93932,"35.989792","-121.055933"
"9066-QRSDU","United States","California","Marina",93933,"36.689582","-121.758398"
"9112-WSNPU","United States","California","Monterey",93940,"36.362741","-121.869685"
"9867-NNXLC","United States","California","Pacific Grove",93950,"36.618337","-121.926417"
"5321-NTRKC","United States","California","Pebble Beach",93953,"36.587497","-121.944815"
"3161-GETRM","United States","California","Soledad",93960,"36.414216","-121.360597"
"0402-OAMEN","United States","California","Spreckels",93962,"36.624641","-121.647195"
"6933-VLYFX","United States","California","Belmont",94002,"37.509366","-122.306132"
"6754-WKSHP","United States","California","Brisbane",94005,"37.684694","-122.407120"
"4976-LNFVV","United States","California","Daly City",94015,"37.680844","-122.481310"
"5055-MGMGF","United States","California","Half Moon Bay",94019,"37.455670","-122.407992"
"4641-FROLU","United States","California","La Honda",94020,"37.285677","-122.224165"
"2862-JVEOY","United States","California","Loma Mar",94021,"37.266388","-122.263080"
"2969-QWUBZ","United States","California","Los Altos",94022,"37.349546","-122.134356"
"9822-BIIGN","United States","California","Los Altos",94024,"37.352911","-122.093002"
"2077-MPJQO","United States","California","Menlo Park",94025,"37.449551","-122.183762"
"1534-OULXE","United States","California","Atherton",94027,"37.454924","-122.203168"
"2971-SGAFL","United States","California","Millbrae",94030,"37.601248","-122.403099"
"1480-IVEVR","United States","California","Montara",94037,"37.540582","-122.509594"
"2905-KFQUV","United States","California","Moss Beach",94038,"37.515556","-122.502311"
"3370-HXOPH","United States","California","Mountain View",94041,"37.388349","-122.075299"
"9391-YZEJW","United States","California","Mountain View",94043,"37.419725","-122.062947"
"9958-MEKUC","United States","California","Pacifica",94044,"37.573633","-122.455167"
"0281-CNTZX","United States","California","Pescadero",94060,"37.225650","-122.297533"
"4118-CEVPF","United States","California","Redwood City",94062,"37.410567","-122.297152"
"9114-VEPUF","United States","California","Redwood City",94065,"37.527497","-122.230941"
"7876-BEUTG","United States","California","San Bruno",94066,"37.624436","-122.430661"
"2338-BQEZT","United States","California","San Carlos",94070,"37.497915","-122.267361"
"9873-MNDKV","United States","California","San Gregorio",94074,"37.331762","-122.341444"
"8241-JUIQO","United States","California","Sunnyvale",94086,"37.378541","-122.020456"
"2194-IIQOF","United States","California","Sunnyvale",94087,"37.351100","-122.037311"
"9631-RXVJM","United States","California","San Francisco",94102,"37.779500","-122.419233"
"9584-EXCDZ","United States","California","San Francisco",94103,"37.773147","-122.411287"
"5093-FEGLU","United States","California","San Francisco",94105,"37.789168","-122.395009"
"2621-UDNLU","United States","California","San Francisco",94107,"37.768881","-122.395521"
"7526-IVLYU","United States","California","San Francisco",94108,"37.791998","-122.408653"
"2428-HYUNX","United States","California","San Francisco",94109,"37.794487","-122.422270"
"9214-EKVXR","United States","California","San Francisco",94110,"37.750021","-122.415201"
"3410-MHHUM","United States","California","San Francisco",94111,"37.801776","-122.402293"
"2122-YWVYA","United States","California","San Francisco",94116,"37.744410","-122.486764"
"2296-DKZFP","United States","California","San Francisco",94118,"37.781304","-122.461522"
"8909-BOLNL","United States","California","San Francisco",94123,"37.800254","-122.436975"
"6603-YRDCJ","United States","California","San Francisco",94124,"37.731505","-122.384532"
"3229-USWAR","United States","California","San Francisco",94129,"37.797526","-122.464531"
"2138-VFAPZ","United States","California","San Francisco",94130,"37.820894","-122.369725"
"6131-JLWZM","United States","California","San Francisco",94131,"37.746699","-122.442833"
"0269-XFESX","United States","California","San Francisco",94133,"37.802071","-122.411004"
"1709-EJDOX","United States","California","San Francisco",94134,"37.721052","-122.413573"
"4316-XCSLJ","United States","California","Palo Alto",94301,"37.444314","-122.149996"
"9693-XMUOB","United States","California","Palo Alto",94304,"37.386978","-122.177746"
"0383-CLDDA","United States","California","Stanford",94305,"37.424342","-122.165641"
"2709-UQGNP","United States","California","San Mateo",94401,"37.590421","-122.306467"
"3549-ZTMNH","United States","California","San Mateo",94402,"37.556634","-122.317723"
"8033-ATFAS","United States","California","San Mateo",94404,"37.556094","-122.272437"
"1635-NZATJ","United States","California","Alameda",94501,"37.774633","-122.274434"
"0562-HKHML","United States","California","Alameda",94502,"37.724817","-122.224363"
"8277-RVRSV","United States","California","Danville",94506,"37.791481","-121.903253"
"9943-VSZUV","United States","California","Alamo",94507,"37.855717","-121.994813"
"7054-ENNGU","United States","California","Benicia",94510,"38.113533","-122.119260"
"1455-HFBXA","United States","California","Bethel Island",94511,"38.050558","-121.646924"
"9402-CXWPL","United States","California","Birds Landing",94512,"38.140719","-121.838298"
"1628-BIZYP","United States","California","Brentwood",94513,"37.908242","-121.682472"
"0082-LDZUE","United States","California","Calistoga",94515,"38.629618","-122.593216"
"5343-SGUBI","United States","California","Concord",94518,"37.950248","-122.022455"
"0856-NAOES","United States","California","Concord",94519,"37.990118","-122.012188"
"1976-AZZPJ","United States","California","Concord",94520,"38.013825","-122.039144"
"6156-UZDLF","United States","California","Pleasant Hill",94523,"37.953380","-122.076886"
"3099-OONVS","United States","California","Crockett",94525,"38.049292","-122.228415"
"9500-WBGRP","United States","California","Danville",94526,"37.815459","-121.977203"
"5183-KLYEM","United States","California","El Cerrito",94530,"37.924838","-122.289145"
"5144-PQCDZ","United States","California","Fairfield",94533,"38.287136","-122.027110"
"8514-VZHEB","United States","California","Travis Afb",94535,"38.265899","-121.939461"
"6625-IUTTT","United States","California","Fremont",94536,"37.572273","-121.964583"
"9355-NPPFS","United States","California","Fremont",94538,"37.505768","-121.962472"
"0068-FIGTF","United States","California","Fremont",94539,"37.516791","-121.899117"
"5965-GGPRW","United States","California","Hayward",94541,"37.674002","-122.076796"
"8035-PWSEV","United States","California","Hayward",94542,"37.656695","-122.048361"
"2236-HILPA","United States","California","Hayward",94544,"37.639215","-122.037554"
"1840-BIUOG","United States","California","Hayward",94545,"37.629840","-122.120843"
"1356-MKYSK","United States","California","Castro Valley",94546,"37.708327","-122.083473"
"6080-LNESI","United States","California","Hercules",94547,"37.991259","-122.214945"
"1830-IPXVJ","United States","California","Lafayette",94549,"37.907777","-122.127161"
"5828-DWPIL","United States","California","Livermore",94550,"37.571748","-121.659562"
"8398-TBIYD","United States","California","Castro Valley",94552,"37.722727","-122.021570"
"2931-FSOHN","United States","California","Napa",94559,"38.232389","-122.324944"
"9418-RUKPH","United States","California","Newark",94560,"37.504133","-122.032347"
"9971-ZWPBF","United States","California","Orinda",94563,"37.873916","-122.205220"
"4712-AUQZO","United States","California","Pinole",94564,"37.996462","-122.293716"
"9711-FJTBX","United States","California","Pittsburg",94565,"38.006047","-121.916834"
"2908-ZTPNF","United States","California","Pleasanton",94566,"37.633361","-121.862395"
"8421-WZOOW","United States","California","Rio Vista",94571,"38.148862","-121.737696"
"1414-YADCW","United States","California","Deer Park",94576,"38.554383","-122.474773"
"8756-RDDLT","United States","California","San Leandro",94577,"37.717196","-122.159338"
"2862-PFNIK","United States","California","San Leandro",94578,"37.704384","-122.126703"
"5816-QVHRX","United States","California","San Leandro",94579,"37.687264","-122.157280"
"4430-YHXGG","United States","California","San Lorenzo",94580,"37.676249","-122.132415"
"6888-SBYAI","United States","California","San Ramon",94583,"37.766556","-121.976784"
"7395-XWZOY","United States","California","Suisun City",94585,"38.197907","-122.017258"
"7169-YWAMK","United States","California","Sunol",94586,"37.587494","-121.862856"
"6859-RKMZJ","United States","California","Vallejo",94589,"38.161321","-122.271588"
"2729-VNVAP","United States","California","Vallejo",94590,"38.104705","-122.247387"
"2957-JIRMN","United States","California","Vallejo",94591,"38.105733","-122.186338"
"2049-BAFNW","United States","California","Vallejo",94592,"38.093701","-122.276589"
"3842-QTGDL","United States","California","Walnut Creek",94595,"37.862128","-122.075197"
"7163-OCEQI","United States","California","Walnut Creek",94596,"37.900662","-122.052782"
"9782-LGXMC","United States","California","Walnut Creek",94598,"37.916648","-122.008483"
"5975-BAICR","United States","California","Yountville",94599,"38.421458","-122.365048"
"4673-KKSLS","United States","California","Oakland",94605,"37.758019","-122.138678"
"4853-OITSN","United States","California","Oakland",94606,"37.792489","-122.244314"
"9800-OUIGR","United States","California","Oakland",94607,"37.807070","-122.297401"
"2324-EFHVG","United States","California","Oakland",94609,"37.834341","-122.264370"
"7094-MSZAO","United States","California","Oakland",94610,"37.808731","-122.238708"
"6907-CQGPN","United States","California","Oakland",94612,"37.809014","-122.269739"
"0780-XNZFN","United States","California","Oakland",94618,"37.845510","-122.235181"
"0239-OXEXL","United States","California","Oakland",94619,"37.787186","-122.146330"
"2675-IJRGJ","United States","California","Oakland",94621,"37.750553","-122.197175"
"7049-GKVZY","United States","California","Berkeley",94702,"37.866009","-122.286228"
"8577-QSOCG","United States","California","Berkeley",94703,"37.863843","-122.275684"
"3721-CNZHX","United States","California","Berkeley",94704,"37.871416","-122.246597"
"0212-ISBBF","United States","California","Berkeley",94705,"37.858898","-122.240512"
"3585-YNADK","United States","California","Berkeley",94707,"37.897753","-122.279391"
"5271-DBYSJ","United States","California","Berkeley",94708,"37.897743","-122.263124"
"1099-GODLO","United States","California","Berkeley",94709,"37.878554","-122.266090"
"6828-HMKWP","United States","California","Berkeley",94710,"37.872902","-122.303708"
"1472-TNCWL","United States","California","El Sobrante",94803,"37.963995","-122.288296"
"2080-GKCWQ","United States","California","San Pablo",94806,"37.980269","-122.342635"
"2193-SFWQW","United States","California","San Rafael",94903,"38.018065","-122.546024"
"5656-JAMLX","United States","California","Greenbrae",94904,"37.946617","-122.563571"
"3462-BJQQA","United States","California","Belvedere Tiburon",94920,"37.885629","-122.468580"
"0442-TDYUO","United States","California","Bodega",94922,"38.343282","-122.975500"
"6733-LRIZX","United States","California","Bodega Bay",94923,"38.377165","-123.037957"
"9503-XJUME","United States","California","Bolinas",94924,"37.943087","-122.723790"
"4367-NHWMM","United States","California","Corte Madera",94925,"37.924014","-122.511694"
"3779-OSWCF","United States","California","Dillon Beach",94929,"38.244580","-122.956268"
"6736-DHUQI","United States","California","Fairfax",94930,"37.971751","-122.611873"
"3915-ODIYG","United States","California","Cotati",94931,"38.326215","-122.718742"
"1360-RCYRT","United States","California","Forest Knolls",94933,"38.010092","-122.689442"
"2724-FJDYW","United States","California","Inverness",94937,"38.099323","-122.945723"
"4451-RWASJ","United States","California","Lagunitas",94938,"38.021772","-122.691744"
"3460-TJBWI","United States","California","Marshall",94940,"38.129308","-122.834815"
"5917-HBSDW","United States","California","Mill Valley",94941,"37.901371","-122.572024"
"5671-UUNXD","United States","California","Nicasio",94946,"38.065359","-122.665566"
"0956-ACVZC","United States","California","Novato",94947,"38.112166","-122.634384"
"2325-NBPZG","United States","California","Novato",94949,"38.067204","-122.524004"
"4482-FTFFX","United States","California","Penngrove",94951,"38.325599","-122.642352"
"8859-DZTGQ","United States","California","Petaluma",94952,"38.237018","-122.778720"
"0440-MOGPM","United States","California","Petaluma",94954,"38.235021","-122.557332"
"0020-JDNXP","United States","California","Point Reyes Station",94956,"38.060264","-122.830646"
"3752-CQSJI","United States","California","San Anselmo",94960,"37.992720","-122.575026"
"5025-GOOKI","United States","California","San Geronimo",94963,"38.004740","-122.663717"
"4698-KVLLG","United States","California","San Quentin",94964,"37.942551","-122.491642"
"2887-JPYLU","United States","California","Stinson Beach",94970,"37.921137","-122.657562"
"4770-QAZXN","United States","California","Tomales",94971,"38.240769","-122.901041"
"4896-CPRPF","United States","California","Valley Ford",94972,"38.339996","-122.935056"
"9714-EDSUC","United States","California","Alviso",95002,"37.449537","-121.994813"
"0282-NVSJS","United States","California","Aromas",95004,"36.878364","-121.629781"
"7353-YOWFP","United States","California","Brookdale",95007,"37.106902","-122.100006"
"8008-ESFLK","United States","California","Capitola",95010,"36.977025","-121.952864"
"7537-CBQUZ","United States","California","Castroville",95012,"36.784481","-121.759054"
"3363-EWLGO","United States","California","Freedom",95019,"36.936228","-121.785559"
"4750-UKWJK","United States","California","Gilroy",95020,"37.038890","-121.528955"
"1689-YQBYY","United States","California","Los Gatos",95030,"37.222842","-121.988727"
"9881-VCZEP","United States","California","San Jose",95126,"37.327069","-121.916819"
"4487-ZYJZK","United States","California","Los Gatos",95032,"37.233034","-121.947427"
"2959-FENLU","United States","California","Los Gatos",95033,"37.160194","-121.945611"
"0708-LGSMF","United States","California","Milpitas",95035,"37.441931","-121.878502"
"7634-HLQJR","United States","California","Moss Landing",95039,"36.863303","-121.781632"
"0487-RPVUM","United States","California","Mount Hermon",95041,"37.051166","-122.056194"
"4079-ULGFR","United States","California","Paicines",95043,"36.525703","-120.952122"
"2516-XSJKX","United States","California","San Juan Bautista",95045,"36.810568","-121.503022"
"0057-QBUQH","United States","California","San Martin",95046,"37.084697","-121.606417"
"6599-SFQVE","United States","California","Santa Clara",95051,"37.348129","-121.984690"
"8331-ZXFOE","United States","California","Santa Clara",95054,"37.393554","-121.965114"
"4003-FUSHP","United States","California","Santa Cruz",95060,"36.993451","-122.098858"
"0356-ERHVT","United States","California","Santa Cruz",95062,"36.974575","-121.991149"
"7325-ENZFI","United States","California","Santa Cruz",95064,"37.007882","-122.065975"
"4884-ZTHVF","United States","California","Santa Cruz",95065,"37.031404","-121.981865"
"3920-HIHMQ","United States","California","Scotts Valley",95066,"37.070177","-122.010077"
"3055-OYMSE","United States","California","Saratoga",95070,"37.257772","-122.051824"
"0613-WUXUM","United States","California","Soquel",95073,"37.023669","-121.946461"
"4458-KVRBJ","United States","California","San Jose",95110,"37.346670","-121.910019"
"1397-XKKWR","United States","California","San Jose",95112,"37.343827","-121.883119"
"8097-OMULG","United States","California","San Jose",95116,"37.350284","-121.852855"
"6013-BHCAW","United States","California","San Jose",95117,"37.311088","-121.961786"
"0401-WDBXM","United States","California","San Jose",95118,"37.255479","-121.889838"
"3387-PLKUI","United States","California","San Jose",95119,"37.233226","-121.788090"
"6096-EGVTU","United States","California","San Jose",95120,"37.186141","-121.843554"
"5081-NWSUP","United States","California","San Jose",95122,"37.328860","-121.834567"
"2580-ATZSQ","United States","California","San Jose",95123,"37.238758","-121.828375"
"8085-MSNLK","United States","California","San Jose",95124,"37.257063","-121.923037"
"9691-HKOVS","United States","California","San Jose",95125,"37.294926","-121.894763"
"8757-TFHHJ","United States","California","San Jose",95128,"37.316146","-121.936285"
"1468-DEFNC","United States","California","San Jose",95130,"37.277592","-121.986477"
"5119-KEPFY","United States","California","San Jose",95131,"37.387027","-121.897775"
"0916-KNFAJ","United States","California","San Jose",95133,"37.371862","-121.860349"
"8319-QBEHW","United States","California","San Jose",95134,"37.427650","-121.945416"
"9625-QNLUX","United States","California","San Jose",95138,"37.246064","-121.749494"
"4024-CSNBY","United States","California","Mount Hamilton",95140,"37.382909","-121.634151"
"7110-BDTWG","United States","California","San Jose",95148,"37.339533","-121.777179"
"7493-GVFIO","United States","California","Stockton",95202,"37.959706","-121.287669"
"0690-SRQID","United States","California","Stockton",95203,"37.954089","-121.329761"
"9605-WGJVW","United States","California","Stockton",95204,"37.974498","-121.319568"
"9114-DPSIA","United States","California","Stockton",95205,"37.965695","-121.260051"
"4700-UBQMV","United States","California","Stockton",95206,"37.902422","-121.440029"
"7711-GQBZC","United States","California","Stockton",95207,"38.002125","-121.324979"
"4627-MIHJH","United States","California","Stockton",95210,"38.033219","-121.297433"
"9795-NREXC","United States","California","Stockton",95212,"38.049457","-121.216530"
"8573-CGOCC","United States","California","Stockton",95215,"37.946282","-121.139499"
"7356-AYNJP","United States","California","Stockton",95219,"38.029729","-121.387999"
"6286-SUUWT","United States","California","Arnold",95223,"38.321530","-120.236358"
"4819-HJPIW","United States","California","Avery",95224,"38.208336","-120.339938"
"8654-DHAOW","United States","California","Burson",95225,"38.183918","-120.898817"
"5438-QMDDL","United States","California","Campo Seco",95226,"38.233879","-120.861666"
"9812-GHVRI","United States","California","Clements",95227,"38.227285","-121.027890"
"5553-AOINX","United States","California","Copperopolis",95228,"37.943954","-120.671080"
"1228-ZLNBX","United States","California","Farmington",95230,"37.956963","-120.863055"
"4226-KKDON","United States","California","French Camp",95231,"37.873283","-121.292034"
"3831-YCPUO","United States","California","Glencoe",95232,"38.358464","-120.579304"
"7445-WMRBW","United States","California","Hathaway Pines",95233,"38.184914","-120.364085"
"3308-DGHKL","United States","California","Linden",95236,"38.047746","-121.030499"
"9924-JPRMC","United States","California","Lockeford",95237,"38.166791","-121.142070"
"0080-EMYVY","United States","California","Lodi",95240,"38.123544","-121.159078"
"6218-KNUBD","United States","California","Lodi",95242,"38.128087","-121.407800"
"7337-CINUD","United States","California","Mokelumne Hill",95245,"38.304194","-120.592431"
"7609-NRNCA","United States","California","Mountain Ranch",95246,"38.264262","-120.515133"
"0623-EJQEG","United States","California","Murphys",95247,"38.147852","-120.440124"
"7153-CHRBV","United States","California","San Andreas",95249,"38.196497","-120.616890"
"6198-PNNSZ","United States","California","Valley Springs",95252,"38.156971","-120.849231"
"3317-VLGQT","United States","California","Wallace",95254,"38.192608","-120.957842"
"4132-POCZS","United States","California","West Point",95255,"38.419350","-120.469545"
"5614-DNZCE","United States","California","Wilseyville",95257,"38.392686","-120.415951"
"3896-RCYYE","United States","California","Atwater",95301,"37.321233","-120.656354"
"9638-JIQYA","United States","California","Ballico",95303,"37.469500","-120.672724"
"3258-SANFR","United States","California","Big Oak Flat",95305,"37.818589","-120.256995"
"3726-TBHQT","United States","California","Catheys Valley",95306,"37.394411","-120.127262"
"3190-ITQXP","United States","California","Ceres",95307,"37.553469","-120.952825"
"4833-QTJNO","United States","California","Coulterville",95311,"37.722127","-120.110174"
"3039-MJSLN","United States","California","Cressey",95312,"37.420273","-120.665270"
"0178-CIIKR","United States","California","Crows Landing",95313,"37.435664","-121.049056"
"5774-QPLTF","United States","California","El Nido",95317,"37.127386","-120.506422"
"2322-VCZHZ","United States","California","El Portal",95318,"37.654551","-119.822984"
"5010-IPEAQ","United States","California","Escalon",95320,"37.818543","-121.006907"
"6383-ZTSIW","United States","California","Gustine",95322,"37.147198","-121.120161"
"8990-YOZLV","United States","California","Hickman",95323,"37.605926","-120.699550"
"3069-SSVSN","United States","California","Hilmar",95324,"37.394536","-120.890747"
"5222-IMUKT","United States","California","Hornitos",95325,"37.479926","-120.230424"
"6685-XSHHU","United States","California","Keyes",95328,"37.555631","-120.911653"
"8901-UPRHR","United States","California","La Grange",95329,"37.666587","-120.411517"
"0118-JPNOY","United States","California","Le Grand",95333,"37.249377","-120.249581"
"3845-FXCYS","United States","California","Long Barn",95335,"38.109125","-120.078597"
"5857-XRECV","United States","California","Manteca",95336,"37.830267","-121.201018"
"0725-CXOTM","United States","California","Manteca",95337,"37.750822","-121.238423"
"4343-EJVQB","United States","California","Mariposa",95338,"37.526791","-119.994370"
"9000-PLFUZ","United States","California","Merced",95340,"37.255637","-120.493537"
"3427-GGZZI","United States","California","Midpines",95345,"37.581496","-119.972762"
"7779-ORAEL","United States","California","Mi Wuk Village",95346,"38.121601","-120.133915"
"0644-OQMDK","United States","California","Merced",95348,"37.401220","-120.514191"
"3154-CFSZG","United States","California","Modesto",95351,"37.621458","-121.012295"
"2220-IAHLS","United States","California","Modesto",95356,"37.716186","-121.025836"
"1658-XUHBX","United States","California","Modesto",95357,"37.670526","-120.877572"
"2378-HTWFW","United States","California","Newman",95360,"37.343846","-121.039391"
"4377-VDHYI","United States","California","Patterson",95363,"37.410236","-121.320337"
"3719-TDVQB","United States","California","Ripon",95366,"37.750778","-121.132380"
"0201-MIBOL","United States","California","Salida",95368,"37.713152","-121.087390"
"4937-QPZPO","United States","California","Snelling",95369,"37.521708","-120.426843"
"2925-VDZHY","United States","California","Sonora",95370,"37.982716","-120.343732"
"6981-TDRFT","United States","California","Soulsbyville",95372,"37.990574","-120.261821"
"3413-CSSTH","United States","California","Stevinson",95374,"37.316807","-120.855753"
"8033-VCZGH","United States","California","Tracy",95376,"37.680968","-121.446049"
"0224-NIJLP","United States","California","Turlock",95380,"37.474396","-120.875917"
"7542-CYDDM","United States","California","Turlock",95382,"37.529656","-120.854357"
"4718-WXBGI","United States","California","Twain Harte",95383,"38.107441","-120.230625"
"8495-PRWFH","United States","California","Waterford",95386,"37.669516","-120.626964"
"0439-IFYUN","United States","California","Westley",95387,"37.546007","-121.282570"
"5716-LIBJC","United States","California","Winton",95388,"37.421299","-120.599587"
"2868-LLSKM","United States","California","Yosemite National Park",95389,"37.704267","-119.607001"
"2988-QRAJY","United States","California","Santa Rosa",95403,"38.488431","-122.752839"
"0071-NDAFP","United States","California","Santa Rosa",95405,"38.439696","-122.668817"
"7328-ZJAJO","United States","California","Santa Rosa",95409,"38.468893","-122.580539"
"6458-CYIDZ","United States","California","Albion",95410,"39.225694","-123.717354"
"1090-PYKCI","United States","California","Boonville",95415,"39.025867","-123.381544"
"3058-WQDRE","United States","California","Branscomb",95417,"39.710591","-123.682799"
"2279-AXJJK","United States","California","Cazadero",95421,"38.578807","-123.193380"
"0909-SELIE","United States","California","Clearlake Oaks",95423,"39.071160","-122.598542"
"3417-TSCIC","United States","California","Cloverdale",95425,"38.801936","-122.938935"
"1042-HFUCW","United States","California","Cobb",95426,"38.838088","-122.732030"
"6537-OTKMY","United States","California","Covelo",95428,"39.833070","-123.178765"
"8999-EXMNO","United States","California","Dos Rios",95429,"39.756049","-123.358701"
"6725-TPKJO","United States","California","Duncans Mills",95430,"38.445603","-123.063756"
"7162-WPHPM","United States","California","Elk",95432,"39.108252","-123.645121"
"1599-MMYRQ","United States","California","Forestville",95436,"38.499302","-122.924440"
"8821-KVZKQ","United States","California","Fort Bragg",95437,"39.455555","-123.683979"
"6434-TTGJP","United States","California","Geyserville",95441,"38.731771","-123.064272"
"0042-JVWOJ","United States","California","Glen Ellen",95442,"38.368744","-122.522642"
"0130-SXOUN","United States","California","Glenhaven",95443,"39.045246","-122.743181"
"2330-PQGDQ","United States","California","Gualala",95445,"38.848082","-123.506080"
"1452-UZOSF","United States","California","Guerneville",95446,"38.525760","-123.013347"
"2097-YVPKN","United States","California","Healdsburg",95448,"38.618347","-122.908422"
"8597-CTXVJ","United States","California","Jenner",95450,"38.505995","-123.187019"
"6631-HMANX","United States","California","Kelseyville",95451,"38.934960","-122.792243"
"9962-BFPDU","United States","California","Kenwood",95452,"38.419525","-122.521585"
"6394-HHHZM","United States","California","Little River",95456,"39.245911","-123.772140"
"5995-LFTLE","United States","California","Lower Lake",95457,"38.925545","-122.549083"
"1932-UEDCX","United States","California","Manchester",95459,"38.966713","-123.586412"
"5188-HGMLP","United States","California","Middletown",95461,"38.787446","-122.586750"
"0665-XHDJU","United States","California","Monte Rio",95462,"38.471049","-123.015549"
"8265-HKSOW","United States","California","Occidental",95465,"38.415003","-122.998726"
"3544-FBCAS","United States","California","Philo",95466,"39.094102","-123.500853"
"5331-RGMTT","United States","California","Point Arena",95468,"38.911299","-123.609588"
"4759-PXTAN","United States","California","Potter Valley",95469,"39.408634","-123.045516"
"7054-DMVAS","United States","California","Redwood Valley",95470,"39.298065","-123.252110"
"3428-MMGUB","United States","California","Rio Nido",95471,"38.522328","-122.979320"
"6549-BTYPG","United States","California","Sebastopol",95472,"38.398815","-122.861923"
"7823-JSOAG","United States","California","Sonoma",95476,"38.254850","-122.461799"
"3705-RHRFR","United States","California","Ukiah",95482,"39.134075","-123.234220"
"9374-YOLBJ","United States","California","Upper Lake",95485,"39.220368","-122.907693"
"9074-KGVOX","United States","California","Westport",95488,"39.724433","-123.767578"
"6128-DAFVY","United States","California","Willits",95490,"39.492046","-123.375818"
"9933-QRGTX","United States","California","Windsor",95492,"38.527297","-122.810044"
"4476-OSWTN","United States","California","Witter Springs",95493,"39.222323","-122.985488"
"5066-GFJMM","United States","California","Eureka",95501,"40.796621","-124.154280"
"2661-GKBTK","United States","California","Eureka",95503,"40.737431","-124.108897"
"0458-HEUZG","United States","California","Alderpoint",95511,"40.166028","-123.584144"
"7268-WNTCP","United States","California","Blocksburg",95514,"40.309088","-123.668201"
"0824-VWDPO","United States","California","Mckinleyville",95519,"40.965011","-124.015255"
"8409-WQJUX","United States","California","Arcata",95521,"40.839958","-124.003757"
"2578-JQPHZ","United States","California","Bayside",95524,"40.825486","-124.049485"
"3278-FSIXX","United States","California","Blue Lake",95525,"40.943380","-123.831799"
"9746-UGFAC","United States","California","Carlotta",95528,"40.497283","-123.930370"
"2946-KIQSP","United States","California","Crescent City",95531,"41.701223","-124.003393"
"0625-AFOHS","United States","California","Ferndale",95536,"40.478500","-124.301372"
"6726-WEXXK","United States","California","Fields Landing",95537,"40.726949","-124.217378"
"4636-OLWOE","United States","California","Fortuna",95540,"40.584991","-124.121504"
"4685-ERGHK","United States","California","Gasquet",95543,"41.867908","-123.794144"
"0885-HMGPY","United States","California","Honeydew",95545,"40.342928","-124.063329"
"5003-OKNNK","United States","California","Hoopa",95546,"41.163637","-123.704841"
"7208-PSIHR","United States","California","Klamath",95548,"41.572813","-124.035011"
"4012-ZTHBR","United States","California","Kneeland",95549,"40.664483","-123.865325"
"0489-WMEMG","United States","California","Korbel",95550,"40.766600","-123.804580"
"7435-ZNUYY","United States","California","Loleta",95551,"40.665952","-124.240051"
"1354-YZFNB","United States","California","Mad River",95552,"40.390301","-123.412327"
"2985-FMWYF","United States","California","Myers Flat",95554,"40.267158","-123.805913"
"2812-ENYMO","United States","California","Orick",95555,"41.336354","-124.044354"
"2717-HVIZY","United States","California","Orleans",95556,"41.269521","-123.546958"
"3422-GALYP","United States","California","Phillipsville",95559,"40.184094","-123.745487"
"2890-WFBHU","United States","California","Salyer",95563,"40.898660","-123.539754"
"0327-WFZSY","United States","California","Samoa",95564,"40.809636","-124.189977"
"7977-HXJKU","United States","California","Scotia",95565,"40.440636","-124.098739"
"7033-CLAMM","United States","California","Somes Bar",95568,"41.444606","-123.471895"
"4023-RTIQM","United States","California","Redcrest",95569,"40.363446","-123.835041"
"0864-FVJNJ","United States","California","Trinidad",95570,"41.162295","-124.027381"
"7356-IWLFW","United States","California","Weott",95571,"40.310119","-123.909449"
"9541-PWTWO","United States","California","Willow Creek",95573,"40.949012","-123.655847"
"3967-VQOGC","United States","California","Leggett",95585,"39.873371","-123.741474"
"7872-RDDLZ","United States","California","Piercy",95587,"39.955587","-123.681175"
"6308-CQRBU","United States","California","Zenia",95595,"40.170357","-123.417298"
"0186-CAERR","United States","California","Auburn",95603,"38.912881","-121.082766"
"3043-SUDUA","United States","California","West Sacramento",95605,"38.592745","-121.540036"
"5442-BHQNG","United States","California","Brooks",95606,"38.809804","-122.241383"
"2169-RRLFW","United States","California","Capay",95607,"38.681651","-122.130569"
"5872-OEQNH","United States","California","Carmichael",95608,"38.626128","-121.328011"
"3162-KKZXO","United States","California","Citrus Heights",95610,"38.695080","-121.271616"
"8873-GLDMH","United States","California","Courtland",95615,"38.311609","-121.554034"
"5696-JVVQY","United States","California","Davis",95616,"38.508735","-121.678813"
"8946-BFWSG","United States","California","Davis",95618,"38.544002","-121.685559"
"0547-HURJB","United States","California","Dixon",95620,"38.392821","-121.799917"
"8904-OPDCK","United States","California","Citrus Heights",95621,"38.695490","-121.307864"
"8845-LWKGE","United States","California","El Dorado",95623,"38.631530","-120.842609"
"0691-NIKRI","United States","California","Elverta",95626,"38.734997","-121.463719"
"5022-JNQEQ","United States","California","Esparto",95627,"38.834469","-122.127193"
"3249-VHRIP","United States","California","Fiddletown",95629,"38.513484","-120.704613"
"3736-BLEPA","United States","California","Folsom",95630,"38.672638","-121.147403"
"4701-LKOZD","United States","California","Foresthill",95631,"39.031876","-120.811141"
"6603-QWSPR","United States","California","Galt",95632,"38.274451","-121.259201"
"9921-QFQUL","United States","California","Garden Valley",95633,"38.852544","-120.837669"
"1929-ZCBHE","United States","California","Georgetown",95634,"38.938600","-120.785514"
"4378-MYPGO","United States","California","Greenwood",95635,"38.921333","-120.897718"
"4129-LYCOI","United States","California","Guinda",95637,"38.830739","-122.196202"
"7798-JVXYM","United States","California","Herald",95638,"38.313447","-121.123886"
"8647-SDTWQ","United States","California","Hood",95639,"38.375325","-121.507935"
"2696-ECXKC","United States","California","Ione",95640,"38.337880","-120.954202"
"2081-KJSQF","United States","California","Isleton",95641,"38.154823","-121.601358"
"3323-CPBWR","United States","California","Knights Landing",95645,"38.875508","-121.765866"
"3384-CTMSF","United States","California","Lincoln",95648,"38.922812","-121.312005"
"0902-RFHOF","United States","California","Loomis",95650,"38.809175","-121.171375"
"6048-QBXKL","United States","California","Madison",95653,"38.674276","-121.961866"
"7718-RXDGG","United States","California","Newcastle",95658,"38.883224","-121.159180"
"1025-FALIX","United States","California","Nicolaus",95659,"38.788898","-121.608624"
"3451-VAWLI","United States","California","North Highlands",95660,"38.671295","-121.388251"
"3407-QGWLG","United States","California","Roseville",95661,"38.736685","-121.251984"
"2347-WKKAE","United States","California","Penryn",95663,"38.859093","-121.182872"
"8735-DCXNF","United States","California","Pilot Hill",95664,"38.803731","-121.043799"
"3214-IYUUQ","United States","California","Pine Grove",95665,"38.400264","-120.641274"
"1936-UAFEH","United States","California","Pioneer",95666,"38.546999","-120.271114"
"3587-PMCOY","United States","California","Placerville",95667,"38.733714","-120.795213"
"1027-LKKQQ","United States","California","Plymouth",95669,"38.489273","-120.891614"
"7148-XZPHA","United States","California","Rancho Cordova",95670,"38.602723","-121.279913"
"5309-TAIKL","United States","California","Rio Linda",95673,"38.688764","-121.457596"
"6856-RAURS","United States","California","Rio Oso",95674,"38.954144","-121.482536"
"8778-LMWTJ","United States","California","River Pines",95675,"38.545775","-120.743325"
"9717-IOAAF","United States","California","Rocklin",95677,"38.790400","-121.236973"
"2845-KDHVX","United States","California","Sheridan",95681,"38.984756","-121.345074"
"0848-SOMKO","United States","California","Shingle Springs",95682,"38.598936","-120.963092"
"6734-FQAJX","United States","California","Somerset",95684,"38.606703","-120.586659"
"1535-VTJOQ","United States","California","Thornton",95686,"38.157794","-121.520223"
"6368-TZZDT","United States","California","Vacaville",95687,"38.333133","-121.920151"
"0943-ZQPXH","United States","California","Vacaville",95688,"38.419088","-122.024568"
"1293-BSEUN","United States","California","Volcano",95689,"38.481902","-120.603668"
"1302-TPUBN","United States","California","West Sacramento",95691,"38.627951","-121.593287"
"2378-VTKDH","United States","California","Woodland",95695,"38.719670","-121.862416"
"0927-CNGRH","United States","California","Alta",95701,"39.218096","-120.791530"
"8608-OZTLB","United States","California","Applegate",95703,"38.983388","-120.988814"
"2335-GSODA","United States","California","Camino",95709,"38.748316","-120.675512"
"1952-DVVSW","United States","California","Colfax",95713,"39.084645","-120.894014"
"6656-GULJQ","United States","California","Emigrant Gap",95715,"39.237540","-120.720196"
"9853-JFZDU","United States","California","Gold Run",95717,"39.170376","-120.838404"
"3777-XROBG","United States","California","Echo Lake",95721,"38.851842","-120.076204"
"6994-FGRHH","United States","California","Meadow Vista",95722,"39.003358","-121.022539"
"4000-VGMQP","United States","California","Pollock Pines",95726,"38.733908","-120.453416"
"3999-WRNGR","United States","California","Soda Springs",95728,"39.279068","-120.414275"
"3466-RITXD","United States","California","Twin Bridges",95735,"38.805481","-120.132870"
"2680-XKKNJ","United States","California","Weimar",95736,"39.009780","-120.978273"
"2974-GGUXS","United States","California","Granite Bay",95746,"38.749466","-121.184196"
"7994-XIRTR","United States","California","Roseville",95747,"38.784329","-121.373245"
"2101-RANCD","United States","California","El Dorado Hills",95762,"38.684437","-121.055634"
"7921-BEPCI","United States","California","Rocklin",95765,"38.823278","-121.281856"
"8510-TMWYB","United States","California","Sacramento",95814,"38.584505","-121.491956"
"3258-ZKPAI","United States","California","Sacramento",95815,"38.608405","-121.449942"
"1428-IEDPR","United States","California","Sacramento",95816,"38.574856","-121.465040"
"5298-GSTLM","United States","California","Sacramento",95817,"38.550722","-121.457314"
"4450-YOOHP","United States","California","Sacramento",95818,"38.556306","-121.495817"
"6728-CZFEI","United States","California","Sacramento",95819,"38.567594","-121.437507"
"3653-NCRDJ","United States","California","Sacramento",95821,"38.625096","-121.383658"
"6121-TNHBO","United States","California","Sacramento",95822,"38.512569","-121.495184"
"5119-NZPTV","United States","California","Sacramento",95823,"38.475465","-121.443625"
"6519-ZHPXP","United States","California","Sacramento",95824,"38.517295","-121.439819"
"3472-QPRCH","United States","California","Sacramento",95826,"38.542532","-121.378826"
"8224-UAXBZ","United States","California","Sacramento",95827,"38.549185","-121.328386"
"9610-WCESF","United States","California","Sacramento",95828,"38.486938","-121.395805"
"2486-WYVVE","United States","California","Sacramento",95830,"38.490508","-121.284171"
"3865-ZYKAD","United States","California","Sacramento",95831,"38.494832","-121.529447"
"1422-DGUBX","United States","California","Sacramento",95832,"38.445939","-121.496855"
"2999-AANRQ","United States","California","Sacramento",95833,"38.619049","-121.517552"
"8668-KNZTI","United States","California","Sacramento",95834,"38.646209","-121.524460"
"0480-KYJVA","United States","California","Sacramento",95835,"38.685069","-121.543709"
"9746-YKGXB","United States","California","Sacramento",95838,"38.646096","-121.442433"
"3926-YZVVX","United States","California","Sacramento",95841,"38.660442","-121.346321"
"0872-CASZJ","United States","California","Hamilton City",95951,"39.732767","-122.042298"
"6000-UKLWI","United States","California","Sacramento",95842,"38.687367","-121.348480"
"6332-FBZRI","United States","California","Sacramento",95864,"38.585826","-121.376263"
"2096-XOTMO","United States","California","Marysville",95901,"39.195140","-121.503883"
"3266-FTKHB","United States","California","Beale Afb",95903,"39.125311","-121.392283"
"8221-EQDGL","United States","California","Alleghany",95910,"39.467828","-120.841386"
"2346-LOCWC","United States","California","Arbuckle",95912,"38.982373","-122.047751"
"0298-XACET","United States","California","Berry Creek",95916,"39.657228","-121.377780"
"7560-QJAVJ","United States","California","Biggs",95917,"39.457388","-121.818201"
"2995-YWTCD","United States","California","Browns Valley",95918,"39.292334","-121.320597"
"9137-UIYPG","United States","California","Butte City",95920,"39.449794","-121.936372"
"2809-ZMYOQ","United States","California","Camptonville",95922,"39.432127","-121.099287"
"5084-OOVCJ","United States","California","Canyon Dam",95923,"40.171312","-121.120605"
"0254-WWRKD","United States","California","Challenge",95925,"39.461768","-121.195825"
"7727-SHVZV","United States","California","Chico",95926,"39.745712","-121.843330"
"5339-PXDVH","United States","California","Clipper Mills",95930,"39.562239","-121.148360"
"2205-LPVGL","United States","California","Colusa",95932,"39.273096","-122.050763"
"8782-NUUOL","United States","California","Crescent Mills",95934,"40.080342","-120.957805"
"7601-WFVZV","United States","California","Downieville",95936,"39.578792","-120.780786"
"4609-KNNWG","United States","California","Dunnigan",95937,"38.931425","-121.946081"
"4868-AADLV","United States","California","Durham",95938,"39.607831","-121.777959"
"9529-OFXHY","United States","California","Elk Creek",95939,"39.532220","-122.594879"
"2669-QVCRG","United States","California","Forest Ranch",95942,"40.077028","-121.494168"
"2478-EEWWM","United States","California","Glenn",95943,"39.597975","-122.032248"
"9174-IHETN","United States","California","Goodyears Bar",95944,"39.564113","-120.868836"
"2233-TXSIU","United States","California","Grass Valley",95945,"39.194539","-120.988066"
"9644-UMGQA","United States","California","Penn Valley",95946,"39.203817","-121.195840"
"3256-EZDBI","United States","California","Greenville",95947,"40.160386","-120.835428"
"0419-YAAPX","United States","California","Grass Valley",95949,"39.099204","-121.137962"
"4726-DLWQN","United States","California","Live Oak",95953,"39.258746","-121.776970"
"8164-OCKUJ","United States","California","Magalia",95954,"39.933852","-121.584371"
"3094-JOJAI","United States","California","Maxwell",95955,"39.281194","-122.226568"
"9494-MRNYX","United States","California","Meadow Valley",95956,"39.937017","-121.058043"
"2599-CZABP","United States","California","Meridian",95957,"39.068071","-121.832638"
"7945-PRBVF","United States","California","Nevada City",95959,"39.333737","-120.858667"
"4544-RXFMG","United States","California","North San Juan",95960,"39.423046","-120.984472"
"0859-YGKFW","United States","California","Olivehurst",95961,"39.082568","-121.553250"
"1150-FTQGN","United States","California","Oregon House",95962,"39.342587","-121.249833"
"7196-LIWRH","United States","California","Oroville",95965,"39.624561","-121.552866"
"5448-VWNAM","United States","California","Oroville",95966,"39.473896","-121.415927"
"1177-XZBJL","United States","California","Palermo",95968,"39.435756","-121.552071"
"3518-FSTWG","United States","California","Paradise",95969,"39.696760","-121.644379"
"9330-VOFSZ","United States","California","Princeton",95970,"39.424957","-122.039307"
"0939-EREMR","United States","California","Chico",95973,"39.903272","-121.843567"
"9389-ACWBI","United States","California","Richvale",95974,"39.495768","-121.747472"
"3644-QXEHN","United States","California","Smartville",95977,"39.176595","-121.291692"
"2911-IJORQ","United States","California","Stirling City",95978,"39.904002","-121.527823"
"5921-NGYRH","United States","California","Stonyford",95979,"39.288127","-122.415841"
"5998-DZLYR","United States","California","Sutter",95982,"39.172777","-121.805845"
"3985-HOYPM","United States","California","Washington",95986,"39.341280","-120.786867"
"9548-LERKT","United States","California","Willows",95988,"39.493991","-122.286363"
"6576-FBXOJ","United States","California","Yuba City",95991,"39.027410","-121.614982"
"4310-KEDTB","United States","California","Yuba City",95993,"39.075694","-121.706060"
"4062-HBMOS","United States","California","Redding",96003,"40.677649","-122.294670"
"2676-ISHSF","United States","California","Anderson",96007,"40.448632","-122.306657"
"9236-NDUCW","United States","California","Bella Vista",96008,"40.722733","-122.109666"
"4753-PADAS","United States","California","Bieber",96009,"41.083464","-121.107929"
"6103-QCKFX","United States","California","Big Bar",96010,"40.775272","-123.287414"
"7781-EWARA","United States","California","Big Bend",96011,"41.096569","-121.879082"
"7018-FPXHH","United States","California","Callahan",96014,"41.388397","-122.794636"
"0572-ZJKLT","United States","California","Chester",96020,"40.243494","-121.154733"
"5135-RDDQL","United States","California","Corning",96021,"39.913777","-122.289984"
"1353-LJWEM","United States","California","Cottonwood",96022,"40.336392","-122.448533"
"1794-SWWKL","United States","California","Dorris",96023,"41.949216","-122.050062"
"6166-YIPFO","United States","California","Douglas City",96024,"40.586588","-122.903677"
"9332-GYWLO","United States","California","Fall River Mills",96028,"41.017282","-121.468945"
"4184-VODJZ","United States","California","Forks Of Salmon",96031,"41.232128","-123.194748"
"1092-WPIVQ","United States","California","French Gulch",96033,"40.740138","-122.587476"
"7233-IOQNP","United States","California","Gazelle",96034,"41.411315","-122.697236"
"2834-JKOOW","United States","California","Gerber",96035,"40.031940","-122.176023"
"2400-FEQME","United States","California","Grenada",96038,"41.599978","-122.539381"
"4957-SREEC","United States","California","Hayfork",96041,"40.547857","-123.187265"
"0230-UBYPQ","United States","California","Hyampom",96046,"40.648024","-123.465088"
"4923-ADWXJ","United States","California","Igo",96047,"40.524535","-122.647172"
"1763-KUAAW","United States","California","Junction City",96048,"40.913192","-123.065970"
"1104-TNLZA","United States","California","Klamath River",96050,"41.816595","-122.948287"
"5195-KPUNQ","United States","California","Lakehead",96051,"40.883853","-122.418258"
"3439-GVUSX","United States","California","Lookout",96054,"41.280478","-121.160249"
"5949-HGVJL","United States","California","Mccloud",96057,"41.251322","-122.105209"
"5203-XEHAX","United States","California","Macdoel",96058,"41.769709","-121.920630"
"1635-HDGFT","United States","California","Manton",96059,"40.426679","-121.850421"
"8050-XGRVL","United States","California","Millville",96062,"40.531257","-122.148139"
"9828-QHFBK","United States","California","Montgomery Creek",96065,"40.877552","-121.885884"
"3908-MKIMJ","United States","California","Mount Shasta",96067,"41.338320","-122.290756"
"5012-YSPJJ","United States","California","Nubieber",96068,"41.082472","-121.195215"
"6728-VOIFY","United States","California","Palo Cedro",96073,"40.582399","-122.195512"
"4891-NLUBA","United States","California","Paynes Creek",96075,"40.343213","-121.815412"
"8969-PRHFK","United States","California","Red Bluff",96080,"40.186772","-122.388361"
"0661-KQHNK","United States","California","Round Mountain",96084,"40.923558","-122.059933"
"8709-KRDVL","United States","California","Scott Bar",96085,"41.737962","-123.075570"
"1427-VERSM","United States","California","Shasta",96087,"40.617614","-122.512861"
"9801-NOSHQ","United States","California","Shingletown",96088,"40.497441","-121.827524"
"6339-YPSAH","United States","California","Tehama",96090,"40.021787","-122.127576"
"2159-TURXX","United States","California","Weaverville",96093,"40.759401","-122.939337"
"1548-FEHVL","United States","California","Weed",96094,"41.465121","-122.380947"
"3795-CAWEX","United States","California","Whitmore",96096,"40.637105","-121.906949"
"6215-NQCPY","United States","California","Yreka",96097,"41.764869","-122.671316"
"5647-URDKA","United States","California","Alturas",96101,"41.468877","-120.542290"
"2229-DPMBI","United States","California","Blairsden Graeagle",96103,"39.783747","-120.661032"
"9626-WEQRM","United States","California","Cedarville",96104,"41.505916","-120.152505"
"2188-SXWVT","United States","California","Chilcoot",96105,"39.872961","-120.198876"
"6258-PVZWJ","United States","California","Clio",96106,"39.745805","-120.580882"
"1094-BKOSX","United States","California","Coleville",96107,"38.425280","-119.475741"
"6969-MVBAI","United States","California","Davis Creek",96108,"41.750354","-120.403885"
"2978-XXSOG","United States","California","Doyle",96109,"40.012675","-120.101857"
"2342-CKIAO","United States","California","Eagleville",96110,"41.280341","-120.150381"
"6953-PBDIN","United States","California","Fort Bidwell",96112,"41.932207","-120.135941"
"3898-BSJYF","United States","California","Herlong",96113,"40.198234","-120.180890"
"3938-YFPXD","United States","California","Janesville",96114,"40.294034","-120.512622"
"7696-AMHOD","United States","California","Lake City",96115,"41.729079","-120.225025"
"2453-SAFNS","United States","California","Likely",96116,"41.266008","-120.490731"
"9558-IHEZX","United States","California","Litchfield",96117,"40.507272","-120.338228"
"9617-UDPEU","United States","California","Loyalton",96118,"39.637471","-120.226338"
"6340-DACFT","United States","California","Madeline",96119,"41.042003","-120.506086"
"4955-VCWBI","United States","California","Markleeville",96120,"38.735789","-119.857980"
"6813-GZQCG","United States","California","Milford",96121,"40.181279","-120.392967"
"7426-GSWPO","United States","California","Portola",96122,"39.786755","-120.445626"
"3389-KTRXV","United States","California","Ravendale",96123,"40.845738","-120.322219"
"3118-UHVVQ","United States","California","Calpine",96124,"39.672813","-120.456699"
"3205-MXZRA","United States","California","Standish",96128,"40.346634","-120.386422"
"8317-BVKSO","United States","California","Termo",96132,"41.027281","-120.669427"
"5702-KVQRD","United States","California","Topaz",96133,"38.636052","-119.489162"
"0083-PIVIK","United States","California","Tulelake",96134,"41.813521","-121.492666"
"6169-PGNCD","United States","California","Westwood",96137,"40.271535","-121.018087"
"4909-JOUPP","United States","California","Tahoma",96142,"39.061227","-120.179546"
"4657-FWVFY","United States","California","Kings Beach",96143,"39.246654","-120.029273"
"2257-BOVXD","United States","California","Tahoe City",96145,"39.178337","-120.162806"
"7729-JTEEC","United States","California","Olympic Valley",96146,"39.191797","-120.212401"
"9696-RMYBA","United States","California","Los Angeles",90003,"33.964131","-118.272783"
"8690-UPCZI","United States","California","Los Angeles",90004,"34.076259","-118.310715"
"9770-LXDBK","United States","California","Los Angeles",90006,"34.048013","-118.293953"
"4086-WITJG","United States","California","Los Angeles",90007,"34.027337","-118.285150"
"8344-WFMFH","United States","California","Los Angeles",90008,"34.008293","-118.346766"
"8822-KNBHV","United States","California","Los Angeles",90011,"34.007090","-118.258681"
"8404-FYDIB","United States","California","Los Angeles",90012,"34.065875","-118.238728"
"2791-SFVEW","United States","California","Los Angeles",90013,"34.044639","-118.240413"
"6762-NSODU","United States","California","Los Angeles",90015,"34.039224","-118.266293"
"9888-ZCUMM","United States","California","Los Angeles",90018,"34.028735","-118.317236"
"1074-WVEVG","United States","California","Los Angeles",90021,"34.029043","-118.239504"
"9979-RGMZT","United States","California","Los Angeles",90022,"34.023810","-118.156582"
"6437-UDQJM","United States","California","Los Angeles",90023,"34.017697","-118.200577"
"1226-IENZN","United States","California","Los Angeles",90024,"34.066303","-118.435479"
"2108-GLPQB","United States","California","Los Angeles",90025,"34.046174","-118.446333"
"5474-LAMUQ","United States","California","Los Angeles",90029,"34.089953","-118.294824"
"3468-DRVQJ","United States","California","Los Angeles",90031,"34.085807","-118.206617"
"1122-YJBCS","United States","California","Los Angeles",90032,"34.078821","-118.177576"
"4990-ALDGW","United States","California","Los Angeles",90033,"34.050198","-118.210946"
"4816-OKWNX","United States","California","Los Angeles",90034,"34.030578","-118.399613"
"3315-IKYZQ","United States","California","Los Angeles",90035,"34.051809","-118.383843"
"4747-LCAQL","United States","California","Los Angeles",90037,"34.002642","-118.287596"
"3411-WLRSQ","United States","California","Los Angeles",90038,"34.088017","-118.327168"
"0898-XCGTF","United States","California","Los Angeles",90039,"34.110845","-118.259595"
"8006-PYCSW","United States","California","Los Angeles",90040,"33.994524","-118.149953"
"8249-THVEC","United States","California","Los Angeles",90041,"34.137412","-118.207607"
"8722-PRFDV","United States","California","Los Angeles",90042,"34.115720","-118.192754"
"2164-SOQXL","United States","California","Los Angeles",90043,"33.988543","-118.334081"
"4020-KIUDI","United States","California","Los Angeles",90044,"33.952714","-118.292061"
"5850-BDWCY","United States","California","Los Angeles",90045,"33.954017","-118.402447"
"2038-YSEZE","United States","California","Los Angeles",90046,"34.108455","-118.362081"
"0827-ITJPH","United States","California","Los Angeles",90047,"33.958149","-118.308441"
"8799-OXZMD","United States","California","Los Angeles",90048,"34.072945","-118.372670"
"1705-GUHPV","United States","California","Los Angeles",90056,"33.987945","-118.370442"
"4779-ZGICK","United States","California","Los Angeles",90057,"34.061918","-118.277939"
"0048-PIHNL","United States","California","Los Angeles",90058,"34.001617","-118.222274"
"3967-KXAPS","United States","California","Los Angeles",90061,"33.921280","-118.274186"
"3704-IEAXF","United States","California","Los Angeles",90063,"34.044271","-118.185237"
"6810-VCAEX","United States","California","Los Angeles",90064,"34.037251","-118.423573"
"0674-EYYZV","United States","California","Los Angeles",90065,"34.108833","-118.229715"
"4480-MBMLB","United States","California","Los Angeles",90066,"34.002028","-118.430656"
"1395-OFUWC","United States","California","Los Angeles",90067,"34.057496","-118.413959"
"0822-QGCXA","United States","California","Los Angeles",90068,"34.137411","-118.328915"
"2832-KJCRD","United States","California","Los Angeles",90071,"34.052917","-118.255178"
"3588-WSTTJ","United States","California","Los Angeles",90077,"34.102084","-118.451629"
"4075-WKNIU","United States","California","Bell",90201,"33.970343","-118.171368"
"5090-EMGTC","United States","California","Beverly Hills",90210,"34.099891","-118.414338"
"2346-CZYIL","United States","California","Beverly Hills",90211,"34.063947","-118.383001"
"3798-EPWRR","United States","California","Beverly Hills",90212,"34.062095","-118.401508"
"6258-NGCNG","United States","California","Compton",90220,"33.881510","-118.234451"
"4186-ZBUEW","United States","California","Compton",90221,"33.885811","-118.206459"
"5274-XHAKY","United States","California","Compton",90222,"33.912246","-118.236773"
"1442-BQPVU","United States","California","Culver City",90230,"33.993991","-118.397040"
"3978-YNKDD","United States","California","Culver City",90232,"34.019323","-118.391902"
"4940-KHCWD","United States","California","Downey",90240,"33.956228","-118.120993"
"9589-ABEPT","United States","California","El Segundo",90245,"33.917145","-118.401554"
"9388-ZEYVT","United States","California","Gardena",90247,"33.890853","-118.297967"
"0305-SQECB","United States","California","Gardena",90248,"33.876482","-118.284077"
"7605-SNLQG","United States","California","Gardena",90249,"33.901390","-118.315697"
"4670-TABXH","United States","California","Hawthorne",90250,"33.914775","-118.348083"
"0064-SUDOG","United States","California","Huntington Park",90255,"33.978030","-118.217141"
"8561-NMTBD","United States","California","Lawndale",90260,"33.888560","-118.351813"
"5161-XEUVX","United States","California","Lynwood",90262,"33.923573","-118.200669"
"8292-FRFZQ","United States","California","Malibu",90263,"34.037037","-118.705803"
"8591-NXRCV","United States","California","Malibu",90265,"34.074572","-118.831181"
"7895-VONWT","United States","California","Manhattan Beach",90266,"33.889632","-118.397370"
"4526-RMTLL","United States","California","Maywood",90270,"33.988572","-118.186565"
"6253-GNHWH","United States","California","Pacific Palisades",90272,"34.079449","-118.548306"
"4566-NECEV","United States","California","Palos Verdes Peninsula",90274,"33.788208","-118.404955"
"8080-POTJR","United States","California","Rancho Palos Verdes",90275,"33.753146","-118.367459"
"6906-MPARY","United States","California","Redondo Beach",90277,"33.830453","-118.384565"
"3662-FXJFO","United States","California","Redondo Beach",90278,"33.873395","-118.370190"
"8107-RZLNV","United States","California","South Gate",90280,"33.944624","-118.192615"
"0516-OOHAR","United States","California","Topanga",90290,"34.115192","-118.610170"
"2027-CWDNU","United States","California","Venice",90291,"33.991782","-118.479229"
"9912-OMZDS","United States","California","Playa Del Rey",90293,"33.947305","-118.439841"
"3733-ZEECP","United States","California","Inglewood",90301,"33.956445","-118.358634"
"7878-RTCZG","United States","California","Inglewood",90302,"33.975332","-118.355252"
"2452-MRMZF","United States","California","Inglewood",90303,"33.936291","-118.332639"
"7103-IPXPJ","United States","California","Inglewood",90305,"33.958134","-118.330905"
"4342-HFXWS","United States","California","Santa Monica",90401,"34.015481","-118.493231"
"3545-CNWRG","United States","California","Santa Monica",90402,"34.035849","-118.503508"
"1785-BPHTP","United States","California","Santa Monica",90403,"34.031529","-118.491156"
"4989-LIXVT","United States","California","Santa Monica",90404,"34.026334","-118.474222"
"7315-WYOAW","United States","California","Santa Monica",90405,"34.005439","-118.477507"
"1173-XZPYF","United States","California","Torrance",90501,"33.833699","-118.314387"
"2509-TFPJU","United States","California","Torrance",90505,"33.807882","-118.347957"
"9530-GRMJG","United States","California","Whittier",90601,"34.007353","-118.033683"
"6898-RBTLU","United States","California","Whittier",90602,"33.972119","-118.020188"
"5481-NTDOH","United States","California","Whittier",90603,"33.945318","-117.992066"
"2068-WWXQZ","United States","California","Whittier",90604,"33.929704","-118.012080"
"2061-VVFST","United States","California","Whittier",90606,"33.976678","-118.065875"
"0749-IRGQE","United States","California","Buena Park",90621,"33.874224","-117.993368"
"2380-DAMQP","United States","California","La Palma",90623,"33.850504","-118.039892"
"2256-YLYLP","United States","California","Cypress",90630,"33.818477","-118.038307"
"1272-ILHFG","United States","California","La Habra",90631,"33.940619","-117.951300"
"0164-XAIRP","United States","California","La Mirada",90638,"33.902045","-118.008961"
"5666-CYCYZ","United States","California","Montebello",90640,"34.015217","-118.109962"
"4011-ARPHK","United States","California","Norwalk",90650,"33.905963","-118.082630"
"6365-HITVU","United States","California","Santa Fe Springs",90670,"33.933565","-118.062611"
"7558-IMLMT","United States","California","Stanton",90680,"33.801869","-117.995068"
"9488-FYQAU","United States","California","Artesia",90701,"33.867593","-118.080637"
"3590-TCXTB","United States","California","Cerritos",90703,"33.868100","-118.067402"
"6994-KERXL","United States","California","Avalon",90704,"33.391181","-118.421305"
"1960-UOTYM","United States","California","Lakewood",90712,"33.840524","-118.148403"
"2740-JFBOK","United States","California","Lakewood",90713,"33.847755","-118.112532"
"6500-JVEGC","United States","California","Lakewood",90715,"33.841027","-118.078097"
"5245-VDBUR","United States","California","Los Alamitos",90720,"33.794990","-118.065591"
"8469-SNFFH","United States","California","San Pedro",90731,"33.736387","-118.284363"
"2144-ESWKO","United States","California","San Pedro",90732,"33.744119","-118.314480"
"1241-FPMOF","United States","California","Seal Beach",90740,"33.754620","-118.071128"
"9928-BZVLZ","United States","California","Sunset Beach",90742,"33.719221","-118.073596"
"4114-QMKVN","United States","California","Surfside",90743,"33.728273","-118.085304"
"2775-SEFEE","United States","California","Wilmington",90744,"33.782068","-118.262263"
"9003-CPATH","United States","California","Carson",90745,"33.822295","-118.264110"
"1754-GKYPY","United States","California","Carson",90746,"33.859171","-118.252272"
"7956-XQWGU","United States","California","Long Beach",90803,"33.760458","-118.129725"
"1591-MQJTP","United States","California","Long Beach",90804,"33.783047","-118.148600"
"2369-FEVNO","United States","California","Long Beach",90806,"33.802664","-118.179971"
"7471-MQPOS","United States","California","Long Beach",90808,"33.823943","-118.111335"
"5115-SQAAU","United States","California","Long Beach",90813,"33.781086","-118.199049"
"9845-QOMAD","United States","California","Long Beach",90814,"33.771612","-118.143866"
"7672-VFMXZ","United States","California","Long Beach",90815,"33.797638","-118.116620"
"9739-JLPQJ","United States","California","Long Beach",90822,"33.778436","-118.118648"
"9916-AYHTC","United States","California","Altadena",91001,"34.196837","-118.142236"
"3855-ONCAR","United States","California","Arcadia",91006,"34.137319","-118.029837"
"1488-SYSFC","United States","California","Arcadia",91007,"34.128284","-118.047732"
"0970-QXPXW","United States","California","Monrovia",91016,"34.152800","-118.000482"
"3259-KNMRR","United States","California","Montrose",91020,"34.211200","-118.230625"
"6120-RJKLU","United States","California","Sierra Madre",91024,"34.168686","-118.057505"
"9572-WUKSB","United States","California","South Pasadena",91030,"34.110444","-118.156957"
"5893-KCLGT","United States","California","Sunland",91040,"34.282704","-118.312929"
"0076-LVEPS","United States","California","Tujunga",91042,"34.296574","-118.244839"
"3640-JQGJG","United States","California","Pasadena",91101,"34.146635","-118.139225"
"1596-OQSPS","United States","California","Pasadena",91104,"34.165383","-118.123752"
"9867-XOBQA","United States","California","Pasadena",91105,"34.139460","-118.166649"
"9546-KDTRB","United States","California","Pasadena",91106,"34.139402","-118.128658"
"3174-RKMOW","United States","California","Glendale",91201,"34.170510","-118.289463"
"1760-CAZHT","United States","California","Glendale",91202,"34.167926","-118.267539"
"8441-SHIPE","United States","California","Glendale",91204,"34.136306","-118.260360"
"1320-GVNHT","United States","California","Glendale",91207,"34.182378","-118.262922"
"1047-RNXZV","United States","California","Glendale",91208,"34.195386","-118.238508"
"3541-ZNUHK","United States","California","La Crescenta",91214,"34.239636","-118.245259"
"8725-JEDFD","United States","California","Calabasas",91302,"34.130861","-118.683460"
"7562-UXTPG","United States","California","Canoga Park",91303,"34.198290","-118.602203"
"8071-SBTRN","United States","California","Canoga Park",91304,"34.224377","-118.632656"
"6668-CNMFP","United States","California","West Hills",91307,"34.199787","-118.684930"
"5626-MGTUK","United States","California","Chatsworth",91311,"34.294142","-118.603883"
"5681-LLOEI","United States","California","Encino",91316,"34.150354","-118.518292"
"8212-DJRCH","United States","California","Newbury Park",91320,"34.172071","-118.946262"
"4323-OHFOW","United States","California","Newhall",91321,"34.370378","-118.504118"
"4933-BSAIP","United States","California","Northridge",91324,"34.238208","-118.550290"
"2030-BTZRO","United States","California","Northridge",91325,"34.236683","-118.517588"
"1116-DXXDF","United States","California","Porter Ranch",91326,"34.281911","-118.556218"
"6563-VNPMN","United States","California","Sylmar",91342,"34.321621","-118.399841"
"2267-WTPYD","United States","California","Granada Hills",91344,"34.291273","-118.505104"
"0270-THENM","United States","California","Mission Hills",91345,"34.266389","-118.459744"
"4707-MAXGU","United States","California","Canyon Country",91351,"34.422519","-118.420717"
"2710-WYVXG","United States","California","Sun Valley",91352,"34.231053","-118.338307"
"6300-BWMJX","United States","California","Valencia",91355,"34.439870","-118.644609"
"7009-LGECI","United States","California","Westlake Village",91361,"34.130992","-118.894673"
"5022-KVDQT","United States","California","Woodland Hills",91364,"34.153733","-118.593408"
"7976-CICYS","United States","California","Woodland Hills",91367,"34.178068","-118.615714"
"1036-GUDCL","United States","California","Oak Park",91377,"34.192250","-118.776874"
"2005-DWQZJ","United States","California","Stevenson Ranch",91381,"34.364153","-118.615583"
"8148-WOCMK","United States","California","Castaic",91384,"34.506627","-118.699048"
"7815-PDTHL","United States","California","Van Nuys",91401,"34.178483","-118.431791"
"9173-IVZVP","United States","California","Sherman Oaks",91403,"34.147149","-118.463365"
"9129-UXERG","United States","California","Van Nuys",91405,"34.202494","-118.448048"
"3635-JBPSG","United States","California","Van Nuys",91406,"34.195685","-118.490752"
"7964-ZRKKG","United States","California","Van Nuys",91411,"34.178470","-118.459472"
"6229-LSCKB","United States","California","Encino",91436,"34.152875","-118.486056"
"1724-IQWNM","United States","California","Burbank",91504,"34.213049","-118.317651"
"8217-QYOHV","United States","California","Burbank",91505,"34.174215","-118.345928"
"5546-QUERU","United States","California","Burbank",91506,"34.169706","-118.323548"
"6897-UUBNU","United States","California","North Hollywood",91602,"34.151360","-118.364786"
"6127-IYJOZ","United States","California","Studio City",91604,"34.139082","-118.392750"
"8930-XOTDP","United States","California","North Hollywood",91606,"34.187599","-118.387125"
"5916-QEWPT","United States","California","Valley Village",91607,"34.165783","-118.399795"
"5060-TQUQN","United States","California","Rancho Cucamonga",91701,"34.132275","-117.611478"
"0531-XBKMM","United States","California","Azusa",91702,"34.174493","-117.870680"
"8465-SBRXP","United States","California","Baldwin Park",91706,"34.098275","-117.967399"
"2408-PSJVE","United States","California","Chino Hills",91709,"33.942895","-117.725644"
"9700-ZCLOT","United States","California","Claremont",91711,"34.127621","-117.717863"
"8738-JOKAR","United States","California","Covina",91722,"34.097345","-117.906736"
"4534-WGCIR","United States","California","Covina",91723,"34.084747","-117.886844"
"1930-WNXSB","United States","California","Covina",91724,"34.081110","-117.853935"
"3508-CFVZL","United States","California","El Monte",91731,"34.079934","-118.046695"
"0657-DOGUM","United States","California","Rancho Cucamonga",91739,"34.133809","-117.523724"
"8792-AOROI","United States","California","Glendora",91741,"34.146490","-117.849815"
"5146-YYFRZ","United States","California","Hacienda Heights",91745,"33.998471","-117.973758"
"3452-SRFEG","United States","California","La Verne",91750,"34.144703","-117.770299"
"4070-OKWVH","United States","California","Mira Loma",91752,"33.999992","-117.535395"
"5297-MDOIR","United States","California","Monterey Park",91754,"34.050322","-118.147037"
"6369-MCAKO","United States","California","Monterey Park",91755,"34.049172","-118.115022"
"4926-UMJZD","United States","California","Mt Baldy",91759,"34.231318","-117.662032"
"6848-HJTXY","United States","California","Ontario",91761,"34.035602","-117.591528"
"6341-AEVKX","United States","California","Ontario",91762,"34.057256","-117.667677"
"0682-USIXD","United States","California","Diamond Bar",91765,"33.992416","-117.807874"
"6976-BWGLQ","United States","California","Pomona",91766,"34.042286","-117.756106"
"7078-NVFAM","United States","California","Pomona",91767,"34.083086","-117.737997"
"8065-QBYTO","United States","California","Pomona",91768,"34.067932","-117.785168"
"2133-TSRRM","United States","California","Rosemead",91770,"34.065108","-118.082791"
"2511-ALLCS","United States","California","Temple City",91780,"34.101608","-118.055848"
"3191-CSNMG","United States","California","Upland",91784,"34.141146","-117.655583"
"7952-OBOYL","United States","California","Upland",91786,"34.105493","-117.660934"
"7470-DYNOE","United States","California","Walnut",91789,"34.018354","-117.854920"
"7853-OETYL","United States","California","West Covina",91790,"34.066964","-117.937007"
"1545-ACTAS","United States","California","West Covina",91791,"34.061634","-117.893169"
"5126-RCXYW","United States","California","Alhambra",91803,"34.074736","-118.145959"
"2363-BJLSL","United States","California","Bonita",91902,"32.671170","-117.002320"
"1956-YIFGE","United States","California","Boulevard",91905,"32.677097","-116.304991"
"7921-LMDFQ","United States","California","Chula Vista",91910,"32.636792","-117.054989"
"2925-MXLSX","United States","California","Chula Vista",91911,"32.607964","-117.059459"
"5820-PTRYM","United States","California","Chula Vista",91913,"32.641640","-116.985026"
"9609-BENEA","United States","California","Chula Vista",91914,"32.688506","-116.938632"
"6211-WHMYA","United States","California","Chula Vista",91915,"32.605012","-116.975950"
"4459-BBGHE","United States","California","Descanso",91916,"32.912664","-116.635387"
"9945-PSVIP","United States","California","Dulzura",91917,"32.622999","-116.687855"
"9108-EJFJP","United States","California","Jacumba",91934,"32.649787","-116.223700"
"0530-IJVDB","United States","California","Jamul",91935,"32.695681","-116.798386"
"0508-SQWPL","United States","California","La Mesa",91941,"32.759327","-116.997260"
"2215-ZAFGX","United States","California","La Mesa",91942,"32.782501","-117.016110"
"8213-TAZPM","United States","California","Lemon Grove",91945,"32.733564","-117.033713"
"1304-SEGFY","United States","California","National City",91950,"32.671020","-117.095235"
"7242-EDTYC","United States","California","Pine Valley",91962,"32.800671","-116.483363"
"2904-GGUAZ","United States","California","Potrero",91963,"32.619465","-116.593605"
"5136-GFPMB","United States","California","Spring Valley",91978,"32.730264","-116.950963"
"2595-KIWPV","United States","California","Tecate",91980,"32.587557","-116.636816"
"5243-SAOTC","United States","California","Bonsall",92003,"33.290907","-117.202895"
"9398-MMQTO","United States","California","Borrego Springs",92004,"33.200369","-116.192313"
"7619-PLRLP","United States","California","Cardiff By The Sea",92007,"33.015866","-117.272254"
"6508-NJYRO","United States","California","Carlsbad",92009,"33.098018","-117.258203"
"4710-NKCAW","United States","California","El Cajon",92019,"32.785165","-116.862648"
"5306-BVTKJ","United States","California","El Cajon",92020,"32.796970","-116.969082"
"0357-NVCRI","United States","California","El Cajon",92021,"32.832706","-116.873258"
"2371-KFUOG","United States","California","Escondido",92025,"33.081478","-117.033814"
"0463-ZSDNT","United States","California","Escondido",92026,"33.218460","-117.116916"
"6257-DTAYD","United States","California","Fallbrook",92028,"33.362575","-117.299644"
"4616-ULAOA","United States","California","Escondido",92029,"33.079834","-117.134275"
"7746-AWNQW","United States","California","La Jolla",92037,"32.853743","-117.250340"
"5996-EBTKM","United States","California","Lakeside",92040,"32.909873","-116.906774"
"2758-RNWXS","United States","California","Oceanside",92054,"33.351059","-117.420557"
"2314-TNDJQ","United States","California","Oceanside",92056,"33.194742","-117.290320"
"2405-LBMUW","United States","California","Oceanside",92057,"33.254497","-117.285879"
"3454-JFUBC","United States","California","Pala",92059,"33.384345","-117.072619"
"9039-ZVJDC","United States","California","Pauma Valley",92061,"33.313828","-116.940501"
"9013-AQORL","United States","California","Ramona",92065,"33.044541","-116.833922"
"2898-MRKPI","United States","California","Ranchita",92066,"33.215251","-116.536330"
"2750-BJLSB","United States","California","Rancho Santa Fe",92067,"33.012751","-117.200617"
"3648-GZPHF","United States","California","San Marcos",92069,"33.162624","-117.170863"
"2075-RMJIK","United States","California","Santa Ysabel",92070,"33.174725","-116.743329"
"9588-YRFHY","United States","California","Santee",92071,"32.847336","-116.997605"
"9364-YKUVW","United States","California","Valley Center",92082,"33.252830","-116.986079"
"5392-AKEMH","United States","California","Vista",92083,"33.174940","-117.242761"
"2451-YMUXS","United States","California","Vista",92084,"33.227840","-117.200024"
"3914-FDRHP","United States","California","Warner Springs",92086,"33.323705","-116.626907"
"3078-ZKNTS","United States","California","Rancho Santa Fe",92091,"32.993560","-117.207121"
"1024-KPRBB","United States","California","San Diego",92101,"32.725230","-117.171346"
"4690-PKDQG","United States","California","San Diego",92102,"32.716007","-117.117462"
"9547-ITEFG","United States","California","San Diego",92105,"32.741859","-117.090353"
"1264-FUHCX","United States","California","San Diego",92106,"32.713460","-117.236378"
"7789-CRUVC","United States","California","San Diego",92107,"32.741852","-117.243453"
"6598-KELSS","United States","California","San Diego",92108,"32.774046","-117.142454"
"9972-VAFJJ","United States","California","San Diego",92116,"32.765299","-117.122565"
"0422-UXFAP","United States","California","San Diego",92117,"32.825086","-117.199424"
"1904-WAJAA","United States","California","Coronado",92118,"32.686740","-117.186612"
"5130-YPIRV","United States","California","San Diego",92119,"32.802959","-117.027095"
"2843-CQMEG","United States","California","San Diego",92120,"32.807867","-117.060993"
"6439-PKTRR","United States","California","San Diego",92121,"32.898613","-117.202937"
"5351-QESIO","United States","California","San Diego",92122,"32.857230","-117.209774"
"5568-DMXZS","United States","California","San Diego",92124,"32.827238","-117.089287"
"8468-FZTOE","United States","California","San Diego",92126,"32.886925","-117.152162"
"6633-SYEUS","United States","California","San Diego",92127,"33.017518","-117.118456"
"6447-GORXK","United States","California","San Diego",92128,"33.000269","-117.072093"
"6967-PEJLL","United States","California","San Diego",92129,"32.961064","-117.134917"
"5981-ZVXOT","United States","California","San Diego",92131,"32.893250","-117.087091"
"1684-FLBGS","United States","California","San Diego",92139,"32.677716","-117.047666"
"1389-WNUIB","United States","California","San Diego",92154,"32.578103","-117.012975"
"0376-OIWME","United States","California","San Ysidro",92173,"32.555828","-117.040073"
"0218-QNVAS","United States","California","Indio",92203,"33.752938","-116.230055"
"0804-YGEQV","United States","California","Palm Desert",92211,"33.762759","-116.324817"
"7164-BPTUT","United States","California","Banning",92220,"33.936298","-116.849577"
"2523-EWWZL","United States","California","Blythe",92225,"33.674583","-114.716120"
"0928-XUTSN","United States","California","Brawley",92227,"33.039330","-115.191857"
"0052-YNYOT","United States","California","Calexico",92231,"32.690654","-115.431225"
"9586-JGQKH","United States","California","Cathedral City",92234,"33.829583","-116.474131"
"4501-VCPFK","United States","California","Coachella",92236,"33.680031","-116.171678"
"6075-SLNIL","United States","California","Desert Center",92239,"33.889605","-115.257009"
"9347-AERRL","United States","California","Desert Hot Springs",92240,"33.948558","-116.516976"
"2274-XUATA","United States","California","Earp",92242,"34.137742","-114.365140"
"6691-CCIHA","United States","California","Joshua Tree",92252,"34.167236","-116.281511"
"1685-BQULA","United States","California","La Quinta",92253,"33.695532","-116.310571"
"9053-EJUNL","United States","California","Mecca",92254,"33.543835","-115.993906"
"0666-UXTJO","United States","California","Morongo Valley",92256,"34.097863","-116.594561"
"1471-GIQKQ","United States","California","Niland",92257,"33.345825","-115.596574"
"4807-IZYOZ","United States","California","North Palm Springs",92258,"33.906496","-116.569499"
"9710-NJERN","United States","California","Palm Desert",92260,"33.694501","-116.412711"
"9837-FWLCH","United States","California","Palm Springs",92262,"33.839989","-116.659215"
"7203-OYKCT","United States","California","Palo Verde",92266,"33.324900","-114.758334"
"1035-IPQPU","United States","California","Parker Dam",92267,"34.273872","-114.192901"
"7398-LXGYX","United States","California","Pioneertown",92268,"34.201108","-116.593456"
"2823-LKABH","United States","California","Rancho Mirage",92270,"33.763678","-116.429928"
"0550-DCXLH","United States","California","Thermal",92274,"33.536040","-116.119222"
"9281-CEDRU","United States","California","Salton City",92275,"33.281560","-115.955541"
"2235-DWLJU","United States","California","Thousand Palms",92276,"33.849263","-116.382778"
"0871-OPBXW","United States","California","Twentynine Palms",92277,"34.172110","-115.769773"
"3605-JISKB","United States","California","Twentynine Palms",92278,"34.457829","-116.139589"
"9767-FFLEM","United States","California","Westmorland",92281,"33.036790","-115.605030"
"8456-QDAVC","United States","California","Winterhaven",92283,"32.852947","-114.850784"
"7750-EYXWZ","United States","California","Yucca Valley",92284,"34.159534","-116.425984"
"2569-WGERO","United States","California","Landers",92285,"34.341737","-116.539416"
"6840-RESVB","United States","California","Adelanto",92301,"34.667815","-117.536183"
"2234-XADUH","United States","California","Amboy",92304,"34.559882","-115.637164"
"4801-JZAZL","United States","California","Angelus Oaks",92305,"34.167800","-116.864330"
"3186-AJIEK","United States","California","Apple Valley",92308,"34.424926","-117.184503"
