"customer_id","phone_service","multiple_lines","internet_service","online_security","online_backup","device_protection","tech_support","streaming_tv","streaming_movies"
"3668-QPYBK",True,"No","DSL","Yes","Yes","No","No","No","No"
"9237-HQITU",True,"No","Fiber optic","No","No","No","No","No","No"
"9305-CDSKC",True,"Yes","Fiber optic","No","No","Yes","No","Yes","Yes"
"7892-POOKP",True,"Yes","Fiber optic","No","No","Yes","Yes","Yes","Yes"
"0280-XJGEX",True,"Yes","Fiber optic","No","Yes","Yes","No","Yes","Yes"
"4190-MFLUW",True,"No","DSL","No","No","Yes","Yes","No","No"
"8779-QRDMV",False,"No phone service","DSL","No","No","Yes","No","No","Yes"
"1066-JKSGK",True,"No","No","No internet service","No internet service","No internet service","No internet service","No internet service","No internet service"
"6467-CHFZW",True,"Yes","Fiber optic","No","Yes","No","No","Yes","Yes"
"8665-UTDHZ",False,"No phone service","DSL","No","Yes","No","No","No","No"
"8773-HHUOZ",True,"No","DSL","No","No","No","No","Yes","Yes"
"6047-YHPVI",True,"No","Fiber optic","No","No","No","No","No","No"
"5380-WJKOV",True,"Yes","Fiber optic","No","Yes","Yes","No","Yes","Yes"
"8168-UQWWF",True,"Yes","Fiber optic","No","No","Yes","No","Yes","Yes"
"7760-OYPDY",True,"No","Fiber optic","No","No","No","No","Yes","No"
"9420-LOJKX",True,"No","Fiber optic","Yes","Yes","No","No","Yes","Yes"
"7495-OOKFY",True,"Yes","Fiber optic","No","Yes","No","No","No","No"
"1658-BYGOY",True,"Yes","Fiber optic","No","No","No","No","Yes","Yes"
"5698-BQJOH",True,"Yes","Fiber optic","No","No","No","No","Yes","Yes"
"5919-TMRGD",True,"No","Fiber optic","No","No","No","No","Yes","No"
"9191-MYQKX",True,"No","Fiber optic","No","No","Yes","No","No","No"
"8637-XJIVR",True,"Yes","Fiber optic","Yes","No","No","No","No","No"
"0278-YXOOG",True,"No","No","No internet service","No internet service","No internet service","No internet service","No internet service","No internet service"
"4598-XLKNJ",True,"No","Fiber optic","No","Yes","Yes","No","Yes","Yes"
"3192-NQECA",True,"Yes","Fiber optic","No","Yes","Yes","Yes","Yes","Yes"
"0486-HECZI",True,"Yes","Fiber optic","Yes","Yes","No","No","Yes","No"
"4846-WHAFZ",True,"Yes","Fiber optic","No","No","No","No","No","No"
"5299-RULOA",True,"Yes","Fiber optic","Yes","No","No","No","Yes","Yes"
"0404-SWRVG",True,"Yes","Fiber optic","No","No","No","No","No","No"
"4412-YLTKF",True,"Yes","Fiber optic","No","No","Yes","No","No","No"
"6207-WIOLX",False,"No phone service","DSL","Yes","Yes","Yes","No","Yes","Yes"
"3091-FYHKI",False,"No phone service","DSL","No","No","No","No","No","Yes"
"2372-HWUHI",True,"No","DSL","No","No","No","No","No","No"
"0390-DCFDQ",True,"No","Fiber optic","No","No","No","No","No","No"
"4080-OGPJL",True,"Yes","DSL","Yes","No","No","Yes","No","Yes"
"2135-RXIHG",True,"No","DSL","No","No","No","No","No","No"
"3874-EQOEP",True,"Yes","Fiber optic","No","No","No","No","Yes","Yes"
"0867-MKZVY",True,"Yes","Fiber optic","Yes","No","No","No","No","No"
"3376-BMGFE",True,"No","Fiber optic","No","No","No","No","No","No"
"3445-HXXGF",False,"No phone service","DSL","No","Yes","Yes","No","No","Yes"
"1875-QIVME",True,"Yes","Fiber optic","No","No","Yes","Yes","Yes","Yes"
"0691-JVSYA",True,"No","Fiber optic","No","No","Yes","No","Yes","Yes"
"2656-FMOKZ",True,"Yes","Fiber optic","No","No","No","No","No","No"
"2070-FNEXE",True,"No","Fiber optic","Yes","No","No","No","No","No"
"6317-YPKDH",False,"No phone service","DSL","No","Yes","No","No","No","No"
"9367-WXLCH",True,"Yes","Fiber optic","No","No","No","No","No","Yes"
"1918-ZBFQJ",True,"No","Fiber optic","No","Yes","Yes","No","No","No"
"1024-GUALD",False,"No phone service","DSL","No","No","No","No","No","No"
"2472-OVKUP",True,"No","Fiber optic","No","Yes","Yes","No","No","Yes"
"1285-OKIPP",True,"No","Fiber optic","No","No","No","No","No","Yes"
"7825-ECJRF",True,"No","Fiber optic","Yes","No","Yes","Yes","Yes","Yes"
"7841-TZDMQ",True,"No","DSL","No","No","No","No","No","No"
"9408-SSNVZ",True,"No","Fiber optic","No","No","No","No","No","No"
"0742-MOABM",True,"No","DSL","No","No","No","Yes","No","No"
"2232-DMLXU",True,"No","DSL","No","No","No","No","Yes","No"
"8937-RDTHP",True,"No","Fiber optic","Yes","No","No","No","No","Yes"
"1251-KRREG",True,"Yes","DSL","No","Yes","No","No","No","No"
"0094-OIFMO",True,"No","Fiber optic","No","Yes","No","No","Yes","Yes"
"9947-OTFQU",True,"No","Fiber optic","No","Yes","No","No","No","No"
"0322-YINQP",True,"No","DSL","Yes","No","No","No","No","No"
"4629-NRXKX",True,"No","Fiber optic","No","No","No","No","No","No"
"9514-JDSKI",False,"No phone service","DSL","No","Yes","No","No","Yes","No"
"4959-JOSRX",True,"No","DSL","No","No","No","No","No","No"
"7273-TEFQD",False,"No phone service","DSL","No","No","Yes","No","No","Yes"
"3606-TWKGI",True,"Yes","Fiber optic","No","Yes","Yes","No","Yes","Yes"
"6323-AYBRX",True,"No","No","No internet service","No internet service","No internet service","No internet service","No internet service","No internet service"
"4385-GZQXV",True,"No","Fiber optic","No","No","No","Yes","Yes","Yes"
"6366-ZGQGL",False,"No phone service","DSL","No","No","No","No","No","No"
"5940-AHUHD",True,"No","Fiber optic","No","No","No","No","No","No"
"6432-TWQLB",True,"Yes","Fiber optic","No","Yes","No","Yes","No","No"
"4484-GLZOU",True,"Yes","Fiber optic","No","Yes","Yes","No","Yes","Yes"
"9512-UIBFX",True,"No","Fiber optic","No","No","Yes","No","Yes","Yes"
"5583-SXDAG",True,"No","Fiber optic","No","No","No","No","No","No"
"3488-PGMQJ",True,"No","Fiber optic","No","Yes","No","No","No","No"
"3580-REOAC",True,"No","DSL","No","No","No","No","No","No"
"7534-BFESC",True,"Yes","Fiber optic","No","No","No","No","No","No"
"6390-DSAZX",True,"No","Fiber optic","Yes","No","No","No","No","No"
"8098-LLAZX",True,"Yes","Fiber optic","No","No","No","No","Yes","Yes"
"0265-EDXBD",True,"Yes","Fiber optic","No","No","No","No","No","No"
"7563-BIUPC",True,"No","Fiber optic","No","No","No","No","Yes","No"
"2321-OMBXY",True,"No","DSL","Yes","Yes","No","Yes","Yes","Yes"
"2840-XANRC",True,"No","Fiber optic","No","No","Yes","No","Yes","Yes"
"5020-ZSTTY",True,"Yes","DSL","Yes","Yes","No","Yes","Yes","Yes"
"5804-LEPIM",True,"No","Fiber optic","No","No","No","No","No","No"
"0122-OAHPZ",True,"Yes","Fiber optic","No","No","No","No","No","No"
"2868-SNELZ",True,"Yes","Fiber optic","No","No","Yes","No","No","No"
"4322-RCYMT",True,"Yes","DSL","No","Yes","Yes","Yes","No","Yes"
"6680-NENYN",True,"Yes","Fiber optic","No","Yes","Yes","No","Yes","Yes"
"1343-EHPYB",True,"Yes","Fiber optic","No","Yes","Yes","No","Yes","Yes"
"2034-GDRCN",True,"No","Fiber optic","No","No","No","No","Yes","Yes"
"0219-YTZUE",True,"Yes","Fiber optic","No","Yes","Yes","No","No","No"
"0623-IIHUG",False,"No phone service","DSL","Yes","No","No","No","Yes","No"
"4572-DVCGN",True,"No","Fiber optic","No","No","No","No","No","Yes"
"9057-MSWCO",False,"No phone service","DSL","Yes","No","No","No","No","No"
"1010-DIAUQ",True,"No","Fiber optic","No","No","Yes","No","Yes","Yes"
"0259-GBZSH",True,"Yes","Fiber optic","No","No","No","No","Yes","No"
"9601-BRXPO",True,"Yes","Fiber optic","No","No","Yes","Yes","Yes","Yes"
"6905-NIQIN",True,"No","DSL","No","Yes","No","No","No","No"
"5167-ZFFMM",True,"Yes","Fiber optic","No","Yes","No","No","No","Yes"
"4895-TMWIR",True,"No","No","No internet service","No internet service","No internet service","No internet service","No internet service","No internet service"
"0533-BNWKF",True,"Yes","Fiber optic","No","Yes","Yes","No","No","No"
"6599-CEBNN",True,"No","Fiber optic","No","Yes","No","No","No","No"
"0979-PHULV",True,"Yes","Fiber optic","No","No","Yes","No","Yes","Yes"
"4800-VHZKI",True,"No","No","No internet service","No internet service","No internet service","No internet service","No internet service","No internet service"
"7989-CHGTL",True,"No","No","No internet service","No internet service","No internet service","No internet service","No internet service","No internet service"
"0334-GDDSO",True,"Yes","Fiber optic","No","Yes","No","No","No","No"
"0578-SKVMF",True,"No","Fiber optic","No","Yes","No","No","No","Yes"
"5564-NEMQO",True,"No","Fiber optic","No","No","Yes","No","No","No"
"9063-ZGTUY",True,"No","No","No internet service","No internet service","No internet service","No internet service","No internet service","No internet service"
"2957-LOLHO",True,"No","DSL","No","No","No","No","No","No"
"7752-XUSCI",True,"Yes","Fiber optic","No","Yes","Yes","No","Yes","Yes"
"4110-PFEUZ",True,"No","Fiber optic","No","No","No","No","No","No"
"0256-LTHVJ",True,"No","Fiber optic","No","No","No","No","No","Yes"
"0880-TKATG",True,"Yes","Fiber optic","No","No","Yes","No","Yes","Yes"
"3811-VBYBZ",True,"Yes","Fiber optic","No","Yes","No","No","Yes","Yes"
"4640-UHDOS",True,"No","DSL","No","No","No","No","No","Yes"
"3583-EKAPL",True,"No","DSL","No","No","No","No","No","Yes"
"9399-APLBT",True,"No","Fiber optic","No","Yes","No","No","No","No"
"2359-KMGLI",True,"Yes","Fiber optic","No","Yes","No","No","No","No"
"0306-JAELE",True,"No","Fiber optic","No","No","No","Yes","Yes","Yes"
"6227-HWPWX",True,"No","Fiber optic","No","No","No","No","No","No"
"0447-BEMNG",False,"No phone service","DSL","Yes","No","Yes","No","No","Yes"
"5949-XIKAE",True,"No","Fiber optic","No","Yes","No","No","Yes","No"
"8372-JUXUI",True,"Yes","Fiber optic","No","No","No","No","No","No"
"0388-EOPEX",True,"No","Fiber optic","Yes","No","No","No","No","No"
"8205-OTCHB",False,"No phone service","DSL","No","Yes","Yes","No","No","Yes"
"6235-VDHOM",False,"No phone service","DSL","No","Yes","No","No","No","No"
"7783-YKGDV",True,"Yes","Fiber optic","Yes","Yes","Yes","No","No","Yes"
"5609-CEBID",True,"Yes","Fiber optic","No","Yes","Yes","No","No","Yes"
"7218-HKQFK",True,"No","Fiber optic","No","No","No","Yes","Yes","Yes"
"4636-QRJKY",True,"Yes","Fiber optic","No","No","No","Yes","No","No"
"5956-VKDTT",True,"Yes","Fiber optic","No","No","No","No","No","No"
"9412-GHEEC",True,"Yes","Fiber optic","No","No","Yes","Yes","Yes","Yes"
"0257-ZESQC",True,"No","Fiber optic","Yes","No","No","No","No","No"
"6825-UYPFK",True,"Yes","Fiber optic","No","No","No","No","No","No"
"8397-MVTAZ",True,"Yes","Fiber optic","No","No","Yes","No","Yes","Yes"
"9282-IZGQK",True,"Yes","Fiber optic","No","No","No","No","No","Yes"
"1342-JPNKI",True,"Yes","Fiber optic","No","No","No","No","Yes","No"
"2817-NTQDO",False,"No phone service","DSL","Yes","No","No","Yes","Yes","No"
"6986-IJDHX",True,"No","Fiber optic","No","Yes","No","No","Yes","No"
"5301-GAUUY",True,"Yes","Fiber optic","No","Yes","No","No","No","No"
"0939-YAPAF",True,"Yes","Fiber optic","No","No","Yes","No","Yes","Yes"
"4710-FDUIZ",True,"Yes","Fiber optic","No","Yes","No","No","Yes","Yes"
"1218-VKFPE",True,"No","No","No internet service","No internet service","No internet service","No internet service","No internet service","No internet service"
"3627-FHKBK",True,"No","Fiber optic","Yes","No","No","No","No","No"
"2865-TCHJW",True,"Yes","Fiber optic","No","No","Yes","No","Yes","No"
"5192-EBGOV",True,"Yes","Fiber optic","No","No","No","No","Yes","No"
"0719-SYFRB",True,"Yes","DSL","Yes","No","Yes","Yes","No","No"
"3419-SNJJD",True,"Yes","Fiber optic","Yes","No","Yes","No","Yes","Yes"
"6543-CPZMK",False,"No phone service","DSL","No","Yes","No","No","No","No"
"4765-OXPPD",True,"No","DSL","Yes","Yes","Yes","Yes","No","No"
"1009-IRMNA",True,"No","No","No internet service","No internet service","No internet service","No internet service","No internet service","No internet service"
"4554-YGZIH",True,"Yes","Fiber optic","No","Yes","No","No","No","Yes"
"5099-BAILX",True,"Yes","Fiber optic","No","Yes","Yes","Yes","Yes","Yes"
"7207-RMRDB",True,"Yes","Fiber optic","No","Yes","Yes","No","Yes","Yes"
"4913-EHYUI",True,"Yes","Fiber optic","Yes","No","Yes","No","Yes","Yes"
"0195-IESCP",True,"Yes","Fiber optic","No","No","No","No","No","Yes"
"4580-TMHJU",True,"No","DSL","No","No","No","No","Yes","No"
"0970-ETWGE",True,"No","Fiber optic","No","No","No","No","Yes","Yes"
"1626-ERCMM",True,"Yes","Fiber optic","No","No","No","No","Yes","Yes"
"0887-HJGAR",True,"No","DSL","No","No","No","No","No","No"
"5644-PDMZC",True,"Yes","Fiber optic","No","Yes","No","No","No","Yes"
"9576-ANLXO",True,"No","Fiber optic","No","No","No","No","No","No"
"2024-BASKD",True,"No","Fiber optic","No","No","Yes","No","No","No"
"4160-AMJTL",True,"No","No","No internet service","No internet service","No internet service","No internet service","No internet service","No internet service"
"4464-JCOLN",True,"No","No","No internet service","No internet service","No internet service","No internet service","No internet service","No internet service"
"5650-VDUDS",False,"No phone service","DSL","No","No","No","No","No","No"
"7538-GWHML",True,"No","Fiber optic","No","No","No","No","No","No"
"3859-CVCET",True,"No","DSL","No","No","No","No","No","No"
"3276-HDUEG",True,"Yes","Fiber optic","No","No","No","No","No","No"
"0823-HSCDJ",False,"No phone service","DSL","No","Yes","No","No","Yes","Yes"
"0822-GAVAP",False,"No phone service","DSL","No","No","No","No","No","Yes"
"1448-PWKYE",True,"No","Fiber optic","No","No","No","No","No","Yes"
"0067-DKWBL",True,"No","DSL","Yes","No","No","No","No","No"
"2276-YDAVZ",True,"Yes","Fiber optic","No","No","No","No","No","No"
"5896-NPFWW",True,"No","DSL","No","No","Yes","No","No","No"
"7133-VBDCG",True,"No","Fiber optic","Yes","Yes","No","No","No","No"
"1029-QFBEN",True,"No","No","No internet service","No internet service","No internet service","No internet service","No internet service","No internet service"
"4952-YSOGZ",True,"Yes","Fiber optic","No","No","No","No","No","Yes"
"1589-AGTLK",True,"No","DSL","No","No","No","No","No","No"
"5244-IRFIH",True,"Yes","Fiber optic","No","No","No","No","Yes","Yes"
"2684-EIWEO",True,"Yes","Fiber optic","Yes","Yes","Yes","No","No","No"
"6439-GTPCA",True,"Yes","Fiber optic","No","No","Yes","Yes","No","No"
"5138-WVKYJ",True,"Yes","Fiber optic","Yes","No","No","No","Yes","Yes"
"6683-VLCTZ",True,"Yes","Fiber optic","No","No","Yes","No","Yes","Yes"
"2189-WWOEW",True,"No","Fiber optic","No","Yes","No","No","No","Yes"
"1894-IGFSG",True,"No","Fiber optic","No","No","No","No","Yes","Yes"
"7379-POKDZ",True,"No","Fiber optic","No","No","No","No","No","No"
"0236-HFWSV",True,"Yes","Fiber optic","No","No","No","No","Yes","Yes"
"3900-AQPHZ",True,"No","No","No internet service","No internet service","No internet service","No internet service","No internet service","No internet service"
"5842-POCOP",True,"No","Fiber optic","Yes","No","Yes","No","No","Yes"
"2037-XJFUP",True,"No","Fiber optic","No","No","Yes","No","Yes","Yes"
"7314-OXENN",True,"Yes","Fiber optic","No","Yes","No","No","No","No"
"0322-CHQRU",True,"No","DSL","No","No","No","No","No","No"
"4678-DVQEO",True,"No","DSL","No","No","No","Yes","No","No"
"0691-IFBQW",True,"Yes","Fiber optic","Yes","Yes","Yes","No","Yes","Yes"
"3009-JWMPU",True,"Yes","Fiber optic","No","No","Yes","No","Yes","Yes"
"1450-GALXR",True,"Yes","Fiber optic","No","No","No","Yes","Yes","Yes"
"3138-BKYAV",True,"No","Fiber optic","No","Yes","No","No","Yes","No"
"4289-DTDKW",True,"Yes","Fiber optic","No","Yes","No","No","Yes","Yes"
"1820-TQVEV",True,"No","Fiber optic","No","No","No","No","No","No"
"2239-JALAW",True,"Yes","Fiber optic","No","Yes","Yes","No","Yes","Yes"
"4853-RULSV",True,"Yes","Fiber optic","Yes","No","No","Yes","Yes","Yes"
"6275-YDUVO",True,"No","Fiber optic","No","No","Yes","No","No","Yes"
"0115-TFERT",True,"Yes","Fiber optic","No","Yes","Yes","Yes","Yes","Yes"
"2311-QYMUQ",True,"No","Fiber optic","No","Yes","Yes","No","Yes","No"
"3643-AHCFP",True,"Yes","Fiber optic","No","No","No","No","Yes","Yes"
"3104-OWCGK",True,"No","Fiber optic","No","Yes","Yes","No","Yes","No"
"9101-BWFSS",True,"Yes","Fiber optic","Yes","Yes","No","Yes","Yes","Yes"
"9231-ZJYAM",True,"No","Fiber optic","No","No","No","No","Yes","No"
"6982-SSHFK",True,"No","DSL","No","No","No","No","No","No"
"0727-BMPLR",True,"Yes","Fiber optic","No","No","Yes","No","Yes","Yes"
"1038-ZAGBI",True,"No","No","No internet service","No internet service","No internet service","No internet service","No internet service","No internet service"
"3027-ZTDHO",True,"No","Fiber optic","No","No","No","No","Yes","Yes"
"2382-BCKQJ",True,"Yes","Fiber optic","No","No","Yes","No","Yes","Yes"
"2207-NHRJK",True,"No","DSL","No","Yes","No","No","No","No"
"0947-MUGVO",True,"No","Fiber optic","No","Yes","No","No","No","No"
"9944-HKVVB",True,"No","Fiber optic","No","Yes","No","No","Yes","Yes"
"4124-MMETB",True,"Yes","Fiber optic","No","No","No","No","Yes","Yes"
"3671-SHRSP",True,"No","Fiber optic","No","No","Yes","Yes","No","No"
"3313-QKNKB",True,"Yes","Fiber optic","No","No","No","No","No","Yes"
"5073-WXOYN",False,"No phone service","DSL","No","Yes","No","No","Yes","Yes"
"0207-MDKNV",True,"No","Fiber optic","Yes","No","Yes","Yes","Yes","Yes"
"9851-KIELU",True,"No","Fiber optic","Yes","Yes","Yes","Yes","Yes","Yes"
"3908-BLSYF",True,"No","Fiber optic","No","No","Yes","No","No","Yes"
"7549-MYGPK",True,"Yes","Fiber optic","Yes","Yes","Yes","No","Yes","No"
"3804-RVTGV",True,"Yes","Fiber optic","No","Yes","Yes","No","Yes","Yes"
"9227-LUNBG",False,"No phone service","DSL","No","No","No","No","No","No"
"4315-MURBD",True,"No","Fiber optic","Yes","No","No","Yes","Yes","Yes"
"9734-YWGEX",True,"Yes","Fiber optic","No","No","Yes","No","Yes","Yes"
"2719-BDAQO",True,"No","Fiber optic","Yes","No","No","No","Yes","Yes"
"0781-LKXBR",True,"Yes","Fiber optic","No","No","Yes","No","Yes","Yes"
"1907-UBQFC",True,"No","Fiber optic","No","Yes","No","No","No","No"
"6513-EECDB",True,"Yes","Fiber optic","No","No","No","No","No","No"
"7074-IEVOJ",True,"Yes","Fiber optic","No","Yes","No","No","No","No"
"9625-QSTYE",True,"No","Fiber optic","No","Yes","Yes","No","No","No"
"4750-ZRXIU",True,"Yes","Fiber optic","No","No","No","No","No","Yes"
"6400-BWQKW",True,"Yes","Fiber optic","Yes","No","No","No","No","No"
"6680-WKXRZ",True,"Yes","Fiber optic","No","No","No","No","No","No"
"7028-DVOIQ",True,"Yes","Fiber optic","No","No","Yes","No","Yes","Yes"
"4208-UFFGW",True,"No","DSL","No","No","No","No","No","No"
"9448-REEVD",True,"No","DSL","No","No","No","No","No","No"
"9117-SHLZX",True,"No","DSL","No","No","No","No","No","No"
"9889-TMAHG",True,"No","Fiber optic","Yes","No","No","Yes","Yes","Yes"
"4541-RMRLG",True,"No","No","No internet service","No internet service","No internet service","No internet service","No internet service","No internet service"
"3158-MOERK",True,"Yes","Fiber optic","No","No","No","No","Yes","Yes"
"7294-TMAOP",True,"No","Fiber optic","No","No","No","No","Yes","Yes"
"8919-FYFQZ",False,"No phone service","DSL","No","Yes","No","No","No","No"
"2834-JRTUA",True,"Yes","Fiber optic","Yes","No","Yes","Yes","Yes","Yes"
"5875-YPQFJ",True,"No","Fiber optic","No","No","No","No","No","No"
"6646-QVXLR",True,"Yes","Fiber optic","No","Yes","Yes","No","Yes","Yes"
"8603-IJWDN",True,"Yes","Fiber optic","No","No","No","No","No","Yes"
"9369-XFEHK",True,"Yes","Fiber optic","No","Yes","No","No","No","No"
"3842-IYKUE",True,"Yes","Fiber optic","No","Yes","No","Yes","No","No"
"6641-XRPSU",True,"No","Fiber optic","No","No","No","No","No","No"
"1374-DMZUI",True,"Yes","Fiber optic","No","No","No","No","Yes","Yes"
"8357-EQXFO",True,"No","Fiber optic","No","No","Yes","No","Yes","Yes"
"1989-PRJHP",True,"Yes","Fiber optic","No","No","No","No","No","No"
"9524-EGPJC",True,"Yes","Fiber optic","No","No","No","Yes","No","Yes"
"6993-OHLXR",True,"No","Fiber optic","No","No","No","No","No","No"
"8818-XYFCQ",True,"Yes","Fiber optic","Yes","No","No","No","Yes","Yes"
"4695-VADHF",True,"No","DSL","No","No","Yes","No","No","Yes"
"3863-IUBJR",True,"No","DSL","No","No","No","No","No","Yes"
"4822-RVYBB",True,"Yes","Fiber optic","No","No","Yes","No","Yes","Yes"
"8436-BJUMM",True,"Yes","Fiber optic","No","No","No","No","Yes","No"
"4184-TJFAN",True,"No","Fiber optic","Yes","No","No","Yes","Yes","No"
"4145-UQXUQ",True,"No","Fiber optic","No","No","Yes","No","Yes","Yes"
"9948-YPTDG",True,"No","Fiber optic","Yes","Yes","No","No","No","No"
"1236-WFCDV",True,"No","Fiber optic","No","No","No","No","Yes","Yes"
"4883-QICIH",True,"No","Fiber optic","No","No","No","No","No","No"
"8329-IBCTI",True,"No","No","No internet service","No internet service","No internet service","No internet service","No internet service","No internet service"
"1271-SJBGZ",False,"No phone service","DSL","No","No","Yes","Yes","No","Yes"
"5669-SRAIP",False,"No phone service","DSL","No","No","Yes","No","No","Yes"
"5981-ITEMU",True,"Yes","Fiber optic","No","No","No","No","Yes","Yes"
"6941-PMGEP",True,"No","Fiber optic","No","No","No","No","No","Yes"
"1624-WOIWJ",True,"No","Fiber optic","Yes","No","No","No","Yes","No"
"2074-GKOWZ",True,"No","Fiber optic","No","No","No","No","Yes","Yes"
"0376-YMCJC",True,"Yes","Fiber optic","No","No","No","Yes","Yes","No"
"0634-SZPQA",True,"Yes","Fiber optic","Yes","No","No","No","Yes","No"
"5536-RTPWK",True,"Yes","Fiber optic","No","Yes","No","No","Yes","Yes"
"6166-ILMNY",True,"No","Fiber optic","No","No","No","No","No","No"
"3097-NNSPB",True,"No","DSL","No","Yes","No","No","No","No"
"0655-RBDUG",True,"Yes","Fiber optic","No","No","Yes","No","Yes","Yes"
"4361-BKAXE",True,"Yes","Fiber optic","Yes","Yes","Yes","Yes","Yes","Yes"
"9878-TNQGW",True,"No","Fiber optic","No","No","No","No","No","Yes"
"4441-NIHPT",True,"No","Fiber optic","No","No","Yes","No","No","No"
"8999-BOHSE",True,"No","Fiber optic","No","No","No","No","Yes","Yes"
"7029-RPUAV",True,"Yes","Fiber optic","No","No","Yes","No","Yes","Yes"
"4607-CHPCA",True,"No","Fiber optic","No","No","No","No","Yes","Yes"
"8824-RWFXJ",True,"No","DSL","No","Yes","Yes","No","No","No"
"9763-PDTKK",True,"No","Fiber optic","Yes","No","Yes","Yes","No","Yes"
"7627-JKIAZ",True,"Yes","Fiber optic","No","No","Yes","No","No","No"
"4081-DYXAV",False,"No phone service","DSL","No","No","No","No","Yes","Yes"
"8111-SLLHI",True,"Yes","Fiber optic","No","Yes","Yes","No","Yes","Yes"
"0927-LCSMG",True,"No","Fiber optic","No","No","Yes","No","No","No"
"8257-RZAHR",True,"Yes","DSL","Yes","No","No","No","Yes","No"
"5293-WXJAK",True,"Yes","Fiber optic","No","No","Yes","Yes","Yes","Yes"
"0841-NULXI",False,"No phone service","DSL","No","No","No","No","No","Yes"
"7851-WZEKY",True,"Yes","Fiber optic","No","No","No","No","Yes","Yes"
"8844-TONUD",True,"No","Fiber optic","No","No","Yes","No","Yes","Yes"
"4086-YQSNZ",True,"No","Fiber optic","No","No","No","No","Yes","No"
"5868-CZJDR",False,"No phone service","DSL","No","Yes","No","No","No","No"
"0135-NMXAP",True,"Yes","Fiber optic","No","Yes","No","No","Yes","No"
"6270-OMFIW",True,"No","Fiber optic","No","Yes","No","No","Yes","Yes"
"6818-WOBHJ",True,"Yes","Fiber optic","No","Yes","No","No","No","Yes"
"0107-WESLM",True,"No","No","No internet service","No internet service","No internet service","No internet service","No internet service","No internet service"
"3992-YWPKO",True,"Yes","Fiber optic","No","Yes","Yes","Yes","Yes","Yes"
"0125-LZQXK",True,"No","Fiber optic","No","No","Yes","Yes","Yes","Yes"
"8399-YNDCH",True,"No","DSL","No","No","Yes","No","Yes","No"
"5673-FSSMF",True,"Yes","DSL","No","No","No","No","No","Yes"
"1579-KLYDT",True,"Yes","Fiber optic","No","No","Yes","No","Yes","No"
"3927-NLNRY",True,"No","Fiber optic","No","Yes","No","No","Yes","Yes"
"6358-LYNGM",True,"Yes","Fiber optic","No","No","No","No","No","No"
"5494-HECPR",True,"No","Fiber optic","No","No","No","No","Yes","No"
"9824-BEMCV",True,"No","Fiber optic","No","No","No","No","No","No"
"1373-ORVIZ",True,"Yes","DSL","No","No","No","Yes","No","Yes"
"9866-QEVEE",True,"Yes","Fiber optic","No","No","No","No","No","Yes"
"9897-KXHCM",True,"No","Fiber optic","No","No","No","No","No","Yes"
"7979-CORPM",True,"Yes","Fiber optic","No","Yes","No","No","Yes","No"
"1618-CFHME",True,"Yes","Fiber optic","No","No","No","No","No","No"
"3165-HDOEW",True,"No","DSL","No","No","No","No","No","No"
"6581-NQCBA",False,"No phone service","DSL","No","No","No","Yes","Yes","Yes"
"1689-MRZQR",True,"No","Fiber optic","No","No","No","No","Yes","No"
"5835-BEQEU",True,"Yes","Fiber optic","No","No","No","No","No","No"
"5565-FILXA",True,"Yes","Fiber optic","No","No","No","No","Yes","Yes"
"5552-ZNFSJ",True,"No","DSL","No","No","No","No","No","No"
"2223-KAGMX",True,"No","No","No internet service","No internet service","No internet service","No internet service","No internet service","No internet service"
"7321-PKUYW",True,"Yes","Fiber optic","No","No","No","Yes","Yes","No"
"2833-SLKDQ",True,"No","DSL","No","No","No","No","No","No"
"7595-EUIVN",True,"No","Fiber optic","No","Yes","No","No","No","No"
"2026-TGDHM",True,"No","Fiber optic","No","No","No","No","No","Yes"
"4030-VPZBD",False,"No phone service","DSL","No","No","No","Yes","No","No"
"4187-CINZD",True,"No","Fiber optic","No","Yes","No","No","Yes","Yes"
"2408-TZMJL",True,"Yes","Fiber optic","Yes","Yes","Yes","No","Yes","Yes"
"9134-CEQMF",True,"No","Fiber optic","No","No","No","No","Yes","Yes"
"7993-PYKOF",True,"No","Fiber optic","Yes","No","No","No","No","No"
"5027-XWQHA",True,"No","DSL","No","No","No","No","No","No"
"4566-QVRRW",True,"No","DSL","No","No","No","No","No","No"
"8519-IMDHU",True,"Yes","Fiber optic","No","No","No","No","No","Yes"
"0201-OAMXR",True,"Yes","Fiber optic","Yes","Yes","Yes","Yes","Yes","Yes"
"3372-KWFBM",True,"Yes","Fiber optic","No","No","No","No","Yes","No"
"7831-QGOXH",True,"Yes","Fiber optic","No","No","No","No","Yes","No"
"6393-WRYZE",True,"Yes","Fiber optic","No","No","No","No","Yes","Yes"
"6599-RCLCJ",True,"Yes","Fiber optic","No","Yes","Yes","Yes","Yes","Yes"
"9831-BPFRI",True,"Yes","Fiber optic","No","Yes","Yes","Yes","No","No"
"1725-MIMXW",True,"No","No","No internet service","No internet service","No internet service","No internet service","No internet service","No internet service"
"0031-PVLZI",True,"No","No","No internet service","No internet service","No internet service","No internet service","No internet service","No internet service"
"7206-GZCDC",True,"No","Fiber optic","No","No","No","No","No","No"
"4791-QRGMF",True,"Yes","Fiber optic","No","No","Yes","No","Yes","Yes"
"1768-ZAIFU",False,"No phone service","DSL","No","No","No","No","No","No"
"4671-LXRDQ",True,"No","DSL","No","No","No","No","No","No"
"1934-SJVJK",True,"No","No","No internet service","No internet service","No internet service","No internet service","No internet service","No internet service"
"3838-OZURD",True,"Yes","Fiber optic","No","Yes","Yes","No","Yes","Yes"
"9269-CQOOL",True,"No","DSL","No","No","No","No","Yes","No"
"2845-HSJCY",True,"Yes","Fiber optic","No","No","Yes","No","No","Yes"
"1184-PJVDB",True,"No","Fiber optic","No","No","No","No","Yes","No"
"9415-DPEWS",True,"Yes","Fiber optic","No","No","No","Yes","Yes","No"
"7943-RQCHR",True,"Yes","Fiber optic","No","No","No","No","Yes","Yes"
"3793-MMFUH",True,"Yes","Fiber optic","No","No","No","No","Yes","Yes"
"3249-ZPQRG",True,"Yes","Fiber optic","No","Yes","No","No","No","No"
"2568-BRGYX",True,"No","Fiber optic","No","No","No","No","No","No"
"7721-JXEAW",False,"No phone service","DSL","No","Yes","No","No","No","Yes"
"7249-WBIYX",True,"Yes","Fiber optic","No","No","No","No","Yes","No"
"6567-HOOPW",True,"No","Fiber optic","No","No","No","No","Yes","No"
"3164-AALRN",True,"No","DSL","No","No","Yes","No","Yes","Yes"
"3334-CTHOL",True,"Yes","DSL","No","No","No","No","No","No"
"4704-ERYFC",True,"No","Fiber optic","No","No","No","No","No","No"
"8621-MNIHH",True,"Yes","Fiber optic","No","Yes","Yes","No","No","Yes"
"0471-LVHGK",True,"Yes","DSL","No","No","Yes","No","Yes","Yes"
"9518-RWHZL",True,"Yes","Fiber optic","No","No","Yes","No","Yes","Yes"
"5419-CONWX",True,"No","Fiber optic","No","Yes","Yes","No","Yes","Yes"
"6240-EURKS",False,"No phone service","DSL","No","No","No","No","No","Yes"
"6960-HVYXR",True,"Yes","Fiber optic","No","No","No","No","No","No"
"7024-OHCCK",True,"Yes","Fiber optic","No","No","No","No","Yes","Yes"
"7861-UVUFT",True,"No","Fiber optic","No","No","Yes","No","Yes","No"
"5357-TZHPP",True,"Yes","Fiber optic","No","No","No","No","No","Yes"
"0680-DFNNY",True,"Yes","Fiber optic","No","No","Yes","No","Yes","Yes"
"7767-UXAGJ",True,"Yes","DSL","No","No","No","No","No","No"
"1571-SAVHK",True,"Yes","Fiber optic","No","No","No","Yes","Yes","Yes"
"9546-CQJSU",True,"Yes","Fiber optic","No","No","Yes","No","Yes","No"
"0506-LVNGN",True,"No","Fiber optic","No","No","Yes","No","No","No"
"2951-QOQTK",True,"Yes","Fiber optic","No","No","No","Yes","No","No"
"3473-XIIIT",True,"Yes","Fiber optic","No","Yes","No","No","Yes","Yes"
"7893-IXHRQ",True,"No","No","No internet service","No internet service","No internet service","No internet service","No internet service","No internet service"
"2952-QAYZF",True,"Yes","Fiber optic","No","Yes","Yes","No","No","No"
"4763-PGDPO",True,"No","Fiber optic","No","No","No","No","No","No"
"5394-SVGJV",True,"Yes","Fiber optic","No","No","No","Yes","Yes","Yes"
"9283-LZQOH",True,"Yes","Fiber optic","No","No","No","No","No","No"
"6100-QQHEB",True,"Yes","Fiber optic","No","No","No","No","Yes","Yes"
"7079-QRCBC",True,"Yes","Fiber optic","No","No","Yes","No","Yes","Yes"
"5469-CTCWN",True,"Yes","Fiber optic","Yes","Yes","No","No","Yes","Yes"
"9851-QXEEQ",True,"Yes","Fiber optic","No","Yes","Yes","No","Yes","Yes"
"9809-IMGCQ",True,"Yes","Fiber optic","No","No","No","No","Yes","Yes"
"5208-HFSBT",True,"No","DSL","No","Yes","No","Yes","No","No"
"3254-YRILK",True,"Yes","Fiber optic","No","Yes","No","No","Yes","No"
"2667-WYLWJ",True,"No","No","No internet service","No internet service","No internet service","No internet service","No internet service","No internet service"
"0529-ONKER",True,"Yes","Fiber optic","No","No","No","No","No","No"
"5240-IJOQT",True,"Yes","Fiber optic","No","No","No","No","No","No"
"1092-GANHU",True,"No","Fiber optic","No","No","Yes","No","No","No"
"0661-XEYAN",False,"No phone service","DSL","No","No","No","No","No","No"
"7881-EVUAD",False,"No phone service","DSL","Yes","Yes","No","No","No","Yes"
"5766-XQXMQ",True,"No","DSL","Yes","Yes","Yes","No","No","Yes"
"3703-VAVCL",True,"No","Fiber optic","No","No","Yes","Yes","No","Yes"
"8519-QJGJD",True,"No","Fiber optic","No","No","Yes","No","No","No"
"6326-MTTXK",True,"Yes","Fiber optic","No","Yes","No","No","Yes","Yes"
"0330-IVZHA",True,"No","Fiber optic","No","No","No","No","No","No"
"2886-KEFUM",True,"Yes","Fiber optic","No","Yes","Yes","No","Yes","Yes"
"4237-RLAQD",True,"No","DSL","No","No","No","No","No","No"
"9651-GTSAQ",True,"No","Fiber optic","Yes","Yes","Yes","No","Yes","Yes"
"3186-BAXNB",True,"No","Fiber optic","No","Yes","No","Yes","Yes","No"
"0637-YLETY",True,"Yes","Fiber optic","No","Yes","Yes","No","No","Yes"
"1157-BQCUW",True,"Yes","Fiber optic","No","No","No","No","No","No"
"2660-EMUBI",True,"Yes","Fiber optic","No","No","No","No","Yes","Yes"
"7675-OZCZG",True,"No","DSL","No","No","No","No","No","No"
"2003-CKLOR",True,"No","Fiber optic","No","Yes","Yes","No","Yes","Yes"
"9254-RBFON",True,"No","Fiber optic","No","No","Yes","Yes","Yes","Yes"
"1205-WNWPJ",True,"No","DSL","No","No","No","Yes","Yes","No"
"9391-EOYLI",True,"No","Fiber optic","No","No","No","No","No","Yes"
"8387-MOJJT",True,"No","Fiber optic","No","No","No","No","Yes","No"
"2761-OCIAX",True,"No","Fiber optic","No","Yes","No","No","No","No"
"3068-OMWZA",True,"Yes","Fiber optic","No","No","Yes","No","Yes","No"
"6032-KRXXO",True,"No","Fiber optic","No","No","No","No","Yes","Yes"
"7459-RRWQZ",True,"Yes","DSL","Yes","No","No","No","No","Yes"
"4154-AQUGT",True,"No","Fiber optic","No","Yes","No","Yes","No","Yes"
"3092-IGHWF",True,"Yes","Fiber optic","No","Yes","Yes","No","No","No"
"8017-LXHFA",True,"No","Fiber optic","No","Yes","No","No","Yes","Yes"
"6352-TWCAU",True,"Yes","Fiber optic","No","No","No","No","Yes","No"
"2929-QNSRW",True,"Yes","Fiber optic","No","Yes","No","No","Yes","Yes"
"1262-OPMFY",True,"No","Fiber optic","No","No","Yes","No","No","No"
"4248-QPAVC",True,"Yes","Fiber optic","Yes","No","Yes","No","No","No"
"1899-VXWXM",True,"Yes","Fiber optic","No","Yes","Yes","No","Yes","Yes"
"4690-LLKUA",True,"No","DSL","No","No","No","No","No","No"
"3331-HQDTW",True,"Yes","Fiber optic","Yes","Yes","Yes","No","Yes","Yes"
"9490-DFPMD",True,"Yes","Fiber optic","No","No","No","No","Yes","No"
"5442-XSDCW",True,"No","Fiber optic","No","No","No","No","Yes","No"
"3049-NDXFL",True,"Yes","Fiber optic","No","No","No","No","No","Yes"
"8580-AECUZ",True,"No","Fiber optic","No","No","No","No","Yes","No"
"7963-GQRMY",True,"No","DSL","No","No","No","No","No","No"
"1228-FZFRV",True,"Yes","Fiber optic","Yes","No","Yes","No","Yes","Yes"
"2058-DCJBE",True,"No","Fiber optic","No","No","No","No","No","No"
"5364-XYIRR",True,"Yes","Fiber optic","No","No","No","No","Yes","Yes"
"4829-AUOAX",True,"Yes","Fiber optic","No","No","No","No","Yes","Yes"
"5047-LHVLY",True,"No","DSL","No","No","Yes","No","No","No"
"9158-VCTQB",True,"Yes","Fiber optic","Yes","Yes","Yes","Yes","Yes","Yes"
"6311-UEUME",True,"No","Fiber optic","No","No","No","No","Yes","No"
"2634-HCZGT",True,"Yes","DSL","Yes","No","No","Yes","No","No"
"6839-ITVZJ",True,"Yes","DSL","No","Yes","No","Yes","No","No"
"0375-HVGXO",False,"No phone service","DSL","No","No","No","No","Yes","No"
"8593-WHYHV",True,"Yes","Fiber optic","No","No","No","No","No","Yes"
"6097-EQISJ",True,"Yes","Fiber optic","No","Yes","Yes","No","Yes","Yes"
"4423-YLHDV",True,"Yes","Fiber optic","Yes","No","Yes","No","Yes","Yes"
"0107-YHINA",True,"Yes","Fiber optic","No","No","Yes","No","Yes","Yes"
"8640-SDGKB",True,"No","DSL","No","No","Yes","Yes","Yes","Yes"
"4116-TZAQJ",True,"No","Fiber optic","Yes","No","No","No","No","No"
"3877-JRJIP",True,"Yes","DSL","No","No","No","No","Yes","No"
"8375-DKEBR",True,"No","Fiber optic","No","No","No","No","No","No"
"7511-YMXVQ",False,"No phone service","DSL","No","No","No","No","Yes","Yes"
"7551-JOHTI",True,"No","No","No internet service","No internet service","No internet service","No internet service","No internet service","No internet service"
"9804-ICWBG",True,"No","Fiber optic","No","No","No","No","No","No"
"5318-IXUZF",True,"No","Fiber optic","No","Yes","No","No","Yes","No"
"3198-VELRD",True,"Yes","Fiber optic","No","No","No","No","No","Yes"
"9436-ZBZCT",True,"Yes","Fiber optic","No","No","No","Yes","Yes","No"
"7279-BUYWN",True,"Yes","Fiber optic","Yes","Yes","Yes","No","Yes","Yes"
"7156-MHUGY",True,"No","Fiber optic","No","No","No","No","Yes","Yes"
"7198-GLXTC",True,"No","Fiber optic","No","No","No","No","Yes","No"
"0516-VRYBW",True,"No","No","No internet service","No internet service","No internet service","No internet service","No internet service","No internet service"
"8380-PEFPE",True,"No","Fiber optic","No","No","No","No","No","No"
"5687-DKDTV",True,"No","No","No internet service","No internet service","No internet service","No internet service","No internet service","No internet service"
"7530-HDYDS",True,"No","Fiber optic","No","Yes","Yes","Yes","No","No"
"3096-IZETN",True,"No","Fiber optic","No","No","No","No","No","Yes"
"5922-ABDVO",True,"Yes","Fiber optic","No","No","Yes","No","No","Yes"
"9172-ANCRX",True,"Yes","Fiber optic","Yes","No","No","No","Yes","Yes"
"6910-HADCM",True,"No","Fiber optic","No","No","Yes","No","No","No"
"5948-UJZLF",True,"No","DSL","No","Yes","No","No","No","No"
"4816-LXZYW",True,"Yes","Fiber optic","No","Yes","No","No","No","No"
"9606-PBKBQ",True,"Yes","Fiber optic","No","No","No","No","No","Yes"
"3536-IQCTX",True,"Yes","Fiber optic","No","No","No","No","No","Yes"
"4911-BANWH",True,"Yes","Fiber optic","No","No","No","No","Yes","No"
"8496-EJAUI",True,"No","Fiber optic","No","Yes","No","No","No","No"
"3132-TVFDZ",False,"No phone service","DSL","No","No","No","No","Yes","Yes"
"8080-DDEMJ",True,"No","DSL","No","No","No","No","No","No"
"6365-MTGZX",True,"No","Fiber optic","No","No","No","Yes","Yes","Yes"
"1349-WXNGG",True,"No","No","No internet service","No internet service","No internet service","No internet service","No internet service","No internet service"
"6990-YNRIO",True,"Yes","Fiber optic","Yes","No","Yes","Yes","Yes","Yes"
"0621-TWIEM",True,"No","DSL","No","No","No","No","No","No"
"2485-ITVKB",False,"No phone service","DSL","No","No","No","No","No","Yes"
"3669-OYSJI",True,"No","DSL","No","No","No","No","No","No"
"1612-EOHDH",True,"No","DSL","No","No","No","No","No","No"
"6702-OHFWR",False,"No phone service","DSL","No","Yes","Yes","No","No","Yes"
"4510-PYUSH",True,"No","DSL","Yes","Yes","No","No","No","No"
"7517-SAWMO",True,"No","Fiber optic","Yes","No","No","No","No","No"
"4143-HHPMK",True,"No","Fiber optic","No","Yes","No","No","No","Yes"
"7054-LGEQW",True,"No","DSL","No","No","No","No","No","No"
"0923-PNFUB",True,"No","Fiber optic","No","Yes","No","No","Yes","No"
"3494-JCHRQ",True,"No","Fiber optic","No","No","No","No","No","No"
"6474-FVJLC",True,"Yes","Fiber optic","No","No","No","No","No","Yes"
"8840-DQLGN",True,"Yes","Fiber optic","Yes","Yes","No","Yes","Yes","No"
"4547-LYTDD",True,"Yes","Fiber optic","No","No","No","No","No","No"
"6770-XUAGN",True,"No","No","No internet service","No internet service","No internet service","No internet service","No internet service","No internet service"
"4193-ORFCL",True,"No","DSL","No","No","No","No","No","No"
"7776-QWNFX",True,"No","DSL","No","Yes","No","No","No","No"
"6689-TCZHQ",True,"No","Fiber optic","No","No","No","No","No","Yes"
"3143-ILDAL",True,"Yes","Fiber optic","No","Yes","No","Yes","No","Yes"
"4720-VSTSI",True,"Yes","Fiber optic","No","Yes","Yes","No","No","No"
"3946-MHCZW",True,"No","DSL","No","No","Yes","No","No","No"
"6651-AZVTJ",True,"Yes","Fiber optic","No","No","Yes","No","Yes","Yes"
"4566-GOLUK",True,"Yes","Fiber optic","No","No","Yes","Yes","Yes","Yes"
"2484-DGXPZ",True,"No","No","No internet service","No internet service","No internet service","No internet service","No internet service","No internet service"
"4587-NUKOX",True,"No","Fiber optic","Yes","Yes","No","No","No","No"
"0420-BWTPW",False,"No phone service","DSL","No","No","No","No","No","No"
"8183-ONMXC",True,"No","Fiber optic","No","No","No","No","No","Yes"
"9614-RMGHA",True,"Yes","Fiber optic","No","Yes","No","No","Yes","No"
"5054-IEXZT",True,"No","Fiber optic","No","Yes","No","No","No","No"
"5834-ASPWA",True,"Yes","Fiber optic","No","No","No","No","No","No"
"3948-XHGNA",True,"No","DSL","Yes","No","No","No","No","No"
"0565-IYCGT",True,"Yes","DSL","Yes","Yes","Yes","Yes","No","Yes"
"5445-UTODQ",True,"No","Fiber optic","No","No","No","No","Yes","No"
"1024-VRZHF",True,"Yes","Fiber optic","No","No","No","No","No","No"
"9497-QCMMS",True,"Yes","Fiber optic","No","No","No","No","Yes","Yes"
"0348-SDKOL",True,"Yes","Fiber optic","No","No","Yes","Yes","Yes","Yes"
"4373-MAVJG",True,"Yes","Fiber optic","No","Yes","No","No","No","Yes"
"8901-HJXTF",False,"No phone service","DSL","No","Yes","No","No","No","No"
"5419-KLXBN",True,"No","Fiber optic","No","Yes","Yes","No","Yes","No"
"3424-NMNBO",True,"Yes","Fiber optic","Yes","Yes","Yes","No","Yes","Yes"
"4514-GFCFI",True,"Yes","Fiber optic","No","No","No","No","Yes","No"
"9828-AOQLM",True,"No","DSL","No","No","No","No","No","No"
"8000-REIQB",True,"No","Fiber optic","No","No","No","No","No","No"
"7615-ESMYF",False,"No phone service","DSL","No","No","No","No","Yes","Yes"
"3858-VOBET",True,"Yes","Fiber optic","No","No","No","No","No","No"
"1447-PJGGA",True,"No","Fiber optic","No","No","Yes","No","Yes","Yes"
"8565-CLBZW",True,"Yes","Fiber optic","No","No","Yes","No","Yes","No"
"9139-WQQDY",True,"Yes","Fiber optic","No","Yes","No","No","Yes","Yes"
"0224-HJAPT",True,"Yes","DSL","No","No","No","No","No","No"
"8086-OVPWV",True,"No","Fiber optic","No","No","No","No","No","Yes"
"9430-FRQOC",True,"Yes","Fiber optic","No","No","Yes","Yes","No","No"
"3074-GQWYX",True,"Yes","Fiber optic","No","No","No","No","No","No"
"6845-RGTYS",True,"Yes","Fiber optic","Yes","Yes","Yes","No","Yes","No"
"8861-HGGKB",True,"Yes","Fiber optic","No","No","No","No","No","Yes"
"7065-YUNRY",True,"No","DSL","No","No","No","No","No","No"
"7694-VLBWQ",True,"Yes","Fiber optic","No","Yes","Yes","No","Yes","Yes"
"4795-KTRTH",True,"Yes","Fiber optic","No","Yes","No","No","No","No"
"6481-OGDOO",True,"No","Fiber optic","Yes","Yes","No","No","No","Yes"
"3753-TSEMP",True,"No","Fiber optic","No","No","No","No","Yes","Yes"
"8305-VHZBZ",True,"No","No","No internet service","No internet service","No internet service","No internet service","No internet service","No internet service"
"9172-JITSM",True,"No","Fiber optic","No","No","No","No","Yes","Yes"
"6298-QDFNH",True,"Yes","Fiber optic","No","Yes","No","No","No","No"
"9961-JBNMK",True,"No","Fiber optic","No","No","Yes","No","Yes","Yes"
"6173-ITPWD",True,"Yes","Fiber optic","No","Yes","Yes","No","No","No"
"9734-UYXQI",True,"Yes","DSL","No","No","No","No","No","No"
"2189-UXTKY",True,"Yes","DSL","Yes","No","No","Yes","Yes","Yes"
"4958-GZWIY",True,"No","DSL","No","No","Yes","No","No","No"
"6356-ELRKD",True,"No","Fiber optic","Yes","No","No","No","Yes","Yes"
"8624-GIOUT",True,"Yes","DSL","Yes","Yes","No","No","No","No"
"6179-GJPSO",True,"No","Fiber optic","Yes","Yes","No","Yes","Yes","Yes"
"3177-LASXD",True,"No","Fiber optic","No","No","No","No","No","No"
"4897-QSUYC",True,"No","No","No internet service","No internet service","No internet service","No internet service","No internet service","No internet service"
"1084-UQCHV",True,"No","Fiber optic","No","No","No","No","No","No"
"8290-YWKHZ",True,"Yes","Fiber optic","No","No","No","No","Yes","Yes"
"2955-BJZHG",True,"No","Fiber optic","No","No","No","No","Yes","No"
"3806-DXQOM",False,"No phone service","DSL","Yes","Yes","No","No","No","No"
"9300-RENDD",True,"No","Fiber optic","No","No","No","No","Yes","No"
"0761-AETCS",True,"No","No","No internet service","No internet service","No internet service","No internet service","No internet service","No internet service"
"2153-MREFK",True,"Yes","Fiber optic","Yes","No","Yes","Yes","No","Yes"
"3106-ULWFW",True,"Yes","Fiber optic","No","No","No","No","No","Yes"
"0925-VYDLG",True,"Yes","Fiber optic","No","No","No","No","No","No"
"4349-GFQHK",True,"Yes","DSL","No","No","Yes","No","No","No"
"7802-EFKNY",False,"No phone service","DSL","No","No","No","No","No","No"
"8035-BUYVG",False,"No phone service","DSL","Yes","Yes","Yes","No","No","No"
"9787-XVQIU",True,"Yes","Fiber optic","No","No","No","No","No","No"
"8945-MUQUF",True,"Yes","Fiber optic","Yes","Yes","No","No","Yes","No"
"8051-HJRLT",True,"No","Fiber optic","No","No","No","No","No","No"
"3023-GFLBR",True,"Yes","Fiber optic","No","No","No","No","No","Yes"
"0524-IAVZO",True,"Yes","Fiber optic","No","No","No","No","No","Yes"
"2737-YNGYW",True,"No","Fiber optic","No","No","No","No","No","Yes"
"5159-YFPKQ",True,"No","Fiber optic","No","No","Yes","No","No","No"
"4021-RQSNY",True,"Yes","Fiber optic","No","No","Yes","No","Yes","Yes"
"9061-TIHDA",True,"Yes","Fiber optic","No","No","No","No","Yes","Yes"
"8699-ASUFO",True,"Yes","Fiber optic","No","No","No","No","No","No"
"7927-AUXBZ",True,"No","Fiber optic","No","No","No","Yes","Yes","No"
"4695-WJZUE",True,"Yes","Fiber optic","No","No","Yes","No","No","Yes"
"7619-ODSGN",True,"Yes","DSL","Yes","No","No","No","No","No"
"3988-RQIXO",True,"No","Fiber optic","No","No","No","No","Yes","Yes"
"2514-GINMM",True,"No","Fiber optic","No","No","No","No","Yes","No"
"5931-FLJJF",True,"No","Fiber optic","No","No","No","No","No","No"
"2659-VXMWZ",True,"Yes","Fiber optic","Yes","Yes","Yes","No","Yes","Yes"
"3207-OYBWH",True,"Yes","Fiber optic","No","Yes","Yes","No","No","Yes"
"4285-GYRQC",True,"No","Fiber optic","No","No","Yes","No","Yes","No"
"7216-EWTRS",True,"Yes","Fiber optic","No","No","Yes","No","Yes","Yes"
"8337-MSSXB",True,"No","Fiber optic","No","Yes","No","No","No","Yes"
"8182-BJDSI",True,"Yes","Fiber optic","No","Yes","No","No","No","Yes"
"2528-HFYZX",True,"No","Fiber optic","No","Yes","No","No","No","No"
"2482-CZGBB",True,"No","Fiber optic","No","No","No","No","No","No"
"0866-QLSIR",True,"Yes","DSL","Yes","Yes","No","Yes","No","No"
"7181-BQYBV",True,"Yes","Fiber optic","Yes","No","Yes","No","Yes","Yes"
"6204-IEUXJ",True,"No","Fiber optic","No","No","Yes","Yes","No","No"
"4529-CKBCL",True,"No","Fiber optic","No","No","No","No","Yes","No"
"2506-CLAKW",True,"No","Fiber optic","Yes","Yes","Yes","Yes","No","Yes"
"1583-IHQZE",True,"Yes","Fiber optic","No","Yes","Yes","Yes","Yes","Yes"
"0151-ONTOV",True,"No","Fiber optic","No","No","No","No","No","No"
"4140-MUHUG",True,"No","Fiber optic","No","No","Yes","No","Yes","No"
"0320-JDNQG",True,"No","Fiber optic","Yes","No","No","Yes","Yes","Yes"
"7180-PISOG",True,"Yes","Fiber optic","No","No","No","No","No","No"
"3571-RFHAR",True,"Yes","Fiber optic","No","Yes","Yes","Yes","Yes","Yes"
"9578-VRMNM",True,"Yes","DSL","No","No","Yes","No","No","Yes"
"1587-FKLZB",True,"Yes","Fiber optic","No","No","Yes","No","Yes","Yes"
"6140-QNRQQ",True,"No","Fiber optic","No","No","No","No","No","No"
"4307-KTUMW",True,"Yes","Fiber optic","Yes","No","Yes","No","No","Yes"
"5440-FLBQG",True,"Yes","Fiber optic","No","Yes","Yes","Yes","Yes","Yes"
"7470-MCQTK",False,"No phone service","DSL","No","No","Yes","No","Yes","Yes"
"7488-MXJIV",True,"Yes","Fiber optic","No","No","No","No","Yes","No"
"2027-FECZV",True,"Yes","Fiber optic","No","Yes","Yes","No","Yes","Yes"
"2672-DZUOY",False,"No phone service","DSL","No","No","No","No","No","No"
"3870-MQAMG",True,"Yes","Fiber optic","No","Yes","Yes","Yes","Yes","Yes"
"4800-CZMPC",True,"Yes","Fiber optic","Yes","Yes","No","No","Yes","Yes"
"7377-DMMRI",True,"No","DSL","Yes","No","No","No","No","No"
"8949-JTMAY",True,"Yes","Fiber optic","No","No","Yes","No","Yes","Yes"
"2774-LVQUS",True,"Yes","Fiber optic","No","No","Yes","Yes","No","No"
"3211-ILJTT",True,"No","Fiber optic","No","No","No","No","No","No"
"4612-THJBS",True,"Yes","Fiber optic","No","Yes","Yes","No","Yes","Yes"
"4094-NSEDU",True,"Yes","Fiber optic","No","No","No","No","Yes","Yes"
"5103-MHMHY",True,"No","DSL","No","No","No","No","No","No"
"1846-XWOQN",True,"No","Fiber optic","No","No","No","No","No","No"
"0235-KGSLC",True,"No","Fiber optic","No","No","Yes","No","Yes","No"
"2884-GBPFB",True,"No","Fiber optic","No","No","No","No","No","No"
"3757-NJYBX",True,"Yes","Fiber optic","No","Yes","Yes","No","Yes","Yes"
"5136-KCKGI",True,"Yes","Fiber optic","Yes","No","Yes","No","Yes","Yes"
"3722-WPXTK",True,"No","Fiber optic","No","No","No","No","Yes","Yes"
"2929-ERCFZ",True,"No","Fiber optic","No","No","Yes","No","Yes","Yes"
"7548-SEPYI",True,"No","Fiber optic","No","Yes","No","No","Yes","Yes"
"8835-VSDSE",True,"No","Fiber optic","No","No","No","No","No","No"
"1623-NLDOT",False,"No phone service","DSL","No","Yes","No","Yes","No","No"
"9898-KZQDZ",True,"Yes","Fiber optic","No","No","No","No","Yes","Yes"
"5236-PERKL",True,"Yes","Fiber optic","Yes","Yes","Yes","No","Yes","Yes"
"7854-FOKSF",False,"No phone service","DSL","No","No","No","No","No","Yes"
"2519-FAKOD",True,"Yes","Fiber optic","No","No","Yes","No","Yes","Yes"
"8263-JQAIK",False,"No phone service","DSL","No","No","No","No","No","No"
"7089-IVVAZ",True,"Yes","Fiber optic","Yes","No","No","Yes","Yes","Yes"
"2205-YMZZJ",True,"Yes","Fiber optic","No","No","No","No","Yes","No"
"1254-IZEYF",True,"Yes","Fiber optic","No","Yes","No","No","Yes","Yes"
"9492-TOKRI",True,"Yes","Fiber optic","No","Yes","No","No","Yes","No"
"9221-OTIVJ",True,"Yes","Fiber optic","No","Yes","Yes","No","Yes","Yes"
"3325-FUYCG",True,"Yes","Fiber optic","Yes","Yes","No","No","Yes","Yes"
"5908-QMGOE",True,"Yes","Fiber optic","No","No","No","No","No","No"
"8481-YYXWG",True,"No","Fiber optic","No","Yes","No","Yes","No","Yes"
"2609-IAICY",True,"Yes","Fiber optic","No","No","No","No","No","No"
"1740-CSDJP",False,"No phone service","DSL","No","No","No","No","No","Yes"
"2636-OHFMN",False,"No phone service","DSL","No","Yes","No","No","Yes","Yes"
"1323-OOEPC",True,"Yes","Fiber optic","No","Yes","No","No","Yes","Yes"
"0397-GZBBC",True,"Yes","Fiber optic","No","No","No","No","Yes","Yes"
"7641-EUYET",True,"Yes","Fiber optic","Yes","Yes","Yes","No","Yes","No"
"9921-ZVRHG",True,"Yes","Fiber optic","No","No","Yes","No","No","No"
"4701-MLJPN",True,"No","DSL","No","No","Yes","Yes","No","No"
"9206-GVPEQ",False,"No phone service","DSL","Yes","No","No","Yes","Yes","Yes"
"1596-BBVTG",True,"Yes","Fiber optic","No","No","No","No","No","No"
"8433-WXGNA",True,"No","Fiber optic","Yes","No","No","No","No","No"
"3707-GNWHM",True,"Yes","Fiber optic","No","No","No","No","No","No"
"8922-LIEGH",True,"Yes","Fiber optic","No","Yes","No","No","No","Yes"
"8245-UMPYT",True,"Yes","Fiber optic","No","No","No","No","Yes","Yes"
"5186-SAMNZ",True,"No","Fiber optic","No","No","No","No","No","No"
"5373-SFODM",True,"Yes","Fiber optic","No","No","No","No","No","Yes"
"5766-ZJYBB",True,"No","No","No internet service","No internet service","No internet service","No internet service","No internet service","No internet service"
"8931-GJJIQ",True,"Yes","Fiber optic","No","No","No","No","No","Yes"
"4277-PVRAN",True,"No","Fiber optic","No","No","No","No","Yes","No"
"0022-TCJCI",True,"No","DSL","Yes","No","Yes","No","No","Yes"
"0203-HHYIJ",True,"Yes","No","No internet service","No internet service","No internet service","No internet service","No internet service","No internet service"
"0952-KMEEH",True,"Yes","Fiber optic","Yes","No","No","No","Yes","Yes"
"8178-EYZUO",True,"Yes","Fiber optic","Yes","Yes","No","No","No","Yes"
"5130-IEKQT",True,"Yes","Fiber optic","No","Yes","Yes","No","Yes","Yes"
"3230-WYKIR",True,"Yes","DSL","No","No","Yes","Yes","Yes","Yes"
"0407-BDJKB",True,"Yes","Fiber optic","No","Yes","Yes","No","Yes","No"
"9600-UDOPK",True,"Yes","Fiber optic","No","No","No","No","Yes","Yes"
"4074-SJFFA",True,"No","DSL","No","No","No","No","No","Yes"
"3269-ATYWD",True,"Yes","Fiber optic","No","No","No","No","Yes","Yes"
"4910-GMJOT",True,"Yes","Fiber optic","No","No","No","No","Yes","Yes"
"0354-WYROK",True,"No","Fiber optic","No","No","Yes","Yes","Yes","Yes"
"7576-OYWBN",True,"Yes","Fiber optic","No","No","No","No","No","No"
"5539-TMZLF",True,"No","Fiber optic","No","No","No","No","No","No"
"4323-SADQS",False,"No phone service","DSL","Yes","No","No","Yes","No","No"
"4446-BZKHU",True,"Yes","Fiber optic","No","Yes","Yes","No","Yes","Yes"
"5202-IVJNU",False,"No phone service","DSL","No","No","Yes","No","No","No"
"5976-JCJRH",True,"No","Fiber optic","No","No","No","No","No","No"
"0137-OCGAB",True,"Yes","Fiber optic","No","Yes","No","No","No","No"
"3351-NQLDI",True,"Yes","Fiber optic","Yes","No","No","Yes","No","Yes"
"7593-JNWRU",True,"No","DSL","No","No","No","No","No","No"
"4588-YBNIB",True,"No","No","No internet service","No internet service","No internet service","No internet service","No internet service","No internet service"
"3336-JORSO",True,"Yes","Fiber optic","No","Yes","Yes","Yes","Yes","Yes"
"5028-GZLDO",True,"No","Fiber optic","No","No","No","No","No","No"
"6861-XWTWQ",True,"Yes","Fiber optic","No","No","Yes","No","Yes","Yes"
"6877-TJMBR",True,"No","Fiber optic","No","No","No","Yes","Yes","No"
"6769-DCQLI",True,"No","Fiber optic","No","Yes","Yes","Yes","Yes","Yes"
"2433-KMEAS",True,"Yes","DSL","Yes","No","No","No","No","No"
"2195-ZRVAX",True,"No","Fiber optic","No","No","Yes","No","No","Yes"
"3550-SAHFP",True,"Yes","Fiber optic","No","No","No","No","No","Yes"
"2011-TRQYE",False,"No phone service","DSL","No","Yes","Yes","No","No","No"
"4873-ILOLJ",True,"No","Fiber optic","No","No","No","No","Yes","Yes"
"2725-KXXWT",True,"No","Fiber optic","No","No","No","No","Yes","Yes"
"9565-DJPIB",True,"Yes","Fiber optic","No","Yes","No","No","Yes","No"
"8348-HFYIV",False,"No phone service","DSL","No","No","Yes","No","Yes","Yes"
"7503-QQRVF",True,"No","Fiber optic","No","Yes","No","No","No","No"
"6849-WLEYG",True,"No","No","No internet service","No internet service","No internet service","No internet service","No internet service","No internet service"
"4659-NZRUF",True,"Yes","Fiber optic","Yes","Yes","No","No","No","Yes"
"8429-XIBUM",True,"Yes","Fiber optic","Yes","No","No","No","Yes","Yes"
"2608-BHKFN",True,"No","Fiber optic","No","No","No","No","No","No"
"7341-LXCAF",True,"Yes","Fiber optic","No","No","No","No","No","No"
"9462-MJUAW",True,"Yes","DSL","No","No","No","No","No","No"
"8128-YVJRG",True,"Yes","Fiber optic","Yes","No","No","No","No","No"
"4283-FUTGF",True,"Yes","Fiber optic","No","No","Yes","No","No","No"
"1569-TTNYJ",True,"Yes","Fiber optic","No","Yes","No","No","No","No"
"2397-BRLOM",True,"No","Fiber optic","No","No","No","No","Yes","No"
"4749-VFKVB",True,"Yes","DSL","No","No","No","No","No","No"
"7598-UAASY",True,"No","Fiber optic","No","No","Yes","No","No","No"
"7938-OUHIO",True,"No","Fiber optic","No","No","Yes","Yes","Yes","Yes"
"8510-AWCXC",True,"Yes","Fiber optic","Yes","No","No","No","Yes","Yes"
"0431-APWVY",True,"No","Fiber optic","No","No","No","No","Yes","Yes"
"3426-NIYYL",True,"Yes","DSL","No","No","No","No","No","No"
"8225-BTJAU",True,"No","Fiber optic","No","No","No","No","No","Yes"
"3387-VATUS",True,"Yes","Fiber optic","No","No","No","No","Yes","Yes"
"1143-NMNQJ",True,"Yes","Fiber optic","No","No","No","No","No","Yes"
"0415-MOSGF",True,"No","DSL","No","No","No","No","No","No"
"1724-BQUHA",True,"No","Fiber optic","No","No","No","No","Yes","Yes"
"4826-XTSOH",True,"Yes","Fiber optic","No","No","No","No","Yes","No"
"2495-INZWQ",False,"No phone service","DSL","No","No","No","No","Yes","Yes"
"4139-SUGLD",False,"No phone service","DSL","Yes","No","No","Yes","No","No"
"6857-VWJDT",True,"Yes","Fiber optic","No","No","No","No","Yes","Yes"
"5624-BQSSA",True,"No","No","No internet service","No internet service","No internet service","No internet service","No internet service","No internet service"
"2408-WITXK",False,"No phone service","DSL","No","No","No","No","No","Yes"
"5577-OTWWW",True,"No","No","No internet service","No internet service","No internet service","No internet service","No internet service","No internet service"
"2691-NZETQ",True,"Yes","Fiber optic","No","No","No","No","Yes","No"
"4404-HIBDJ",True,"No","DSL","Yes","Yes","Yes","Yes","Yes","No"
"7295-JOMMD",True,"No","Fiber optic","No","No","Yes","Yes","Yes","Yes"
"5013-SBUIH",True,"Yes","Fiber optic","Yes","Yes","No","Yes","Yes","Yes"
"0709-TVGUR",True,"Yes","Fiber optic","No","No","No","No","No","No"
"6023-YEBUP",True,"Yes","Fiber optic","No","No","Yes","No","Yes","Yes"
"7209-JCUDS",True,"No","Fiber optic","No","No","Yes","No","Yes","Yes"
"3001-CBHLQ",True,"Yes","Fiber optic","No","No","Yes","Yes","Yes","Yes"
"6158-DWPZT",False,"No phone service","DSL","No","No","No","No","No","No"
"3763-GCZHZ",True,"Yes","Fiber optic","No","Yes","No","Yes","Yes","Yes"
"0772-GYEQQ",True,"No","Fiber optic","No","No","Yes","Yes","Yes","No"
"4831-EOBFE",True,"No","Fiber optic","Yes","No","No","No","Yes","Yes"
"4102-OQUPX",True,"Yes","Fiber optic","No","No","No","No","No","No"
"9170-GYZJC",True,"Yes","DSL","Yes","Yes","Yes","Yes","No","Yes"
"3999-QGRJH",True,"No","Fiber optic","No","No","No","No","No","No"
"2454-RPBRZ",True,"Yes","Fiber optic","No","Yes","Yes","No","Yes","No"
"2002-MZHWP",True,"No","No","No internet service","No internet service","No internet service","No internet service","No internet service","No internet service"
"2265-CYWIV",True,"Yes","Fiber optic","Yes","No","No","No","Yes","Yes"
"2004-OCQXK",True,"No","Fiber optic","No","No","No","No","No","Yes"
"5027-QPKTE",True,"No","Fiber optic","No","No","No","No","No","No"
"2672-HUYVI",True,"No","Fiber optic","No","No","No","No","Yes","Yes"
"7508-MYBOG",True,"Yes","Fiber optic","No","No","No","No","Yes","No"
"0148-DCDOS",True,"Yes","Fiber optic","No","No","No","No","Yes","Yes"
"9992-RRAMN",True,"Yes","Fiber optic","No","No","No","No","No","Yes"
"0310-MVLET",True,"Yes","Fiber optic","No","Yes","No","No","Yes","Yes"
"4550-VBOFE",True,"Yes","Fiber optic","No","Yes","Yes","No","Yes","Yes"
"5696-QURRL",True,"No","DSL","No","No","No","No","No","No"
"7409-KIUTL",True,"No","Fiber optic","No","No","No","No","No","No"
"1732-VHUBQ",True,"No","Fiber optic","No","No","No","No","No","No"
"0495-RVCBF",True,"No","Fiber optic","No","No","No","No","No","Yes"
"7854-EDSSA",True,"Yes","DSL","Yes","Yes","No","No","No","No"
"8869-TORSS",True,"No","DSL","Yes","No","Yes","Yes","No","No"
"0679-IDSTG",True,"No","Fiber optic","No","No","No","No","No","No"
"2115-BFTIW",True,"No","Fiber optic","No","No","No","No","No","No"
"0611-DFXKO",True,"No","Fiber optic","No","No","No","No","Yes","Yes"
"7780-OTDSO",True,"Yes","Fiber optic","Yes","No","No","No","Yes","Yes"
"9747-DDZOS",True,"No","Fiber optic","No","No","Yes","No","No","No"
"0564-JJHGS",True,"Yes","Fiber optic","No","No","No","No","Yes","Yes"
"3348-CFRNX",True,"No","Fiber optic","Yes","No","No","No","Yes","Yes"
"1428-GTBJJ",True,"No","Fiber optic","No","Yes","No","No","No","No"
"8802-UNOJF",True,"No","Fiber optic","No","Yes","Yes","Yes","No","No"
"6313-GIDIT",False,"No phone service","DSL","No","Yes","Yes","No","Yes","Yes"
"2845-AFFTX",True,"Yes","Fiber optic","No","No","Yes","No","Yes","Yes"
"2249-YPRNG",True,"Yes","Fiber optic","No","Yes","Yes","No","Yes","Yes"
"7410-YTJIK",True,"Yes","Fiber optic","No","No","No","No","No","No"
"4626-GYCZP",True,"Yes","Fiber optic","No","No","No","No","Yes","Yes"
"5590-BYNII",True,"Yes","Fiber optic","Yes","No","No","No","Yes","Yes"
"3237-AJGEH",False,"No phone service","DSL","No","No","No","Yes","No","No"
"1591-NFNLQ",True,"Yes","Fiber optic","No","No","Yes","No","No","No"
"2815-CPTUL",True,"No","Fiber optic","No","No","No","No","No","No"
"0596-BQCEQ",True,"No","Fiber optic","No","Yes","Yes","No","Yes","Yes"
"1481-ZUWZA",True,"Yes","Fiber optic","Yes","Yes","No","No","No","Yes"
"2309-OSFEU",False,"No phone service","DSL","No","No","No","No","No","Yes"
"1891-FZYSA",True,"Yes","Fiber optic","No","Yes","No","No","Yes","No"
"7613-LLQFO",True,"Yes","Fiber optic","No","No","No","No","Yes","No"
"2640-PMGFL",True,"Yes","Fiber optic","No","No","No","Yes","No","No"
"3801-HMYNL",True,"No","Fiber optic","No","No","No","No","Yes","Yes"
"9685-WKZGT",True,"Yes","Fiber optic","No","No","No","No","No","No"
"6022-UGGSO",True,"No","Fiber optic","No","Yes","No","No","No","No"
"4484-CGXFK",True,"No","DSL","No","No","No","No","No","Yes"
"6214-EDAKZ",True,"No","DSL","No","Yes","No","Yes","No","No"
"6127-ISGTU",True,"Yes","Fiber optic","No","No","No","No","Yes","No"
"8740-XLHDR",False,"No phone service","DSL","Yes","Yes","Yes","Yes","No","No"
"1208-DNHLN",True,"Yes","DSL","No","No","No","No","No","No"
"1761-AEZZR",True,"No","Fiber optic","No","No","No","No","Yes","No"
"3923-CSIHK",True,"No","Fiber optic","No","No","No","No","No","No"
"7120-RFMVS",True,"Yes","Fiber optic","No","No","No","No","Yes","No"
"7317-GGVPB",True,"Yes","Fiber optic","No","Yes","Yes","Yes","Yes","Yes"
"1322-AGOQM",False,"No phone service","DSL","No","Yes","No","No","No","No"
"3677-IYRBF",False,"No phone service","DSL","No","No","Yes","No","No","No"
"5692-FPTAH",True,"No","DSL","No","No","No","No","No","No"
"1550-LOAHA",True,"No","Fiber optic","No","Yes","No","No","No","Yes"
"0268-QKIWO",True,"No","No","No internet service","No internet service","No internet service","No internet service","No internet service","No internet service"
"0876-WDUUZ",True,"No","Fiber optic","No","No","No","Yes","No","Yes"
"0617-FHSGK",True,"Yes","Fiber optic","No","No","No","No","No","No"
"2858-MOFSQ",True,"Yes","DSL","No","No","Yes","No","No","No"
"8118-LSUEL",True,"Yes","Fiber optic","No","Yes","Yes","No","Yes","Yes"
"7005-CCBKV",True,"No","Fiber optic","No","Yes","No","No","No","Yes"
"4250-FDVOU",True,"No","DSL","Yes","Yes","No","No","No","No"
"5277-ZLOOR",True,"Yes","Fiber optic","No","No","No","No","Yes","No"
"2141-RRYGO",True,"No","DSL","No","Yes","No","No","Yes","Yes"
"6376-GAHQE",True,"No","Fiber optic","No","No","No","No","Yes","No"
"5052-PNLOS",True,"Yes","Fiber optic","No","Yes","Yes","No","Yes","Yes"
"6979-ZNSFF",True,"Yes","Fiber optic","No","No","No","No","Yes","No"
"2386-LAHRK",True,"No","DSL","No","No","No","No","Yes","No"
"6032-IGALN",False,"No phone service","DSL","No","No","No","No","No","No"
"4248-HCETZ",True,"No","Fiber optic","No","Yes","Yes","No","No","No"
"0516-WJVXC",True,"No","DSL","Yes","No","No","Yes","No","No"
"9174-FKWZE",True,"No","No","No internet service","No internet service","No internet service","No internet service","No internet service","No internet service"
"8809-RIHDD",True,"Yes","Fiber optic","No","Yes","Yes","No","Yes","Yes"
"4822-NGOCH",True,"Yes","Fiber optic","No","Yes","Yes","No","No","No"
"5307-DZCVC",True,"Yes","Fiber optic","No","No","No","No","Yes","No"
"8679-JOEVF",True,"No","DSL","No","No","No","Yes","Yes","No"
"1432-FPAXX",False,"No phone service","DSL","No","Yes","No","No","No","No"
"4803-AXVYP",True,"Yes","Fiber optic","No","No","No","Yes","Yes","Yes"
"3884-HCSWG",True,"No","Fiber optic","No","No","No","No","No","No"
"5077-DXTCG",True,"No","DSL","No","No","No","No","No","No"
"1142-WACZW",False,"No phone service","DSL","No","No","No","Yes","No","No"
"5649-ANRML",True,"No","Fiber optic","No","Yes","Yes","Yes","No","Yes"
"4892-VLANZ",True,"No","No","No internet service","No internet service","No internet service","No internet service","No internet service","No internet service"
"2919-HBCJO",True,"No","Fiber optic","No","Yes","No","No","No","No"
"4236-XPXAV",True,"No","Fiber optic","No","Yes","No","Yes","Yes","Yes"
"3030-YZADT",True,"No","DSL","No","No","No","No","No","No"
"7410-KTVFV",True,"No","DSL","No","No","Yes","No","No","No"
"8393-DLHGA",True,"No","Fiber optic","No","Yes","No","No","Yes","Yes"
"7395-IGJOS",True,"No","Fiber optic","No","No","No","No","No","Yes"
"2834-SPCJV",True,"No","Fiber optic","Yes","No","No","No","Yes","No"
"7890-VYYWG",False,"No phone service","DSL","No","No","No","No","Yes","No"
"9907-SWKKF",False,"No phone service","DSL","No","No","No","No","No","No"
"0587-DMGBH",True,"No","DSL","Yes","No","No","No","No","No"
"6397-JNZZG",False,"No phone service","DSL","No","Yes","Yes","No","Yes","Yes"
"3523-QRQLL",True,"No","DSL","No","Yes","No","No","Yes","Yes"
"0895-DQHEW",True,"Yes","Fiber optic","No","Yes","Yes","No","Yes","Yes"
"8149-RSOUN",True,"Yes","Fiber optic","No","No","No","No","Yes","Yes"
"7250-EQKIY",True,"No","DSL","No","No","Yes","No","No","No"
"4013-UBXWQ",True,"Yes","DSL","No","No","No","Yes","Yes","Yes"
"5519-NPHVG",True,"Yes","Fiber optic","No","No","No","No","Yes","Yes"
"8849-GYOKR",True,"Yes","Fiber optic","Yes","Yes","No","No","Yes","Yes"
"3148-BLQJT",True,"No","No","No internet service","No internet service","No internet service","No internet service","No internet service","No internet service"
"0461-CVKMU",True,"No","Fiber optic","No","Yes","Yes","Yes","No","No"
"8806-EAGWC",True,"No","DSL","No","No","No","No","Yes","No"
"7779-LGOVN",True,"Yes","Fiber optic","No","No","No","No","No","Yes"
"9710-ZUSHQ",True,"Yes","Fiber optic","Yes","Yes","No","No","Yes","Yes"
"4183-WCSEP",True,"No","Fiber optic","No","Yes","No","Yes","No","No"
"5498-TXHLF",True,"Yes","Fiber optic","No","No","Yes","No","Yes","No"
"9722-UJOJR",True,"No","Fiber optic","No","No","No","No","No","No"
"3902-FOIGH",True,"Yes","Fiber optic","No","Yes","No","No","Yes","Yes"
"6772-KSATR",True,"Yes","Fiber optic","Yes","No","No","No","No","No"
"7112-OPOTK",True,"No","Fiber optic","No","No","No","No","No","No"
"4210-QFJMF",True,"No","Fiber optic","No","No","No","No","No","Yes"
"3318-OSATS",True,"Yes","Fiber optic","No","No","No","No","Yes","Yes"
"5828-AVIPD",True,"Yes","Fiber optic","No","No","No","Yes","Yes","Yes"
"1086-LXKFY",True,"No","Fiber optic","No","No","No","No","No","No"
"2636-ALXXZ",True,"No","Fiber optic","No","No","No","No","No","No"
"7774-OJSXI",True,"Yes","Fiber optic","No","Yes","Yes","No","Yes","Yes"
"7786-WBJYI",True,"Yes","Fiber optic","No","Yes","No","No","No","No"
"9885-CSMWE",True,"No","Fiber optic","No","No","No","No","Yes","No"
"5016-ETTFF",False,"No phone service","DSL","No","No","Yes","No","No","No"
"3866-MDTUB",True,"No","DSL","Yes","No","No","No","Yes","Yes"
"8058-JMEQO",True,"Yes","Fiber optic","No","No","No","No","No","Yes"
"0697-ZMSWS",True,"Yes","Fiber optic","No","No","No","No","No","Yes"
"7657-DYEPJ",True,"No","DSL","No","Yes","Yes","Yes","Yes","No"
"8276-MQBYC",True,"Yes","Fiber optic","No","No","Yes","No","Yes","Yes"
"7593-XFKDI",True,"No","DSL","No","No","No","No","No","No"
"0337-CNPZE",True,"Yes","Fiber optic","No","Yes","Yes","No","Yes","Yes"
"1513-XNPPH",True,"No","Fiber optic","No","No","Yes","Yes","No","Yes"
"6015-VVHHE",True,"Yes","Fiber optic","No","No","No","No","Yes","No"
"6347-DCUIK",True,"Yes","Fiber optic","No","No","No","No","No","No"
"0897-FEGMU",True,"Yes","Fiber optic","No","No","Yes","No","Yes","Yes"
"7663-RGWBC",True,"No","DSL","No","No","No","No","No","No"
"1120-BMWUB",True,"No","DSL","No","Yes","No","Yes","No","No"
"9124-LHCJQ",True,"Yes","Fiber optic","No","No","No","No","No","Yes"
"2235-ZGKPT",True,"Yes","DSL","No","No","No","No","No","No"
"3891-PUQOD",True,"No","DSL","No","No","Yes","No","No","Yes"
"0689-NKYLF",True,"No","Fiber optic","No","No","Yes","No","Yes","No"
"3658-KIBGF",True,"No","DSL","Yes","Yes","No","No","No","No"
"5519-YLDGW",True,"Yes","Fiber optic","Yes","No","Yes","No","Yes","Yes"
"4946-EDSEW",True,"No","No","No internet service","No internet service","No internet service","No internet service","No internet service","No internet service"
"2516-VQRRV",True,"Yes","Fiber optic","No","No","No","No","No","No"
"7580-UGXNC",True,"No","DSL","Yes","Yes","No","No","No","No"
"5178-LMXOP",True,"Yes","Fiber optic","No","No","No","No","Yes","Yes"
"8185-UPYBR",True,"Yes","Fiber optic","No","No","No","No","No","No"
"4585-HETAI",True,"No","Fiber optic","No","No","Yes","No","No","No"
"7526-BEZQB",True,"Yes","Fiber optic","No","No","No","No","Yes","Yes"
"4951-UKAAQ",True,"Yes","Fiber optic","No","Yes","No","No","No","Yes"
"2108-YKQTY",True,"No","DSL","No","Yes","No","No","No","No"
"4918-QLLIW",True,"No","DSL","No","No","No","No","Yes","No"
"7056-IMHCC",True,"Yes","Fiber optic","No","Yes","No","No","Yes","Yes"
"1625-JAIIY",True,"Yes","Fiber optic","No","No","No","No","Yes","No"
"2947-DOMLJ",True,"No","DSL","Yes","No","No","No","No","No"
"4112-LUEIZ",True,"No","Fiber optic","No","No","No","No","Yes","Yes"
"4510-HIMLV",True,"No","Fiber optic","No","No","No","No","No","No"
"8749-JMNKX",True,"Yes","Fiber optic","Yes","No","Yes","No","Yes","No"
"2430-USGXP",True,"Yes","Fiber optic","No","No","Yes","No","Yes","Yes"
"5955-ERIHD",True,"Yes","Fiber optic","No","No","No","No","Yes","Yes"
"0917-EZOLA",True,"Yes","Fiber optic","No","Yes","Yes","No","Yes","Yes"
"5949-EBSQK",True,"No","DSL","No","No","No","Yes","No","Yes"
"7274-RTAPZ",True,"No","Fiber optic","No","No","No","No","Yes","Yes"
"0311-UNPFF",True,"No","Fiber optic","No","No","No","No","Yes","Yes"
"3834-XUIFC",True,"Yes","Fiber optic","No","No","No","No","No","Yes"
"8414-MYSHR",True,"No","Fiber optic","No","No","No","No","Yes","Yes"
"7599-FKVXZ",True,"Yes","Fiber optic","No","No","Yes","Yes","Yes","Yes"
"8229-TNIQA",True,"No","DSL","No","No","No","No","No","No"
"6221-AVQYL",True,"Yes","Fiber optic","No","No","No","No","No","No"
"7743-EXURX",True,"No","DSL","No","No","Yes","No","No","No"
"5569-KGJHX",True,"Yes","Fiber optic","No","No","No","No","Yes","No"
"4988-IQIGL",True,"Yes","Fiber optic","No","No","No","No","No","No"
"7730-IUTDZ",True,"No","Fiber optic","Yes","No","No","No","No","No"
"0426-TIRNE",True,"No","No","No internet service","No internet service","No internet service","No internet service","No internet service","No internet service"
"7587-RZNME",True,"No","DSL","No","No","No","No","No","No"
"0748-RDGGM",True,"No","Fiber optic","Yes","Yes","Yes","Yes","Yes","Yes"
"4706-AXVKM",True,"Yes","Fiber optic","No","No","No","No","No","Yes"
"5889-JTMUL",True,"Yes","Fiber optic","No","Yes","Yes","No","Yes","No"
"9026-RNUJS",True,"No","DSL","No","No","Yes","No","No","No"
"3746-EUBYR",True,"Yes","Fiber optic","No","No","No","No","No","No"
"2332-EFBJY",True,"No","No","No internet service","No internet service","No internet service","No internet service","No internet service","No internet service"
"9474-PHLYD",True,"No","DSL","No","No","Yes","No","No","Yes"
"2165-VOEGB",True,"No","Fiber optic","Yes","Yes","No","Yes","Yes","Yes"
"2219-MVUSO",True,"No","DSL","No","No","No","No","No","No"
"8914-RBTSB",True,"Yes","Fiber optic","No","Yes","Yes","No","Yes","No"
"0963-ZBDRN",True,"No","Fiber optic","No","No","No","Yes","Yes","Yes"
"7594-RQHXR",True,"No","Fiber optic","No","No","No","No","No","Yes"
"6331-EWIEB",True,"Yes","Fiber optic","No","No","No","No","Yes","No"
"5998-VVEJY",True,"Yes","Fiber optic","No","No","No","Yes","No","No"
"1624-NALOJ",True,"Yes","Fiber optic","No","Yes","No","No","No","Yes"
"4317-VTEOA",True,"No","DSL","No","Yes","No","No","No","No"
"1670-SVOWZ",True,"No","Fiber optic","No","Yes","No","Yes","No","Yes"
"7541-YLXCL",True,"No","DSL","No","Yes","No","Yes","No","Yes"
"0260-ZDLGK",True,"No","DSL","No","No","Yes","Yes","Yes","Yes"
"8722-NGNBH",False,"No phone service","DSL","Yes","No","Yes","Yes","No","No"
"6210-KBBPI",True,"Yes","Fiber optic","No","Yes","No","No","Yes","Yes"
"0133-BMFZO",True,"No","Fiber optic","Yes","Yes","No","Yes","No","No"
"6128-CZOMY",True,"No","DSL","No","No","No","No","No","No"
"9540-JYROE",True,"No","Fiber optic","No","No","No","No","No","No"
"2260-USTRB",True,"No","Fiber optic","No","No","No","No","No","No"
"3656-TKRVZ",True,"No","DSL","Yes","Yes","No","No","No","No"
"8623-TMRBY",True,"Yes","Fiber optic","No","Yes","Yes","No","No","No"
"1501-SGHBW",True,"No","DSL","No","No","No","No","No","No"
"3208-YPIOE",True,"Yes","Fiber optic","No","No","No","No","No","No"
"2612-RANWT",True,"Yes","Fiber optic","No","No","Yes","No","Yes","Yes"
"6900-PXRMS",True,"Yes","Fiber optic","No","Yes","Yes","No","Yes","Yes"
"3346-BRMIS",False,"No phone service","DSL","No","No","Yes","No","Yes","Yes"
"2933-FILNV",False,"No phone service","DSL","No","No","No","No","No","No"
"9986-BONCE",True,"No","No","No internet service","No internet service","No internet service","No internet service","No internet service","No internet service"
"2722-JMONI",True,"No","DSL","Yes","No","No","No","No","No"
"4083-EUGRJ",True,"No","No","No internet service","No internet service","No internet service","No internet service","No internet service","No internet service"
"7579-OOPEC",True,"No","DSL","No","Yes","No","No","No","No"
"1771-OADNZ",True,"Yes","Fiber optic","No","Yes","Yes","No","No","Yes"
"0612-RTZZA",False,"No phone service","DSL","No","No","No","No","No","No"
"6410-LEFEN",True,"No","DSL","No","No","No","No","No","No"
"3194-ORPIK",True,"Yes","Fiber optic","No","No","No","No","Yes","No"
"8816-VXNZD",True,"Yes","Fiber optic","No","No","No","No","No","No"
"9378-FXTIZ",True,"Yes","DSL","No","No","No","No","Yes","Yes"
"1723-HKXJQ",True,"Yes","Fiber optic","No","Yes","No","No","Yes","Yes"
"7825-GKXMW",True,"No","DSL","No","No","No","No","No","No"
"1240-KNSEZ",True,"No","No","No internet service","No internet service","No internet service","No internet service","No internet service","No internet service"
"0836-SEYLU",False,"No phone service","DSL","No","No","No","Yes","Yes","No"
"4433-JCGCG",True,"Yes","Fiber optic","No","No","Yes","No","Yes","Yes"
"3716-BDVDB",True,"No","Fiber optic","No","No","No","No","No","No"
"5899-MQZZL",True,"Yes","Fiber optic","No","No","No","No","No","No"
"6849-OYAMU",True,"No","Fiber optic","No","Yes","No","Yes","Yes","Yes"
"9488-HGMJH",True,"No","Fiber optic","No","No","No","No","No","No"
"6038-GCYEC",False,"No phone service","DSL","No","Yes","Yes","No","Yes","Yes"
"1150-WFARN",True,"Yes","Fiber optic","Yes","No","Yes","Yes","Yes","Yes"
"3144-AUDBS",True,"No","DSL","No","No","No","Yes","No","No"
"5616-PRTNT",True,"No","No","No internet service","No internet service","No internet service","No internet service","No internet service","No internet service"
"4818-QIUFN",True,"Yes","Fiber optic","Yes","No","No","No","No","No"
"6961-VCPMC",True,"No","Fiber optic","No","No","No","No","No","Yes"
"6688-UZPWD",True,"Yes","Fiber optic","No","Yes","No","No","Yes","Yes"
"2839-RFSQE",True,"No","No","No internet service","No internet service","No internet service","No internet service","No internet service","No internet service"
"0968-GSIKN",True,"No","Fiber optic","No","No","No","No","No","No"
"1965-DDBWU",True,"Yes","Fiber optic","No","No","No","Yes","No","Yes"
"9057-SIHCH",True,"Yes","Fiber optic","No","No","No","No","Yes","Yes"
"6771-XWBDM",True,"Yes","Fiber optic","No","Yes","Yes","No","Yes","Yes"
"8601-QACRS",True,"Yes","DSL","No","No","No","No","No","No"
"2391-SOORI",True,"No","DSL","Yes","No","No","No","No","No"
"2645-QTLMB",True,"No","Fiber optic","No","Yes","No","No","Yes","Yes"
"4806-HIPDW",True,"No","Fiber optic","No","No","No","No","No","No"
"4424-TKOPW",True,"Yes","Fiber optic","No","No","No","No","Yes","Yes"
"8443-ZRDBZ",True,"Yes","Fiber optic","No","No","No","No","No","No"
"9136-ALYBR",False,"No phone service","DSL","No","No","No","No","No","No"
"7479-NITWS",True,"Yes","Fiber optic","No","No","Yes","No","Yes","No"
"2959-MJHIC",True,"No","Fiber optic","No","No","No","No","Yes","No"
"4201-JMNGR",True,"No","DSL","Yes","No","Yes","No","No","No"
"5960-WPXQM",True,"No","Fiber optic","No","No","No","No","Yes","No"
"0684-AOSIH",True,"No","Fiber optic","Yes","No","No","No","Yes","Yes"
"8260-NGFNY",False,"No phone service","DSL","No","No","No","No","No","No"
"1866-RZZQS",True,"Yes","Fiber optic","No","No","Yes","No","Yes","Yes"
"8631-NBHFZ",True,"Yes","DSL","Yes","Yes","Yes","Yes","Yes","No"
"4958-XCBDQ",True,"Yes","Fiber optic","No","No","Yes","No","Yes","Yes"
"8337-UPOAQ",True,"Yes","Fiber optic","No","No","Yes","No","No","Yes"
"1725-IQNIY",True,"No","Fiber optic","Yes","Yes","Yes","Yes","Yes","Yes"
"6598-RFFVI",True,"No","No","No internet service","No internet service","No internet service","No internet service","No internet service","No internet service"
"6712-OAWRH",True,"No","Fiber optic","No","No","No","No","Yes","Yes"
"8614-VGMMV",True,"Yes","DSL","No","No","No","No","No","No"
"2930-UOTMB",True,"Yes","DSL","Yes","No","Yes","Yes","No","No"
"5914-DVBWJ",True,"Yes","Fiber optic","No","Yes","No","Yes","No","No"
"2533-QVMSK",True,"Yes","Fiber optic","No","Yes","No","Yes","Yes","No"
"8644-XLFBW",True,"No","Fiber optic","No","No","No","No","No","No"
"8625-AZYZY",True,"Yes","Fiber optic","No","Yes","Yes","No","Yes","Yes"
"9306-CPCBC",True,"Yes","Fiber optic","No","No","No","No","No","No"
"1833-VGRUM",True,"Yes","Fiber optic","No","No","No","No","No","No"
"8374-XGEJJ",True,"Yes","Fiber optic","No","Yes","No","No","Yes","Yes"
"2656-TABEH",True,"Yes","Fiber optic","No","Yes","No","No","Yes","Yes"
"6946-LMSQS",True,"Yes","Fiber optic","Yes","No","No","No","No","Yes"
"2325-ZUSFD",True,"No","DSL","Yes","No","No","No","Yes","Yes"
"3932-CMDTD",True,"No","Fiber optic","No","Yes","Yes","Yes","Yes","Yes"
"4039-HEUNW",True,"Yes","Fiber optic","No","Yes","No","No","Yes","Yes"
"0812-WUPTB",True,"No","Fiber optic","No","No","No","No","No","No"
"3594-UVONA",True,"Yes","DSL","Yes","No","Yes","Yes","Yes","Yes"
"0004-TLHLJ",True,"No","Fiber optic","No","No","Yes","No","No","No"
"5089-IFSDP",True,"Yes","Fiber optic","Yes","Yes","Yes","No","Yes","Yes"
"4817-VYYWS",True,"Yes","Fiber optic","No","Yes","No","No","Yes","Yes"
"1396-QWFBJ",True,"No","Fiber optic","No","Yes","No","No","No","No"
"5299-SJCZT",True,"Yes","Fiber optic","No","No","Yes","No","Yes","Yes"
"2403-BCASL",True,"Yes","Fiber optic","No","Yes","Yes","Yes","Yes","Yes"
"2898-LSJGD",False,"No phone service","DSL","Yes","No","Yes","No","Yes","Yes"
"7359-PTSXY",True,"No","DSL","No","No","No","No","No","No"
"4503-BDXBD",True,"No","Fiber optic","No","Yes","No","No","No","No"
"6086-ESGRL",True,"No","Fiber optic","No","No","No","No","No","Yes"
"3886-CERTZ",True,"Yes","Fiber optic","No","Yes","Yes","Yes","Yes","Yes"
"5759-RCVCB",False,"No phone service","DSL","No","No","No","No","Yes","No"
"6372-RFVNS",True,"No","Fiber optic","No","No","No","No","Yes","No"
"8938-UMKPI",True,"Yes","Fiber optic","No","Yes","Yes","No","Yes","Yes"
"0991-BRRFB",True,"No","DSL","Yes","No","No","No","No","No"
"3871-IKPYH",True,"No","Fiber optic","No","No","No","No","No","No"
"6319-IEJWJ",True,"No","Fiber optic","No","No","No","No","Yes","Yes"
"9025-AOMKI",True,"Yes","Fiber optic","No","No","No","No","Yes","Yes"
"5275-SQEIZ",True,"No","Fiber optic","No","No","No","No","No","Yes"
"7716-YTYHG",True,"Yes","Fiber optic","No","No","No","No","No","Yes"
"3677-TNKIO",True,"No","Fiber optic","No","No","No","No","No","No"
"4390-KYULV",True,"No","No","No internet service","No internet service","No internet service","No internet service","No internet service","No internet service"
"1304-NECVQ",True,"Yes","Fiber optic","No","No","Yes","No","No","No"
"8945-GRKHX",True,"No","Fiber optic","No","No","No","No","No","Yes"
"6959-UWKHF",True,"No","DSL","No","No","No","No","No","No"
"3815-SLMEF",False,"No phone service","DSL","Yes","No","No","Yes","No","No"
"5154-VEKBL",False,"No phone service","DSL","Yes","No","Yes","Yes","Yes","Yes"
"5655-JSMZM",True,"Yes","Fiber optic","No","No","No","No","Yes","Yes"
"4505-EXZHB",True,"No","Fiber optic","No","No","Yes","No","No","No"
"4587-VVTOX",True,"Yes","Fiber optic","No","Yes","Yes","No","Yes","Yes"
"4652-NNHNY",True,"Yes","Fiber optic","No","No","No","No","No","No"
"8972-HJWNV",True,"Yes","Fiber optic","No","No","No","No","No","Yes"
"8515-OCTJS",True,"Yes","No","No internet service","No internet service","No internet service","No internet service","No internet service","No internet service"
"2860-RANUS",True,"Yes","Fiber optic","No","No","No","No","No","Yes"
"5261-QSHQM",False,"No phone service","DSL","No","No","No","No","No","No"
"8868-WOZGU",True,"Yes","Fiber optic","No","Yes","Yes","No","Yes","Yes"
"1334-FJSVR",False,"No phone service","DSL","No","No","No","No","No","No"
"7625-XCQRH",True,"Yes","Fiber optic","No","No","No","No","No","No"
"1731-TVIUK",True,"Yes","Fiber optic","No","Yes","No","Yes","No","Yes"
"0406-BPDVR",True,"Yes","Fiber optic","No","Yes","No","No","Yes","Yes"
"0618-XWMSS",True,"No","Fiber optic","Yes","No","No","No","No","No"
"5276-KQWHG",True,"No","Fiber optic","No","No","No","No","No","No"
"2565-JSLRY",True,"Yes","No","No internet service","No internet service","No internet service","No internet service","No internet service","No internet service"
"6689-KXGBO",True,"No","DSL","No","Yes","No","No","No","No"
"6615-NGGZJ",True,"Yes","Fiber optic","No","Yes","No","No","Yes","Yes"
"4255-DDUOU",True,"No","No","No internet service","No internet service","No internet service","No internet service","No internet service","No internet service"
"2984-MIIZL",True,"No","Fiber optic","No","No","Yes","No","No","No"
"5590-YRFJT",False,"No phone service","DSL","No","No","No","No","No","No"
"9667-EQRXU",False,"No phone service","DSL","No","No","Yes","No","Yes","No"
"3329-WDIOK",False,"No phone service","DSL","No","Yes","No","No","Yes","Yes"
"2873-ZLIWT",True,"Yes","Fiber optic","No","No","Yes","Yes","No","No"
"3415-TAILE",True,"No","DSL","No","No","No","No","Yes","Yes"
"1915-IOFGU",True,"No","Fiber optic","No","No","No","No","No","No"
"3045-XETSH",True,"Yes","Fiber optic","No","Yes","Yes","No","No","Yes"
"7239-HZZCX",True,"No","No","No internet service","No internet service","No internet service","No internet service","No internet service","No internet service"
"7683-CBDKJ",True,"No","DSL","Yes","Yes","No","No","Yes","No"
"0946-CLJTI",True,"Yes","Fiber optic","No","No","Yes","No","Yes","Yes"
"0628-CNQRM",True,"No","DSL","Yes","No","Yes","Yes","Yes","No"
"7665-TOALD",True,"No","Fiber optic","No","No","No","No","No","No"
"0112-QWPNC",True,"Yes","DSL","Yes","No","Yes","Yes","Yes","Yes"
"0324-BRPCJ",True,"Yes","Fiber optic","No","Yes","No","No","Yes","Yes"
"2777-PHDEI",True,"No","Fiber optic","No","No","No","No","Yes","No"
"1196-AMORA",True,"Yes","Fiber optic","No","No","No","No","No","No"
"4282-YMKNA",True,"Yes","Fiber optic","No","No","No","No","No","No"
"5356-RHIPP",True,"No","No","No internet service","No internet service","No internet service","No internet service","No internet service","No internet service"
"9189-JWSHV",True,"Yes","Fiber optic","No","No","No","No","Yes","Yes"
"0746-JTRFU",False,"No phone service","DSL","No","No","No","No","No","No"
"0576-WNXXC",True,"Yes","Fiber optic","No","Yes","Yes","No","No","Yes"
"4628-CTTLA",False,"No phone service","DSL","No","Yes","No","No","Yes","No"
"2876-VBBBL",True,"No","No","No internet service","No internet service","No internet service","No internet service","No internet service","No internet service"
"6834-NXDCA",False,"No phone service","DSL","No","No","No","No","No","No"
"5597-GLBUC",True,"No","Fiber optic","No","No","Yes","No","Yes","No"
"2748-MYRVK",True,"Yes","Fiber optic","No","Yes","No","No","Yes","Yes"
"4822-YCXMX",True,"Yes","Fiber optic","No","No","No","No","No","Yes"
"9821-POOTN",True,"Yes","Fiber optic","No","No","No","No","No","No"
"6559-ILWKJ",False,"No phone service","DSL","No","Yes","No","No","Yes","Yes"
"4229-CZMLL",True,"Yes","Fiber optic","No","No","No","No","No","No"
"3663-MITLP",True,"No","Fiber optic","No","Yes","Yes","No","Yes","Yes"
"9025-ZRPVR",True,"No","No","No internet service","No internet service","No internet service","No internet service","No internet service","No internet service"
"3285-UCQVC",False,"No phone service","DSL","No","No","No","Yes","No","No"
"5482-PLVPE",False,"No phone service","DSL","No","No","No","No","No","No"
"4902-OHLSK",True,"Yes","Fiber optic","No","No","No","Yes","Yes","Yes"
"0495-ZBNGW",True,"Yes","Fiber optic","No","No","Yes","No","No","No"
"2357-COQEK",True,"Yes","Fiber optic","No","No","Yes","Yes","Yes","Yes"
"3737-GCSPV",True,"Yes","Fiber optic","Yes","No","No","Yes","Yes","No"
"4088-YLDSU",True,"Yes","Fiber optic","No","No","Yes","Yes","Yes","Yes"
"2034-CGRHZ",True,"Yes","Fiber optic","No","Yes","Yes","No","Yes","Yes"
"5797-APWZC",True,"No","Fiber optic","No","No","No","No","Yes","Yes"
"3683-QKIUE",True,"No","DSL","No","No","No","Yes","No","No"
"4228-ZGYUW",True,"Yes","Fiber optic","No","Yes","No","No","No","Yes"
"3519-ZKXGG",True,"Yes","Fiber optic","No","No","No","No","No","No"
"6416-TVAIH",True,"No","Fiber optic","No","No","No","No","No","No"
"5108-ADXWO",True,"No","Fiber optic","Yes","No","No","No","No","No"
"3066-RRJIO",True,"No","Fiber optic","No","No","No","No","No","No"
"6715-OFDBP",True,"No","DSL","No","No","Yes","No","Yes","Yes"
"1567-DSCIC",True,"Yes","Fiber optic","No","Yes","Yes","No","Yes","No"
"2150-UWTFY",True,"No","DSL","Yes","Yes","Yes","No","No","No"
"2683-BPJSO",True,"Yes","Fiber optic","Yes","Yes","No","No","No","No"
"2157-MXBJS",True,"Yes","DSL","No","No","Yes","No","Yes","Yes"
"9360-AHGNL",True,"Yes","Fiber optic","Yes","No","Yes","Yes","Yes","Yes"
"1087-UDSIH",True,"No","No","No internet service","No internet service","No internet service","No internet service","No internet service","No internet service"
"5485-WUYWF",True,"No","DSL","Yes","No","Yes","No","Yes","No"
"2632-UCGVD",True,"Yes","Fiber optic","No","No","No","Yes","Yes","Yes"
"5445-PZWGX",True,"Yes","Fiber optic","Yes","Yes","No","Yes","No","Yes"
"9170-CCKOU",True,"Yes","Fiber optic","Yes","Yes","Yes","No","No","No"
"1043-YCUTE",True,"Yes","No","No internet service","No internet service","No internet service","No internet service","No internet service","No internet service"
"3814-MLAXC",True,"Yes","Fiber optic","No","No","No","Yes","No","No"
"1226-UDFZR",True,"No","DSL","No","Yes","No","No","No","No"
"6425-YQLLO",True,"Yes","Fiber optic","No","No","Yes","Yes","Yes","Yes"
"5442-UTCVD",True,"Yes","Fiber optic","No","No","Yes","No","No","Yes"
"7734-DBOAI",False,"No phone service","DSL","No","No","No","Yes","Yes","No"
"2091-RFFBA",True,"Yes","Fiber optic","No","No","No","No","No","No"
"2114-MGINA",True,"No","Fiber optic","No","No","No","No","Yes","Yes"
"4489-SNOJF",True,"Yes","DSL","Yes","No","Yes","Yes","Yes","No"
"6899-PPEEA",True,"Yes","Fiber optic","No","No","No","No","Yes","Yes"
"2187-LZGPL",False,"No phone service","DSL","No","Yes","No","No","No","Yes"
"4597-NUCQV",True,"Yes","Fiber optic","No","Yes","No","No","Yes","Yes"
"9019-QVLZD",True,"No","Fiber optic","No","No","No","No","Yes","No"
"3707-LRWZD",True,"Yes","Fiber optic","No","No","No","No","Yes","No"
"1455-ESIQH",True,"No","Fiber optic","No","No","No","No","Yes","Yes"
"2979-SXESE",True,"Yes","Fiber optic","Yes","No","Yes","No","Yes","No"
"4013-TLDHQ",True,"No","Fiber optic","No","Yes","Yes","No","No","No"
"3754-DXMRT",True,"No","DSL","No","No","No","No","No","No"
"7130-VTEWQ",True,"Yes","Fiber optic","No","No","No","No","No","No"
"6121-VZNQB",True,"No","No","No internet service","No internet service","No internet service","No internet service","No internet service","No internet service"
"7903-CMPEY",True,"Yes","Fiber optic","Yes","No","No","No","No","No"
"6996-KNSML",True,"No","Fiber optic","No","No","Yes","No","No","No"
"1704-NRWYE",True,"No","Fiber optic","No","No","No","No","Yes","No"
"2592-SEIFQ",False,"No phone service","DSL","No","No","No","No","No","No"
"7481-ATQQS",True,"Yes","Fiber optic","No","No","Yes","No","No","Yes"
"8642-GVWRF",True,"No","Fiber optic","No","Yes","Yes","No","No","No"
"3400-ESFUW",True,"No","DSL","Yes","Yes","No","Yes","No","No"
"2057-ZBLPD",True,"Yes","Fiber optic","No","No","No","No","No","Yes"
"5502-RLUYV",True,"Yes","Fiber optic","No","Yes","Yes","No","Yes","Yes"
"0023-HGHWL",False,"No phone service","DSL","No","No","No","No","No","No"
"9039-RBEEE",False,"No phone service","DSL","Yes","Yes","No","Yes","Yes","No"
"8417-FMLZI",True,"No","Fiber optic","No","Yes","No","No","No","Yes"
"1792-UXAFY",True,"No","Fiber optic","No","Yes","Yes","No","Yes","No"
"0515-YPMCW",True,"No","Fiber optic","No","No","No","No","No","No"
"0378-XSZPU",True,"No","DSL","Yes","Yes","Yes","No","No","No"
"4729-XKASR",False,"No phone service","DSL","No","No","No","No","No","No"
"5449-FIBXJ",True,"Yes","Fiber optic","No","No","Yes","Yes","Yes","Yes"
"9837-BMCLM",True,"No","Fiber optic","No","No","No","No","Yes","No"
"0137-UDEUO",True,"No","No","No internet service","No internet service","No internet service","No internet service","No internet service","No internet service"
"6161-UUUTA",True,"No","Fiber optic","No","No","No","No","Yes","No"
"6543-XRMYR",True,"Yes","Fiber optic","No","Yes","No","No","Yes","Yes"
"4925-LMHOK",True,"Yes","DSL","No","Yes","No","Yes","No","No"
"1455-UGQVH",True,"Yes","Fiber optic","No","No","Yes","No","Yes","Yes"
"8280-MQRQN",True,"No","DSL","No","No","Yes","No","No","No"
"2037-SGXHH",True,"Yes","Fiber optic","No","Yes","Yes","No","Yes","No"
"3178-FESZO",True,"Yes","Fiber optic","No","Yes","No","No","Yes","Yes"
"6087-MVHJH",True,"Yes","Fiber optic","No","No","Yes","No","No","Yes"
"4603-JANFB",True,"No","Fiber optic","No","No","No","No","No","No"
"3018-TFTSU",True,"No","Fiber optic","Yes","No","Yes","No","No","No"
"4806-KEXQR",True,"No","Fiber optic","No","No","No","No","No","Yes"
"7083-YNSKY",True,"Yes","No","No internet service","No internet service","No internet service","No internet service","No internet service","No internet service"
"2479-BRAMR",True,"Yes","Fiber optic","Yes","No","Yes","No","No","No"
"7434-SHXLS",True,"No","No","No internet service","No internet service","No internet service","No internet service","No internet service","No internet service"
"7908-QCBCA",True,"No","Fiber optic","No","No","No","No","No","No"
"6686-YPGHK",True,"No","Fiber optic","Yes","No","No","No","No","Yes"
"6711-FLDFB",True,"Yes","Fiber optic","No","No","No","No","No","No"
"3714-JTVOV",True,"No","Fiber optic","Yes","No","No","No","No","No"
"4702-IOQDC",True,"No","Fiber optic","No","No","No","No","No","No"
"6178-KFNHS",True,"Yes","Fiber optic","Yes","No","No","No","No","No"
"1264-BYWMS",True,"Yes","Fiber optic","No","No","No","No","Yes","Yes"
"9658-WYUFB",True,"Yes","Fiber optic","Yes","Yes","No","No","Yes","No"
"2013-SGDXK",True,"No","Fiber optic","No","Yes","No","No","Yes","No"
"8580-QVLOC",True,"Yes","DSL","Yes","Yes","Yes","Yes","Yes","Yes"
"2012-NWRPA",True,"Yes","Fiber optic","No","No","Yes","No","Yes","Yes"
"8808-ELEHO",True,"Yes","Fiber optic","No","No","Yes","No","No","No"
"3506-LCJDC",True,"No","No","No internet service","No internet service","No internet service","No internet service","No internet service","No internet service"
"3934-HXCFZ",True,"Yes","Fiber optic","Yes","Yes","Yes","No","Yes","No"
"7666-WKRON",True,"No","Fiber optic","No","No","Yes","Yes","No","No"
"4910-AQFFX",True,"Yes","Fiber optic","No","No","Yes","No","No","No"
"2154-KVJFF",True,"Yes","Fiber optic","No","Yes","No","No","No","No"
"9647-ERGBE",True,"Yes","Fiber optic","No","No","Yes","No","Yes","Yes"
"3428-XZMAZ",True,"No","Fiber optic","No","No","No","No","No","No"
"0378-TOVMS",True,"No","Fiber optic","No","No","No","Yes","No","Yes"
"4355-HBJHH",True,"Yes","DSL","Yes","No","Yes","No","Yes","Yes"
"9058-CBREO",True,"Yes","DSL","No","No","No","No","No","No"
"0318-QUUOB",True,"No","Fiber optic","No","No","No","No","Yes","No"
"5520-FVEWJ",True,"Yes","Fiber optic","No","Yes","Yes","No","No","No"
"5572-ZDXHY",True,"No","Fiber optic","No","Yes","No","No","No","Yes"
"3750-CKVKH",True,"No","Fiber optic","No","No","No","No","No","No"
"8063-GBATB",True,"Yes","Fiber optic","No","No","No","No","No","Yes"
"4547-KQRTM",True,"Yes","Fiber optic","No","Yes","No","No","No","No"
"4877-EVATK",True,"No","No","No internet service","No internet service","No internet service","No internet service","No internet service","No internet service"
"7639-SUPCW",True,"No","DSL","Yes","No","No","No","No","No"
"1069-XAIEM",True,"Yes","Fiber optic","No","No","No","No","No","Yes"
"4658-HCOHW",True,"No","Fiber optic","No","Yes","Yes","Yes","Yes","Yes"
"3440-JPSCL",True,"No","Fiber optic","No","No","Yes","Yes","Yes","Yes"
"2889-FPWRM",True,"Yes","Fiber optic","Yes","Yes","Yes","Yes","Yes","Yes"
"6987-XQSJT",True,"Yes","Fiber optic","No","Yes","No","No","No","No"
"4290-BSXUX",True,"Yes","Fiber optic","No","No","No","Yes","No","No"
"0325-XBFAC",True,"No","Fiber optic","No","No","Yes","No","Yes","Yes"
"2462-XIIJB",True,"Yes","Fiber optic","No","No","Yes","No","Yes","No"
"4760-XOHVN",True,"No","No","No internet service","No internet service","No internet service","No internet service","No internet service","No internet service"
"7817-BOQPW",True,"Yes","Fiber optic","No","No","No","No","No","No"
"1853-UDXBW",True,"No","Fiber optic","No","No","No","No","No","No"
"5458-CQJTA",True,"No","DSL","Yes","No","No","Yes","Yes","Yes"
"5219-YIPTK",True,"Yes","Fiber optic","No","Yes","Yes","No","Yes","Yes"
"3540-RZJYU",True,"No","Fiber optic","Yes","No","No","No","Yes","No"
"2091-MJTFX",False,"No phone service","DSL","No","No","No","Yes","Yes","Yes"
"0883-EIBTI",True,"No","No","No internet service","No internet service","No internet service","No internet service","No internet service","No internet service"
"0722-TROQR",True,"Yes","Fiber optic","No","No","No","No","No","No"
"7571-YXDAD",True,"Yes","Fiber optic","No","No","No","No","No","No"
"3393-FMZPV",True,"Yes","Fiber optic","No","Yes","No","No","Yes","Yes"
"6402-ZFPPI",True,"Yes","Fiber optic","Yes","Yes","No","No","Yes","Yes"
"7486-KSRVI",True,"Yes","Fiber optic","No","No","No","Yes","Yes","Yes"
"8443-WVPSS",True,"No","Fiber optic","No","Yes","No","Yes","Yes","Yes"
"3006-XIMLN",True,"Yes","Fiber optic","No","No","No","No","Yes","Yes"
"9965-YOKZB",True,"Yes","Fiber optic","No","No","No","No","No","Yes"
"0504-HHAPI",True,"Yes","Fiber optic","No","No","Yes","No","No","Yes"
"6305-YLBMM",True,"No","Fiber optic","No","Yes","Yes","Yes","Yes","Yes"
"3647-GMGDH",True,"No","Fiber optic","No","No","Yes","No","Yes","Yes"
"3791-LGQCY",True,"Yes","Fiber optic","No","No","Yes","No","Yes","Yes"
"8166-ZZTFS",True,"Yes","DSL","No","Yes","Yes","No","Yes","Yes"
"2956-GGUCQ",True,"Yes","Fiber optic","Yes","No","No","No","No","No"
"6595-COKXZ",True,"No","DSL","No","No","No","No","No","No"
"0362-ZBZWJ",True,"Yes","Fiber optic","No","No","No","No","No","Yes"
"4211-MMAZN",True,"No","No","No internet service","No internet service","No internet service","No internet service","No internet service","No internet service"
"4274-OWWYO",True,"No","Fiber optic","No","Yes","No","No","No","No"
"1541-ETJZO",True,"Yes","DSL","No","No","Yes","Yes","No","No"
"4106-HADHQ",True,"No","DSL","Yes","No","Yes","Yes","Yes","Yes"
"2369-UAPKZ",True,"Yes","Fiber optic","No","Yes","Yes","No","Yes","Yes"
"2778-OCLGR",False,"No phone service","DSL","Yes","No","No","No","No","Yes"
"0637-KVDLV",True,"Yes","Fiber optic","No","No","No","No","No","No"
"6633-MPWBS",True,"No","DSL","No","No","No","Yes","No","No"
"8785-EPNCG",True,"Yes","No","No internet service","No internet service","No internet service","No internet service","No internet service","No internet service"
"5729-KLZAR",True,"No","Fiber optic","No","No","No","No","No","Yes"
"1582-RAFML",True,"Yes","DSL","No","Yes","No","Yes","No","No"
"8740-CRYFY",True,"No","Fiber optic","No","No","No","No","Yes","No"
"2962-XPMCQ",True,"No","DSL","No","No","No","No","No","No"
"1678-FYZOW",True,"No","Fiber optic","No","No","No","No","Yes","No"
"8627-EHGIP",False,"No phone service","DSL","No","Yes","Yes","No","Yes","Yes"
"5480-TBGPH",True,"No","Fiber optic","No","Yes","Yes","No","Yes","Yes"
"8854-CCVSQ",True,"Yes","Fiber optic","No","Yes","No","No","No","No"
"0511-JTEOY",True,"No","Fiber optic","No","No","No","No","No","No"
"7067-KSAZT",True,"Yes","Fiber optic","No","Yes","Yes","No","Yes","Yes"
"6532-YLWSI",True,"No","No","No internet service","No internet service","No internet service","No internet service","No internet service","No internet service"
"9300-AGZNL",True,"Yes","Fiber optic","No","No","No","No","Yes","Yes"
"1112-CUNAO",True,"Yes","Fiber optic","No","Yes","No","No","No","Yes"
"5175-AOBHI",True,"No","DSL","No","No","No","No","No","No"
"5174-RNGBH",True,"No","DSL","No","Yes","No","Yes","Yes","No"
"7270-BDIOA",True,"Yes","Fiber optic","No","No","No","Yes","Yes","No"
"9565-JSNFM",True,"No","Fiber optic","No","No","No","No","No","No"
"0607-DAAHE",True,"No","No","No internet service","No internet service","No internet service","No internet service","No internet service","No internet service"
"9732-KPKBW",True,"No","DSL","Yes","No","No","Yes","No","No"
"3389-YGYAI",True,"Yes","Fiber optic","No","Yes","Yes","No","Yes","Yes"
"9560-ARGQJ",True,"No","Fiber optic","No","No","No","No","Yes","No"
"5134-IKDAY",True,"No","Fiber optic","No","No","No","No","No","No"
"3070-DVEYC",True,"Yes","Fiber optic","No","No","No","No","No","No"
"5707-ORNDZ",True,"Yes","DSL","Yes","No","No","No","No","No"
"8696-JKZNU",True,"Yes","Fiber optic","No","No","No","No","No","No"
"5380-AFSSK",True,"Yes","Fiber optic","No","No","No","No","Yes","Yes"
"2055-PDADH",True,"No","Fiber optic","No","No","No","No","No","No"
"8714-EUHJO",True,"Yes","Fiber optic","No","Yes","No","No","No","Yes"
"3721-CNEYS",True,"No","Fiber optic","No","No","No","No","No","No"
"2568-OIADY",True,"Yes","Fiber optic","No","No","Yes","No","Yes","Yes"
"1193-RTSLK",True,"No","Fiber optic","Yes","Yes","Yes","No","No","No"
"2302-ANTDP",True,"Yes","Fiber optic","Yes","Yes","Yes","Yes","Yes","Yes"
"5923-GXUOC",True,"No","Fiber optic","Yes","Yes","Yes","No","Yes","Yes"
"5233-GEEAX",False,"No phone service","DSL","No","No","Yes","No","No","No"
"4432-ADRLB",True,"No","DSL","No","No","No","No","No","No"
"8993-PHFWD",False,"No phone service","DSL","No","No","No","No","No","No"
"1565-RHDJD",True,"Yes","Fiber optic","No","Yes","Yes","No","No","No"
"7137-RYLPP",True,"Yes","Fiber optic","No","No","No","No","Yes","No"
"3765-JXVKY",True,"No","Fiber optic","No","Yes","No","No","No","No"
"7330-WZLNC",True,"Yes","Fiber optic","No","Yes","No","No","Yes","No"
"3957-LXOLK",True,"Yes","Fiber optic","No","Yes","Yes","No","Yes","Yes"
"6635-MYYYZ",True,"No","DSL","Yes","Yes","Yes","Yes","Yes","Yes"
"5281-BUZGT",True,"Yes","Fiber optic","Yes","No","No","No","Yes","No"
"5378-IKEEG",False,"No phone service","DSL","No","No","No","No","Yes","No"
"2718-GAXQD",True,"No","DSL","No","No","No","No","No","No"
"6413-XKKPU",True,"No","Fiber optic","Yes","No","Yes","No","Yes","No"
"1449-XQEMT",True,"No","No","No internet service","No internet service","No internet service","No internet service","No internet service","No internet service"
"2626-URJFX",True,"Yes","DSL","No","No","No","No","No","No"
"2612-RRIDN",True,"No","Fiber optic","No","No","No","No","Yes","No"
"4735-ASGMA",True,"Yes","Fiber optic","No","No","Yes","No","Yes","Yes"
"3669-LVWZB",False,"No phone service","DSL","No","Yes","No","No","Yes","Yes"
"6892-EZDTG",True,"Yes","Fiber optic","No","Yes","No","No","Yes","No"
"9725-SCPZG",True,"No","Fiber optic","No","No","No","No","Yes","Yes"
"5884-GCYMI",True,"No","Fiber optic","No","No","No","No","No","No"
"3217-FZDMN",True,"No","Fiber optic","No","No","Yes","No","Yes","Yes"
"7853-GVUDZ",True,"No","No","No internet service","No internet service","No internet service","No internet service","No internet service","No internet service"
"7480-QNVZJ",True,"Yes","Fiber optic","No","No","No","No","Yes","Yes"
"3943-KDREE",True,"Yes","Fiber optic","No","No","No","No","No","No"
"9239-ZBZZV",False,"No phone service","DSL","No","No","Yes","No","Yes","Yes"
"4398-HSCJH",True,"Yes","DSL","No","No","No","Yes","Yes","No"
"4430-UZIPO",False,"No phone service","DSL","No","Yes","No","Yes","No","No"
"4855-SNKMY",True,"No","DSL","No","No","No","No","No","No"
"8008-HAWED",False,"No phone service","DSL","No","No","Yes","No","Yes","Yes"
"7124-UGSUR",True,"Yes","Fiber optic","No","Yes","Yes","No","Yes","Yes"
"1862-SKORY",False,"No phone service","DSL","No","Yes","No","No","Yes","No"
"1502-XFCVR",True,"No","Fiber optic","Yes","Yes","Yes","No","Yes","Yes"
"9692-TUSXH",True,"No","Fiber optic","Yes","No","No","No","Yes","Yes"
"7912-SYRQT",True,"Yes","Fiber optic","No","No","No","No","No","No"
"4816-JBHOV",True,"No","DSL","No","No","No","No","No","No"
"8292-TYSPY",True,"No","DSL","No","No","Yes","Yes","No","No"
"7623-TRNQN",True,"No","DSL","No","No","No","Yes","No","No"
"1867-BDVFH",True,"Yes","Fiber optic","No","No","No","No","No","No"
"2359-QWQUL",True,"No","Fiber optic","Yes","No","Yes","Yes","Yes","Yes"
"9103-TCIHJ",True,"Yes","DSL","Yes","No","No","No","No","No"
"4140-WJAWW",True,"No","No","No internet service","No internet service","No internet service","No internet service","No internet service","No internet service"
"6653-CBBOM",True,"No","Fiber optic","No","No","No","No","No","No"
"3247-ZVOUO",True,"Yes","Fiber optic","No","No","No","No","No","Yes"
"6101-IMRMM",True,"No","Fiber optic","No","No","Yes","No","Yes","Yes"
"1268-ASBGA",True,"Yes","Fiber optic","No","No","No","No","No","Yes"
"8943-URTMR",True,"No","Fiber optic","No","No","No","No","Yes","No"
"4713-LZDRV",True,"No","Fiber optic","No","No","No","No","No","Yes"
"4325-NFSKC",True,"Yes","Fiber optic","Yes","No","No","No","Yes","No"
"2955-PSXOE",True,"No","No","No internet service","No internet service","No internet service","No internet service","No internet service","No internet service"
"7762-URZQH",True,"Yes","Fiber optic","Yes","No","Yes","No","Yes","Yes"
"6907-NZZIJ",True,"Yes","Fiber optic","No","Yes","No","No","Yes","Yes"
"2911-UREFD",False,"No phone service","DSL","Yes","No","Yes","No","Yes","Yes"
"3744-ZRRDZ",True,"Yes","Fiber optic","No","Yes","No","No","No","No"
"5673-TIYIB",False,"No phone service","DSL","No","Yes","Yes","Yes","No","No"
"1602-IJQQE",True,"Yes","Fiber optic","No","No","No","No","No","No"
"4628-WQCQQ",True,"No","Fiber optic","No","No","Yes","No","Yes","No"
"1644-IRKSF",True,"No","Fiber optic","No","No","Yes","No","Yes","Yes"
"3705-PSNGL",True,"No","No","No internet service","No internet service","No internet service","No internet service","No internet service","No internet service"
"6502-HCJTI",True,"Yes","Fiber optic","Yes","Yes","No","No","No","Yes"
"2606-RMDHZ",False,"No phone service","DSL","No","Yes","No","No","No","No"
"8258-GSTJK",True,"Yes","Fiber optic","No","No","No","No","No","No"
"6861-OKBCE",True,"No","No","No internet service","No internet service","No internet service","No internet service","No internet service","No internet service"
"9940-RHLFB",True,"No","Fiber optic","No","No","Yes","No","No","No"
"2995-UPRYS",True,"No","Fiber optic","No","Yes","No","Yes","Yes","Yes"
"1383-EZRWL",True,"No","No","No internet service","No internet service","No internet service","No internet service","No internet service","No internet service"
"4759-TRPLW",True,"No","Fiber optic","No","No","No","No","No","No"
"8563-IIOXK",True,"No","DSL","Yes","No","No","No","No","No"
"8020-BWHYL",True,"No","Fiber optic","No","Yes","No","No","No","No"
"2982-VPSGI",True,"Yes","Fiber optic","No","No","No","No","Yes","Yes"
"8199-ZLLSA",True,"Yes","Fiber optic","Yes","Yes","Yes","Yes","Yes","Yes"
"4625-EWPTF",False,"No phone service","DSL","Yes","No","No","No","No","No"
"5980-NOPLP",True,"Yes","Fiber optic","No","No","No","No","Yes","Yes"
"6892-XPFPU",True,"Yes","Fiber optic","No","Yes","Yes","No","Yes","Yes"
"8010-EZLOU",True,"Yes","Fiber optic","No","Yes","No","No","No","No"
"9874-QLCLH",True,"Yes","Fiber optic","Yes","No","Yes","No","Yes","Yes"
"8062-YBDOE",True,"No","Fiber optic","No","No","No","No","No","No"
"6000-APYLU",True,"No","Fiber optic","No","No","No","No","No","Yes"
"0947-IDHRQ",True,"No","Fiber optic","No","No","No","No","Yes","No"
"3672-YITQD",True,"Yes","Fiber optic","No","No","No","No","No","Yes"
"9048-JVYVF",True,"No","DSL","No","No","No","Yes","Yes","Yes"
"8988-ECPJR",True,"Yes","Fiber optic","No","Yes","No","No","No","No"
"3776-EKTKM",False,"No phone service","DSL","No","No","No","No","Yes","No"
"1902-XBTFB",True,"No","Fiber optic","No","Yes","Yes","No","Yes","No"
"0643-OKLRP",True,"Yes","Fiber optic","Yes","No","No","No","No","No"
"9381-NDKME",False,"No phone service","DSL","No","No","Yes","No","No","Yes"
"2794-XIMMO",False,"No phone service","DSL","No","Yes","Yes","Yes","Yes","Yes"
"8382-SHQEH",True,"Yes","Fiber optic","No","No","No","No","No","Yes"
"2983-ZANRP",True,"No","Fiber optic","No","Yes","No","No","No","No"
"7845-URHJN",True,"No","No","No internet service","No internet service","No internet service","No internet service","No internet service","No internet service"
"3034-ZBEQN",False,"No phone service","DSL","No","Yes","Yes","No","No","No"
"8327-LZKAS",True,"Yes","Fiber optic","No","No","Yes","Yes","Yes","Yes"
"3714-NTNFO",True,"Yes","Fiber optic","No","No","No","No","No","Yes"
"1075-BGWOH",True,"Yes","Fiber optic","No","No","Yes","No","Yes","Yes"
"0302-JOIVN",True,"No","Fiber optic","No","Yes","Yes","No","Yes","Yes"
"5366-IJEQJ",True,"Yes","Fiber optic","No","No","Yes","No","Yes","No"
"1981-INRFU",True,"No","Fiber optic","No","No","No","No","Yes","No"
"4971-PUYQO",True,"Yes","Fiber optic","No","No","No","No","Yes","Yes"
"8485-GJCDN",True,"No","Fiber optic","No","No","No","No","No","No"
"1527-SXDPN",True,"Yes","Fiber optic","No","No","Yes","Yes","No","Yes"
"6029-WTIPC",True,"Yes","Fiber optic","No","No","Yes","No","Yes","Yes"
"8634-CILSZ",True,"Yes","Fiber optic","No","Yes","No","Yes","Yes","Yes"
"6682-QJDGB",True,"No","DSL","Yes","Yes","No","No","No","No"
"8780-IXSTS",True,"Yes","Fiber optic","No","Yes","No","No","Yes","No"
"9530-EHPOH",True,"Yes","DSL","No","No","Yes","No","No","No"
"0345-HKJVM",True,"No","Fiber optic","No","No","No","No","Yes","Yes"
"3049-SOLAY",True,"Yes","Fiber optic","No","No","No","No","Yes","Yes"
"3317-HRTNN",False,"No phone service","DSL","No","No","No","No","Yes","Yes"
"3235-ETOOB",True,"No","Fiber optic","Yes","No","No","No","No","No"
"8058-INTPH",True,"No","Fiber optic","No","No","No","No","Yes","No"
"5569-OUICF",True,"Yes","Fiber optic","No","No","No","Yes","Yes","Yes"
"8821-XNHVZ",True,"No","Fiber optic","No","No","No","No","Yes","No"
"2082-OJVTK",True,"Yes","Fiber optic","No","No","Yes","No","No","Yes"
"5940-NFXKV",True,"Yes","Fiber optic","No","No","No","No","No","Yes"
"8053-WWDRO",True,"No","No","No internet service","No internet service","No internet service","No internet service","No internet service","No internet service"
"9564-KCLHR",True,"No","DSL","No","No","No","Yes","No","No"
"2082-CEFLT",True,"No","DSL","No","No","No","No","No","No"
"1213-NGCUN",True,"No","DSL","No","No","No","Yes","No","No"
"5688-KZTSN",True,"No","No","No internet service","No internet service","No internet service","No internet service","No internet service","No internet service"
"2894-QOJRX",False,"No phone service","DSL","No","No","No","No","Yes","No"
"5747-PMBSQ",True,"No","Fiber optic","No","Yes","Yes","Yes","Yes","No"
"3143-JQEGI",True,"No","Fiber optic","No","No","No","No","Yes","Yes"
"6386-SZZKH",True,"Yes","Fiber optic","No","Yes","Yes","Yes","Yes","Yes"
"2982-IHMFT",True,"Yes","Fiber optic","No","No","No","No","No","No"
"3521-SYVOR",True,"No","DSL","No","No","No","No","Yes","Yes"
"9526-JAWYF",True,"No","Fiber optic","No","Yes","Yes","No","Yes","No"
"5649-VUKMC",True,"No","Fiber optic","No","No","Yes","No","Yes","Yes"
"5143-EGQFK",False,"No phone service","DSL","No","No","No","Yes","No","No"
"4919-IKATY",True,"Yes","Fiber optic","Yes","No","Yes","No","No","No"
"9050-QLROH",True,"Yes","Fiber optic","No","No","Yes","No","No","Yes"
"6168-WFVVF",True,"No","Fiber optic","No","No","No","No","No","No"
"0877-SDMBN",True,"Yes","Fiber optic","Yes","No","Yes","No","Yes","Yes"
"8065-YKXKD",True,"Yes","Fiber optic","No","No","No","No","No","No"
"9637-EIHEQ",True,"No","DSL","No","No","No","Yes","No","No"
"9689-PTNPG",True,"No","Fiber optic","No","No","No","No","Yes","No"
"9465-RWMXL",True,"Yes","Fiber optic","No","No","Yes","No","No","No"
"2362-IBOOY",True,"Yes","Fiber optic","No","No","No","No","No","Yes"
"0843-WTBXE",True,"Yes","Fiber optic","No","No","No","No","Yes","No"
"5515-IDEJJ",True,"No","No","No internet service","No internet service","No internet service","No internet service","No internet service","No internet service"
"7450-NWRTR",True,"Yes","Fiber optic","No","No","Yes","No","Yes","Yes"
"5376-DEQCP",True,"No","Fiber optic","No","No","No","No","No","No"
"9095-HFAFX",True,"No","Fiber optic","No","No","No","No","Yes","No"
"2379-ENZGV",True,"No","Fiber optic","No","Yes","No","No","Yes","No"
"6005-OBZPH",True,"Yes","Fiber optic","No","Yes","No","No","Yes","No"
"7932-WPTDS",False,"No phone service","DSL","No","No","No","No","No","No"
"2722-VOJQL",True,"Yes","Fiber optic","No","Yes","No","Yes","Yes","Yes"
"5228-EXCET",True,"No","Fiber optic","No","No","No","No","No","Yes"
"7394-FKDNK",True,"No","Fiber optic","No","No","No","No","Yes","Yes"
"6331-LWDTQ",True,"Yes","DSL","No","No","No","No","Yes","Yes"
"1597-FZREH",True,"No","DSL","No","No","Yes","Yes","Yes","Yes"
"7000-WCEVQ",True,"Yes","DSL","No","No","No","No","No","Yes"
"0727-IWKVK",True,"No","Fiber optic","No","Yes","Yes","No","No","No"
"5959-BELXA",True,"Yes","Fiber optic","No","No","No","No","Yes","Yes"
"3512-IZIKN",True,"Yes","DSL","Yes","No","Yes","Yes","No","No"
"6141-OOXUQ",True,"No","No","No internet service","No internet service","No internet service","No internet service","No internet service","No internet service"
"7503-ZGUZJ",True,"Yes","Fiber optic","No","No","No","No","Yes","No"
"2506-TNFCO",True,"No","Fiber optic","No","No","No","No","No","No"
"8718-PTMEZ",False,"No phone service","DSL","No","Yes","No","No","No","No"
"2207-OBZNX",True,"No","DSL","Yes","No","No","No","No","No"
"6142-VSJQO",True,"No","DSL","No","No","No","No","No","No"
"6437-UKHMV",True,"No","Fiber optic","No","No","No","No","Yes","No"
"1114-CENIM",True,"Yes","DSL","No","Yes","No","No","No","No"
"6060-DRTNL",True,"No","Fiber optic","No","No","Yes","No","Yes","No"
"8473-VUVJN",True,"Yes","Fiber optic","No","No","No","No","No","No"
"6289-CPNLD",True,"No","DSL","No","No","Yes","Yes","Yes","Yes"
"5536-SLHPM",True,"Yes","Fiber optic","No","No","Yes","No","No","No"
"0196-VULGZ",True,"Yes","Fiber optic","No","No","No","No","No","Yes"
"8837-VVWLQ",True,"No","Fiber optic","Yes","No","No","No","Yes","No"
"2696-NARTR",True,"No","Fiber optic","No","No","No","Yes","No","No"
"7614-QVWQL",False,"No phone service","DSL","No","Yes","No","No","Yes","Yes"
"1976-CFOCS",True,"No","DSL","No","No","No","No","No","No"
"4631-OACRM",True,"No","Fiber optic","No","No","No","No","No","Yes"
"3755-JBMNH",True,"No","Fiber optic","No","No","No","No","No","No"
"6345-ULYRW",True,"Yes","Fiber optic","No","Yes","No","No","No","Yes"
"1809-DMJHQ",True,"No","DSL","No","No","No","No","No","No"
"6923-EFPNL",True,"Yes","DSL","No","No","No","No","No","No"
"9574-RKJIF",True,"Yes","Fiber optic","Yes","Yes","No","No","Yes","No"
"2619-WFQWU",True,"No","Fiber optic","No","No","No","No","No","No"
"0778-NELLA",False,"No phone service","DSL","No","No","No","No","Yes","No"
"4614-NUVZD",True,"No","Fiber optic","No","No","No","No","No","Yes"
"3803-KMQFW",True,"No","No","No internet service","No internet service","No internet service","No internet service","No internet service","No internet service"
"6804-GDMOI",True,"Yes","Fiber optic","No","No","Yes","Yes","Yes","Yes"
"9572-MTILT",True,"Yes","Fiber optic","Yes","Yes","Yes","Yes","Yes","No"
"9611-CTWIH",True,"No","Fiber optic","No","No","No","No","Yes","Yes"
"0329-GTIAJ",True,"No","Fiber optic","No","Yes","No","Yes","Yes","Yes"
"6629-CZTTH",True,"No","DSL","No","No","No","No","No","Yes"
"5364-EVNIB",True,"No","Fiber optic","No","Yes","Yes","No","No","No"
"5087-SUURX",False,"No phone service","DSL","No","No","Yes","No","Yes","No"
"0013-EXCHZ",True,"No","Fiber optic","No","No","No","Yes","Yes","No"
"5550-VFRLC",True,"No","Fiber optic","No","No","No","No","No","No"
"4929-BSTRX",True,"No","DSL","No","No","No","No","Yes","No"
"2225-ZRGSG",True,"Yes","Fiber optic","Yes","Yes","Yes","Yes","No","No"
"5271-YNWVR",True,"Yes","Fiber optic","Yes","Yes","Yes","Yes","Yes","Yes"
"2657-ALMWY",True,"No","Fiber optic","No","Yes","No","No","No","Yes"
"6330-JKLPC",True,"Yes","Fiber optic","No","Yes","No","No","No","No"
"4667-OHGKG",True,"No","No","No internet service","No internet service","No internet service","No internet service","No internet service","No internet service"
"1660-HSOOQ",True,"No","DSL","No","No","Yes","No","No","No"
"7253-UVNDW",True,"No","DSL","No","No","Yes","Yes","No","No"
"7228-OMTPN",True,"No","Fiber optic","No","No","No","No","Yes","Yes"
"6284-AHOOQ",True,"Yes","Fiber optic","No","No","No","Yes","Yes","No"
"2344-JMOGN",True,"No","Fiber optic","No","Yes","Yes","Yes","Yes","No"
"3799-ISUZQ",True,"No","Fiber optic","No","No","No","No","No","No"
"1794-HBQTJ",True,"No","DSL","Yes","No","No","No","No","No"
"2460-FPSYH",False,"No phone service","DSL","Yes","Yes","No","No","Yes","Yes"
"4818-DRBQT",True,"Yes","Fiber optic","No","Yes","No","No","No","No"
"1320-HTRDR",True,"Yes","Fiber optic","No","No","No","No","No","No"
"1493-AMTIE",True,"No","No","No internet service","No internet service","No internet service","No internet service","No internet service","No internet service"
"6424-ELEYH",True,"Yes","Fiber optic","No","No","No","No","No","No"
"4391-RESHN",True,"Yes","Fiber optic","No","No","Yes","Yes","Yes","Yes"
"6821-BUXUX",True,"Yes","Fiber optic","Yes","Yes","No","No","Yes","No"
"5028-HTLJB",True,"No","No","No internet service","No internet service","No internet service","No internet service","No internet service","No internet service"
"9801-GDWGV",True,"Yes","Fiber optic","No","Yes","Yes","No","Yes","Yes"
"2320-JRSDE",True,"No","No","No internet service","No internet service","No internet service","No internet service","No internet service","No internet service"
"0601-WZHJF",False,"No phone service","DSL","No","No","No","No","Yes","Yes"
"5143-WMWOG",True,"No","No","No internet service","No internet service","No internet service","No internet service","No internet service","No internet service"
"5393-RXQSZ",True,"No","Fiber optic","No","No","No","No","No","Yes"
"0231-LXVAP",True,"No","Fiber optic","No","No","No","Yes","No","No"
"9444-JTXHZ",True,"No","Fiber optic","No","No","Yes","No","No","No"
"5510-BOIUJ",True,"No","No","No internet service","No internet service","No internet service","No internet service","No internet service","No internet service"
"4471-KXAUH",True,"Yes","Fiber optic","No","No","Yes","Yes","No","No"
"7638-QVMVY",True,"No","Fiber optic","No","No","No","No","Yes","No"
"3244-DCJWY",True,"No","Fiber optic","No","No","No","No","No","No"
"0875-CABNR",True,"No","Fiber optic","No","No","Yes","No","No","Yes"
"7812-FZHPE",True,"Yes","No","No internet service","No internet service","No internet service","No internet service","No internet service","No internet service"
"4797-AXPXK",True,"No","DSL","Yes","Yes","No","Yes","No","No"
"5229-PRWKT",True,"Yes","Fiber optic","No","No","No","No","No","Yes"
"6982-UQZLY",True,"No","No","No internet service","No internet service","No internet service","No internet service","No internet service","No internet service"
"5057-LCOUI",False,"No phone service","DSL","No","No","Yes","No","Yes","Yes"
"0193-ESZXP",True,"No","Fiber optic","Yes","Yes","No","Yes","Yes","Yes"
"4369-HTUIF",True,"No","Fiber optic","Yes","No","No","No","Yes","No"
"0156-FVPTA",True,"No","DSL","Yes","No","No","Yes","No","No"
"1984-FCOWB",True,"Yes","Fiber optic","No","Yes","Yes","Yes","Yes","Yes"
"0654-HMSHN",True,"Yes","Fiber optic","No","Yes","Yes","No","Yes","Yes"
"5287-QWLKY",True,"Yes","Fiber optic","Yes","Yes","No","No","Yes","Yes"
"5196-SGOAK",True,"No","Fiber optic","No","Yes","No","No","No","No"
"1891-UAWWU",True,"Yes","Fiber optic","No","No","Yes","No","Yes","No"
"6108-OQZDQ",True,"Yes","Fiber optic","No","Yes","No","No","Yes","Yes"
"0363-QJVFX",True,"Yes","Fiber optic","Yes","Yes","No","Yes","Yes","Yes"
"9840-DVNDC",True,"No","Fiber optic","No","No","No","No","Yes","No"
"3096-JRDSO",True,"Yes","Fiber optic","Yes","No","No","Yes","Yes","Yes"
"8042-JVNFH",True,"No","Fiber optic","No","No","No","No","No","No"
"3374-LXDEV",True,"Yes","Fiber optic","No","Yes","Yes","Yes","No","No"
"5049-GLYVG",True,"No","No","No internet service","No internet service","No internet service","No internet service","No internet service","No internet service"
"5883-GTGVD",True,"Yes","Fiber optic","No","Yes","No","No","Yes","Yes"
"4817-QRJSX",True,"Yes","Fiber optic","No","Yes","No","No","No","No"
"2398-YPMUR",True,"No","Fiber optic","No","No","No","No","No","No"
"9985-MWVIX",True,"No","Fiber optic","No","No","No","No","No","No"
"1265-XTECC",True,"Yes","Fiber optic","Yes","Yes","No","No","No","Yes"
"2237-ZFSMY",True,"No","Fiber optic","Yes","No","Yes","Yes","Yes","No"
"4871-JTKJF",True,"No","Fiber optic","No","No","No","No","No","No"
"1415-YFWLT",True,"No","Fiber optic","No","No","No","No","Yes","Yes"
"6711-VTNRE",True,"No","Fiber optic","No","No","Yes","Yes","No","Yes"
"3500-RMZLT",True,"No","Fiber optic","Yes","No","Yes","Yes","No","Yes"
"4548-SDBKE",True,"Yes","Fiber optic","No","No","No","No","Yes","No"
"8066-POXGX",False,"No phone service","DSL","No","No","No","No","No","Yes"
"4143-OOBWZ",True,"Yes","Fiber optic","No","Yes","No","No","No","No"
"7854-EKTJL",True,"No","No","No internet service","No internet service","No internet service","No internet service","No internet service","No internet service"
"9102-IAYHT",True,"Yes","Fiber optic","No","No","No","No","No","Yes"
"3422-LYEPQ",True,"No","Fiber optic","No","No","No","No","No","No"
"2642-DTVCO",True,"Yes","Fiber optic","No","No","No","No","No","Yes"
"4361-JEIVL",True,"No","DSL","No","No","No","No","No","No"
"1363-TXLSL",True,"No","Fiber optic","No","No","No","No","No","No"
"9507-EXLTT",True,"No","Fiber optic","No","No","No","No","Yes","No"
"9846-GKXAS",True,"No","Fiber optic","No","No","No","No","Yes","Yes"
"6017-PPLPX",True,"No","Fiber optic","No","No","No","No","No","No"
"7136-RVDTZ",False,"No phone service","DSL","No","No","No","No","Yes","Yes"
"4581-SSPWD",True,"Yes","Fiber optic","No","No","No","No","No","No"
"6927-WTFIV",True,"No","Fiber optic","No","No","No","No","No","No"
"3398-ZOUAA",True,"No","Fiber optic","No","No","No","No","No","No"
"0378-NHQXU",True,"Yes","Fiber optic","No","No","Yes","No","Yes","No"
"4512-ZUIYL",True,"No","Fiber optic","No","No","No","No","No","No"
"7969-AULMZ",True,"Yes","Fiber optic","No","No","No","No","Yes","Yes"
"0568-ONFPC",True,"Yes","No","No internet service","No internet service","No internet service","No internet service","No internet service","No internet service"
"0733-VUNUW",True,"Yes","DSL","Yes","No","No","No","No","No"
"4550-EVXNY",True,"No","Fiber optic","No","No","No","No","No","No"
"2968-SSGAA",True,"Yes","Fiber optic","No","No","Yes","No","Yes","Yes"
"4844-JJWUY",True,"No","Fiber optic","No","Yes","No","No","No","Yes"
"6777-TGHTM",True,"Yes","Fiber optic","Yes","No","Yes","No","Yes","Yes"
"3538-WZPHD",False,"No phone service","DSL","No","Yes","No","No","No","No"
"4785-QRJHC",False,"No phone service","DSL","No","Yes","Yes","Yes","Yes","Yes"
"8610-WFCJF",True,"Yes","Fiber optic","No","No","No","No","Yes","Yes"
"4905-JEFDW",False,"No phone service","DSL","No","No","Yes","No","Yes","No"
"7881-INRLC",True,"Yes","Fiber optic","No","Yes","No","No","Yes","Yes"
"0117-LFRMW",False,"No phone service","DSL","Yes","Yes","Yes","No","No","No"
"6172-FECYY",True,"Yes","Fiber optic","No","No","No","No","Yes","No"
"1965-AKTSX",True,"Yes","Fiber optic","No","Yes","No","No","No","No"
"4786-UKSNZ",True,"No","No","No internet service","No internet service","No internet service","No internet service","No internet service","No internet service"
"7248-VZQLC",True,"Yes","Fiber optic","No","Yes","Yes","No","No","No"
"0011-IGKFF",True,"No","Fiber optic","No","Yes","Yes","No","Yes","Yes"
"4192-GORJT",True,"No","Fiber optic","No","No","Yes","No","Yes","Yes"
"6496-SLWHQ",True,"Yes","Fiber optic","No","Yes","Yes","No","Yes","Yes"
"9912-GVSEQ",True,"Yes","Fiber optic","No","Yes","Yes","No","No","Yes"
"5383-MMTWC",True,"Yes","Fiber optic","No","No","No","No","No","Yes"
"7240-ETPTR",False,"No phone service","DSL","No","No","Yes","No","Yes","Yes"
"2202-CUYXZ",True,"No","Fiber optic","No","No","Yes","No","Yes","No"
"5995-OIGLP",True,"No","DSL","Yes","No","No","Yes","No","No"
"6261-RCVNS",True,"No","DSL","Yes","Yes","Yes","Yes","No","Yes"
"7951-QKZPL",True,"Yes","No","No internet service","No internet service","No internet service","No internet service","No internet service","No internet service"
"3640-PHQXK",True,"Yes","Fiber optic","No","No","Yes","No","No","Yes"
"6877-LGWXO",True,"No","Fiber optic","No","No","No","No","No","Yes"
"8019-ENHXU",True,"Yes","Fiber optic","No","Yes","Yes","Yes","No","Yes"
"5167-GBFRE",False,"No phone service","DSL","No","No","No","No","No","No"
"9033-EOXWV",True,"Yes","DSL","No","No","No","Yes","Yes","Yes"
"1324-NLTJE",True,"Yes","DSL","No","No","No","Yes","No","No"
"1522-VVDMG",True,"No","Fiber optic","No","Yes","No","Yes","Yes","No"
"9185-TQCVP",True,"Yes","Fiber optic","No","No","No","No","No","Yes"
"5567-WSELE",True,"Yes","Fiber optic","No","No","No","No","Yes","Yes"
"8063-RJYNF",True,"No","Fiber optic","Yes","No","No","No","Yes","Yes"
"0687-ZVTHB",True,"Yes","DSL","Yes","Yes","Yes","No","No","Yes"
"9661-ACXBS",True,"Yes","Fiber optic","Yes","No","Yes","No","Yes","Yes"
"3727-RJMEO",True,"Yes","Fiber optic","No","No","No","No","Yes","No"
"6646-VRFOL",True,"Yes","Fiber optic","No","Yes","Yes","No","Yes","Yes"
"5685-IIXLY",True,"No","Fiber optic","No","Yes","No","No","No","Yes"
"4250-ZBWLV",True,"Yes","Fiber optic","No","Yes","Yes","Yes","Yes","Yes"
"5095-AESKG",True,"Yes","Fiber optic","No","Yes","No","No","No","Yes"
"1871-MOWRM",True,"No","Fiber optic","Yes","No","No","Yes","No","No"
"2027-OAQQC",False,"No phone service","DSL","No","No","Yes","No","Yes","Yes"
"9090-SGQXL",True,"Yes","Fiber optic","No","Yes","Yes","No","Yes","Yes"
"6595-YGXIT",True,"Yes","Fiber optic","No","Yes","No","No","Yes","No"
"9835-ZIITK",True,"Yes","Fiber optic","No","Yes","Yes","Yes","Yes","Yes"
"1555-DJEQW",True,"Yes","Fiber optic","Yes","Yes","Yes","Yes","Yes","Yes"
"5649-TJHOV",False,"No phone service","DSL","No","No","No","No","No","Yes"
"0519-XUZJU",True,"No","Fiber optic","No","No","No","No","No","No"
"6338-AVWCY",False,"No phone service","DSL","No","No","Yes","No","Yes","No"
"9253-QXKBE",True,"Yes","Fiber optic","No","No","No","No","Yes","Yes"
"9445-SZLCH",True,"Yes","Fiber optic","No","Yes","Yes","No","Yes","No"
"7568-PODML",False,"No phone service","DSL","No","No","No","No","Yes","Yes"
"5349-IECLD",True,"No","Fiber optic","No","No","Yes","No","Yes","Yes"
"3945-GFWQL",True,"No","DSL","No","No","No","No","No","No"
"3797-VTIDR",False,"No phone service","DSL","No","No","No","No","No","No"
"9526-BIHHD",False,"No phone service","DSL","Yes","No","No","No","No","No"
"4523-WXCEF",True,"Yes","Fiber optic","No","Yes","No","No","Yes","Yes"
"8364-TRMMK",True,"Yes","DSL","No","No","No","No","No","No"
"3063-QFSZL",True,"No","DSL","No","No","No","No","No","Yes"
"8775-LHDJH",True,"Yes","Fiber optic","No","Yes","No","No","Yes","No"
"3097-NQYSN",True,"Yes","Fiber optic","No","No","No","No","Yes","No"
"3565-UNOCC",True,"Yes","Fiber optic","No","No","Yes","No","Yes","Yes"
"9249-FXSCK",True,"Yes","Fiber optic","Yes","Yes","No","Yes","Yes","Yes"
"5493-SDRDQ",True,"No","DSL","Yes","No","Yes","No","No","No"
"0871-URUWO",True,"Yes","Fiber optic","No","No","Yes","No","Yes","Yes"
"9190-MFJLN",True,"No","Fiber optic","No","No","Yes","No","Yes","Yes"
"1095-JUDTC",True,"Yes","Fiber optic","No","Yes","No","Yes","Yes","No"
"0870-VEMYL",True,"No","DSL","Yes","No","No","Yes","No","No"
"5385-SUIRI",True,"Yes","Fiber optic","Yes","No","Yes","No","Yes","Yes"
"3982-XWFZQ",True,"Yes","DSL","No","No","No","No","No","No"
"4009-ALQFH",True,"No","Fiber optic","No","Yes","Yes","No","Yes","Yes"
"3627-FCRDW",True,"No","Fiber optic","No","No","No","No","No","No"
"7562-GSUHK",True,"No","Fiber optic","No","Yes","Yes","No","No","Yes"
"4903-UYAVB",True,"No","No","No internet service","No internet service","No internet service","No internet service","No internet service","No internet service"
"6776-TLWOI",True,"No","No","No internet service","No internet service","No internet service","No internet service","No internet service","No internet service"
"4077-CROMM",True,"Yes","Fiber optic","No","No","Yes","Yes","Yes","Yes"
"2868-MZAGQ",True,"No","Fiber optic","No","No","No","No","No","Yes"
"4847-QNOKA",True,"No","DSL","No","No","No","No","No","No"
"6379-RXJRQ",True,"No","Fiber optic","No","No","No","No","No","No"
"8650-RHRKE",False,"No phone service","DSL","No","No","Yes","No","No","No"
"0475-RIJEP",True,"Yes","Fiber optic","No","Yes","No","No","No","No"
"1260-TTRXI",True,"No","DSL","No","No","No","No","No","Yes"
"6328-ZPBGN",True,"Yes","Fiber optic","No","No","No","No","Yes","Yes"
"4789-KWMXN",True,"Yes","Fiber optic","Yes","No","Yes","Yes","Yes","Yes"
"2867-UIMSS",True,"No","Fiber optic","No","No","No","No","No","Yes"
"8111-RKSPX",True,"Yes","Fiber optic","No","No","No","No","No","No"
"1585-MQSSU",True,"No","DSL","No","No","No","Yes","No","No"
"2856-NNASM",True,"No","Fiber optic","No","No","No","No","Yes","Yes"
"8559-CIZFV",True,"Yes","DSL","Yes","Yes","No","Yes","Yes","No"
"7547-EKNFS",True,"Yes","Fiber optic","No","Yes","Yes","No","Yes","No"
"6769-DYBQN",True,"No","Fiber optic","Yes","No","No","No","No","Yes"
"4439-JMPMT",True,"No","Fiber optic","No","No","No","Yes","Yes","No"
"2446-BEGGB",True,"Yes","Fiber optic","No","Yes","No","No","Yes","Yes"
"1496-GGSUK",False,"No phone service","DSL","No","No","No","No","No","No"
"2575-GFSOE",True,"No","Fiber optic","No","No","No","No","No","No"
"2842-JTCCU",True,"No","DSL","No","No","No","No","No","No"
"3296-SILRA",True,"No","Fiber optic","No","Yes","No","No","No","No"
"9681-OXGVC",True,"Yes","Fiber optic","No","No","Yes","No","Yes","Yes"
"5180-UCIIQ",False,"No phone service","DSL","Yes","No","No","No","No","Yes"
"7153-OANIO",True,"No","Fiber optic","No","No","No","No","No","No"
"6521-YYTYI",True,"Yes","Fiber optic","No","No","No","No","Yes","Yes"
"8878-HMWBV",True,"No","DSL","No","No","Yes","No","No","No"
"3751-KTZEL",False,"No phone service","DSL","No","No","No","No","No","Yes"
"1977-STDKI",True,"No","Fiber optic","No","Yes","No","No","No","No"
"5813-UECBU",True,"Yes","Fiber optic","No","Yes","Yes","No","No","No"
"0328-GRPMV",True,"No","Fiber optic","No","No","No","No","No","No"
"4342-HENTK",True,"No","Fiber optic","No","No","No","No","No","No"
"9600-NAXZN",True,"Yes","Fiber optic","No","Yes","No","No","Yes","Yes"
"6457-USBER",True,"No","Fiber optic","No","No","No","No","No","Yes"
"4195-SMMNX",True,"No","No","No internet service","No internet service","No internet service","No internet service","No internet service","No internet service"
"6956-SMUCM",True,"No","Fiber optic","Yes","No","Yes","No","Yes","Yes"
"3223-WZWJM",True,"Yes","Fiber optic","No","No","No","No","No","Yes"
"9053-JZFKV",True,"Yes","Fiber optic","Yes","Yes","Yes","Yes","Yes","Yes"
"2530-ENDWQ",True,"Yes","Fiber optic","No","No","No","No","Yes","Yes"
"6615-ZGEDR",True,"No","No","No internet service","No internet service","No internet service","No internet service","No internet service","No internet service"
"9250-WYPLL",True,"Yes","Fiber optic","No","No","No","No","No","No"
"2754-XBHTB",True,"No","Fiber optic","No","No","No","No","Yes","No"
"1597-LHYNC",True,"Yes","Fiber optic","Yes","Yes","No","No","No","Yes"
"7055-VKGDA",True,"No","Fiber optic","Yes","Yes","No","Yes","Yes","Yes"
"0754-UKWQP",True,"No","Fiber optic","No","No","Yes","No","Yes","Yes"
"7493-TPUWZ",True,"Yes","Fiber optic","No","Yes","No","No","No","No"
"1577-HKTFG",True,"No","No","No internet service","No internet service","No internet service","No internet service","No internet service","No internet service"
"8752-STIVR",True,"No","Fiber optic","No","No","No","No","Yes","No"
"4558-FANTW",True,"No","Fiber optic","Yes","No","No","Yes","Yes","No"
"8651-ENBZX",True,"Yes","Fiber optic","No","No","Yes","Yes","Yes","Yes"
"9330-IJWIO",True,"Yes","Fiber optic","Yes","No","No","No","Yes","Yes"
"9286-DOJGF",True,"Yes","Fiber optic","No","No","No","No","No","No"
"9661-MHUMO",True,"No","DSL","No","No","No","Yes","No","No"
"1842-EZJMK",True,"Yes","Fiber optic","No","Yes","No","Yes","Yes","Yes"
"8079-XRJRS",True,"Yes","Fiber optic","Yes","Yes","Yes","No","No","No"
"8073-IJDCM",True,"No","No","No internet service","No internet service","No internet service","No internet service","No internet service","No internet service"
"8884-ADFVN",True,"Yes","Fiber optic","No","No","Yes","No","Yes","Yes"
"2720-WGKHP",True,"Yes","Fiber optic","No","No","No","No","Yes","Yes"
"2869-ADAWR",True,"Yes","Fiber optic","No","Yes","No","No","Yes","No"
"9894-EZEWG",True,"No","Fiber optic","No","Yes","No","No","No","No"
"7851-FLGGQ",False,"No phone service","DSL","No","Yes","No","Yes","No","Yes"
"0637-UBJRP",True,"No","Fiber optic","Yes","No","No","No","No","Yes"
"0940-OUQEC",True,"Yes","Fiber optic","No","Yes","No","No","No","No"
"0702-PGIBZ",True,"Yes","Fiber optic","No","Yes","No","No","Yes","Yes"
"1963-VAUKV",True,"No","No","No internet service","No internet service","No internet service","No internet service","No internet service","No internet service"
"3058-HJCUY",True,"Yes","Fiber optic","No","No","Yes","Yes","Yes","Yes"
"3259-FDWOY",True,"Yes","Fiber optic","No","Yes","Yes","No","Yes","Yes"
"0807-ZABDG",True,"No","DSL","Yes","No","No","Yes","No","No"
"5748-RNCJT",True,"Yes","Fiber optic","No","No","Yes","Yes","Yes","Yes"
"7739-LAXOG",True,"Yes","Fiber optic","No","No","Yes","No","No","Yes"
"9776-CLUJA",True,"Yes","Fiber optic","Yes","No","No","No","No","No"
"6034-ZRYCV",False,"No phone service","DSL","No","Yes","Yes","No","Yes","Yes"
"2079-FBMZK",True,"No","Fiber optic","No","No","No","No","No","No"
"6608-QQLVK",True,"No","DSL","No","No","Yes","No","No","No"
"3551-HUAZH",True,"Yes","Fiber optic","No","No","No","No","No","No"
"6302-JGYRJ",True,"Yes","DSL","No","Yes","No","Yes","Yes","Yes"
"3685-YLCMQ",True,"Yes","Fiber optic","No","No","Yes","Yes","Yes","Yes"
"8634-MPHTR",True,"Yes","Fiber optic","No","No","Yes","No","Yes","Yes"
"8761-NSOBC",True,"No","Fiber optic","No","Yes","No","Yes","Yes","Yes"
"8413-VONUO",True,"No","Fiber optic","No","Yes","No","No","Yes","Yes"
"9223-UCPVT",True,"No","Fiber optic","No","No","Yes","No","Yes","Yes"
"4351-QLCSU",True,"No","DSL","No","No","No","No","Yes","No"
"5419-JPRRN",True,"Yes","Fiber optic","No","No","Yes","No","Yes","Yes"
"2100-BDNSN",True,"Yes","DSL","No","No","Yes","Yes","Yes","No"
"0488-GSLFR",True,"No","Fiber optic","No","No","No","No","No","No"
"9318-NKNFC",True,"No","No","No internet service","No internet service","No internet service","No internet service","No internet service","No internet service"
"9728-FTTVZ",True,"No","Fiber optic","No","No","No","No","No","No"
"7254-IQWOZ",True,"No","Fiber optic","No","No","No","No","No","No"
"2474-BRUCM",True,"Yes","Fiber optic","Yes","No","No","No","Yes","Yes"
"0742-NXBGR",True,"No","Fiber optic","No","Yes","Yes","No","No","No"
"6110-OHIHY",True,"No","Fiber optic","No","No","No","No","Yes","No"
"5889-LFOLL",True,"Yes","Fiber optic","No","No","No","No","No","Yes"
"5708-EVONK",True,"Yes","Fiber optic","Yes","Yes","No","No","No","Yes"
"8708-XPXHZ",True,"Yes","Fiber optic","No","No","No","No","Yes","Yes"
"0616-ATFGB",False,"No phone service","DSL","No","No","No","No","No","No"
"7016-BPGEU",False,"No phone service","DSL","No","No","No","No","No","No"
"6876-ADESB",True,"No","DSL","No","No","Yes","No","No","No"
"1963-SVUCV",True,"No","DSL","No","No","No","No","No","No"
"0220-EBGCE",True,"No","Fiber optic","No","No","Yes","No","No","Yes"
"2754-VDLTR",True,"Yes","Fiber optic","No","No","No","No","Yes","Yes"
"3190-XFANI",True,"Yes","Fiber optic","No","No","No","Yes","Yes","Yes"
"7551-DACSP",True,"No","DSL","No","Yes","Yes","No","No","No"
"7235-NXZCP",True,"Yes","Fiber optic","No","No","No","No","No","No"
"0520-FDVVT",True,"No","Fiber optic","No","Yes","Yes","No","Yes","Yes"
"1444-VVSGW",True,"Yes","Fiber optic","Yes","Yes","Yes","Yes","Yes","Yes"
"5712-PTIWW",True,"No","Fiber optic","No","No","Yes","Yes","No","No"
"3315-TOTBP",True,"Yes","Fiber optic","No","No","No","No","No","No"
"6661-HBGWL",True,"Yes","Fiber optic","No","Yes","Yes","No","Yes","Yes"
"1518-VOWAV",True,"No","DSL","Yes","Yes","No","No","Yes","Yes"
"5909-ECHUI",True,"No","DSL","No","No","No","No","No","Yes"
"1309-BXVOQ",True,"Yes","Fiber optic","No","No","Yes","Yes","Yes","Yes"
"9317-WZPGV",True,"No","Fiber optic","No","No","No","No","No","Yes"
"2856-HYAPG",True,"No","Fiber optic","No","No","No","No","No","No"
"4488-PSYCG",True,"No","No","No internet service","No internet service","No internet service","No internet service","No internet service","No internet service"
"3621-CEOVK",True,"Yes","Fiber optic","No","Yes","No","No","Yes","Yes"
"6906-ANDWJ",True,"Yes","Fiber optic","No","No","No","No","No","No"
"1031-IIDEO",True,"No","Fiber optic","No","No","No","No","No","No"
"5832-XKAES",True,"No","Fiber optic","No","No","No","No","No","No"
"4701-AHWMW",False,"No phone service","DSL","No","No","Yes","Yes","Yes","Yes"
"9210-IAHGH",True,"No","DSL","No","No","No","Yes","Yes","Yes"
"0023-XUOPT",True,"Yes","Fiber optic","No","Yes","Yes","No","Yes","No"
"4592-IWTJI",False,"No phone service","DSL","Yes","No","No","No","No","No"
"7632-MNYOY",True,"Yes","Fiber optic","No","Yes","Yes","Yes","Yes","Yes"
"6518-LGAOV",True,"Yes","Fiber optic","No","No","Yes","Yes","Yes","Yes"
"7242-QZLXF",False,"No phone service","DSL","No","No","No","No","No","No"
"4576-CSAJH",True,"No","DSL","No","Yes","No","Yes","No","No"
"1000-AJSLD",True,"No","No","No internet service","No internet service","No internet service","No internet service","No internet service","No internet service"
"1062-LHZOD",True,"No","Fiber optic","No","No","No","No","No","No"
"4662-EKDPQ",True,"Yes","DSL","No","No","No","No","No","Yes"
"9248-OJYKK",True,"Yes","Fiber optic","No","No","No","No","No","No"
"3398-FSHON",True,"Yes","Fiber optic","No","Yes","No","No","Yes","No"
"3319-DWOEP",True,"No","Fiber optic","No","No","Yes","No","Yes","Yes"
"9259-PACGQ",True,"Yes","DSL","Yes","Yes","No","Yes","No","No"
"4415-IJZTP",True,"Yes","Fiber optic","No","No","No","No","No","No"
"1465-VINDH",True,"Yes","Fiber optic","No","Yes","Yes","No","Yes","Yes"
"2810-FTLEM",True,"No","DSL","Yes","No","No","No","No","No"
"1925-TIBLE",True,"Yes","Fiber optic","No","No","No","No","Yes","No"
"0818-OCPZO",True,"Yes","Fiber optic","No","Yes","No","No","No","No"
"1447-GIQMR",True,"No","Fiber optic","No","No","No","No","No","No"
"0872-NXJYS",True,"No","Fiber optic","No","No","No","No","No","Yes"
"9412-ARGBX",True,"No","Fiber optic","No","Yes","Yes","Yes","Yes","No"
"1389-CXMLU",True,"Yes","Fiber optic","No","No","Yes","No","Yes","No"
"5561-NWEVX",True,"Yes","Fiber optic","No","No","Yes","No","No","No"
"2737-WFVYW",False,"No phone service","DSL","No","No","No","No","Yes","Yes"
"2272-QAGFO",True,"Yes","Fiber optic","No","No","No","No","No","No"
"9850-OWRHQ",True,"Yes","Fiber optic","No","No","No","No","No","No"
"3768-NLUBH",True,"Yes","Fiber optic","No","No","Yes","No","Yes","Yes"
"8676-TRMJS",True,"Yes","Fiber optic","No","No","No","No","No","No"
"7359-SSBJK",True,"No","DSL","Yes","Yes","No","Yes","Yes","No"
"0685-MLYYM",True,"No","Fiber optic","No","No","No","No","No","No"
"8182-PNAGI",True,"No","DSL","No","No","No","Yes","No","No"
"7957-RYHQD",True,"No","Fiber optic","Yes","Yes","No","No","No","No"
"2180-DXNEG",True,"No","Fiber optic","No","No","Yes","No","Yes","Yes"
"5515-AKOAJ",True,"Yes","Fiber optic","No","No","No","Yes","Yes","Yes"
"8976-OQHGT",True,"No","DSL","No","Yes","No","Yes","No","No"
"6230-BSUXY",True,"No","Fiber optic","No","No","Yes","No","No","Yes"
"5294-CDGWY",False,"No phone service","DSL","Yes","Yes","Yes","No","Yes","Yes"
"5295-PCJOO",True,"No","DSL","Yes","No","No","No","No","No"
"9863-JZAIC",True,"No","DSL","No","No","No","No","Yes","No"
"7660-HDPJV",True,"No","Fiber optic","No","No","No","No","No","No"
"7931-PXHFC",True,"No","DSL","No","No","Yes","Yes","No","Yes"
"3990-QYKBE",True,"Yes","Fiber optic","No","No","No","No","Yes","Yes"
"4919-MOAVT",True,"No","Fiber optic","No","No","No","No","No","No"
"3090-HAWSU",True,"Yes","Fiber optic","Yes","No","Yes","Yes","Yes","Yes"
"9820-RMCQV",True,"No","DSL","Yes","No","No","No","No","No"
"7839-QRKXN",True,"No","No","No internet service","No internet service","No internet service","No internet service","No internet service","No internet service"
"5204-QZXPU",False,"No phone service","DSL","No","No","Yes","No","Yes","No"
"4597-ELFTS",True,"Yes","No","No internet service","No internet service","No internet service","No internet service","No internet service","No internet service"
"8450-JOVAH",True,"Yes","DSL","Yes","No","No","No","No","No"
"1113-IUJYX",True,"No","Fiber optic","Yes","Yes","No","Yes","Yes","Yes"
"9274-CNFMO",True,"Yes","Fiber optic","No","No","No","No","No","No"
"7758-XKCBS",False,"No phone service","DSL","No","No","No","Yes","No","No"
"8992-JQYUN",False,"No phone service","DSL","No","No","Yes","No","Yes","Yes"
"0617-AQNWT",False,"No phone service","DSL","Yes","No","Yes","Yes","No","Yes"
"2446-PLQVO",True,"No","Fiber optic","No","No","No","No","No","No"
"3005-NFMTA",True,"Yes","Fiber optic","Yes","No","No","No","Yes","Yes"
"8784-CGILN",True,"Yes","Fiber optic","No","No","No","Yes","Yes","Yes"
"5389-FFVKB",True,"No","Fiber optic","No","No","No","No","No","Yes"
"8444-WRIDW",True,"Yes","Fiber optic","No","Yes","No","No","No","No"
"9451-LPGOO",True,"Yes","Fiber optic","No","No","No","No","No","Yes"
"5868-YWPDW",True,"No","Fiber optic","No","Yes","No","No","No","Yes"
"2025-JKFWI",True,"Yes","Fiber optic","No","No","No","Yes","Yes","Yes"
"4078-SAYYN",True,"Yes","Fiber optic","No","No","Yes","No","Yes","Yes"
"9940-HPQPG",True,"Yes","Fiber optic","Yes","Yes","Yes","No","No","No"
"6618-RYATB",True,"Yes","Fiber optic","No","No","Yes","No","No","No"
"9079-YEXQJ",True,"Yes","Fiber optic","No","Yes","Yes","Yes","Yes","Yes"
"2685-SREOM",True,"Yes","Fiber optic","No","No","Yes","No","No","Yes"
"0402-CQAJN",True,"Yes","Fiber optic","No","Yes","Yes","No","Yes","Yes"
"6692-UDPJC",True,"Yes","Fiber optic","No","No","No","Yes","Yes","No"
"1273-MTETI",True,"Yes","Fiber optic","No","No","Yes","No","No","Yes"
"5480-HPRRX",False,"No phone service","DSL","No","No","No","No","No","No"
"0295-PPHDO",True,"Yes","Fiber optic","No","No","No","No","Yes","Yes"
"1195-OIYEJ",True,"No","Fiber optic","No","No","No","No","Yes","Yes"
"5906-CVLHP",True,"No","DSL","No","Yes","No","Yes","No","No"
"4501-EQDRN",True,"No","Fiber optic","No","No","No","No","No","No"
"2990-HWIML",True,"No","Fiber optic","No","No","No","No","Yes","Yes"
"7384-GHBPI",False,"No phone service","DSL","No","No","No","No","No","Yes"
"7603-USHJS",True,"Yes","Fiber optic","No","No","No","No","No","No"
"7234-FECYN",True,"Yes","Fiber optic","No","No","Yes","No","Yes","Yes"
"5876-HZVZM",True,"No","DSL","Yes","Yes","No","No","No","No"
"1400-MMYXY",True,"Yes","Fiber optic","No","Yes","Yes","No","Yes","Yes"
"3085-QUOZK",True,"No","DSL","No","No","No","No","No","No"
"3926-CUQZX",True,"No","DSL","No","No","No","No","No","No"
"1041-RXHRA",True,"No","Fiber optic","No","No","No","No","No","No"
"1750-CSKKM",True,"No","DSL","No","No","No","No","Yes","No"
"7142-HVGBG",True,"Yes","Fiber optic","No","Yes","Yes","No","Yes","Yes"
"8267-ZNYVZ",True,"No","Fiber optic","Yes","No","Yes","Yes","Yes","Yes"
"6457-GIRWB",True,"No","Fiber optic","No","No","No","No","No","No"
"1450-SKCVI",True,"No","Fiber optic","No","Yes","No","No","No","No"
"5570-PTWEH",True,"Yes","Fiber optic","No","No","No","No","No","No"
"6502-MJQAE",True,"No","Fiber optic","No","No","No","No","No","No"
"7693-LCKZL",True,"Yes","Fiber optic","No","Yes","No","No","No","No"
"0032-PGELS",False,"No phone service","DSL","Yes","No","No","No","No","No"
"6797-LNAQX",True,"Yes","Fiber optic","No","Yes","No","No","Yes","Yes"
"6394-MFYNG",True,"Yes","Fiber optic","No","Yes","Yes","No","Yes","Yes"
"1564-NTYXF",True,"Yes","Fiber optic","No","No","No","No","No","Yes"
"8155-IBNHG",True,"Yes","Fiber optic","No","No","No","No","No","No"
"0886-QGENL",True,"No","Fiber optic","Yes","No","Yes","No","Yes","Yes"
"8739-WWKDU",True,"Yes","Fiber optic","No","Yes","No","No","Yes","No"
"8685-WHQPW",True,"Yes","Fiber optic","No","No","No","No","No","No"
"4745-LSPLO",True,"No","No","No internet service","No internet service","No internet service","No internet service","No internet service","No internet service"
"8083-YTZES",True,"Yes","Fiber optic","No","No","No","No","No","No"
"7240-FQLHE",True,"Yes","Fiber optic","No","No","No","Yes","Yes","Yes"
"6664-FPDAC",True,"Yes","Fiber optic","No","Yes","Yes","Yes","Yes","Yes"
"0786-VSSUD",False,"No phone service","DSL","No","Yes","No","No","Yes","No"
"3976-BWUCK",True,"Yes","Fiber optic","No","Yes","No","Yes","Yes","No"
"3585-ISXZP",True,"Yes","Fiber optic","No","No","No","No","Yes","Yes"
"6583-QGCSI",True,"Yes","Fiber optic","No","Yes","No","No","Yes","No"
"4174-LPGTI",True,"No","DSL","No","Yes","No","Yes","No","Yes"
"2108-XWMPY",False,"No phone service","DSL","Yes","Yes","No","No","No","No"
"6304-IJFSQ",True,"No","DSL","No","Yes","No","No","No","No"
"0093-XWZFY",True,"Yes","Fiber optic","No","Yes","Yes","No","Yes","Yes"
"1980-KXVPM",True,"Yes","Fiber optic","No","No","No","No","No","No"
"7703-ZEKEF",True,"Yes","Fiber optic","No","No","Yes","No","No","No"
"0723-DRCLG",True,"Yes","Fiber optic","No","No","No","No","No","No"
"5482-NUPNA",True,"No","DSL","Yes","Yes","No","Yes","No","No"
"1122-JWTJW",True,"No","Fiber optic","No","No","No","No","No","No"
"1699-HPSBG",True,"No","DSL","No","No","No","Yes","Yes","No"
"8775-CEBBJ",True,"No","DSL","No","No","No","No","No","No"
"6894-LFHLY",True,"Yes","Fiber optic","No","No","No","No","No","No"
"0639-TSIQW",True,"Yes","Fiber optic","Yes","Yes","Yes","No","Yes","No"
"8361-LTMKD",True,"Yes","Fiber optic","No","No","No","No","No","No"
"7590-VHVEG",False,"No phone service","DSL","No","Yes","No","No","No","No"
"5575-GNVDE",True,"No","DSL","Yes","No","Yes","No","No","No"
"7795-CFOCW",False,"No phone service","DSL","Yes","No","Yes","Yes","No","No"
"1452-KIOVK",True,"Yes","Fiber optic","No","Yes","No","No","Yes","No"
"6713-OKOMC",False,"No phone service","DSL","Yes","No","No","No","No","No"
"6388-TABGU",True,"No","DSL","Yes","Yes","No","No","No","No"
"9763-GRSKD",True,"No","DSL","Yes","No","No","No","No","No"
"7469-LKBCI",True,"No","No","No internet service","No internet service","No internet service","No internet service","No internet service","No internet service"
"8091-TTVAX",True,"Yes","Fiber optic","No","No","Yes","No","Yes","Yes"
"5129-JLPIS",True,"No","Fiber optic","Yes","No","Yes","Yes","Yes","Yes"
"3655-SNQYZ",True,"Yes","Fiber optic","Yes","Yes","Yes","Yes","Yes","Yes"
"8191-XWSZG",True,"No","No","No internet service","No internet service","No internet service","No internet service","No internet service","No internet service"
"9959-WOFKT",True,"Yes","Fiber optic","Yes","No","Yes","No","Yes","Yes"
"4183-MYFRB",True,"No","Fiber optic","No","Yes","Yes","No","No","Yes"
"1680-VDCWW",True,"No","No","No internet service","No internet service","No internet service","No internet service","No internet service","No internet service"
"3638-WEABW",True,"Yes","DSL","No","Yes","No","Yes","No","No"
"6322-HRPFA",True,"No","DSL","Yes","Yes","No","Yes","No","No"
"6865-JZNKO",True,"No","DSL","Yes","Yes","No","No","No","No"
"5248-YGIJN",True,"Yes","DSL","Yes","Yes","Yes","Yes","Yes","Yes"
"3841-NFECX",True,"Yes","Fiber optic","Yes","Yes","Yes","Yes","No","No"
"4929-XIHVW",True,"No","Fiber optic","No","No","Yes","No","Yes","Yes"
"6827-IEAUQ",True,"No","DSL","Yes","Yes","Yes","Yes","No","No"
"7310-EGVHZ",True,"No","No","No internet service","No internet service","No internet service","No internet service","No internet service","No internet service"
"3413-BMNZE",True,"No","DSL","No","No","No","No","No","No"
"6234-RAAPL",True,"Yes","Fiber optic","Yes","Yes","No","Yes","Yes","No"
"6572-ADKRS",True,"No","Fiber optic","No","No","Yes","No","No","No"
"8865-TNMNX",True,"No","DSL","No","Yes","No","No","No","No"
"9489-DEDVP",True,"Yes","DSL","Yes","Yes","No","No","Yes","No"
"9867-JCZSP",True,"No","No","No internet service","No internet service","No internet service","No internet service","No internet service","No internet service"
"4671-VJLCL",True,"Yes","DSL","Yes","Yes","Yes","Yes","Yes","No"
"4080-IIARD",True,"Yes","DSL","Yes","Yes","No","Yes","Yes","No"
"7639-LIAYI",True,"Yes","DSL","Yes","No","No","Yes","Yes","Yes"
"2954-PIBKO",True,"Yes","DSL","Yes","No","Yes","Yes","No","No"
"8012-SOUDQ",True,"Yes","Fiber optic","No","Yes","No","No","Yes","No"
"6575-SUVOI",True,"Yes","DSL","Yes","No","No","Yes","Yes","No"
"4667-QONEA",True,"No","DSL","Yes","Yes","Yes","Yes","No","Yes"
"8769-KKTPH",True,"Yes","Fiber optic","Yes","No","No","No","Yes","Yes"
"5067-XJQFU",True,"Yes","Fiber optic","No","Yes","Yes","Yes","Yes","Yes"
"3957-SQXML",True,"Yes","No","No internet service","No internet service","No internet service","No internet service","No internet service","No internet service"
"5954-BDFSG",True,"Yes","Fiber optic","No","No","Yes","Yes","Yes","Yes"
"0434-CSFON",True,"Yes","Fiber optic","No","No","Yes","No","Yes","Yes"
"1215-FIGMP",True,"Yes","Fiber optic","No","Yes","No","No","Yes","No"
"0526-SXDJP",False,"No phone service","DSL","Yes","Yes","Yes","No","No","No"
"0557-ASKVU",True,"No","DSL","No","No","Yes","Yes","No","No"
"5122-CYFXA",True,"No","DSL","No","Yes","No","Yes","Yes","Yes"
"8627-ZYGSZ",True,"Yes","Fiber optic","No","Yes","No","No","No","No"
"3410-YOQBQ",True,"No","DSL","No","Yes","Yes","Yes","Yes","Yes"
"3170-NMYVV",True,"No","No","No internet service","No internet service","No internet service","No internet service","No internet service","No internet service"
"7410-OIEDU",True,"No","Fiber optic","Yes","No","Yes","No","No","No"
"2273-QCKXA",True,"No","DSL","No","No","No","Yes","No","No"
"0731-EBJQB",True,"No","No","No internet service","No internet service","No internet service","No internet service","No internet service","No internet service"
"1891-QRQSA",True,"Yes","Fiber optic","Yes","No","Yes","Yes","Yes","Yes"
"8028-PNXHQ",True,"Yes","No","No internet service","No internet service","No internet service","No internet service","No internet service","No internet service"
"5630-AHZIL",True,"No","DSL","Yes","No","No","Yes","No","Yes"
"2673-CXQEU",True,"Yes","Fiber optic","Yes","Yes","Yes","No","Yes","Yes"
"6416-JNVRK",True,"No","DSL","No","No","No","No","No","Yes"
"5590-ZSKRV",True,"No","DSL","Yes","Yes","No","No","No","No"
"0191-ZHSKZ",True,"No","DSL","Yes","Yes","No","No","Yes","Yes"
"3887-PBQAO",True,"Yes","No","No internet service","No internet service","No internet service","No internet service","No internet service","No internet service"
"8108-UXRQN",False,"No phone service","DSL","Yes","No","No","No","Yes","Yes"
"9919-YLNNG",True,"No","Fiber optic","No","Yes","Yes","Yes","Yes","Yes"
"0318-ZOPWS",True,"No","No","No internet service","No internet service","No internet service","No internet service","No internet service","No internet service"
"4445-ZJNMU",True,"Yes","Fiber optic","No","Yes","No","No","Yes","Yes"
"4808-YNLEU",True,"No","DSL","Yes","No","No","No","Yes","No"
"1862-QRWPE",True,"No","No","No internet service","No internet service","No internet service","No internet service","No internet service","No internet service"
"2796-NNUFI",True,"No","No","No internet service","No internet service","No internet service","No internet service","No internet service","No internet service"
"3016-KSVCP",False,"No phone service","DSL","No","No","No","No","Yes","No"
"4767-HZZHQ",True,"No","Fiber optic","No","Yes","Yes","No","No","No"
"2424-WVHPL",True,"No","Fiber optic","No","No","No","Yes","No","No"
"7233-PAHHL",True,"Yes","DSL","Yes","No","Yes","Yes","Yes","Yes"
"6067-NGCEU",True,"Yes","Fiber optic","Yes","Yes","Yes","No","Yes","Yes"
"9848-JQJTX",True,"Yes","Fiber optic","No","Yes","Yes","No","Yes","Yes"
"9803-FTJCG",True,"Yes","DSL","Yes","Yes","No","Yes","No","No"
"3212-KXOCR",True,"No","No","No internet service","No internet service","No internet service","No internet service","No internet service","No internet service"
"7255-SSFBC",True,"Yes","Fiber optic","No","Yes","Yes","Yes","Yes","Yes"
"3301-LSLWQ",True,"Yes","DSL","Yes","No","No","No","No","Yes"
"6380-ARCEH",True,"No","No","No internet service","No internet service","No internet service","No internet service","No internet service","No internet service"
"3679-XASPY",True,"No","No","No internet service","No internet service","No internet service","No internet service","No internet service","No internet service"
"7123-WQUHX",True,"Yes","Fiber optic","No","No","Yes","Yes","Yes","No"
"5386-THSLQ",False,"No phone service","DSL","No","Yes","Yes","No","Yes","No"
"6180-YBIQI",False,"No phone service","DSL","No","No","No","No","No","No"
"6728-DKUCO",True,"Yes","Fiber optic","Yes","Yes","No","No","Yes","Yes"
"9750-BOOHV",False,"No phone service","DSL","Yes","No","No","No","No","No"
"8597-CWYHH",True,"Yes","Fiber optic","No","No","No","No","Yes","Yes"
"2848-YXSMW",True,"No","No","No internet service","No internet service","No internet service","No internet service","No internet service","No internet service"
"4549-ZDQYY",True,"No","DSL","Yes","No","Yes","Yes","No","No"
"5712-AHQNN",True,"No","Fiber optic","No","Yes","Yes","No","Yes","No"
"5256-SKJGO",False,"No phone service","DSL","No","Yes","No","Yes","Yes","Yes"
"3071-VBYPO",True,"No","Fiber optic","Yes","Yes","No","No","Yes","No"
"9560-BBZXK",False,"No phone service","DSL","Yes","No","No","No","No","No"
"8402-OOOHJ",True,"No","No","No internet service","No internet service","No internet service","No internet service","No internet service","No internet service"
"9445-ZUEQE",True,"Yes","Fiber optic","No","Yes","No","Yes","No","No"
"1091-SOZGA",True,"Yes","Fiber optic","No","No","Yes","No","Yes","Yes"
"2928-HLDBA",True,"No","No","No internet service","No internet service","No internet service","No internet service","No internet service","No internet service"
"6497-TILVL",True,"No","DSL","Yes","No","No","No","No","No"
"7219-TLZHO",True,"No","No","No internet service","No internet service","No internet service","No internet service","No internet service","No internet service"
"4622-YNKIJ",True,"No","Fiber optic","Yes","No","No","Yes","Yes","No"
"6734-PSBAW",True,"Yes","No","No internet service","No internet service","No internet service","No internet service","No internet service","No internet service"
"3930-ZGWVE",True,"No","No","No internet service","No internet service","No internet service","No internet service","No internet service","No internet service"
"2639-UGMAZ",False,"No phone service","DSL","Yes","Yes","No","No","Yes","Yes"
"2876-GZYZC",True,"Yes","Fiber optic","No","No","No","No","No","Yes"
"8587-XYZSF",True,"No","DSL","No","No","No","Yes","No","No"
"7799-LGRDP",True,"Yes","No","No internet service","No internet service","No internet service","No internet service","No internet service","No internet service"
"7850-VWJUU",True,"No","Fiber optic","Yes","No","No","No","No","No"
"3774-VBNXY",True,"No","No","No internet service","No internet service","No internet service","No internet service","No internet service","No internet service"
"6217-KDYWC",True,"No","No","No internet service","No internet service","No internet service","No internet service","No internet service","No internet service"
"3146-MSEGF",True,"Yes","DSL","Yes","Yes","Yes","Yes","Yes","Yes"
"1095-WGNGG",True,"Yes","Fiber optic","No","Yes","No","No","Yes","Yes"
"2636-SJDOU",True,"Yes","Fiber optic","Yes","Yes","No","No","No","No"
"1131-QQZEB",True,"Yes","No","No internet service","No internet service","No internet service","No internet service","No internet service","No internet service"
"5716-EZXZN",True,"Yes","Fiber optic","Yes","Yes","No","Yes","Yes","No"
"6837-BJYDQ",True,"No","No","No internet service","No internet service","No internet service","No internet service","No internet service","No internet service"
"6440-DKQGE",True,"No","DSL","No","Yes","Yes","No","Yes","No"
"3466-BYAVD",True,"No","DSL","No","Yes","Yes","Yes","No","Yes"
"3780-YVMFA",True,"No","DSL","No","No","No","Yes","Yes","Yes"
"1679-JRFBR",True,"Yes","Fiber optic","Yes","Yes","Yes","No","Yes","Yes"
"9073-ZZIAY",True,"No","DSL","Yes","Yes","Yes","Yes","Yes","Yes"
"3077-RSNTJ",True,"No","No","No internet service","No internet service","No internet service","No internet service","No internet service","No internet service"
"6551-GNYDG",True,"No","Fiber optic","No","No","No","No","No","Yes"
"9167-APMXZ",True,"Yes","Fiber optic","No","No","No","No","Yes","No"
"2749-CTKAJ",True,"No","No","No internet service","No internet service","No internet service","No internet service","No internet service","No internet service"
"6371-NZYEG",True,"No","DSL","Yes","No","Yes","No","Yes","No"
"7554-NEWDD",True,"Yes","No","No internet service","No internet service","No internet service","No internet service","No internet service","No internet service"
"8992-VONJD",True,"No","DSL","Yes","Yes","No","No","No","No"
"4482-EWFMI",True,"No","Fiber optic","No","No","No","No","No","No"
"4648-YPBTM",True,"Yes","DSL","No","Yes","Yes","Yes","No","Yes"
"2907-ILJBN",True,"No","No","No internet service","No internet service","No internet service","No internet service","No internet service","No internet service"
"6345-FZOQH",True,"No","No","No internet service","No internet service","No internet service","No internet service","No internet service","No internet service"
"5997-OPVFA",True,"Yes","DSL","Yes","Yes","Yes","Yes","Yes","Yes"
"1159-WFSGR",True,"No","No","No internet service","No internet service","No internet service","No internet service","No internet service","No internet service"
"7654-YWJUF",True,"No","Fiber optic","Yes","No","Yes","Yes","No","No"
"6727-IOTLZ",True,"No","DSL","No","Yes","Yes","Yes","Yes","Yes"
"5918-VUKWP",True,"No","No","No internet service","No internet service","No internet service","No internet service","No internet service","No internet service"
"1744-JHKYS",True,"Yes","No","No internet service","No internet service","No internet service","No internet service","No internet service","No internet service"
"5947-SGKCL",True,"Yes","Fiber optic","No","Yes","Yes","No","Yes","Yes"
"3712-PKXZA",True,"No","No","No internet service","No internet service","No internet service","No internet service","No internet service","No internet service"
"6582-OIVSP",True,"No","DSL","No","No","No","No","No","No"
"5524-KHNJP",True,"No","DSL","Yes","No","Yes","No","Yes","Yes"
"4827-USJHP",True,"No","DSL","No","Yes","No","No","No","No"
"8167-GJLRN",False,"No phone service","DSL","No","No","No","Yes","No","No"
"0956-SYCWG",True,"No","No","No internet service","No internet service","No internet service","No internet service","No internet service","No internet service"
"8017-UVSZU",True,"Yes","DSL","No","Yes","No","No","No","No"
"7100-FQPRV",True,"Yes","DSL","Yes","No","No","Yes","No","Yes"
"2984-RGEYA",True,"No","No","No internet service","No internet service","No internet service","No internet service","No internet service","No internet service"
"9680-NIAUV",True,"Yes","Fiber optic","Yes","Yes","Yes","No","Yes","Yes"
"2146-EGVDT",True,"No","No","No internet service","No internet service","No internet service","No internet service","No internet service","No internet service"
"2604-IJPDU",True,"No","Fiber optic","Yes","Yes","No","Yes","Yes","No"
"9178-JHUVJ",True,"Yes","No","No internet service","No internet service","No internet service","No internet service","No internet service","No internet service"
"6168-YBYNP",True,"Yes","Fiber optic","No","Yes","Yes","Yes","Yes","Yes"
"2740-TVLFN",True,"Yes","DSL","No","No","No","No","No","No"
"3645-DEYGF",True,"No","No","No internet service","No internet service","No internet service","No internet service","No internet service","No internet service"
"9323-HGFWY",True,"No","Fiber optic","Yes","No","No","Yes","Yes","Yes"
"8544-GOQSH",True,"No","Fiber optic","No","Yes","No","Yes","No","No"
"3363-DTIVD",True,"Yes","Fiber optic","Yes","No","Yes","No","Yes","Yes"
"7018-WBJNK",True,"No","Fiber optic","No","No","No","No","Yes","No"
"9142-KZXOP",True,"No","Fiber optic","No","No","No","No","No","No"
"7674-YTAFD",True,"No","Fiber optic","No","Yes","No","Yes","No","No"
"6348-SNFUS",False,"No phone service","DSL","Yes","Yes","Yes","Yes","No","Yes"
"1347-KTTTA",True,"No","Fiber optic","No","Yes","Yes","Yes","Yes","Yes"
"4195-NZGTA",False,"No phone service","DSL","No","No","No","No","No","No"
"7157-SMCFK",True,"No","No","No internet service","No internet service","No internet service","No internet service","No internet service","No internet service"
"4709-LKHYG",True,"No","No","No internet service","No internet service","No internet service","No internet service","No internet service","No internet service"
"2504-DSHIH",True,"Yes","Fiber optic","No","No","No","No","No","Yes"
"0699-NDKJM",False,"No phone service","DSL","Yes","Yes","Yes","No","Yes","Yes"
"9286-BHDQG",False,"No phone service","DSL","Yes","Yes","Yes","Yes","No","No"
"0230-WEQUW",False,"No phone service","DSL","Yes","Yes","Yes","Yes","Yes","No"
"2040-LDIWQ",True,"Yes","DSL","No","Yes","Yes","Yes","Yes","Yes"
"6496-JDSSB",True,"No","Fiber optic","No","No","No","No","Yes","No"
"4443-EMBNA",True,"Yes","No","No internet service","No internet service","No internet service","No internet service","No internet service","No internet service"
"6469-MRVET",True,"No","No","No internet service","No internet service","No internet service","No internet service","No internet service","No internet service"
"5961-VUSRV",True,"No","No","No internet service","No internet service","No internet service","No internet service","No internet service","No internet service"
"6778-JFCMK",False,"No phone service","DSL","Yes","No","No","No","Yes","Yes"
"6341-JVQGF",True,"No","DSL","Yes","No","Yes","Yes","Yes","Yes"
"4811-JBUVU",True,"Yes","Fiber optic","No","No","No","Yes","No","Yes"
"0945-TSONX",True,"Yes","DSL","Yes","Yes","No","Yes","Yes","Yes"
"2651-ZCBXV",True,"Yes","Fiber optic","Yes","Yes","No","Yes","Yes","Yes"
"3316-UWXUY",True,"No","Fiber optic","Yes","Yes","No","Yes","No","Yes"
"7083-MIOPC",True,"No","No","No internet service","No internet service","No internet service","No internet service","No internet service","No internet service"
"1984-GPTEH",True,"Yes","No","No internet service","No internet service","No internet service","No internet service","No internet service","No internet service"
"0621-JFHOL",False,"No phone service","DSL","No","No","No","Yes","No","No"
"9903-LYSAB",True,"Yes","Fiber optic","No","No","No","No","No","No"
"9227-UAQFT",True,"No","No","No internet service","No internet service","No internet service","No internet service","No internet service","No internet service"
"7301-ABVAD",True,"Yes","DSL","No","Yes","Yes","Yes","Yes","Yes"
"6614-FHDBO",True,"Yes","Fiber optic","No","Yes","Yes","Yes","Yes","Yes"
"7576-ASEJU",True,"No","DSL","Yes","No","No","Yes","Yes","Yes"
"9058-HRZSV",True,"No","Fiber optic","Yes","Yes","Yes","No","No","Yes"
"4522-AKYLR",True,"No","DSL","No","Yes","Yes","No","No","No"
"0221-WMXNQ",True,"No","Fiber optic","Yes","No","No","No","No","No"
"0303-UNCIP",True,"Yes","DSL","No","No","Yes","No","No","Yes"
"0959-WHOKV",True,"Yes","Fiber optic","Yes","Yes","Yes","No","No","Yes"
"4075-JFPGR",True,"No","Fiber optic","Yes","Yes","Yes","No","Yes","No"
"3282-ZISZV",True,"Yes","DSL","No","Yes","Yes","Yes","Yes","Yes"
"3675-YDUPJ",True,"No","No","No internet service","No internet service","No internet service","No internet service","No internet service","No internet service"
"4111-BNXIF",False,"No phone service","DSL","No","Yes","Yes","Yes","Yes","Yes"
"7017-VFHAY",True,"Yes","Fiber optic","Yes","Yes","Yes","Yes","Yes","Yes"
"6655-LHBYW",True,"Yes","Fiber optic","Yes","Yes","Yes","Yes","Yes","Yes"
"5046-NUHWD",False,"No phone service","DSL","Yes","No","Yes","No","No","Yes"
"7529-ZDFXI",True,"Yes","Fiber optic","No","Yes","No","No","No","Yes"
"7605-BDWDC",False,"No phone service","DSL","Yes","Yes","No","Yes","No","Yes"
"1950-KSVVJ",True,"Yes","Fiber optic","Yes","Yes","Yes","Yes","Yes","Yes"
"0123-CRBRT",True,"Yes","DSL","Yes","Yes","Yes","Yes","Yes","Yes"
"6292-TOSSS",True,"Yes","No","No internet service","No internet service","No internet service","No internet service","No internet service","No internet service"
"3197-ARFOY",True,"No","Fiber optic","Yes","Yes","No","Yes","Yes","Yes"
"7014-ZZXAW",True,"Yes","No","No internet service","No internet service","No internet service","No internet service","No internet service","No internet service"
"7633-MVPUY",True,"No","DSL","Yes","Yes","No","Yes","No","No"
"4716-HHKQH",True,"Yes","Fiber optic","No","Yes","No","Yes","Yes","Yes"
"3179-GBRWV",True,"No","DSL","Yes","Yes","No","No","No","Yes"
"8645-KWHJO",False,"No phone service","DSL","No","No","Yes","Yes","Yes","Yes"
"4130-MZLCC",True,"No","DSL","No","Yes","No","No","No","No"
"0314-TKOSI",True,"No","DSL","Yes","Yes","No","No","No","No"
"8229-MYEJZ",True,"No","DSL","No","Yes","No","No","No","No"
"2080-SRCDE",True,"Yes","No","No internet service","No internet service","No internet service","No internet service","No internet service","No internet service"
"9577-WJVCQ",True,"Yes","DSL","Yes","No","No","No","No","No"
"6202-DYYFX",True,"Yes","Fiber optic","No","No","No","No","No","No"
"3808-HFKDE",True,"No","DSL","No","No","No","No","No","No"
"3727-OWVYD",True,"No","DSL","Yes","Yes","Yes","No","No","No"
"2294-SALNE",True,"No","Fiber optic","No","Yes","Yes","Yes","No","No"
"4847-TAJYI",True,"No","Fiber optic","No","No","No","No","Yes","Yes"
"1563-IWQEX",True,"No","No","No internet service","No internet service","No internet service","No internet service","No internet service","No internet service"
"8203-XJZRC",True,"No","No","No internet service","No internet service","No internet service","No internet service","No internet service","No internet service"
"6556-DBKZF",True,"No","Fiber optic","No","No","Yes","No","No","No"
"6851-WEFYX",True,"Yes","Fiber optic","No","No","Yes","No","Yes","Yes"
"2985-JUUBZ",True,"Yes","DSL","No","No","Yes","No","Yes","Yes"
"0895-LMRSF",True,"No","DSL","No","No","No","No","Yes","Yes"
"8266-VBFQL",True,"No","Fiber optic","No","No","Yes","Yes","No","Yes"
"8181-YHCMF",False,"No phone service","DSL","No","Yes","Yes","Yes","Yes","Yes"
"2240-HSJQD",True,"Yes","Fiber optic","No","Yes","No","No","No","No"
"1248-DYXUB",True,"Yes","No","No internet service","No internet service","No internet service","No internet service","No internet service","No internet service"
"4115-BNPJY",True,"No","DSL","No","No","Yes","Yes","Yes","Yes"
"3167-SNQPL",True,"Yes","Fiber optic","No","Yes","No","No","Yes","Yes"
"4091-TVOCN",True,"Yes","DSL","Yes","No","Yes","No","Yes","Yes"
"1098-TDVUQ",True,"No","No","No internet service","No internet service","No internet service","No internet service","No internet service","No internet service"
"7277-OZCGZ",True,"No","Fiber optic","Yes","No","No","Yes","No","Yes"
"1557-EMYVT",True,"Yes","Fiber optic","Yes","Yes","Yes","Yes","Yes","Yes"
"2799-ARNLO",True,"No","Fiber optic","No","No","No","No","No","No"
"5027-YOCXN",True,"Yes","Fiber optic","Yes","Yes","No","Yes","Yes","Yes"
"3973-SKMLN",True,"No","No","No internet service","No internet service","No internet service","No internet service","No internet service","No internet service"
"6745-JEFZB",True,"Yes","Fiber optic","No","No","No","Yes","Yes","No"
"9880-TDQAC",False,"No phone service","DSL","No","Yes","Yes","Yes","Yes","Yes"
"8705-WZCYL",True,"No","DSL","No","No","No","No","No","No"
"7102-JJVTX",True,"No","DSL","Yes","No","No","No","No","No"
"8626-PTQGE",False,"No phone service","DSL","Yes","Yes","No","Yes","Yes","Yes"
"4983-CLMLV",True,"Yes","Fiber optic","No","Yes","No","Yes","Yes","Yes"
"5701-YVSVF",True,"No","Fiber optic","No","No","No","Yes","Yes","No"
"5697-GOMBF",False,"No phone service","DSL","No","No","No","No","Yes","No"
"2739-CACDQ",True,"Yes","Fiber optic","No","No","Yes","No","No","No"
"9385-EHGDO",True,"No","No","No internet service","No internet service","No internet service","No internet service","No internet service","No internet service"
"9498-FIMXL",True,"No","No","No internet service","No internet service","No internet service","No internet service","No internet service","No internet service"
"2379-GYFLQ",True,"Yes","Fiber optic","No","Yes","Yes","No","Yes","No"
"2088-IEBAU",True,"Yes","DSL","Yes","Yes","Yes","Yes","Yes","Yes"
"7982-VCELR",True,"No","Fiber optic","No","Yes","No","No","Yes","Yes"
"6035-BXTTY",True,"No","DSL","No","Yes","No","Yes","No","No"
"6885-PKOAM",True,"Yes","DSL","Yes","Yes","Yes","Yes","Yes","Yes"
"7520-HQWJU",True,"Yes","DSL","Yes","Yes","Yes","No","No","No"
"9639-BUJXT",True,"No","No","No internet service","No internet service","No internet service","No internet service","No internet service","No internet service"
"5924-SNGKP",True,"No","No","No internet service","No internet service","No internet service","No internet service","No internet service","No internet service"
"0021-IKXGC",True,"Yes","Fiber optic","No","No","No","No","No","No"
"8966-SNIZF",True,"No","No","No internet service","No internet service","No internet service","No internet service","No internet service","No internet service"
"6243-OZGFH",False,"No phone service","DSL","No","No","No","No","Yes","Yes"
"4654-DLAMQ",True,"No","Fiber optic","Yes","Yes","Yes","No","No","Yes"
"0513-RBGPE",True,"Yes","DSL","Yes","No","Yes","Yes","No","No"
"5160-UXJED",True,"No","DSL","No","No","No","No","No","No"
"4115-NZRKS",True,"No","Fiber optic","No","No","No","No","Yes","Yes"
"3351-NGXYI",True,"Yes","DSL","Yes","No","No","No","No","No"
"8984-EYLLL",True,"Yes","Fiber optic","No","Yes","No","Yes","Yes","Yes"
"9833-TGFHX",True,"Yes","Fiber optic","Yes","No","No","No","Yes","Yes"
"9294-TDIPC",True,"No","No","No internet service","No internet service","No internet service","No internet service","No internet service","No internet service"
"5229-DTFYB",True,"No","Fiber optic","No","Yes","No","Yes","Yes","Yes"
"0104-PPXDV",True,"No","DSL","No","No","Yes","No","No","No"
"5176-LMJXE",True,"No","No","No internet service","No internet service","No internet service","No internet service","No internet service","No internet service"
"3583-KRKMD",True,"No","Fiber optic","No","No","No","Yes","No","No"
"9069-LGEUL",True,"No","DSL","Yes","No","No","No","No","Yes"
"7302-ZHMHP",True,"No","No","No internet service","No internet service","No internet service","No internet service","No internet service","No internet service"
"9571-EDEBV",True,"Yes","Fiber optic","No","No","Yes","No","Yes","Yes"
"3520-FJGCV",True,"Yes","Fiber optic","Yes","Yes","Yes","Yes","Yes","Yes"
"6563-VRERX",True,"No","No","No internet service","No internet service","No internet service","No internet service","No internet service","No internet service"
"6122-EFVKN",False,"No phone service","DSL","Yes","No","No","Yes","No","No"
"2805-EDJPQ",True,"Yes","Fiber optic","No","Yes","Yes","Yes","No","Yes"
"6862-CQUMB",True,"No","Fiber optic","No","Yes","No","No","Yes","Yes"
"7156-MXBJE",True,"Yes","DSL","No","Yes","Yes","Yes","Yes","Yes"
"6158-HDPXZ",False,"No phone service","DSL","No","No","No","No","No","No"
"2863-IMQDR",True,"Yes","DSL","Yes","Yes","Yes","Yes","Yes","Yes"
"5686-CMAWK",True,"Yes","Fiber optic","No","No","Yes","Yes","No","No"
"5651-CRHKQ",True,"No","Fiber optic","No","Yes","Yes","Yes","No","No"
"8204-YJCLA",False,"No phone service","DSL","Yes","Yes","Yes","Yes","Yes","Yes"
"6583-SZVGP",True,"Yes","Fiber optic","No","Yes","Yes","No","Yes","Yes"
"1708-PBBOA",False,"No phone service","DSL","Yes","Yes","Yes","Yes","No","Yes"
"8782-LKFPK",True,"Yes","Fiber optic","No","No","Yes","No","No","Yes"
"5522-JBWMO",True,"No","DSL","No","No","No","No","No","No"
"3597-MVHJT",True,"Yes","Fiber optic","No","No","No","No","Yes","Yes"
"9774-NRNAU",True,"Yes","DSL","No","Yes","Yes","Yes","Yes","Yes"
"0224-RLWWD",True,"No","DSL","No","No","No","No","No","No"
"9967-ATRFS",True,"No","No","No internet service","No internet service","No internet service","No internet service","No internet service","No internet service"
"3951-NJCVI",True,"Yes","Fiber optic","No","No","No","No","Yes","Yes"
"2977-CEBSX",True,"Yes","DSL","Yes","Yes","Yes","Yes","Yes","Yes"
"0177-PXBAT",True,"Yes","Fiber optic","Yes","No","Yes","Yes","Yes","Yes"
"2519-ERQOJ",False,"No phone service","DSL","No","No","Yes","Yes","Yes","Yes"
"5876-QMYLD",True,"No","No","No internet service","No internet service","No internet service","No internet service","No internet service","No internet service"
"2277-AXSDC",True,"No","No","No internet service","No internet service","No internet service","No internet service","No internet service","No internet service"
"9442-JTWDL",True,"No","No","No internet service","No internet service","No internet service","No internet service","No internet service","No internet service"
"3067-SVMTC",True,"No","DSL","Yes","No","No","Yes","No","No"
"5495-GPSRW",True,"No","No","No internet service","No internet service","No internet service","No internet service","No internet service","No internet service"
"7606-BPHHN",True,"No","No","No internet service","No internet service","No internet service","No internet service","No internet service","No internet service"
"4742-DRORA",True,"Yes","Fiber optic","Yes","No","Yes","No","Yes","No"
"0111-KLBQG",True,"No","Fiber optic","No","Yes","No","No","Yes","Yes"
"4163-NCJAK",True,"Yes","No","No internet service","No internet service","No internet service","No internet service","No internet service","No internet service"
"5233-AOZUF",True,"Yes","Fiber optic","No","No","No","No","No","No"
"5973-EJGDP",True,"Yes","Fiber optic","No","Yes","Yes","Yes","No","No"
"1996-DBMUS",True,"No","Fiber optic","No","No","No","No","No","No"
"7916-VCCPB",True,"No","Fiber optic","No","Yes","No","No","No","No"
"4686-GEFRM",True,"Yes","Fiber optic","No","Yes","Yes","Yes","No","Yes"
"5249-QYHEX",True,"Yes","No","No internet service","No internet service","No internet service","No internet service","No internet service","No internet service"
"2233-FAGXV",True,"Yes","No","No internet service","No internet service","No internet service","No internet service","No internet service","No internet service"
"5605-IYGFG",True,"No","Fiber optic","No","No","No","No","No","No"
"7663-ZTEGJ",True,"Yes","Fiber optic","No","Yes","Yes","Yes","No","Yes"
"3935-TBRZZ",True,"Yes","No","No internet service","No internet service","No internet service","No internet service","No internet service","No internet service"
"8111-BKVDS",False,"No phone service","DSL","Yes","Yes","Yes","No","No","No"
"2055-SIFSS",True,"Yes","DSL","No","No","No","No","No","No"
"2806-MLNTI",True,"Yes","Fiber optic","No","Yes","Yes","No","Yes","Yes"
"8734-DKSTZ",True,"Yes","Fiber optic","No","No","No","No","No","Yes"
"4360-PNRQB",True,"Yes","Fiber optic","No","No","No","No","No","No"
"6152-ONASV",True,"Yes","DSL","Yes","No","No","Yes","No","No"
"7781-HVGMK",False,"No phone service","DSL","Yes","Yes","Yes","Yes","Yes","Yes"
"2181-UAESM",True,"No","DSL","Yes","No","Yes","No","No","No"
"6048-NJXHX",True,"No","No","No internet service","No internet service","No internet service","No internet service","No internet service","No internet service"
"2320-SLKMB",False,"No phone service","DSL","No","No","Yes","Yes","Yes","No"
"4980-URKXC",True,"No","No","No internet service","No internet service","No internet service","No internet service","No internet service","No internet service"
"4376-KFVRS",True,"Yes","Fiber optic","Yes","Yes","Yes","Yes","Yes","Yes"
"5886-VLQVU",True,"Yes","Fiber optic","No","No","No","Yes","No","Yes"
"3577-AMVUX",True,"No","DSL","No","No","Yes","Yes","No","No"
"0771-WLCLA",True,"Yes","Fiber optic","Yes","No","Yes","Yes","Yes","Yes"
"5628-RKIFK",True,"Yes","Fiber optic","Yes","No","No","No","Yes","Yes"
"0206-TBWLC",True,"Yes","Fiber optic","Yes","Yes","Yes","Yes","Yes","Yes"
"2937-FTHUR",True,"Yes","DSL","Yes","No","No","No","No","Yes"
"1910-FMXJM",True,"No","Fiber optic","No","No","No","No","No","Yes"
"0732-OCQOC",True,"Yes","No","No internet service","No internet service","No internet service","No internet service","No internet service","No internet service"
"5168-MSWXT",True,"No","Fiber optic","No","No","Yes","No","Yes","Yes"
"1090-ESELR",True,"No","Fiber optic","Yes","Yes","No","Yes","Yes","Yes"
"8592-PLTMQ",True,"Yes","No","No internet service","No internet service","No internet service","No internet service","No internet service","No internet service"
"5760-WRAHC",True,"No","DSL","Yes","No","Yes","Yes","No","Yes"
"8847-GEOOQ",False,"No phone service","DSL","No","Yes","Yes","Yes","Yes","Yes"
"4785-FCIFB",True,"Yes","No","No internet service","No internet service","No internet service","No internet service","No internet service","No internet service"
"8313-NDOIA",True,"Yes","Fiber optic","No","Yes","Yes","No","Yes","Yes"
"5149-CUZUJ",True,"No","Fiber optic","No","Yes","Yes","Yes","Yes","No"
"0942-KOWSM",True,"No","DSL","No","Yes","Yes","Yes","Yes","Yes"
"4237-CLSMM",True,"No","No","No internet service","No internet service","No internet service","No internet service","No internet service","No internet service"
"1452-VOQCH",True,"Yes","Fiber optic","No","No","No","No","No","No"
"4719-UMSIY",True,"No","No","No internet service","No internet service","No internet service","No internet service","No internet service","No internet service"
"6614-VBEGU",True,"No","DSL","No","Yes","No","No","Yes","Yes"
"1480-BKXGA",True,"Yes","Fiber optic","Yes","Yes","Yes","Yes","Yes","Yes"
"2996-XAUVF",False,"No phone service","DSL","No","No","No","Yes","No","Yes"
"9076-AXYIK",True,"Yes","Fiber optic","No","No","Yes","Yes","Yes","Yes"
"5968-XQIVE",True,"Yes","Fiber optic","No","Yes","No","No","Yes","No"
"8896-RAZCR",True,"No","No","No internet service","No internet service","No internet service","No internet service","No internet service","No internet service"
"4933-IKULF",True,"No","No","No internet service","No internet service","No internet service","No internet service","No internet service","No internet service"
"1304-BCCFO",True,"No","DSL","No","No","Yes","No","Yes","Yes"
"4104-PVRPS",True,"No","DSL","Yes","No","No","Yes","No","No"
"3780-DDGSE",True,"No","DSL","No","Yes","No","Yes","Yes","Yes"
"4431-EDMIQ",True,"No","DSL","Yes","Yes","Yes","Yes","Yes","No"
"0486-LGCCH",True,"No","No","No internet service","No internet service","No internet service","No internet service","No internet service","No internet service"
"4612-SSVHJ",True,"No","Fiber optic","No","No","No","No","No","Yes"
"5168-MQQCA",True,"Yes","Fiber optic","No","Yes","Yes","Yes","Yes","Yes"
"7971-HLVXI",True,"Yes","Fiber optic","No","No","No","No","No","Yes"
"9094-AZPHK",True,"Yes","Fiber optic","No","Yes","No","No","Yes","Yes"
"3649-JPUGY",True,"Yes","DSL","No","Yes","Yes","Yes","Yes","Yes"
"4472-LVYGI",False,"No phone service","DSL","Yes","No","Yes","Yes","Yes","No"
"3552-CTCYF",True,"Yes","Fiber optic","No","Yes","Yes","No","Yes","Yes"
"6778-YSNIH",True,"No","DSL","No","Yes","No","No","Yes","No"
"5756-OZRIO",True,"Yes","DSL","No","Yes","No","No","No","Yes"
"6579-JPICP",True,"No","No","No internet service","No internet service","No internet service","No internet service","No internet service","No internet service"
"4134-BSXLX",True,"No","DSL","Yes","Yes","No","Yes","No","No"
"0505-SPOOW",True,"No","No","No internet service","No internet service","No internet service","No internet service","No internet service","No internet service"
"4374-YMUSQ",True,"Yes","Fiber optic","Yes","Yes","Yes","Yes","Yes","Yes"
"4513-CXYIX",True,"Yes","Fiber optic","Yes","No","No","No","No","No"
"3957-HHLMR",True,"Yes","DSL","Yes","No","No","No","No","Yes"
"7803-XOCCZ",True,"No","Fiber optic","Yes","No","Yes","Yes","No","No"
"5736-YEJAX",True,"Yes","DSL","Yes","Yes","Yes","Yes","Yes","No"
"8981-FJGLA",True,"Yes","Fiber optic","No","No","Yes","No","No","No"
"1135-LMECX",True,"No","No","No internet service","No internet service","No internet service","No internet service","No internet service","No internet service"
"4332-MUOEZ",True,"No","Fiber optic","Yes","No","Yes","Yes","No","Yes"
"8535-SFUTN",True,"Yes","Fiber optic","Yes","No","Yes","No","Yes","Yes"
"8677-HDZEE",True,"Yes","Fiber optic","No","Yes","No","Yes","Yes","Yes"
"2475-MROZF",True,"Yes","Fiber optic","Yes","Yes","Yes","Yes","No","No"
"3482-ABPKK",True,"No","DSL","Yes","No","No","Yes","No","No"
"6705-LXORM",True,"No","Fiber optic","No","No","No","No","No","No"
"7531-GQHME",True,"No","No","No internet service","No internet service","No internet service","No internet service","No internet service","No internet service"
"5174-ITUMV",True,"Yes","Fiber optic","No","Yes","Yes","No","Yes","Yes"
"4109-CYRBD",True,"Yes","DSL","No","No","No","No","No","No"
"0913-XWSCN",True,"Yes","Fiber optic","No","No","No","No","No","Yes"
"0750-EBAIU",True,"No","Fiber optic","Yes","No","Yes","No","Yes","No"
"8606-CIQUL",True,"Yes","Fiber optic","Yes","Yes","Yes","Yes","Yes","Yes"
"3571-DPYUH",True,"Yes","Fiber optic","No","Yes","No","Yes","Yes","No"
"7601-GNDYK",True,"No","No","No internet service","No internet service","No internet service","No internet service","No internet service","No internet service"
"0356-OBMAC",True,"Yes","Fiber optic","No","Yes","Yes","Yes","Yes","No"
"8067-NIOYM",True,"No","No","No internet service","No internet service","No internet service","No internet service","No internet service","No internet service"
"1403-GYAFU",True,"No","No","No internet service","No internet service","No internet service","No internet service","No internet service","No internet service"
"4234-XTNEA",True,"No","Fiber optic","No","No","No","No","Yes","No"
"1297-VQDRP",True,"Yes","Fiber optic","No","No","Yes","Yes","Yes","Yes"
"5348-CAGXB",True,"Yes","Fiber optic","No","No","Yes","No","Yes","No"
"0621-HJWXJ",True,"Yes","Fiber optic","No","Yes","No","No","No","No"
"5844-QVTAT",True,"No","DSL","Yes","Yes","Yes","No","No","No"
"8905-IAZPF",True,"No","Fiber optic","No","Yes","No","No","Yes","Yes"
"5394-MEITZ",True,"No","DSL","No","Yes","Yes","Yes","Yes","Yes"
"6859-QNXIQ",True,"Yes","Fiber optic","Yes","Yes","Yes","Yes","Yes","Yes"
"2782-LFZVW",True,"Yes","DSL","No","No","No","No","No","Yes"
"2866-IKBTM",True,"No","No","No internet service","No internet service","No internet service","No internet service","No internet service","No internet service"
"7129-AZJDE",True,"No","Fiber optic","No","No","No","No","No","Yes"
"2560-PPCHE",True,"Yes","Fiber optic","No","Yes","No","Yes","Yes","Yes"
"4676-MQUEA",True,"Yes","Fiber optic","Yes","Yes","Yes","No","Yes","No"
"8138-EALND",True,"No","No","No internet service","No internet service","No internet service","No internet service","No internet service","No internet service"
"3580-HYCSP",True,"Yes","Fiber optic","Yes","Yes","Yes","No","Yes","Yes"
"1352-HNSAW",True,"Yes","Fiber optic","Yes","Yes","Yes","Yes","Yes","Yes"
"2075-PUEPR",True,"No","No","No internet service","No internet service","No internet service","No internet service","No internet service","No internet service"
"1982-FEBTD",True,"Yes","No","No internet service","No internet service","No internet service","No internet service","No internet service","No internet service"
"5791-KAJFD",True,"Yes","DSL","Yes","No","Yes","No","No","Yes"
"2654-VBVPB",True,"No","No","No internet service","No internet service","No internet service","No internet service","No internet service","No internet service"
"1154-HYWWO",True,"No","DSL","Yes","Yes","No","Yes","Yes","No"
"2501-XWWTZ",True,"No","Fiber optic","No","No","No","No","No","No"
"3716-UVSPD",True,"No","DSL","No","No","No","Yes","No","No"
"6815-ABQFQ",True,"Yes","Fiber optic","No","Yes","No","Yes","Yes","Yes"
"7343-EOBEU",True,"Yes","No","No internet service","No internet service","No internet service","No internet service","No internet service","No internet service"
"3701-SFMUH",True,"No","DSL","Yes","No","No","No","Yes","Yes"
"6103-LIANB",True,"Yes","Fiber optic","No","No","Yes","No","Yes","Yes"
"7319-VENRZ",True,"No","DSL","No","No","Yes","Yes","Yes","No"
"5846-NEQVZ",True,"No","DSL","Yes","No","Yes","Yes","No","Yes"
"6967-QIQRV",True,"No","Fiber optic","Yes","No","No","Yes","Yes","Yes"
"5781-RFZRP",True,"Yes","DSL","Yes","Yes","No","Yes","Yes","No"
"0308-IVGOK",False,"No phone service","DSL","No","Yes","Yes","Yes","No","No"
"7293-LSCDV",True,"No","No","No internet service","No internet service","No internet service","No internet service","No internet service","No internet service"
"7025-WCBNE",True,"Yes","DSL","No","Yes","No","Yes","No","No"
"5756-JYOJT",True,"No","DSL","No","No","Yes","Yes","No","Yes"
"6030-REHUX",True,"Yes","Fiber optic","No","Yes","Yes","Yes","Yes","Yes"
"9548-LIGTA",True,"No","DSL","Yes","Yes","No","Yes","Yes","Yes"
"5150-LJNSR",True,"Yes","Fiber optic","Yes","No","Yes","No","Yes","No"
"8270-RKSAP",True,"No","Fiber optic","No","No","No","No","No","No"
"6522-YRBXD",True,"Yes","Fiber optic","Yes","Yes","No","No","No","Yes"
"2640-LYMOV",True,"No","No","No internet service","No internet service","No internet service","No internet service","No internet service","No internet service"
"1423-BMPBQ",True,"No","No","No internet service","No internet service","No internet service","No internet service","No internet service","No internet service"
"2393-DIVAI",True,"No","No","No internet service","No internet service","No internet service","No internet service","No internet service","No internet service"
"4568-KNYWR",True,"No","DSL","Yes","Yes","No","No","Yes","No"
"8752-IMQOS",True,"No","No","No internet service","No internet service","No internet service","No internet service","No internet service","No internet service"
"0742-LAFQK",True,"Yes","Fiber optic","Yes","Yes","Yes","No","No","Yes"
"0795-LAFGP",True,"Yes","DSL","Yes","Yes","Yes","Yes","Yes","Yes"
"0619-OLYUR",True,"Yes","Fiber optic","Yes","No","Yes","Yes","Yes","Yes"
"5512-IDZEI",True,"Yes","No","No internet service","No internet service","No internet service","No internet service","No internet service","No internet service"
"0459-SPZHJ",True,"Yes","DSL","Yes","Yes","Yes","No","Yes","Yes"
"0215-BQKGS",True,"No","Fiber optic","Yes","Yes","Yes","No","No","No"
"9244-ZVAPM",True,"No","DSL","No","No","No","No","No","No"
"8208-EUMTE",False,"No phone service","DSL","Yes","Yes","Yes","Yes","Yes","No"
"5172-MIGPM",True,"Yes","DSL","No","No","No","Yes","No","Yes"
"1710-RCXUS",True,"Yes","Fiber optic","No","Yes","No","No","No","Yes"
"0374-FIUCA",True,"No","No","No internet service","No internet service","No internet service","No internet service","No internet service","No internet service"
"5839-SUYVZ",True,"No","Fiber optic","No","No","No","Yes","No","No"
"5173-ZXXXL",True,"No","No","No internet service","No internet service","No internet service","No internet service","No internet service","No internet service"
"1096-ADRUX",True,"Yes","Fiber optic","No","No","No","No","No","No"
"2001-MCUUW",True,"Yes","Fiber optic","No","Yes","Yes","Yes","Yes","Yes"
"2731-GJRDG",True,"Yes","Fiber optic","Yes","No","Yes","Yes","Yes","Yes"
"4723-BEGSG",True,"Yes","DSL","Yes","No","Yes","Yes","Yes","Yes"
"6516-NKQBO",True,"No","DSL","Yes","No","Yes","Yes","Yes","Yes"
"8672-OAUPW",True,"No","DSL","No","No","No","Yes","No","No"
"8207-DMRVL",True,"Yes","Fiber optic","Yes","Yes","Yes","Yes","Yes","Yes"
"2804-ETQDK",True,"No","No","No internet service","No internet service","No internet service","No internet service","No internet service","No internet service"
"6689-VRRTK",True,"Yes","Fiber optic","Yes","Yes","Yes","No","Yes","Yes"
"7138-GIRSH",True,"Yes","DSL","No","No","Yes","Yes","No","Yes"
"9396-ZSFLL",True,"Yes","DSL","No","No","No","No","No","No"
"6464-KEXXH",False,"No phone service","DSL","No","No","No","No","No","No"
"7134-MJPDY",True,"Yes","Fiber optic","No","No","Yes","Yes","Yes","Yes"
"5240-CAOYT",True,"Yes","Fiber optic","Yes","Yes","No","Yes","No","No"
"4059-IIEBK",True,"Yes","Fiber optic","No","Yes","No","No","No","No"
"4881-JVQOD",False,"No phone service","DSL","No","No","No","No","No","Yes"
"0516-UXRMT",True,"Yes","Fiber optic","Yes","Yes","Yes","No","No","No"
"4851-BQDNX",True,"No","Fiber optic","No","No","Yes","No","Yes","No"
"5148-HKFIR",True,"No","No","No internet service","No internet service","No internet service","No internet service","No internet service","No internet service"
"3003-CMDUU",True,"No","Fiber optic","No","No","No","Yes","Yes","Yes"
"5016-IBERQ",True,"Yes","Fiber optic","No","Yes","Yes","No","No","No"
"6797-UCJHZ",True,"Yes","Fiber optic","No","Yes","Yes","No","Yes","Yes"
"2469-DTSGX",True,"Yes","Fiber optic","No","Yes","Yes","Yes","Yes","Yes"
"9931-KGHOA",True,"Yes","DSL","Yes","No","No","No","No","No"
"1775-KWJKQ",True,"Yes","DSL","Yes","Yes","Yes","Yes","Yes","Yes"
"7665-VIGUD",True,"No","No","No internet service","No internet service","No internet service","No internet service","No internet service","No internet service"
"9411-TPQQV",False,"No phone service","DSL","Yes","No","No","Yes","Yes","Yes"
"7954-MLBUN",True,"No","Fiber optic","No","No","Yes","Yes","Yes","Yes"
"2077-DDHJK",True,"Yes","DSL","Yes","Yes","Yes","Yes","No","No"
"9574-BOSMD",True,"Yes","No","No internet service","No internet service","No internet service","No internet service","No internet service","No internet service"
"4908-XAXAY",True,"No","Fiber optic","No","Yes","Yes","No","No","Yes"
"8404-VLQFB",True,"Yes","No","No internet service","No internet service","No internet service","No internet service","No internet service","No internet service"
"2391-IPLOP",True,"Yes","DSL","No","No","Yes","Yes","Yes","No"
"3509-GWQGF",True,"No","Fiber optic","No","No","No","No","No","No"
"5845-BZZIB",True,"No","No","No internet service","No internet service","No internet service","No internet service","No internet service","No internet service"
"1140-UKVZG",True,"Yes","No","No internet service","No internet service","No internet service","No internet service","No internet service","No internet service"
"5183-SNMJQ",True,"No","Fiber optic","No","No","No","Yes","Yes","Yes"
"8100-PNJMH",True,"Yes","DSL","Yes","Yes","Yes","Yes","Yes","Yes"
"7838-LAZFO",True,"No","DSL","Yes","Yes","Yes","No","Yes","Yes"
"2085-JVGAD",True,"No","No","No internet service","No internet service","No internet service","No internet service","No internet service","No internet service"
"8095-WANWK",True,"No","DSL","No","No","No","No","No","No"
"3030-ZKIWL",True,"No","No","No internet service","No internet service","No internet service","No internet service","No internet service","No internet service"
"9565-FLVCG",True,"Yes","DSL","Yes","Yes","No","No","No","Yes"
"8755-OGKNA",True,"No","No","No internet service","No internet service","No internet service","No internet service","No internet service","No internet service"
"2800-VEQXM",True,"No","Fiber optic","No","No","Yes","No","No","No"
"5533-RJFTJ",False,"No phone service","DSL","No","No","Yes","No","No","No"
"0214-JHPFW",False,"No phone service","DSL","No","Yes","Yes","Yes","Yes","Yes"
"5642-MHDQT",True,"No","No","No internet service","No internet service","No internet service","No internet service","No internet service","No internet service"
"3088-FVYWK",True,"Yes","No","No internet service","No internet service","No internet service","No internet service","No internet service","No internet service"
"9092-GDZKO",True,"Yes","No","No internet service","No internet service","No internet service","No internet service","No internet service","No internet service"
"3729-OWRVL",True,"Yes","Fiber optic","Yes","No","Yes","Yes","Yes","Yes"
"2324-AALNO",True,"Yes","No","No internet service","No internet service","No internet service","No internet service","No internet service","No internet service"
"5760-IFJOZ",True,"Yes","Fiber optic","No","Yes","Yes","No","Yes","Yes"
"2826-UWHIS",True,"Yes","Fiber optic","No","Yes","No","No","No","No"
"7501-IWUNG",True,"No","DSL","No","No","Yes","Yes","Yes","Yes"
"4957-TREIR",True,"No","DSL","Yes","No","No","Yes","Yes","No"
"7251-LJBQN",True,"Yes","Fiber optic","No","No","Yes","Yes","Yes","Yes"
"8040-MNRTF",True,"No","Fiber optic","No","No","No","No","No","No"
"1536-HBSWP",True,"No","DSL","No","No","No","Yes","No","No"
"5313-FPXWG",True,"Yes","No","No internet service","No internet service","No internet service","No internet service","No internet service","No internet service"
"0946-FKYTX",False,"No phone service","DSL","No","Yes","No","No","No","No"
"5076-YVXCM",True,"Yes","Fiber optic","No","No","No","No","No","Yes"
"8262-COGGB",True,"No","No","No internet service","No internet service","No internet service","No internet service","No internet service","No internet service"
"6663-JOCQO",True,"Yes","DSL","Yes","Yes","No","Yes","No","Yes"
"9620-QJREV",True,"No","No","No internet service","No internet service","No internet service","No internet service","No internet service","No internet service"
"2682-KEVRP",True,"No","No","No internet service","No internet service","No internet service","No internet service","No internet service","No internet service"
"2480-JZOSN",True,"No","No","No internet service","No internet service","No internet service","No internet service","No internet service","No internet service"
"0078-XZMHT",True,"Yes","DSL","No","Yes","Yes","Yes","Yes","Yes"
"9978-HYCIN",True,"No","Fiber optic","No","Yes","No","No","Yes","No"
"8338-QIUNR",True,"Yes","DSL","Yes","No","Yes","Yes","No","No"
"1525-LNLOJ",True,"Yes","DSL","No","No","Yes","No","Yes","No"
"9450-TRJUU",True,"Yes","Fiber optic","No","No","No","No","Yes","No"
"1766-GKNMI",True,"Yes","Fiber optic","No","No","No","No","No","Yes"
"6942-LBFDP",True,"No","No","No internet service","No internet service","No internet service","No internet service","No internet service","No internet service"
"1456-TWCGB",True,"No","DSL","No","Yes","No","No","No","No"
"7596-ZYWBB",True,"No","DSL","Yes","Yes","No","Yes","No","No"
"8329-UTMVM",True,"Yes","Fiber optic","No","Yes","No","Yes","Yes","Yes"
"3014-WJKSM",True,"No","Fiber optic","No","No","Yes","No","No","No"
"3347-YJZZE",True,"Yes","DSL","No","Yes","Yes","No","Yes","Yes"
"7929-DMBCV",True,"No","Fiber optic","No","No","Yes","Yes","No","No"
"9661-JALZV",True,"Yes","No","No internet service","No internet service","No internet service","No internet service","No internet service","No internet service"
"5433-KYGHE",True,"Yes","Fiber optic","Yes","No","No","Yes","No","No"
"4312-KFRXN",True,"Yes","No","No internet service","No internet service","No internet service","No internet service","No internet service","No internet service"
"5575-TPIZQ",True,"Yes","Fiber optic","Yes","No","No","No","Yes","No"
"0114-IGABW",False,"No phone service","DSL","No","Yes","Yes","Yes","Yes","Yes"
"9944-AEXBM",True,"Yes","Fiber optic","No","No","No","No","No","Yes"
"1853-ARAAQ",False,"No phone service","DSL","No","No","Yes","No","Yes","Yes"
"6952-OMNWB",True,"Yes","Fiber optic","No","No","Yes","No","No","No"
"4697-LUPSU",True,"No","No","No internet service","No internet service","No internet service","No internet service","No internet service","No internet service"
"8434-VGEQQ",True,"No","No","No internet service","No internet service","No internet service","No internet service","No internet service","No internet service"
"6549-YMFAW",True,"No","No","No internet service","No internet service","No internet service","No internet service","No internet service","No internet service"
"4950-HKQTE",True,"Yes","No","No internet service","No internet service","No internet service","No internet service","No internet service","No internet service"
"6786-OBWQR",True,"No","Fiber optic","No","No","No","No","Yes","No"
"2753-JMMCV",True,"Yes","DSL","No","Yes","Yes","Yes","No","Yes"
"6621-YOBKI",True,"No","No","No internet service","No internet service","No internet service","No internet service","No internet service","No internet service"
"1216-JWVUX",True,"No","Fiber optic","No","Yes","No","No","No","No"
"7564-GHCVB",True,"Yes","Fiber optic","Yes","No","No","No","No","No"
"1173-NOEYG",True,"Yes","Fiber optic","No","No","Yes","No","No","Yes"
"7595-EHCDL",False,"No phone service","DSL","No","No","Yes","No","Yes","Yes"
"6647-ZEDXT",True,"Yes","Fiber optic","No","Yes","Yes","Yes","Yes","Yes"
"2521-NPUZR",True,"No","Fiber optic","Yes","Yes","Yes","Yes","No","Yes"
"1307-TVUFB",True,"Yes","Fiber optic","No","Yes","No","No","No","No"
"7503-MIOGA",True,"Yes","DSL","Yes","Yes","Yes","Yes","Yes","Yes"
"4381-MHQDC",True,"Yes","DSL","Yes","No","Yes","Yes","No","No"
"6923-JHPMP",True,"No","Fiber optic","Yes","No","Yes","No","No","No"
"4018-PPNDW",True,"Yes","No","No internet service","No internet service","No internet service","No internet service","No internet service","No internet service"
"1635-FJFCC",True,"No","DSL","No","No","No","No","No","No"
"2499-AJYUA",True,"Yes","Fiber optic","No","Yes","Yes","Yes","Yes","Yes"
"6919-ELBGL",True,"Yes","Fiber optic","Yes","Yes","Yes","Yes","Yes","Yes"
"3966-HRMZA",True,"No","Fiber optic","No","No","Yes","No","No","No"
"6425-JWTDV",True,"No","No","No internet service","No internet service","No internet service","No internet service","No internet service","No internet service"
"8405-IGQFX",True,"No","Fiber optic","No","No","Yes","Yes","Yes","No"
"8224-IVVPA",True,"No","DSL","Yes","Yes","No","No","No","No"
"9477-LGWQI",True,"No","DSL","Yes","Yes","Yes","No","Yes","Yes"
"1410-RSCMR",True,"No","DSL","Yes","No","Yes","Yes","No","Yes"
"3115-CZMZD",True,"No","No","No internet service","No internet service","No internet service","No internet service","No internet service","No internet service"
"0139-IVFJG",True,"No","Fiber optic","Yes","Yes","No","No","Yes","No"
"5730-DBDSI",True,"No","No","No internet service","No internet service","No internet service","No internet service","No internet service","No internet service"
"0030-FNXPP",True,"No","No","No internet service","No internet service","No internet service","No internet service","No internet service","No internet service"
"5684-FJVYR",True,"Yes","Fiber optic","Yes","Yes","No","Yes","No","No"
"4013-GUXND",True,"No","No","No internet service","No internet service","No internet service","No internet service","No internet service","No internet service"
"1266-NZYUI",True,"Yes","DSL","Yes","No","Yes","Yes","No","No"
"7969-FFOWG",True,"No","No","No internet service","No internet service","No internet service","No internet service","No internet service","No internet service"
"4718-DHSMV",False,"No phone service","DSL","No","No","No","No","Yes","No"
"5175-WLYXL",True,"Yes","Fiber optic","No","Yes","No","No","No","No"
"7817-OMJNA",True,"No","No","No internet service","No internet service","No internet service","No internet service","No internet service","No internet service"
"8728-SKJLR",True,"No","Fiber optic","No","No","No","Yes","No","No"
"3137-NYQQI",True,"No","DSL","Yes","Yes","No","No","No","Yes"
"7706-DZNKK",True,"No","No","No internet service","No internet service","No internet service","No internet service","No internet service","No internet service"
"8823-RLPWL",True,"Yes","Fiber optic","Yes","Yes","Yes","No","Yes","Yes"
"9505-SQFSW",False,"No phone service","DSL","No","Yes","No","No","No","Yes"
"3758-CKOQL",True,"Yes","Fiber optic","Yes","Yes","Yes","Yes","No","Yes"
"5676-CFLYY",True,"No","DSL","No","Yes","No","Yes","Yes","Yes"
"7521-AFHAB",True,"No","DSL","No","No","No","No","No","No"
"0285-INHLN",True,"No","DSL","Yes","Yes","No","No","No","No"
"5125-CNDSP",False,"No phone service","DSL","Yes","Yes","No","Yes","No","No"
"4992-LTJNE",True,"Yes","DSL","Yes","No","No","No","No","No"
"2202-OUTMO",True,"Yes","DSL","Yes","No","No","Yes","No","No"
"0810-BDHAW",True,"Yes","DSL","Yes","Yes","No","No","Yes","Yes"
"0229-LFJAF",True,"Yes","DSL","Yes","Yes","Yes","Yes","No","No"
"7131-ZQZNK",False,"No phone service","DSL","Yes","No","Yes","Yes","Yes","Yes"
"3442-ZHHCC",True,"Yes","DSL","Yes","Yes","Yes","No","No","Yes"
"5726-CVNYA",True,"No","No","No internet service","No internet service","No internet service","No internet service","No internet service","No internet service"
"9871-ELEYA",True,"No","DSL","Yes","No","Yes","Yes","Yes","No"
"4257-GAESD",False,"No phone service","DSL","No","No","No","No","Yes","Yes"
"5173-WXOQV",True,"No","DSL","No","Yes","No","Yes","No","Yes"
"2040-OBMLJ",True,"Yes","Fiber optic","No","No","No","Yes","No","No"
"6286-ZHAOK",True,"Yes","No","No internet service","No internet service","No internet service","No internet service","No internet service","No internet service"
"3807-XHCJH",True,"No","No","No internet service","No internet service","No internet service","No internet service","No internet service","No internet service"
"5671-RQRLP",True,"Yes","Fiber optic","No","No","No","No","No","No"
"8859-AXJZP",True,"Yes","No","No internet service","No internet service","No internet service","No internet service","No internet service","No internet service"
"3174-AKMAS",True,"No","DSL","No","Yes","No","Yes","Yes","No"
"9926-PJHDQ",True,"Yes","DSL","No","No","Yes","No","Yes","Yes"
"7382-DFJTU",True,"No","DSL","No","No","Yes","Yes","No","No"
"2798-NYLMZ",True,"Yes","Fiber optic","Yes","No","Yes","Yes","Yes","Yes"
"8098-TDCBU",True,"Yes","No","No internet service","No internet service","No internet service","No internet service","No internet service","No internet service"
"3551-GAEGL",False,"No phone service","DSL","Yes","No","No","No","No","No"
"4785-NKHCX",True,"No","No","No internet service","No internet service","No internet service","No internet service","No internet service","No internet service"
"3196-NVXLZ",True,"Yes","Fiber optic","No","No","No","No","Yes","No"
"0036-IHMOT",True,"No","Fiber optic","No","Yes","Yes","Yes","Yes","Yes"
"4178-EGMON",True,"Yes","Fiber optic","Yes","Yes","No","Yes","No","No"
"4220-TINQT",True,"Yes","Fiber optic","No","No","Yes","Yes","Yes","Yes"
"5318-YKDPV",True,"No","DSL","Yes","No","Yes","Yes","Yes","Yes"
"7975-TZMLR",True,"Yes","Fiber optic","No","Yes","Yes","No","Yes","Yes"
"0295-QVKPB",True,"No","DSL","No","No","Yes","Yes","Yes","No"
"4335-BSMJS",True,"Yes","No","No internet service","No internet service","No internet service","No internet service","No internet service","No internet service"
"9146-JRIOX",True,"Yes","No","No internet service","No internet service","No internet service","No internet service","No internet service","No internet service"
"5337-IIWKZ",False,"No phone service","DSL","No","No","Yes","Yes","Yes","No"
"9650-VBUOG",True,"Yes","No","No internet service","No internet service","No internet service","No internet service","No internet service","No internet service"
"3487-EARAT",True,"No","DSL","Yes","Yes","Yes","Yes","No","Yes"
"2672-TGEFF",True,"Yes","Fiber optic","No","Yes","No","No","Yes","No"
"4250-WAROZ",True,"Yes","Fiber optic","Yes","Yes","No","No","No","Yes"
"8184-WMOFI",True,"No","DSL","Yes","No","Yes","Yes","No","Yes"
"6092-QZVPP",True,"No","DSL","Yes","No","Yes","Yes","Yes","Yes"
"4625-LAMOB",True,"No","No","No internet service","No internet service","No internet service","No internet service","No internet service","No internet service"
"0392-BZIUW",True,"Yes","Fiber optic","Yes","No","Yes","No","Yes","Yes"
"6549-NNDYT",False,"No phone service","DSL","Yes","No","No","No","No","No"
"0422-OHQHQ",True,"No","No","No internet service","No internet service","No internet service","No internet service","No internet service","No internet service"
"6916-HIJSE",True,"No","DSL","Yes","Yes","Yes","Yes","Yes","Yes"
"2316-ESMLS",False,"No phone service","DSL","Yes","No","No","Yes","No","No"
"9778-OGKQZ",True,"Yes","DSL","Yes","Yes","Yes","Yes","Yes","Yes"
"7408-OFWXJ",True,"Yes","DSL","Yes","Yes","Yes","Yes","Yes","Yes"
"6007-TCTST",True,"Yes","Fiber optic","Yes","Yes","Yes","Yes","Yes","Yes"
"2252-NKNSI",True,"Yes","DSL","Yes","Yes","No","Yes","Yes","Yes"
"7771-CFQRQ",True,"No","DSL","No","Yes","No","Yes","No","Yes"
"8713-IGZSO",True,"Yes","No","No internet service","No internet service","No internet service","No internet service","No internet service","No internet service"
"7905-TVXTA",True,"No","DSL","Yes","No","No","Yes","Yes","No"
"7695-PKLCZ",True,"No","No","No internet service","No internet service","No internet service","No internet service","No internet service","No internet service"
"8374-UULRV",True,"Yes","DSL","Yes","Yes","No","Yes","Yes","Yes"
"3224-DFQNQ",True,"Yes","Fiber optic","Yes","Yes","No","Yes","No","No"
"5275-PMFUT",False,"No phone service","DSL","Yes","Yes","Yes","Yes","Yes","Yes"
"4795-UXVCJ",True,"No","No","No internet service","No internet service","No internet service","No internet service","No internet service","No internet service"
"9777-IQHWP",True,"Yes","Fiber optic","Yes","No","Yes","No","No","Yes"
"0979-MOZQI",False,"No phone service","DSL","No","No","No","Yes","Yes","No"
"2732-ISEZX",True,"No","No","No internet service","No internet service","No internet service","No internet service","No internet service","No internet service"
"0323-XWWTN",True,"Yes","No","No internet service","No internet service","No internet service","No internet service","No internet service","No internet service"
"1937-OTUKY",True,"Yes","Fiber optic","Yes","No","Yes","Yes","Yes","No"
"1573-LGXBA",True,"No","Fiber optic","No","Yes","Yes","No","Yes","Yes"
"1764-VUUMT",True,"No","No","No internet service","No internet service","No internet service","No internet service","No internet service","No internet service"
"4713-ZBURT",True,"Yes","Fiber optic","No","No","Yes","No","Yes","Yes"
"3050-GBUSH",False,"No phone service","DSL","No","No","No","No","Yes","No"
"7876-AEHIG",False,"No phone service","DSL","Yes","No","Yes","Yes","Yes","Yes"
"7945-HLKEA",True,"Yes","DSL","Yes","No","Yes","Yes","No","No"
"9342-VNIMQ",True,"Yes","DSL","No","Yes","No","No","No","No"
"3523-BRGUW",True,"No","No","No internet service","No internet service","No internet service","No internet service","No internet service","No internet service"
"3199-NPKCN",True,"Yes","Fiber optic","Yes","No","Yes","Yes","Yes","Yes"
"5170-PTRKA",False,"No phone service","DSL","Yes","No","No","Yes","No","No"
"4661-NJEUX",True,"No","No","No internet service","No internet service","No internet service","No internet service","No internet service","No internet service"
"2123-AGEEN",True,"No","Fiber optic","No","No","Yes","No","Yes","No"
"1258-YMZNM",True,"Yes","Fiber optic","Yes","Yes","Yes","No","Yes","Yes"
"0048-LUMLS",True,"No","Fiber optic","No","No","No","No","Yes","Yes"
"5898-IGSLP",True,"Yes","Fiber optic","Yes","No","Yes","Yes","No","No"
"6259-WJQLC",True,"Yes","Fiber optic","No","No","Yes","No","No","No"
"7997-EASSD",True,"Yes","Fiber optic","No","No","No","Yes","No","No"
"0730-KOAVE",True,"Yes","Fiber optic","Yes","Yes","No","No","No","Yes"
"8975-SKGRX",True,"Yes","Fiber optic","Yes","Yes","Yes","Yes","Yes","Yes"
"0678-RLHVP",True,"Yes","Fiber optic","No","Yes","Yes","No","Yes","Yes"
"2267-FPIMA",True,"Yes","Fiber optic","Yes","Yes","No","No","No","Yes"
"1051-GEJLJ",True,"No","No","No internet service","No internet service","No internet service","No internet service","No internet service","No internet service"
"5285-MVEHD",True,"No","Fiber optic","Yes","Yes","Yes","No","Yes","Yes"
"0379-DJQHR",True,"No","DSL","Yes","Yes","Yes","No","Yes","Yes"
"5543-QDCRY",True,"No","DSL","No","No","No","No","Yes","No"
"0297-RBCSG",True,"No","DSL","No","Yes","No","Yes","No","Yes"
"4694-PHWFW",True,"No","No","No internet service","No internet service","No internet service","No internet service","No internet service","No internet service"
"0835-JKADZ",True,"Yes","Fiber optic","No","Yes","Yes","Yes","Yes","Yes"
"7508-SMHXL",True,"Yes","Fiber optic","No","Yes","No","No","Yes","No"
"3865-YIOTT",True,"Yes","Fiber optic","Yes","No","Yes","No","Yes","Yes"
"5993-BQHEA",True,"No","No","No internet service","No internet service","No internet service","No internet service","No internet service","No internet service"
"6024-RUGGH",True,"Yes","No","No internet service","No internet service","No internet service","No internet service","No internet service","No internet service"
"3956-CJUST",True,"No","Fiber optic","Yes","No","No","No","No","No"
"4079-WWQQQ",False,"No phone service","DSL","Yes","Yes","Yes","Yes","Yes","Yes"
"6103-BOCOU",True,"Yes","Fiber optic","No","No","Yes","No","No","No"
"5149-TGWDZ",True,"No","Fiber optic","No","Yes","Yes","Yes","Yes","Yes"
"7471-WNSUF",True,"Yes","No","No internet service","No internet service","No internet service","No internet service","No internet service","No internet service"
"8942-DBMHZ",True,"No","No","No internet service","No internet service","No internet service","No internet service","No internet service","No internet service"
"4301-VVZKA",True,"Yes","Fiber optic","No","No","No","No","No","No"
"9199-PWQVC",True,"Yes","DSL","Yes","Yes","No","No","Yes","Yes"
"4824-GUCBY",True,"No","Fiber optic","Yes","Yes","No","No","No","No"
"5393-HJZSM",True,"No","DSL","Yes","Yes","Yes","Yes","No","Yes"
"0862-PRCBS",True,"Yes","Fiber optic","No","Yes","No","Yes","Yes","Yes"
"8812-ZRHFP",True,"No","Fiber optic","No","No","Yes","No","No","Yes"
"5146-CBVOE",True,"No","Fiber optic","No","Yes","No","No","No","No"
"0454-OKRCT",True,"No","Fiber optic","No","Yes","No","Yes","No","No"
"5787-KXGIY",True,"No","No","No internet service","No internet service","No internet service","No internet service","No internet service","No internet service"
"4198-VFOEA",False,"No phone service","DSL","Yes","No","No","Yes","No","No"
"6630-UJZMY",True,"Yes","Fiber optic","No","No","No","No","Yes","No"
"5709-LVOEQ",True,"No","DSL","Yes","Yes","Yes","No","Yes","Yes"
"2692-AQCPF",True,"Yes","Fiber optic","No","Yes","Yes","Yes","Yes","Yes"
"0347-UBKUZ",True,"No","No","No internet service","No internet service","No internet service","No internet service","No internet service","No internet service"
"0835-DUUIQ",True,"No","No","No internet service","No internet service","No internet service","No internet service","No internet service","No internet service"
"0811-GSDTP",False,"No phone service","DSL","No","Yes","No","No","No","No"
"7567-ECMCM",True,"No","Fiber optic","No","No","No","No","No","Yes"
"6115-ZTBFQ",False,"No phone service","DSL","Yes","Yes","Yes","Yes","Yes","Yes"
"6353-BRMMA",True,"Yes","Fiber optic","Yes","Yes","No","No","Yes","Yes"
"6231-WFGFH",True,"No","No","No internet service","No internet service","No internet service","No internet service","No internet service","No internet service"
"9904-EHEVJ",True,"Yes","Fiber optic","No","No","Yes","No","Yes","No"
"6169-PPETC",True,"No","No","No internet service","No internet service","No internet service","No internet service","No internet service","No internet service"
"8584-KMVXD",True,"No","Fiber optic","No","Yes","No","No","No","No"
"8467-WYNSR",True,"No","DSL","Yes","No","No","Yes","No","No"
"0851-DFJKB",True,"No","DSL","Yes","No","Yes","Yes","No","No"
"5382-SOYZL",True,"Yes","Fiber optic","No","No","No","No","Yes","Yes"
"3261-CQXOL",True,"Yes","No","No internet service","No internet service","No internet service","No internet service","No internet service","No internet service"
"8388-FYNPZ",True,"No","DSL","Yes","No","Yes","No","No","No"
"4002-BQWPQ",True,"Yes","DSL","Yes","Yes","Yes","Yes","No","Yes"
"5651-YLPRD",True,"No","Fiber optic","No","Yes","No","No","Yes","No"
"2826-DXLQO",False,"No phone service","DSL","Yes","No","No","No","No","No"
"4378-BZYFP",True,"No","No","No internet service","No internet service","No internet service","No internet service","No internet service","No internet service"
"9489-UTFKA",True,"No","DSL","Yes","No","No","No","Yes","No"
"4849-PYRLQ",True,"Yes","DSL","Yes","No","Yes","Yes","No","Yes"
"7764-BDPEE",True,"No","No","No internet service","No internet service","No internet service","No internet service","No internet service","No internet service"
"3429-IFLEM",True,"No","DSL","Yes","Yes","Yes","Yes","Yes","No"
"5002-GCQFH",True,"Yes","Fiber optic","Yes","Yes","No","No","Yes","No"
"0556-FJEGU",True,"No","DSL","No","Yes","Yes","Yes","Yes","No"
"0604-THJFP",True,"No","DSL","No","Yes","No","Yes","Yes","Yes"
"5879-SESNB",True,"Yes","Fiber optic","No","No","No","No","No","No"
"6461-PPAXN",True,"No","DSL","Yes","No","No","Yes","No","No"
"3318-ISQFQ",True,"No","No","No internet service","No internet service","No internet service","No internet service","No internet service","No internet service"
"1106-HRLKZ",True,"No","No","No internet service","No internet service","No internet service","No internet service","No internet service","No internet service"
"2483-XSSMZ",True,"No","DSL","Yes","No","No","No","No","No"
"8165-ZJRNM",True,"Yes","No","No internet service","No internet service","No internet service","No internet service","No internet service","No internet service"
"2604-XVDAM",True,"No","DSL","No","No","No","No","No","No"
"3717-OFRTN",True,"No","No","No internet service","No internet service","No internet service","No internet service","No internet service","No internet service"
"9046-JBFWA",True,"No","No","No internet service","No internet service","No internet service","No internet service","No internet service","No internet service"
"3280-NMUVX",True,"No","No","No internet service","No internet service","No internet service","No internet service","No internet service","No internet service"
"1206-EHBDD",True,"No","Fiber optic","Yes","No","Yes","No","No","No"
"1352-VHKAJ",True,"Yes","DSL","No","No","No","Yes","Yes","Yes"
"8361-LBRDI",True,"Yes","No","No internet service","No internet service","No internet service","No internet service","No internet service","No internet service"
"4883-KCPZJ",True,"Yes","No","No internet service","No internet service","No internet service","No internet service","No internet service","No internet service"
"9108-EQPNQ",True,"Yes","No","No internet service","No internet service","No internet service","No internet service","No internet service","No internet service"
"7277-KAMWT",True,"No","No","No internet service","No internet service","No internet service","No internet service","No internet service","No internet service"
"2545-LXYVJ",True,"No","No","No internet service","No internet service","No internet service","No internet service","No internet service","No internet service"
"3234-VKACU",True,"No","DSL","No","No","No","Yes","Yes","Yes"
"8120-JDCAM",True,"No","Fiber optic","No","No","No","No","No","No"
"8917-FAEMR",True,"No","No","No internet service","No internet service","No internet service","No internet service","No internet service","No internet service"
"7047-YXDMZ",True,"No","No","No internet service","No internet service","No internet service","No internet service","No internet service","No internet service"
"2858-EIMXH",True,"Yes","Fiber optic","No","No","No","No","Yes","Yes"
"6419-ZTTLE",True,"No","No","No internet service","No internet service","No internet service","No internet service","No internet service","No internet service"
"0929-HYQEW",True,"No","DSL","Yes","No","No","No","No","No"
"6614-YOLAC",False,"No phone service","DSL","Yes","Yes","No","Yes","Yes","Yes"
"7426-RHZGU",True,"No","Fiber optic","No","No","No","Yes","Yes","Yes"
"4065-JJAVA",True,"No","DSL","No","Yes","No","No","No","No"
"7649-SIJJF",True,"Yes","DSL","Yes","Yes","Yes","Yes","No","Yes"
"9361-YNQWJ",True,"Yes","No","No internet service","No internet service","No internet service","No internet service","No internet service","No internet service"
"3748-FVMZZ",False,"No phone service","DSL","No","No","No","Yes","No","Yes"
"9391-TTOYH",True,"No","No","No internet service","No internet service","No internet service","No internet service","No internet service","No internet service"
"1452-XRSJV",True,"No","DSL","Yes","No","No","No","No","No"
"3422-WJOYD",True,"No","DSL","Yes","No","No","Yes","No","No"
"8242-SOQUO",True,"No","Fiber optic","No","Yes","No","No","Yes","No"
"7460-ITWWP",True,"No","Fiber optic","No","No","Yes","No","No","Yes"
"7147-AYBAA",True,"No","Fiber optic","No","No","No","No","No","No"
"7868-TMWMZ",True,"No","Fiber optic","Yes","Yes","Yes","Yes","Yes","Yes"
"6732-FZUGP",True,"Yes","Fiber optic","Yes","No","Yes","No","Yes","No"
"8329-GWVPJ",True,"No","Fiber optic","No","No","No","No","No","No"
"2632-TACXW",True,"Yes","No","No internet service","No internet service","No internet service","No internet service","No internet service","No internet service"
"8146-QQKZH",True,"No","DSL","Yes","No","Yes","Yes","Yes","Yes"
"1767-CJKBA",True,"Yes","No","No internet service","No internet service","No internet service","No internet service","No internet service","No internet service"
"6445-TNRXS",True,"Yes","Fiber optic","Yes","Yes","Yes","Yes","Yes","Yes"
"4581-LNWUM",False,"No phone service","DSL","No","No","Yes","No","Yes","Yes"
"4869-EPIUS",True,"No","Fiber optic","No","No","No","No","No","Yes"
"1915-OAKWD",True,"No","No","No internet service","No internet service","No internet service","No internet service","No internet service","No internet service"
"7296-PIXQY",True,"No","Fiber optic","No","No","No","No","No","No"
"3354-OADJP",True,"No","DSL","Yes","No","No","Yes","No","No"
"3524-WQDSG",True,"Yes","Fiber optic","No","No","Yes","No","Yes","Yes"
"0810-DHDBD",True,"Yes","DSL","Yes","No","Yes","Yes","Yes","No"
"4026-SKKHW",True,"No","DSL","No","No","No","Yes","No","No"
"2829-HYVZP",True,"No","No","No internet service","No internet service","No internet service","No internet service","No internet service","No internet service"
"3845-JHAMY",False,"No phone service","DSL","No","No","No","No","No","Yes"
"7013-PSXHK",True,"Yes","DSL","No","No","Yes","Yes","Yes","Yes"
"3486-NPGST",True,"No","No","No internet service","No internet service","No internet service","No internet service","No internet service","No internet service"
"6100-FJZDG",True,"No","No","No internet service","No internet service","No internet service","No internet service","No internet service","No internet service"
"4829-ZLJTK",True,"Yes","Fiber optic","Yes","Yes","Yes","No","Yes","Yes"
"1730-VFMWO",True,"No","DSL","No","No","No","Yes","No","No"
"7143-BQIBA",True,"No","DSL","Yes","No","No","Yes","Yes","No"
"3800-LYTRK",True,"No","DSL","Yes","No","No","Yes","No","No"
"9646-NMHXE",True,"No","No","No internet service","No internet service","No internet service","No internet service","No internet service","No internet service"
"7030-NJVDP",True,"No","Fiber optic","Yes","No","No","Yes","No","Yes"
"8883-GRDWQ",True,"No","DSL","Yes","No","No","Yes","No","No"
"7771-ZONAT",False,"No phone service","DSL","No","No","Yes","Yes","Yes","Yes"
"1641-RQDAY",True,"Yes","Fiber optic","No","Yes","No","No","Yes","Yes"
"6994-ORCWG",True,"Yes","DSL","No","Yes","No","No","No","No"
"2111-DWYHN",True,"No","No","No internet service","No internet service","No internet service","No internet service","No internet service","No internet service"
"4194-WHFCB",True,"Yes","Fiber optic","No","Yes","No","Yes","No","Yes"
"4121-AGSIN",True,"Yes","No","No internet service","No internet service","No internet service","No internet service","No internet service","No internet service"
"9845-PEEKO",True,"Yes","Fiber optic","No","Yes","No","No","No","No"
"0455-XFASS",True,"No","Fiber optic","No","No","No","No","No","No"
"0301-KOBTQ",True,"No","No","No internet service","No internet service","No internet service","No internet service","No internet service","No internet service"
"1751-NCDLI",True,"Yes","Fiber optic","No","No","Yes","No","Yes","Yes"
"4367-NUYAO",True,"Yes","No","No internet service","No internet service","No internet service","No internet service","No internet service","No internet service"
"9170-ARBTB",True,"No","No","No internet service","No internet service","No internet service","No internet service","No internet service","No internet service"
"7241-AJHFS",True,"Yes","Fiber optic","Yes","No","No","Yes","No","No"
"4546-FOKWR",True,"Yes","Fiber optic","No","No","No","No","No","No"
"9036-CSKBW",True,"Yes","Fiber optic","Yes","Yes","Yes","No","Yes","Yes"
"5832-TRLPB",True,"No","DSL","No","No","Yes","Yes","Yes","Yes"
"8590-YFFQO",True,"No","DSL","Yes","Yes","Yes","Yes","No","No"
"8659-IOOPU",True,"Yes","Fiber optic","Yes","No","Yes","Yes","No","Yes"
"1338-CECEE",True,"Yes","DSL","No","Yes","Yes","No","Yes","No"
"7439-DKZTW",True,"No","Fiber optic","No","No","No","No","Yes","No"
"4646-QZXTF",True,"No","DSL","Yes","No","Yes","Yes","Yes","Yes"
"9742-XOKTS",True,"Yes","Fiber optic","Yes","Yes","No","Yes","No","No"
"6921-OZMFH",True,"Yes","DSL","No","No","No","Yes","No","No"
"9578-FOMUK",True,"Yes","No","No internet service","No internet service","No internet service","No internet service","No internet service","No internet service"
"4712-UYOOI",True,"No","No","No internet service","No internet service","No internet service","No internet service","No internet service","No internet service"
"7722-CVFXN",True,"Yes","Fiber optic","No","Yes","No","Yes","Yes","Yes"
"8717-VCTXJ",True,"No","No","No internet service","No internet service","No internet service","No internet service","No internet service","No internet service"
"7363-QTBIW",True,"No","Fiber optic","No","No","No","No","No","Yes"
"4159-NAAIX",True,"Yes","Fiber optic","No","Yes","No","No","Yes","Yes"
"0971-QIFJK",True,"Yes","No","No internet service","No internet service","No internet service","No internet service","No internet service","No internet service"
"9397-TZSHA",True,"Yes","No","No internet service","No internet service","No internet service","No internet service","No internet service","No internet service"
"3391-JSQEW",True,"No","DSL","No","Yes","No","No","No","No"
"0343-QLUZP",False,"No phone service","DSL","Yes","Yes","Yes","No","No","No"
"2176-LVPNX",True,"Yes","DSL","Yes","Yes","Yes","Yes","Yes","Yes"
"3312-UUMZW",True,"Yes","Fiber optic","No","Yes","No","No","Yes","Yes"
"1271-UODNO",True,"Yes","DSL","No","No","No","Yes","No","No"
"8461-EFQYM",True,"Yes","No","No internet service","No internet service","No internet service","No internet service","No internet service","No internet service"
"6900-RBKER",True,"Yes","Fiber optic","No","No","Yes","No","No","Yes"
"6891-JPYFF",True,"Yes","Fiber optic","Yes","Yes","No","No","Yes","Yes"
"1459-QNFQT",False,"No phone service","DSL","Yes","No","Yes","Yes","Yes","Yes"
"1047-NNCBF",True,"No","Fiber optic","No","No","No","No","No","No"
"3696-XRIEN",True,"Yes","DSL","Yes","No","Yes","Yes","Yes","Yes"
"0074-HDKDG",True,"No","DSL","Yes","Yes","Yes","No","No","No"
"8791-GFXLZ",True,"No","DSL","No","Yes","No","No","No","No"
"9330-DHBFL",True,"No","DSL","Yes","Yes","Yes","Yes","No","No"
"0098-BOWSO",True,"No","No","No internet service","No internet service","No internet service","No internet service","No internet service","No internet service"
"3452-ABWRL",True,"Yes","Fiber optic","No","No","No","No","Yes","No"
"5859-HZYLF",True,"No","No","No internet service","No internet service","No internet service","No internet service","No internet service","No internet service"
"3156-QLHBO",True,"No","No","No internet service","No internet service","No internet service","No internet service","No internet service","No internet service"
"2208-NQBCT",True,"No","Fiber optic","Yes","Yes","No","No","No","No"
"1779-PWPMG",True,"Yes","Fiber optic","Yes","Yes","Yes","Yes","Yes","Yes"
"6621-NRZAK",True,"No","No","No internet service","No internet service","No internet service","No internet service","No internet service","No internet service"
"0831-JNISG",True,"No","No","No internet service","No internet service","No internet service","No internet service","No internet service","No internet service"
"0774-IFUVM",True,"Yes","DSL","Yes","No","No","No","Yes","No"
"3082-WQRVY",True,"No","No","No internet service","No internet service","No internet service","No internet service","No internet service","No internet service"
"9553-DLCLU",True,"Yes","DSL","Yes","Yes","Yes","Yes","Yes","Yes"
"1641-BYBTK",True,"No","No","No internet service","No internet service","No internet service","No internet service","No internet service","No internet service"
"2460-NGXBJ",True,"Yes","Fiber optic","No","No","No","No","No","No"
"2446-ZKVAF",True,"Yes","DSL","No","Yes","No","No","No","No"
"3522-CDKHF",True,"No","Fiber optic","Yes","No","No","No","No","No"
"1430-SFQSA",False,"No phone service","DSL","Yes","No","No","Yes","No","No"
"0411-EZJZE",True,"Yes","DSL","No","No","No","No","Yes","No"
"8807-ARQET",False,"No phone service","DSL","No","Yes","No","No","No","Yes"
"8992-CEUEN",True,"No","No","No internet service","No internet service","No internet service","No internet service","No internet service","No internet service"
"4320-QMLLA",True,"No","DSL","No","No","No","No","Yes","No"
"8777-PVYGU",True,"No","DSL","Yes","No","Yes","No","Yes","No"
"8292-ITGYJ",True,"Yes","No","No internet service","No internet service","No internet service","No internet service","No internet service","No internet service"
"6870-ZWMNX",True,"Yes","DSL","No","Yes","Yes","Yes","Yes","No"
"0621-CXBKL",True,"No","No","No internet service","No internet service","No internet service","No internet service","No internet service","No internet service"
"5268-DSMNQ",True,"Yes","Fiber optic","No","Yes","Yes","No","Yes","No"
"5334-JLAXU",True,"Yes","Fiber optic","Yes","Yes","No","No","No","Yes"
"6242-MBHPK",True,"No","Fiber optic","Yes","No","No","No","Yes","Yes"
"9359-UGBTK",True,"No","DSL","Yes","No","Yes","Yes","No","Yes"
"4782-OSFXZ",True,"Yes","DSL","Yes","Yes","Yes","Yes","No","Yes"
"6479-OAUSD",True,"No","No","No internet service","No internet service","No internet service","No internet service","No internet service","No internet service"
"7129-ACFOG",True,"Yes","DSL","Yes","No","No","No","No","No"
"4189-NAKJS",True,"Yes","DSL","No","No","No","No","No","No"
"5562-BETPV",True,"No","No","No internet service","No internet service","No internet service","No internet service","No internet service","No internet service"
"1282-IHQAC",False,"No phone service","DSL","No","Yes","Yes","No","Yes","No"
"9127-FHJBZ",True,"Yes","Fiber optic","Yes","Yes","Yes","Yes","Yes","Yes"
"1346-UFHAX",True,"Yes","Fiber optic","Yes","No","No","No","No","No"
"2933-XEUJM",True,"Yes","DSL","Yes","No","Yes","No","Yes","Yes"
"5461-QKNTN",True,"Yes","Fiber optic","No","Yes","No","Yes","Yes","No"
"4835-YSJMR",True,"No","DSL","No","No","No","Yes","No","No"
"3164-YAXFY",False,"No phone service","DSL","Yes","No","Yes","No","Yes","Yes"
"0887-WBJVH",True,"No","Fiber optic","No","No","No","Yes","Yes","Yes"
"4660-IRIBM",True,"No","Fiber optic","Yes","No","Yes","No","Yes","No"
"7670-ZBPOQ",True,"Yes","DSL","Yes","No","No","Yes","No","No"
"8089-UZWLX",True,"Yes","Fiber optic","No","No","Yes","No","Yes","Yes"
"0080-OROZO",True,"No","Fiber optic","No","No","Yes","Yes","Yes","Yes"
"3916-NRPAP",True,"No","Fiber optic","No","No","Yes","No","No","Yes"
"6807-SIWJI",True,"Yes","Fiber optic","Yes","Yes","No","No","Yes","Yes"
"8221-HVAYI",True,"Yes","DSL","Yes","Yes","Yes","Yes","No","No"
"5232-NXPAY",True,"No","DSL","No","No","Yes","Yes","Yes","Yes"
"8967-SZQAS",True,"No","DSL","No","Yes","No","No","No","No"
"4468-KAZHE",True,"No","DSL","No","Yes","No","No","No","Yes"
"0455-ENTCR",True,"Yes","DSL","Yes","Yes","No","Yes","Yes","Yes"
"8944-AILEF",True,"No","No","No internet service","No internet service","No internet service","No internet service","No internet service","No internet service"
"5542-NKVRU",True,"No","No","No internet service","No internet service","No internet service","No internet service","No internet service","No internet service"
"7126-RBHSD",True,"Yes","Fiber optic","Yes","No","No","No","No","No"
"5370-IIVVL",True,"Yes","Fiber optic","No","Yes","No","Yes","Yes","Yes"
"6789-HJBWG",True,"No","DSL","No","Yes","No","No","No","No"
"9087-EYCPR",True,"Yes","No","No internet service","No internet service","No internet service","No internet service","No internet service","No internet service"
"6791-YBNAK",False,"No phone service","DSL","No","No","No","No","No","No"
"6077-BDPXA",True,"No","Fiber optic","No","No","No","No","No","No"
"0013-MHZWF",True,"No","DSL","No","No","No","Yes","Yes","Yes"
"8268-YDIXR",True,"Yes","Fiber optic","Yes","Yes","Yes","No","No","No"
"4291-SHSBH",True,"No","Fiber optic","No","No","No","No","No","No"
"6980-IMXXE",True,"No","No","No internet service","No internet service","No internet service","No internet service","No internet service","No internet service"
"0040-HALCW",True,"No","No","No internet service","No internet service","No internet service","No internet service","No internet service","No internet service"
"0784-GTUUK",True,"Yes","No","No internet service","No internet service","No internet service","No internet service","No internet service","No internet service"
"2294-DMMUS",True,"Yes","DSL","No","No","No","No","Yes","Yes"
"0872-JCPIB",True,"Yes","DSL","Yes","No","No","No","No","Yes"
"3055-MJDSB",False,"No phone service","DSL","No","No","No","No","No","No"
"9091-WTUUY",True,"No","DSL","Yes","No","Yes","Yes","Yes","No"
"7115-IRDHS",True,"Yes","No","No internet service","No internet service","No internet service","No internet service","No internet service","No internet service"
"8496-DMZUK",True,"Yes","Fiber optic","Yes","Yes","Yes","No","No","No"
"2040-VZIKE",True,"Yes","Fiber optic","Yes","No","No","No","Yes","Yes"
"9068-VPWQQ",True,"Yes","DSL","Yes","No","Yes","Yes","No","Yes"
"0178-SZBHO",True,"Yes","Fiber optic","No","Yes","No","No","Yes","No"
"0384-RVBPI",True,"No","DSL","Yes","No","Yes","No","No","Yes"
"1299-AURJA",True,"Yes","No","No internet service","No internet service","No internet service","No internet service","No internet service","No internet service"
"4525-VZCZG",True,"No","Fiber optic","Yes","Yes","No","Yes","Yes","Yes"
"1543-LLLFT",True,"Yes","Fiber optic","No","Yes","Yes","Yes","Yes","No"
"2788-CJQAQ",True,"No","No","No internet service","No internet service","No internet service","No internet service","No internet service","No internet service"
"0319-QZTCO",True,"No","DSL","No","Yes","No","No","Yes","No"
"2120-SMPEX",True,"No","No","No internet service","No internet service","No internet service","No internet service","No internet service","No internet service"
"0096-FCPUF",True,"Yes","DSL","Yes","No","No","No","No","Yes"
"0668-OGMHD",False,"No phone service","DSL","Yes","No","No","No","No","No"
"6507-ZJSUR",True,"No","Fiber optic","No","No","No","No","Yes","Yes"
"9408-HRXRK",True,"Yes","Fiber optic","Yes","Yes","No","No","Yes","Yes"
"5593-SUAOO",True,"Yes","Fiber optic","No","Yes","Yes","No","No","No"
"6766-HFKLA",True,"Yes","Fiber optic","No","No","Yes","Yes","Yes","Yes"
"7617-EYGLW",True,"No","No","No internet service","No internet service","No internet service","No internet service","No internet service","No internet service"
"9220-ZNKJI",True,"No","Fiber optic","No","No","Yes","Yes","Yes","No"
"2226-ICFDO",True,"Yes","DSL","Yes","No","Yes","Yes","Yes","Yes"
"0723-VSOBE",False,"No phone service","DSL","No","No","No","No","No","Yes"
"5529-GIBVH",True,"No","No","No internet service","No internet service","No internet service","No internet service","No internet service","No internet service"
"9992-UJOEL",True,"No","DSL","No","Yes","No","No","No","No"
"4741-WWJQZ",True,"No","Fiber optic","Yes","No","No","Yes","No","No"
"6625-UTXEW",True,"No","DSL","No","Yes","No","No","No","No"
"6244-BESBM",True,"No","Fiber optic","No","No","No","Yes","Yes","Yes"
"1004-NOZNR",True,"No","Fiber optic","Yes","No","No","No","Yes","Yes"
"1251-STYSZ",True,"Yes","Fiber optic","Yes","No","No","No","No","No"
"2612-PHGOX",True,"Yes","DSL","No","Yes","Yes","Yes","Yes","No"
"8480-PPONV",True,"Yes","Fiber optic","Yes","Yes","Yes","Yes","Yes","Yes"
"8780-IHCRN",True,"Yes","No","No internet service","No internet service","No internet service","No internet service","No internet service","No internet service"
"4598-ZADCK",False,"No phone service","DSL","Yes","Yes","Yes","Yes","Yes","No"
"1257-SXUXQ",True,"No","No","No internet service","No internet service","No internet service","No internet service","No internet service","No internet service"
"9681-KYGYB",True,"Yes","Fiber optic","Yes","Yes","Yes","No","No","No"
"7182-OVLBJ",True,"Yes","Fiber optic","Yes","No","No","No","Yes","Yes"
"5095-ETBRJ",True,"No","DSL","Yes","Yes","No","Yes","No","No"
"7005-CYUIL",True,"No","Fiber optic","Yes","Yes","Yes","Yes","Yes","No"
"4821-WQOYN",True,"No","No","No internet service","No internet service","No internet service","No internet service","No internet service","No internet service"
"4730-AWNAU",False,"No phone service","DSL","Yes","No","Yes","Yes","Yes","Yes"
"3452-FLHYD",True,"No","No","No internet service","No internet service","No internet service","No internet service","No internet service","No internet service"
"2388-LAESQ",True,"Yes","Fiber optic","Yes","Yes","Yes","Yes","Yes","Yes"
"9531-NSBMR",True,"No","No","No internet service","No internet service","No internet service","No internet service","No internet service","No internet service"
"6260-ONULR",True,"No","DSL","No","No","No","No","Yes","Yes"
"4389-UEFCZ",True,"Yes","Fiber optic","Yes","No","Yes","No","Yes","Yes"
"8711-LOBKY",True,"No","No","No internet service","No internet service","No internet service","No internet service","No internet service","No internet service"
"8985-OOPOS",True,"No","DSL","No","No","Yes","Yes","Yes","Yes"
"8800-ZKRFW",True,"Yes","Fiber optic","No","Yes","Yes","Yes","Yes","Yes"
"2616-FLVQC",True,"No","No","No internet service","No internet service","No internet service","No internet service","No internet service","No internet service"
"9968-FFVVH",True,"Yes","DSL","Yes","Yes","Yes","Yes","No","No"
"3108-PCCGG",True,"Yes","DSL","Yes","Yes","Yes","No","Yes","Yes"
"8390-FESFV",True,"Yes","DSL","No","Yes","Yes","Yes","Yes","Yes"
"3022-BEXHZ",True,"Yes","Fiber optic","No","Yes","Yes","Yes","Yes","Yes"
"6248-TKCQV",True,"Yes","DSL","Yes","No","No","Yes","Yes","Yes"
"6729-GDNGC",True,"No","Fiber optic","No","No","No","No","Yes","No"
"6198-ZFIOJ",True,"Yes","Fiber optic","No","No","No","No","No","No"
"5989-OMNJE",False,"No phone service","DSL","Yes","Yes","Yes","No","Yes","Yes"
"1291-CUOCY",True,"Yes","Fiber optic","No","Yes","Yes","Yes","Yes","Yes"
"9795-SHUHB",True,"No","DSL","Yes","Yes","No","Yes","No","No"
"3230-IUALN",True,"No","DSL","Yes","No","Yes","Yes","Yes","Yes"
"3070-BDOQC",True,"No","Fiber optic","No","Yes","Yes","No","Yes","Yes"
"0042-RLHYP",True,"No","No","No internet service","No internet service","No internet service","No internet service","No internet service","No internet service"
"4945-RVMTE",True,"No","DSL","No","No","Yes","No","Yes","No"
"1866-NXPSP",True,"No","DSL","Yes","Yes","Yes","Yes","No","Yes"
"3941-XTSKM",False,"No phone service","DSL","No","Yes","Yes","No","No","Yes"
"1661-CZBAU",True,"Yes","DSL","Yes","No","No","Yes","No","Yes"
"5158-RIVOP",True,"No","No","No internet service","No internet service","No internet service","No internet service","No internet service","No internet service"
"9788-YTFGE",True,"No","No","No internet service","No internet service","No internet service","No internet service","No internet service","No internet service"
"9277-JOOMO",True,"Yes","No","No internet service","No internet service","No internet service","No internet service","No internet service","No internet service"
"1907-YLNYW",True,"No","DSL","Yes","No","Yes","No","No","Yes"
"8947-YRTDV",True,"No","Fiber optic","Yes","Yes","Yes","No","No","Yes"
"3161-ONRWK",True,"No","DSL","Yes","Yes","Yes","Yes","No","No"
"0114-RSRRW",True,"No","No","No internet service","No internet service","No internet service","No internet service","No internet service","No internet service"
"4565-NLZBV",True,"Yes","No","No internet service","No internet service","No internet service","No internet service","No internet service","No internet service"
"6682-VCIXC",False,"No phone service","DSL","Yes","Yes","No","Yes","Yes","No"
"6475-VHUIZ",True,"No","DSL","No","No","Yes","Yes","No","No"
"3910-MRQOY",True,"No","No","No internet service","No internet service","No internet service","No internet service","No internet service","No internet service"
"0661-WCQNQ",True,"No","DSL","Yes","No","No","Yes","No","No"
"7537-RBWEA",False,"No phone service","DSL","No","No","No","No","No","No"
"4656-CAURT",True,"Yes","No","No internet service","No internet service","No internet service","No internet service","No internet service","No internet service"
"0121-SNYRK",False,"No phone service","DSL","Yes","No","No","Yes","No","No"
"3733-LSYCE",True,"No","Fiber optic","No","Yes","No","No","No","No"
"6265-FRMTQ",True,"No","No","No internet service","No internet service","No internet service","No internet service","No internet service","No internet service"
"1371-DWPAZ",False,"No phone service","DSL","Yes","Yes","Yes","Yes","Yes","No"
"2017-CCBLH",True,"No","No","No internet service","No internet service","No internet service","No internet service","No internet service","No internet service"
"7690-KPNCU",True,"No","DSL","Yes","No","Yes","No","Yes","Yes"
"0536-BGFMZ",True,"No","No","No internet service","No internet service","No internet service","No internet service","No internet service","No internet service"
"2293-IJWPS",True,"Yes","Fiber optic","No","No","Yes","No","Yes","Yes"
"5469-NUJUR",True,"No","No","No internet service","No internet service","No internet service","No internet service","No internet service","No internet service"
"2625-TRCZQ",False,"No phone service","DSL","No","Yes","No","No","Yes","Yes"
"4102-HLENU",True,"Yes","DSL","Yes","Yes","Yes","No","No","No"
"7266-GSSJX",True,"No","No","No internet service","No internet service","No internet service","No internet service","No internet service","No internet service"
"7722-VJRQD",False,"No phone service","DSL","Yes","No","Yes","Yes","Yes","Yes"
"7073-QETQY",True,"No","No","No internet service","No internet service","No internet service","No internet service","No internet service","No internet service"
"5624-RYAMH",True,"No","No","No internet service","No internet service","No internet service","No internet service","No internet service","No internet service"
"0196-JTUQI",True,"Yes","Fiber optic","No","No","No","No","No","No"
"7130-YXBRO",True,"Yes","Fiber optic","Yes","Yes","Yes","No","Yes","Yes"
"9272-LSVYH",True,"No","Fiber optic","No","No","No","No","No","No"
"3084-DOWLE",True,"Yes","DSL","Yes","Yes","Yes","Yes","Yes","Yes"
"1084-MNSMJ",True,"No","DSL","Yes","Yes","Yes","Yes","Yes","Yes"
"4238-HFHSN",True,"Yes","Fiber optic","No","Yes","No","No","No","No"
"6250-CGGUN",True,"No","Fiber optic","Yes","No","Yes","Yes","No","No"
"5478-JJVZK",True,"Yes","DSL","Yes","Yes","No","No","No","No"
"7596-IIWYC",True,"No","No","No internet service","No internet service","No internet service","No internet service","No internet service","No internet service"
"9793-WECQC",True,"No","Fiber optic","No","Yes","No","No","Yes","Yes"
"4291-HPAXL",True,"No","No","No internet service","No internet service","No internet service","No internet service","No internet service","No internet service"
"8999-YPYBV",True,"No","DSL","Yes","Yes","Yes","Yes","Yes","Yes"
"1839-FBNFR",True,"No","No","No internet service","No internet service","No internet service","No internet service","No internet service","No internet service"
"3071-MVJCD",True,"Yes","DSL","Yes","Yes","Yes","Yes","Yes","No"
"1697-BCSHV",True,"Yes","DSL","No","Yes","No","No","Yes","No"
"0562-KBDVM",False,"No phone service","DSL","Yes","Yes","Yes","Yes","No","No"
"1131-SUEKT",True,"No","Fiber optic","No","Yes","No","Yes","Yes","Yes"
"3717-OEAUQ",True,"No","Fiber optic","No","No","No","No","No","No"
"4538-WNTMJ",True,"Yes","No","No internet service","No internet service","No internet service","No internet service","No internet service","No internet service"
"9432-RUVSL",True,"No","Fiber optic","Yes","No","Yes","Yes","Yes","Yes"
"8060-HIWJJ",True,"Yes","DSL","No","Yes","Yes","Yes","Yes","Yes"
"7684-XSZIY",True,"Yes","No","No internet service","No internet service","No internet service","No internet service","No internet service","No internet service"
"9089-UOWJG",True,"No","DSL","No","No","Yes","No","Yes","No"
"8039-ACLPL",True,"No","DSL","Yes","Yes","Yes","No","No","Yes"
"9885-AIBVB",True,"Yes","Fiber optic","No","Yes","Yes","No","No","No"
"1934-MKPXS",True,"No","No","No internet service","No internet service","No internet service","No internet service","No internet service","No internet service"
"2592-YKDIF",True,"No","No","No internet service","No internet service","No internet service","No internet service","No internet service","No internet service"
"2272-JKMSI",True,"Yes","Fiber optic","No","Yes","Yes","Yes","Yes","Yes"
"8714-CTZJW",True,"No","Fiber optic","No","No","Yes","No","No","Yes"
"3569-EDBPQ",True,"Yes","Fiber optic","Yes","No","No","Yes","No","No"
"3131-NWVFJ",True,"No","No","No internet service","No internet service","No internet service","No internet service","No internet service","No internet service"
"7521-YXVZY",True,"No","No","No internet service","No internet service","No internet service","No internet service","No internet service","No internet service"
"2373-NTKOD",True,"No","DSL","No","No","No","No","Yes","Yes"
"1970-KKFWL",True,"Yes","No","No internet service","No internet service","No internet service","No internet service","No internet service","No internet service"
"9337-SRRNI",True,"Yes","No","No internet service","No internet service","No internet service","No internet service","No internet service","No internet service"
"0895-UADGO",False,"No phone service","DSL","Yes","No","No","Yes","No","Yes"
"5678-VFNEQ",True,"Yes","Fiber optic","Yes","No","Yes","No","Yes","Yes"
"5977-CKHON",True,"Yes","Fiber optic","No","No","Yes","No","No","Yes"
"2692-BUCFV",True,"No","Fiber optic","No","Yes","Yes","No","Yes","Yes"
"1830-GGFNM",True,"Yes","Fiber optic","Yes","Yes","Yes","Yes","No","No"
"5302-BDJNT",True,"Yes","Fiber optic","No","No","Yes","Yes","Yes","No"
"5223-UZAVK",True,"No","Fiber optic","Yes","Yes","No","No","Yes","Yes"
"4859-ZSRDZ",False,"No phone service","DSL","No","No","Yes","Yes","Yes","Yes"
"5651-WYIPH",True,"No","DSL","No","Yes","No","No","No","No"
"9350-VLHMB",True,"Yes","Fiber optic","No","Yes","No","No","No","Yes"
"3498-LZGQZ",True,"No","No","No internet service","No internet service","No internet service","No internet service","No internet service","No internet service"
"8785-CJSHH",True,"Yes","Fiber optic","No","Yes","No","No","Yes","Yes"
"3870-SPZSI",True,"Yes","Fiber optic","Yes","Yes","Yes","Yes","Yes","Yes"
"6234-PFPXL",True,"Yes","Fiber optic","Yes","No","No","Yes","Yes","No"
"7560-QRBXH",True,"No","No","No internet service","No internet service","No internet service","No internet service","No internet service","No internet service"
"7077-XJMET",True,"No","DSL","No","No","Yes","Yes","Yes","Yes"
"8752-GHJFU",True,"Yes","Fiber optic","Yes","Yes","Yes","Yes","No","No"
"6896-SRVYQ",True,"No","Fiber optic","No","No","Yes","No","No","No"
"4652-ODEVH",True,"Yes","No","No internet service","No internet service","No internet service","No internet service","No internet service","No internet service"
"6510-UPNKS",True,"Yes","No","No internet service","No internet service","No internet service","No internet service","No internet service","No internet service"
"6718-BDGHG",True,"Yes","DSL","No","No","No","Yes","Yes","No"
"9046-DQMTP",True,"No","No","No internet service","No internet service","No internet service","No internet service","No internet service","No internet service"
"6439-LAJXL",True,"No","DSL","Yes","Yes","No","Yes","Yes","No"
"9052-VKDUW",True,"Yes","Fiber optic","Yes","Yes","Yes","No","Yes","Yes"
"1666-JZPZT",True,"Yes","DSL","No","No","No","No","No","No"
"5777-KJIRB",True,"No","DSL","No","No","Yes","No","No","No"
"7677-SJJJK",True,"No","No","No internet service","No internet service","No internet service","No internet service","No internet service","No internet service"
"2480-EJWYP",True,"Yes","Fiber optic","No","Yes","No","No","Yes","Yes"
"3253-HKOKL",True,"No","Fiber optic","Yes","No","Yes","No","Yes","Yes"
"7055-HNEOJ",True,"No","DSL","No","No","Yes","Yes","No","No"
"5514-YQENT",True,"No","Fiber optic","Yes","Yes","Yes","Yes","Yes","Yes"
"3211-AAPKX",True,"Yes","Fiber optic","No","No","No","Yes","Yes","Yes"
"8445-DNBAE",True,"Yes","DSL","No","No","No","No","No","No"
"2958-NHPPS",True,"No","No","No internet service","No internet service","No internet service","No internet service","No internet service","No internet service"
"6806-YDEUL",True,"No","No","No internet service","No internet service","No internet service","No internet service","No internet service","No internet service"
"1735-XMJVH",True,"No","No","No internet service","No internet service","No internet service","No internet service","No internet service","No internet service"
"6890-PFRQX",True,"Yes","DSL","Yes","No","Yes","No","Yes","No"
"0222-CNVPT",False,"No phone service","DSL","Yes","No","No","No","Yes","Yes"
"5899-OUVKV",True,"No","Fiber optic","No","Yes","No","No","Yes","Yes"
"8681-ICONS",True,"No","No","No internet service","No internet service","No internet service","No internet service","No internet service","No internet service"
"1621-YNCJH",True,"Yes","Fiber optic","Yes","Yes","Yes","Yes","No","Yes"
"6362-QHAFM",True,"Yes","Fiber optic","No","No","Yes","Yes","Yes","Yes"
"9824-QCJPK",True,"No","No","No internet service","No internet service","No internet service","No internet service","No internet service","No internet service"
"4283-IVYCI",True,"No","DSL","Yes","No","No","Yes","No","Yes"
"1866-OBPNR",True,"No","Fiber optic","No","Yes","No","No","No","No"
"8205-MQUGY",True,"No","DSL","Yes","No","No","No","No","No"
"8970-ANWXO",True,"Yes","DSL","No","No","No","Yes","Yes","Yes"
"9480-BQJEI",True,"Yes","Fiber optic","Yes","Yes","No","No","No","Yes"
"6979-TNDEU",True,"No","No","No internet service","No internet service","No internet service","No internet service","No internet service","No internet service"
"9777-WJJPR",True,"Yes","Fiber optic","No","No","Yes","No","Yes","No"
"9495-SKLKD",True,"Yes","Fiber optic","No","Yes","Yes","No","No","Yes"
"6048-UWKAL",True,"Yes","Fiber optic","No","Yes","No","Yes","Yes","Yes"
"5067-DGXLL",True,"No","No","No internet service","No internet service","No internet service","No internet service","No internet service","No internet service"
"6281-FKEWS",False,"No phone service","DSL","No","No","Yes","No","Yes","Yes"
"8898-KASCD",False,"No phone service","DSL","No","No","Yes","Yes","No","No"
"9242-TKFSV",False,"No phone service","DSL","Yes","Yes","Yes","Yes","Yes","Yes"
"9290-SHCMB",True,"No","Fiber optic","No","No","Yes","No","Yes","Yes"
"0743-HNPFG",True,"No","DSL","Yes","Yes","No","Yes","No","Yes"
"2277-BKJKN",True,"No","Fiber optic","No","Yes","Yes","No","Yes","Yes"
"5035-PGZXH",True,"Yes","Fiber optic","No","Yes","Yes","No","Yes","Yes"
"8695-WDYEA",True,"No","DSL","Yes","No","No","No","No","No"
"6543-JXSOO",True,"No","DSL","Yes","Yes","No","Yes","No","No"
"8016-ZMGMO",True,"Yes","DSL","No","Yes","Yes","No","Yes","No"
"8605-ITULD",True,"No","No","No internet service","No internet service","No internet service","No internet service","No internet service","No internet service"
"6416-YJTTB",True,"No","Fiber optic","Yes","No","Yes","No","No","No"
"4472-VESGY",True,"Yes","Fiber optic","Yes","Yes","Yes","No","No","Yes"
"3195-TQDZX",True,"No","No","No internet service","No internet service","No internet service","No internet service","No internet service","No internet service"
"3128-YOVTD",True,"No","Fiber optic","Yes","Yes","No","No","No","No"
"1728-CXQBE",True,"Yes","Fiber optic","No","Yes","Yes","No","No","Yes"
"7041-TXQJH",False,"No phone service","DSL","No","No","Yes","No","No","Yes"
"5014-GSOUQ",True,"No","No","No internet service","No internet service","No internet service","No internet service","No internet service","No internet service"
"5724-BIDBU",True,"Yes","DSL","Yes","No","No","No","No","No"
"0481-SUMCB",True,"Yes","Fiber optic","No","No","Yes","No","Yes","Yes"
"1769-GRUIK",True,"No","Fiber optic","No","No","No","No","No","No"
"8819-WFGGJ",False,"No phone service","DSL","Yes","No","Yes","No","Yes","Yes"
"7427-AUFPY",True,"No","No","No internet service","No internet service","No internet service","No internet service","No internet service","No internet service"
"2811-POVEX",True,"No","Fiber optic","No","Yes","Yes","No","No","Yes"
"7898-PDWQE",True,"Yes","DSL","Yes","Yes","Yes","Yes","No","Yes"
"9972-EWRJS",True,"No","No","No internet service","No internet service","No internet service","No internet service","No internet service","No internet service"
"9314-IJWSQ",True,"Yes","Fiber optic","No","No","No","No","Yes","No"
"5799-JRCZO",True,"No","No","No internet service","No internet service","No internet service","No internet service","No internet service","No internet service"
"1921-KYSAY",True,"Yes","DSL","No","No","Yes","Yes","No","Yes"
"6198-RTPMF",True,"Yes","Fiber optic","No","No","No","No","Yes","Yes"
"2924-KHUVI",True,"Yes","Fiber optic","Yes","No","No","No","Yes","Yes"
"1925-GMVBW",True,"No","No","No internet service","No internet service","No internet service","No internet service","No internet service","No internet service"
"6184-DYUOB",True,"No","No","No internet service","No internet service","No internet service","No internet service","No internet service","No internet service"
"9207-ZPANB",True,"Yes","DSL","Yes","Yes","Yes","Yes","No","No"
"9327-QSDED",True,"No","DSL","No","No","No","No","No","No"
"1656-DRSMG",True,"Yes","Fiber optic","No","Yes","Yes","Yes","Yes","Yes"
"3012-VFFMN",True,"No","No","No internet service","No internet service","No internet service","No internet service","No internet service","No internet service"
"2984-AFWNC",True,"No","Fiber optic","No","Yes","No","No","Yes","Yes"
"0640-YJTPY",True,"No","No","No internet service","No internet service","No internet service","No internet service","No internet service","No internet service"
"8096-LOIST",True,"No","DSL","No","No","No","No","No","Yes"
"9764-REAFF",True,"No","No","No internet service","No internet service","No internet service","No internet service","No internet service","No internet service"
"7107-UBYKY",True,"Yes","No","No internet service","No internet service","No internet service","No internet service","No internet service","No internet service"
"4881-GQJTW",True,"No","No","No internet service","No internet service","No internet service","No internet service","No internet service","No internet service"
"7876-DNYAP",True,"No","No","No internet service","No internet service","No internet service","No internet service","No internet service","No internet service"
"7905-NJMXS",True,"Yes","DSL","Yes","Yes","No","Yes","No","No"
"2882-WDTBA",True,"No","DSL","Yes","Yes","Yes","Yes","Yes","No"
"2091-GPPIQ",True,"Yes","DSL","No","Yes","No","Yes","Yes","Yes"
"5071-FBJFS",True,"No","DSL","Yes","No","No","No","No","No"
"2796-UUZZO",True,"No","Fiber optic","No","Yes","Yes","No","No","No"
"2429-AYKKO",True,"No","No","No internet service","No internet service","No internet service","No internet service","No internet service","No internet service"
"9798-OPFEM",True,"No","No","No internet service","No internet service","No internet service","No internet service","No internet service","No internet service"
"3794-NFNCH",True,"No","DSL","No","No","Yes","No","No","No"
"5193-QLVZB",True,"Yes","Fiber optic","No","Yes","Yes","No","Yes","Yes"
"7114-AEOZE",True,"No","No","No internet service","No internet service","No internet service","No internet service","No internet service","No internet service"
"5522-NYKPB",True,"No","Fiber optic","No","No","No","Yes","Yes","No"
"9957-YODKZ",True,"Yes","Fiber optic","No","No","Yes","No","No","No"
"6518-KZXCB",True,"Yes","No","No internet service","No internet service","No internet service","No internet service","No internet service","No internet service"
"2245-ADZFJ",True,"Yes","DSL","No","Yes","No","Yes","Yes","Yes"
"7776-QGYJC",True,"No","Fiber optic","No","No","Yes","Yes","No","No"
"9313-QOLTZ",True,"No","No","No internet service","No internet service","No internet service","No internet service","No internet service","No internet service"
"4672-FOTSD",True,"Yes","DSL","Yes","Yes","No","Yes","No","No"
"9818-XQCUV",True,"No","No","No internet service","No internet service","No internet service","No internet service","No internet service","No internet service"
"7338-ERIVA",False,"No phone service","DSL","Yes","No","No","Yes","Yes","No"
"8259-NFJTV",False,"No phone service","DSL","Yes","No","No","Yes","No","No"
"3223-DWFIO",True,"No","Fiber optic","No","No","No","No","No","No"
"6968-GMKPR",True,"No","Fiber optic","No","Yes","Yes","No","No","No"
"4751-ERMAN",True,"No","DSL","No","Yes","Yes","No","Yes","Yes"
"1436-ZMJAN",True,"No","DSL","No","No","Yes","No","Yes","Yes"
"3292-PBZEJ",True,"Yes","Fiber optic","No","Yes","Yes","Yes","Yes","Yes"
"0799-DDIHE",True,"No","DSL","No","No","No","No","No","No"
"3070-FNFZQ",True,"No","No","No internet service","No internet service","No internet service","No internet service","No internet service","No internet service"
"2812-SFXMJ",True,"No","No","No internet service","No internet service","No internet service","No internet service","No internet service","No internet service"
"5014-WUQMG",True,"No","Fiber optic","Yes","Yes","Yes","No","No","Yes"
"5312-TSZVC",True,"No","No","No internet service","No internet service","No internet service","No internet service","No internet service","No internet service"
"0993-OSGPT",True,"No","DSL","No","Yes","Yes","Yes","No","No"
"7108-DGVUU",True,"Yes","DSL","No","Yes","Yes","No","No","Yes"
"2782-JEEBU",False,"No phone service","DSL","No","Yes","No","Yes","No","No"
"5127-BZENZ",True,"Yes","DSL","Yes","No","No","No","Yes","No"
"2720-FVBQP",True,"Yes","DSL","No","No","No","No","No","No"
"9906-NHHVC",False,"No phone service","DSL","No","Yes","Yes","No","Yes","Yes"
"4522-XRWWI",True,"Yes","DSL","Yes","No","No","Yes","Yes","Yes"
"3766-EJLFL",True,"Yes","Fiber optic","Yes","No","Yes","Yes","Yes","Yes"
"5939-SXWHM",True,"Yes","No","No internet service","No internet service","No internet service","No internet service","No internet service","No internet service"
"8152-UOBNY",True,"Yes","Fiber optic","No","Yes","No","Yes","Yes","Yes"
"7351-KYHQH",True,"No","DSL","No","Yes","Yes","No","Yes","No"
"7643-RCHXS",True,"No","No","No internet service","No internet service","No internet service","No internet service","No internet service","No internet service"
"8246-SHFGA",True,"No","No","No internet service","No internet service","No internet service","No internet service","No internet service","No internet service"
"0620-XEFWH",True,"No","No","No internet service","No internet service","No internet service","No internet service","No internet service","No internet service"
"6485-QXWWE",True,"Yes","No","No internet service","No internet service","No internet service","No internet service","No internet service","No internet service"
"7321-VGNKU",True,"No","Fiber optic","No","No","No","No","No","No"
"5327-CNLUQ",True,"Yes","Fiber optic","Yes","Yes","Yes","No","Yes","No"
"7552-KEYGT",True,"No","No","No internet service","No internet service","No internet service","No internet service","No internet service","No internet service"
"5816-JMLGY",True,"No","DSL","No","Yes","Yes","Yes","Yes","Yes"
"2927-QRRQV",True,"Yes","Fiber optic","No","Yes","Yes","No","Yes","No"
"6265-SXWBU",True,"Yes","Fiber optic","No","Yes","Yes","No","Yes","No"
"3090-LETTY",True,"Yes","DSL","Yes","Yes","No","No","No","No"
"7941-RCJOW",True,"No","No","No internet service","No internet service","No internet service","No internet service","No internet service","No internet service"
"6374-NTQLP",True,"No","Fiber optic","Yes","No","Yes","Yes","Yes","Yes"
"2387-KDZQY",True,"No","No","No internet service","No internet service","No internet service","No internet service","No internet service","No internet service"
"3584-WKTTW",True,"Yes","Fiber optic","Yes","No","Yes","Yes","Yes","Yes"
"3399-BMLVW",True,"No","DSL","Yes","Yes","No","Yes","No","No"
"1971-DTCZB",True,"Yes","DSL","Yes","Yes","Yes","Yes","Yes","Yes"
"3374-PZLXD",True,"No","No","No internet service","No internet service","No internet service","No internet service","No internet service","No internet service"
"3813-DHBBB",False,"No phone service","DSL","Yes","Yes","No","Yes","No","Yes"
"2812-REYAT",True,"No","No","No internet service","No internet service","No internet service","No internet service","No internet service","No internet service"
"6518-PPLMZ",True,"No","No","No internet service","No internet service","No internet service","No internet service","No internet service","No internet service"
"4939-KYYPY",True,"Yes","DSL","No","No","Yes","Yes","No","No"
"5930-GBIWP",True,"Yes","DSL","Yes","Yes","Yes","Yes","No","Yes"
"6022-KOUQO",False,"No phone service","DSL","No","No","No","Yes","No","No"
"2361-UPSND",True,"No","DSL","Yes","Yes","No","Yes","No","Yes"
"6035-RIIOM",True,"Yes","Fiber optic","No","Yes","No","No","Yes","Yes"
"9504-DSHWM",True,"Yes","DSL","Yes","No","No","Yes","No","No"
"5035-BVCXS",True,"No","Fiber optic","No","Yes","No","No","No","No"
"6267-DCFFZ",True,"Yes","Fiber optic","No","Yes","No","No","Yes","No"
"3533-UVMOM",True,"No","DSL","Yes","Yes","Yes","No","No","Yes"
"2439-LYPMQ",True,"Yes","Fiber optic","No","Yes","Yes","No","Yes","Yes"
"1478-VPOAD",True,"No","DSL","No","No","No","No","No","No"
"9995-HOTOH",False,"No phone service","DSL","Yes","Yes","Yes","No","Yes","Yes"
"2988-PLAHS",True,"No","DSL","No","No","Yes","No","Yes","Yes"
"1371-OJCEK",True,"Yes","No","No internet service","No internet service","No internet service","No internet service","No internet service","No internet service"
"4999-IEZLT",False,"No phone service","DSL","No","No","No","Yes","No","No"
"8883-ANODQ",True,"Yes","Fiber optic","No","Yes","Yes","No","No","No"
"2351-RRBUE",True,"No","No","No internet service","No internet service","No internet service","No internet service","No internet service","No internet service"
"5980-BDHPY",True,"Yes","DSL","Yes","Yes","Yes","Yes","Yes","Yes"
"1498-DQNRX",True,"No","No","No internet service","No internet service","No internet service","No internet service","No internet service","No internet service"
"9469-WEJBT",True,"No","Fiber optic","No","No","Yes","Yes","No","Yes"
"2581-VKIRT",True,"Yes","DSL","Yes","Yes","No","Yes","No","No"
"7426-WEIJX",True,"Yes","Fiber optic","Yes","No","No","No","No","No"
"2851-MMUTZ",True,"No","DSL","No","Yes","No","Yes","No","No"
"3307-TLCUD",False,"No phone service","DSL","Yes","No","Yes","No","No","No"
"6625-FLENO",True,"No","No","No internet service","No internet service","No internet service","No internet service","No internet service","No internet service"
"2967-MXRAV",True,"No","No","No internet service","No internet service","No internet service","No internet service","No internet service","No internet service"
"8189-HBVRW",True,"Yes","Fiber optic","Yes","Yes","Yes","No","No","No"
"4163-KIUHY",True,"Yes","No","No internet service","No internet service","No internet service","No internet service","No internet service","No internet service"
"3500-NSDOA",True,"Yes","DSL","No","Yes","No","Yes","No","Yes"
"1171-TYKUR",True,"Yes","No","No internet service","No internet service","No internet service","No internet service","No internet service","No internet service"
"3761-FLYZI",True,"Yes","Fiber optic","No","Yes","Yes","No","Yes","Yes"
"1219-NNDDO",True,"Yes","Fiber optic","No","No","No","No","No","No"
"8388-DMKAE",True,"No","No","No internet service","No internet service","No internet service","No internet service","No internet service","No internet service"
"4403-BWPAY",True,"Yes","No","No internet service","No internet service","No internet service","No internet service","No internet service","No internet service"
"9659-QEQSY",True,"Yes","Fiber optic","Yes","Yes","Yes","Yes","Yes","Yes"
"5405-ZMYXQ",True,"Yes","Fiber optic","No","No","No","No","No","No"
"1442-OKRJE",True,"No","Fiber optic","Yes","Yes","Yes","No","Yes","Yes"
"4737-AQCPU",True,"Yes","DSL","Yes","Yes","Yes","Yes","No","No"
"2808-CHTDM",True,"Yes","No","No internet service","No internet service","No internet service","No internet service","No internet service","No internet service"
"0793-TWELN",True,"Yes","Fiber optic","Yes","No","No","No","No","No"
"3283-WCWXT",True,"Yes","No","No internet service","No internet service","No internet service","No internet service","No internet service","No internet service"
"1060-ENTOF",True,"Yes","Fiber optic","Yes","Yes","Yes","Yes","No","Yes"
"0999-QXNSA",True,"No","DSL","No","No","No","No","No","No"
"5451-MHQOF",True,"Yes","No","No internet service","No internet service","No internet service","No internet service","No internet service","No internet service"
"4836-WNFNO",True,"Yes","No","No internet service","No internet service","No internet service","No internet service","No internet service","No internet service"
"9225-BZLNZ",True,"Yes","DSL","Yes","Yes","Yes","No","Yes","Yes"
"0354-VXMJC",True,"No","No","No internet service","No internet service","No internet service","No internet service","No internet service","No internet service"
"4422-QVIJA",True,"Yes","DSL","No","No","No","No","No","No"
"9365-SRSZE",True,"No","Fiber optic","No","No","No","No","No","No"
"8332-OSJDW",True,"Yes","No","No internet service","No internet service","No internet service","No internet service","No internet service","No internet service"
"4735-BJKOU",True,"No","No","No internet service","No internet service","No internet service","No internet service","No internet service","No internet service"
"0274-JKUJR",False,"No phone service","DSL","Yes","Yes","Yes","No","Yes","Yes"
"5740-YHGTW",True,"Yes","Fiber optic","Yes","Yes","No","No","Yes","No"
"8917-SZTTJ",True,"No","No","No internet service","No internet service","No internet service","No internet service","No internet service","No internet service"
"1696-MZVAU",False,"No phone service","DSL","No","No","No","No","No","No"
"7359-WWYJV",True,"Yes","Fiber optic","Yes","Yes","Yes","Yes","Yes","Yes"
"4906-ZHGPK",True,"Yes","DSL","No","Yes","No","Yes","Yes","No"
"3795-GWTRD",True,"No","DSL","Yes","Yes","Yes","Yes","Yes","No"
"1298-PHBTI",True,"Yes","Fiber optic","No","Yes","No","Yes","No","No"
"6223-DHJGV",True,"No","No","No internet service","No internet service","No internet service","No internet service","No internet service","No internet service"
"6961-MJKBO",True,"No","No","No internet service","No internet service","No internet service","No internet service","No internet service","No internet service"
"8158-WPEZG",False,"No phone service","DSL","No","Yes","No","Yes","No","No"
"4918-FYJNT",True,"Yes","Fiber optic","No","Yes","Yes","Yes","No","No"
"0727-BNRLG",True,"Yes","Fiber optic","No","Yes","Yes","Yes","Yes","No"
"4854-CIDCF",True,"No","Fiber optic","No","No","Yes","No","No","No"
"3280-MRDOF",True,"Yes","DSL","No","No","Yes","Yes","Yes","No"
"6435-SRWBJ",True,"Yes","Fiber optic","No","No","Yes","Yes","No","No"
"9964-WBQDJ",True,"Yes","No","No internet service","No internet service","No internet service","No internet service","No internet service","No internet service"
"6303-KFWSL",True,"Yes","DSL","No","Yes","No","No","No","No"
"1702-CCFNJ",True,"Yes","DSL","No","Yes","No","Yes","No","No"
"8932-CZHRQ",True,"Yes","DSL","Yes","Yes","Yes","No","No","Yes"
"0386-CWRGM",True,"No","No","No internet service","No internet service","No internet service","No internet service","No internet service","No internet service"
"5515-RUGKN",True,"No","DSL","No","No","No","No","No","Yes"
"0404-AHASP",True,"No","No","No internet service","No internet service","No internet service","No internet service","No internet service","No internet service"
"7279-NMVJC",True,"No","No","No internet service","No internet service","No internet service","No internet service","No internet service","No internet service"
"2081-VEYEH",True,"No","Fiber optic","No","Yes","Yes","Yes","Yes","Yes"
"6407-UTSLV",True,"No","Fiber optic","No","Yes","No","No","Yes","No"
"9060-HJJRW",False,"No phone service","DSL","No","Yes","Yes","No","Yes","Yes"
"2587-YNLES",True,"No","No","No internet service","No internet service","No internet service","No internet service","No internet service","No internet service"
"7398-SKNQZ",True,"Yes","Fiber optic","No","No","No","No","Yes","Yes"
"5935-FCCNB",True,"Yes","Fiber optic","No","No","No","No","Yes","Yes"
"1958-RNRKS",True,"Yes","DSL","No","No","No","No","No","No"
"5136-RGMZO",True,"Yes","DSL","No","Yes","No","Yes","Yes","No"
"8345-MVDYC",True,"No","DSL","Yes","No","Yes","Yes","Yes","Yes"
"8226-BXGES",True,"Yes","Fiber optic","Yes","Yes","Yes","No","No","No"
"9705-IOVQQ",True,"Yes","Fiber optic","No","Yes","No","No","Yes","Yes"
"1015-OWJKI",True,"No","No","No internet service","No internet service","No internet service","No internet service","No internet service","No internet service"
"2040-XBAVJ",True,"Yes","Fiber optic","Yes","Yes","Yes","Yes","Yes","Yes"
"8887-IPQNC",True,"No","DSL","No","No","No","No","No","No"
"8646-JCOMS",True,"Yes","Fiber optic","No","Yes","Yes","Yes","No","No"
"1222-KJNZD",True,"No","No","No internet service","No internet service","No internet service","No internet service","No internet service","No internet service"
"0106-GHRQR",True,"Yes","DSL","No","Yes","Yes","No","No","Yes"
"3768-VHXQO",True,"Yes","No","No internet service","No internet service","No internet service","No internet service","No internet service","No internet service"
"8952-WCVCD",True,"No","Fiber optic","Yes","Yes","Yes","No","Yes","Yes"
"2418-TPEUN",True,"No","No","No internet service","No internet service","No internet service","No internet service","No internet service","No internet service"
"3963-RYFNS",True,"Yes","Fiber optic","Yes","Yes","Yes","Yes","Yes","Yes"
"8540-ZQGEA",True,"No","No","No internet service","No internet service","No internet service","No internet service","No internet service","No internet service"
"1320-REHCS",True,"Yes","Fiber optic","No","Yes","Yes","Yes","Yes","Yes"
"4137-JOPHL",True,"No","Fiber optic","No","No","Yes","Yes","No","Yes"
"7801-CEDNV",True,"No","DSL","Yes","No","No","No","No","No"
"2057-BOYKM",True,"Yes","Fiber optic","Yes","Yes","Yes","Yes","No","No"
"3658-QQJYD",True,"No","DSL","Yes","Yes","No","No","Yes","Yes"
"1803-BGNBD",True,"No","DSL","No","Yes","No","Yes","No","No"
"0134-XWXCE",True,"No","DSL","No","No","Yes","Yes","Yes","Yes"
"6950-TWMYB",True,"No","Fiber optic","No","Yes","No","Yes","No","No"
"5848-FHRFC",True,"No","No","No internet service","No internet service","No internet service","No internet service","No internet service","No internet service"
"2243-FNMMI",True,"No","No","No internet service","No internet service","No internet service","No internet service","No internet service","No internet service"
"2511-MORQY",True,"Yes","DSL","No","No","Yes","No","No","No"
"5356-KZCKT",True,"Yes","No","No internet service","No internet service","No internet service","No internet service","No internet service","No internet service"
"9470-XCCEM",True,"Yes","Fiber optic","No","Yes","No","No","Yes","No"
"6519-CFDBX",True,"No","DSL","No","No","No","No","No","No"
"3902-MIVLE",True,"Yes","DSL","Yes","No","Yes","Yes","No","Yes"
"0409-WTMPL",True,"Yes","Fiber optic","Yes","Yes","Yes","No","Yes","Yes"
"8763-KIAFH",True,"No","No","No internet service","No internet service","No internet service","No internet service","No internet service","No internet service"
"3669-WHAFY",True,"Yes","Fiber optic","Yes","Yes","Yes","Yes","Yes","Yes"
"3055-VTCGS",True,"No","DSL","No","No","Yes","No","No","Yes"
"3144-KMTWZ",True,"Yes","Fiber optic","No","Yes","Yes","No","No","Yes"
"2007-QVGAW",True,"No","No","No internet service","No internet service","No internet service","No internet service","No internet service","No internet service"
"5207-PLSTK",True,"No","DSL","Yes","No","No","No","No","No"
"2307-FYNNL",True,"Yes","Fiber optic","Yes","No","Yes","Yes","Yes","Yes"
"5605-XNWEN",True,"Yes","No","No internet service","No internet service","No internet service","No internet service","No internet service","No internet service"
"2155-AMQRX",True,"Yes","DSL","No","No","No","Yes","No","No"
"6181-AXXYF",True,"Yes","No","No internet service","No internet service","No internet service","No internet service","No internet service","No internet service"
"5091-HFAZW",True,"No","Fiber optic","Yes","Yes","No","No","Yes","No"
"2519-LBNQL",True,"Yes","Fiber optic","No","Yes","Yes","No","Yes","Yes"
"8623-ULFNQ",True,"Yes","DSL","No","No","No","Yes","No","Yes"
"1568-LJSZU",True,"Yes","DSL","Yes","Yes","Yes","Yes","Yes","Yes"
"7789-HKSBS",True,"Yes","Fiber optic","Yes","No","Yes","No","Yes","Yes"
"7416-CKTEP",True,"No","No","No internet service","No internet service","No internet service","No internet service","No internet service","No internet service"
"2586-CWXVV",False,"No phone service","DSL","No","Yes","No","No","No","No"
"2348-KCJLT",True,"No","DSL","Yes","Yes","Yes","No","No","No"
"8401-EMUWF",True,"Yes","DSL","Yes","Yes","No","No","Yes","No"
"4193-IBKSW",True,"Yes","No","No internet service","No internet service","No internet service","No internet service","No internet service","No internet service"
"5377-NDTOU",True,"Yes","DSL","Yes","Yes","Yes","Yes","Yes","Yes"
"2474-LCNUE",True,"Yes","DSL","No","No","No","Yes","Yes","Yes"
"0839-QNXME",True,"No","No","No internet service","No internet service","No internet service","No internet service","No internet service","No internet service"
"3506-OVLKD",True,"Yes","No","No internet service","No internet service","No internet service","No internet service","No internet service","No internet service"
"6650-VJONK",True,"No","DSL","No","No","No","No","No","No"
"2178-PMGCJ",True,"No","Fiber optic","No","No","No","No","No","No"
"7492-TAFJD",False,"No phone service","DSL","Yes","Yes","Yes","No","No","No"
"2773-MADBQ",False,"No phone service","DSL","Yes","Yes","Yes","Yes","No","Yes"
"6016-LVTJQ",True,"No","No","No internet service","No internet service","No internet service","No internet service","No internet service","No internet service"
"7860-KSUGX",True,"Yes","DSL","Yes","Yes","Yes","No","No","No"
"8160-HOWOX",True,"No","DSL","No","No","No","No","Yes","Yes"
"8966-KZXXA",True,"Yes","No","No internet service","No internet service","No internet service","No internet service","No internet service","No internet service"
"5149-QYTTU",True,"Yes","Fiber optic","Yes","Yes","Yes","Yes","No","No"
"2070-XYMFH",True,"Yes","Fiber optic","No","No","Yes","No","No","No"
"2085-BOJKI",True,"No","Fiber optic","No","No","Yes","No","Yes","Yes"
"0817-HSUSE",True,"No","DSL","No","No","Yes","Yes","Yes","Yes"
"5442-PPTJY",True,"No","No","No internet service","No internet service","No internet service","No internet service","No internet service","No internet service"
"1927-QEWMY",True,"No","No","No internet service","No internet service","No internet service","No internet service","No internet service","No internet service"
"1663-MHLHE",True,"No","No","No internet service","No internet service","No internet service","No internet service","No internet service","No internet service"
"5663-QBGIS",True,"Yes","Fiber optic","No","Yes","No","No","Yes","Yes"
"4450-MDZFX",True,"Yes","Fiber optic","No","No","No","No","No","No"
"6701-DHKWQ",False,"No phone service","DSL","No","Yes","Yes","Yes","Yes","No"
"7554-AKDQF",True,"No","DSL","No","No","No","No","No","No"
"0794-YVSGE",True,"No","No","No internet service","No internet service","No internet service","No internet service","No internet service","No internet service"
"5423-BHIXO",True,"Yes","DSL","No","Yes","No","No","No","No"
"6908-VVYHM",True,"Yes","Fiber optic","No","Yes","No","No","No","Yes"
"2959-EEXWB",False,"No phone service","DSL","Yes","No","No","No","Yes","Yes"
"1839-UMACK",True,"Yes","No","No internet service","No internet service","No internet service","No internet service","No internet service","No internet service"
"3030-YDNRM",True,"Yes","Fiber optic","No","No","No","No","No","No"
"7321-KKSDU",True,"No","No","No internet service","No internet service","No internet service","No internet service","No internet service","No internet service"
"3402-XRIUO",True,"Yes","DSL","Yes","Yes","No","Yes","No","No"
"8286-AFUYI",True,"No","DSL","Yes","No","No","No","No","No"
"8356-WUAOJ",True,"No","DSL","No","No","No","No","No","No"
"8058-DMYRU",True,"Yes","Fiber optic","No","Yes","No","No","No","Yes"
"9350-ZXYJC",True,"Yes","No","No internet service","No internet service","No internet service","No internet service","No internet service","No internet service"
"8958-JPTRR",True,"Yes","No","No internet service","No internet service","No internet service","No internet service","No internet service","No internet service"
"6959-GQEGV",True,"No","DSL","Yes","No","Yes","No","Yes","Yes"
"3173-WSSUE",True,"No","No","No internet service","No internet service","No internet service","No internet service","No internet service","No internet service"
"1265-HVPZB",True,"No","DSL","Yes","Yes","Yes","No","Yes","No"
"4115-UMJFQ",False,"No phone service","DSL","No","Yes","Yes","No","No","No"
"7369-TRPFD",True,"No","No","No internet service","No internet service","No internet service","No internet service","No internet service","No internet service"
"1098-KFQEC",True,"No","No","No internet service","No internet service","No internet service","No internet service","No internet service","No internet service"
"7190-XHTWJ",True,"No","No","No internet service","No internet service","No internet service","No internet service","No internet service","No internet service"
"3537-RYBHH",True,"Yes","DSL","Yes","Yes","Yes","No","No","No"
"5296-BFCYD",True,"No","No","No internet service","No internet service","No internet service","No internet service","No internet service","No internet service"
"9359-JANWS",True,"No","DSL","Yes","No","Yes","Yes","No","No"
"3279-DYZQM",True,"No","No","No internet service","No internet service","No internet service","No internet service","No internet service","No internet service"
"0523-VNGTF",False,"No phone service","DSL","No","Yes","Yes","Yes","Yes","No"
"9575-IWCAZ",True,"Yes","No","No internet service","No internet service","No internet service","No internet service","No internet service","No internet service"
"7105-MXJLL",True,"No","DSL","No","No","Yes","No","No","Yes"
"7064-FRRSW",True,"Yes","Fiber optic","No","Yes","No","No","Yes","Yes"
"7940-UQQUG",True,"Yes","Fiber optic","Yes","No","No","Yes","Yes","Yes"
"3961-SXAXY",True,"No","DSL","No","No","No","No","No","No"
"7010-BRBUU",True,"Yes","No","No internet service","No internet service","No internet service","No internet service","No internet service","No internet service"
"3566-HJGPK",True,"No","DSL","No","No","No","No","No","No"
"3062-ICYZQ",True,"Yes","Fiber optic","Yes","Yes","No","No","No","Yes"
"9938-PRCVK",True,"No","No","No internet service","No internet service","No internet service","No internet service","No internet service","No internet service"
"0973-KYVNF",True,"No","DSL","Yes","Yes","Yes","No","Yes","No"
"5129-HHMZC",True,"Yes","DSL","Yes","Yes","No","Yes","Yes","Yes"
"9637-CDTKZ",True,"Yes","Fiber optic","Yes","Yes","Yes","Yes","Yes","Yes"
"3946-JEWRQ",True,"Yes","Fiber optic","No","No","No","No","Yes","Yes"
"7873-CVMAW",True,"Yes","DSL","Yes","Yes","Yes","Yes","Yes","Yes"
"0463-WZZKO",True,"No","No","No internet service","No internet service","No internet service","No internet service","No internet service","No internet service"
"4524-QCSSM",False,"No phone service","DSL","Yes","Yes","No","No","No","Yes"
"5832-EXGTT",True,"No","DSL","Yes","No","No","No","No","Yes"
"2039-JONDJ",True,"No","DSL","Yes","Yes","No","No","No","No"
"7217-JYHOQ",True,"No","DSL","Yes","Yes","No","Yes","No","Yes"
"6695-FRVEC",True,"No","DSL","Yes","No","Yes","Yes","No","No"
"9894-QMIMJ",True,"No","DSL","No","Yes","Yes","No","No","No"
"8069-YQQAJ",False,"No phone service","DSL","No","Yes","No","No","No","No"
"1636-NTNCO",False,"No phone service","DSL","No","Yes","No","No","Yes","Yes"
"3466-WAESX",True,"Yes","DSL","Yes","Yes","No","No","No","Yes"
"9281-PKKZE",False,"No phone service","DSL","No","No","No","No","Yes","Yes"
"3638-VBZTA",True,"Yes","DSL","Yes","Yes","No","Yes","Yes","Yes"
"7459-IMVYU",True,"Yes","DSL","Yes","Yes","Yes","Yes","No","No"
"8563-OYMQY",True,"No","Fiber optic","No","Yes","Yes","No","No","Yes"
"0754-EEBDC",True,"No","No","No internet service","No internet service","No internet service","No internet service","No internet service","No internet service"
"5777-ZPQNC",True,"No","No","No internet service","No internet service","No internet service","No internet service","No internet service","No internet service"
"1951-IEYXM",True,"Yes","DSL","Yes","Yes","Yes","Yes","Yes","Yes"
"3318-NMQXL",True,"No","Fiber optic","No","No","No","No","Yes","Yes"
"1022-RKXDR",True,"Yes","No","No internet service","No internet service","No internet service","No internet service","No internet service","No internet service"
"2361-FJWNO",False,"No phone service","DSL","No","Yes","No","Yes","No","No"
"2272-UOINI",True,"No","DSL","Yes","Yes","No","Yes","Yes","Yes"
"8232-UTFOZ",True,"No","No","No internet service","No internet service","No internet service","No internet service","No internet service","No internet service"
"3750-YHRYO",True,"No","No","No internet service","No internet service","No internet service","No internet service","No internet service","No internet service"
"6637-KYRCV",False,"No phone service","DSL","No","Yes","No","No","No","No"
"5668-MEISB",True,"Yes","Fiber optic","Yes","Yes","Yes","Yes","Yes","No"
"0129-QMPDR",True,"No","No","No internet service","No internet service","No internet service","No internet service","No internet service","No internet service"
"7188-CBBBA",True,"Yes","Fiber optic","No","Yes","Yes","No","Yes","No"
"5356-CSVSQ",True,"Yes","DSL","No","No","No","Yes","Yes","No"
"3221-CJMSG",True,"No","DSL","No","No","No","Yes","No","No"
"3219-JQRSL",True,"Yes","DSL","Yes","Yes","Yes","Yes","Yes","Yes"
"2801-NISEI",True,"No","DSL","Yes","No","No","Yes","No","No"
"4623-ZKHLY",True,"No","No","No internet service","No internet service","No internet service","No internet service","No internet service","No internet service"
"6732-VAILE",True,"Yes","DSL","No","Yes","Yes","Yes","Yes","Yes"
"8201-AAXCB",True,"Yes","DSL","No","No","No","No","Yes","No"
"7696-CFTAT",True,"No","No","No internet service","No internet service","No internet service","No internet service","No internet service","No internet service"
"1845-CSBRZ",True,"Yes","Fiber optic","No","No","No","No","Yes","No"
"2123-VSCOT",True,"Yes","DSL","No","No","Yes","Yes","Yes","No"
"2018-QKYGT",True,"No","Fiber optic","No","No","No","No","No","Yes"
"2792-VPPET",True,"No","No","No internet service","No internet service","No internet service","No internet service","No internet service","No internet service"
"7409-JURKQ",True,"Yes","Fiber optic","No","Yes","Yes","Yes","Yes","Yes"
"3247-MHJKM",True,"No","No","No internet service","No internet service","No internet service","No internet service","No internet service","No internet service"
"1964-SVLEA",True,"No","No","No internet service","No internet service","No internet service","No internet service","No internet service","No internet service"
"7297-DVYGA",True,"No","No","No internet service","No internet service","No internet service","No internet service","No internet service","No internet service"
"2239-CGBUZ",True,"No","DSL","Yes","Yes","No","Yes","No","No"
"0854-UYHZD",True,"No","No","No internet service","No internet service","No internet service","No internet service","No internet service","No internet service"
"7243-LCGGZ",True,"No","No","No internet service","No internet service","No internet service","No internet service","No internet service","No internet service"
"8267-KFGYD",True,"No","No","No internet service","No internet service","No internet service","No internet service","No internet service","No internet service"
"4890-VMUAV",True,"Yes","DSL","Yes","Yes","Yes","Yes","No","No"
"9261-WDCAF",True,"No","DSL","No","No","No","No","No","Yes"
"3764-MNMOI",True,"No","No","No internet service","No internet service","No internet service","No internet service","No internet service","No internet service"
"7442-YGZFK",True,"Yes","DSL","No","No","No","No","No","No"
"8229-BUJHX",True,"No","No","No internet service","No internet service","No internet service","No internet service","No internet service","No internet service"
"7449-HVPIV",True,"Yes","Fiber optic","No","No","Yes","No","Yes","No"
"5504-WSIUR",True,"Yes","Fiber optic","No","Yes","Yes","Yes","No","No"
"8466-PZBLH",True,"Yes","Fiber optic","Yes","No","No","Yes","Yes","Yes"
"8735-IJJEG",True,"No","DSL","No","No","Yes","No","No","No"
"0564-MUUQK",True,"Yes","Fiber optic","No","No","Yes","Yes","No","Yes"
"0701-RFGFI",True,"Yes","Fiber optic","No","No","No","No","Yes","Yes"
"0019-EFAEP",True,"Yes","Fiber optic","Yes","Yes","Yes","No","Yes","No"
"5619-PTMIK",True,"Yes","DSL","Yes","No","No","No","No","No"
"3737-XBQDD",True,"Yes","Fiber optic","No","Yes","Yes","No","No","No"
"5882-CMAZQ",False,"No phone service","DSL","No","Yes","No","Yes","No","No"
"5846-QFDFI",True,"Yes","Fiber optic","No","Yes","Yes","Yes","No","No"
"4445-KWOKW",True,"Yes","DSL","Yes","Yes","No","No","No","No"
"3511-APPBJ",True,"No","Fiber optic","Yes","No","Yes","No","Yes","Yes"
"7967-HYCDE",True,"No","Fiber optic","No","No","No","No","No","No"
"2430-RRYUW",True,"No","DSL","Yes","Yes","No","No","No","No"
"3723-BFBGR",True,"Yes","DSL","No","Yes","No","No","No","No"
"5447-WZAFP",True,"No","Fiber optic","No","Yes","Yes","No","Yes","Yes"
"5110-CHOPY",False,"No phone service","DSL","Yes","No","Yes","No","Yes","Yes"
"4425-OWHWB",True,"No","No","No internet service","No internet service","No internet service","No internet service","No internet service","No internet service"
"7892-QVYKW",True,"Yes","Fiber optic","No","No","No","No","No","Yes"
"9675-ICXCT",True,"No","DSL","Yes","No","Yes","Yes","Yes","Yes"
"4703-MQYKT",True,"No","No","No internet service","No internet service","No internet service","No internet service","No internet service","No internet service"
"5692-ICXLW",True,"Yes","Fiber optic","No","Yes","No","No","Yes","No"
"0602-DDUML",True,"No","DSL","No","Yes","Yes","Yes","Yes","No"
"2208-MPXIO",True,"No","No","No internet service","No internet service","No internet service","No internet service","No internet service","No internet service"
"1960-UYCNN",True,"Yes","Fiber optic","No","Yes","Yes","No","No","Yes"
"3190-FZATL",True,"No","No","No internet service","No internet service","No internet service","No internet service","No internet service","No internet service"
"7336-RLLRH",True,"Yes","DSL","Yes","No","No","Yes","Yes","Yes"
"7710-JSYOA",True,"Yes","Fiber optic","No","Yes","No","Yes","No","Yes"
"9885-MFVSU",False,"No phone service","DSL","Yes","No","No","Yes","Yes","No"
"0607-MVMGC",True,"Yes","DSL","No","Yes","Yes","No","Yes","Yes"
"3365-SAIGS",True,"No","Fiber optic","No","Yes","No","No","Yes","No"
"8022-BECSI",True,"No","No","No internet service","No internet service","No internet service","No internet service","No internet service","No internet service"
"9993-LHIEB",True,"No","DSL","Yes","No","Yes","Yes","No","Yes"
"0266-CLZKZ",True,"Yes","Fiber optic","No","No","Yes","Yes","Yes","Yes"
"7020-OZKXZ",True,"No","Fiber optic","No","No","Yes","No","No","No"
"3977-QCRSL",True,"No","No","No internet service","No internet service","No internet service","No internet service","No internet service","No internet service"
"0017-DINOC",False,"No phone service","DSL","Yes","No","No","Yes","Yes","No"
"7639-OPLNG",True,"Yes","DSL","Yes","Yes","Yes","Yes","Yes","No"
"1492-QGCLU",True,"Yes","DSL","Yes","No","Yes","Yes","Yes","Yes"
"7328-OWMOM",True,"No","No","No internet service","No internet service","No internet service","No internet service","No internet service","No internet service"
"4418-LZMSV",True,"No","DSL","No","Yes","Yes","Yes","No","No"
"5155-AZQPB",True,"Yes","DSL","No","No","No","No","No","No"
"1087-GRUYI",True,"No","No","No internet service","No internet service","No internet service","No internet service","No internet service","No internet service"
"2546-KZAAT",True,"No","DSL","Yes","Yes","No","No","Yes","Yes"
"0181-RITDD",True,"No","Fiber optic","Yes","Yes","Yes","Yes","Yes","Yes"
"5989-PGKJB",True,"No","Fiber optic","No","Yes","No","No","No","Yes"
"8272-ONJLV",True,"No","Fiber optic","No","No","Yes","No","Yes","Yes"
"1488-PBLJN",True,"Yes","Fiber optic","Yes","Yes","Yes","Yes","Yes","Yes"
"0308-GIQJT",True,"Yes","Fiber optic","No","Yes","No","Yes","Yes","Yes"
"3778-FOAQW",True,"No","No","No internet service","No internet service","No internet service","No internet service","No internet service","No internet service"
"4452-ROHMO",True,"No","No","No internet service","No internet service","No internet service","No internet service","No internet service","No internet service"
"5349-AZPEW",False,"No phone service","DSL","No","No","No","No","No","No"
"9720-JJJOR",True,"No","DSL","Yes","Yes","Yes","No","No","No"
"8100-HZZLJ",True,"No","DSL","Yes","Yes","No","No","No","Yes"
"8775-ERLNB",True,"Yes","Fiber optic","No","No","No","No","No","No"
"8309-IEYJD",True,"No","Fiber optic","No","No","No","No","No","No"
"7398-HPYZQ",True,"Yes","DSL","Yes","Yes","Yes","Yes","Yes","Yes"
"3546-GHEAE",True,"No","No","No internet service","No internet service","No internet service","No internet service","No internet service","No internet service"
"7361-YPXFS",True,"Yes","DSL","No","Yes","Yes","Yes","No","No"
"6557-BZXLQ",True,"No","Fiber optic","No","No","No","No","No","No"
"2550-QHZGP",True,"No","No","No internet service","No internet service","No internet service","No internet service","No internet service","No internet service"
"7519-JTWQH",True,"Yes","Fiber optic","No","Yes","Yes","Yes","Yes","Yes"
"2538-OIMXF",False,"No phone service","DSL","No","No","No","No","No","No"
"8543-MSDMF",True,"No","DSL","Yes","No","Yes","No","Yes","Yes"
"1170-SASML",True,"Yes","Fiber optic","No","Yes","Yes","No","No","No"
"4872-JCVCA",False,"No phone service","DSL","Yes","Yes","Yes","Yes","No","No"
"5346-BZCHP",True,"No","No","No internet service","No internet service","No internet service","No internet service","No internet service","No internet service"
"2038-LLMLM",True,"Yes","Fiber optic","No","No","Yes","Yes","Yes","Yes"
"1216-BGTSP",True,"Yes","Fiber optic","Yes","No","Yes","Yes","Yes","Yes"
"4138-NAXED",True,"Yes","Fiber optic","No","Yes","No","No","No","No"
"0744-BIKKF",True,"Yes","DSL","Yes","Yes","Yes","Yes","Yes","Yes"
"7483-IQWIB",True,"Yes","Fiber optic","No","Yes","Yes","No","Yes","No"
"5248-KWLAR",True,"Yes","DSL","Yes","Yes","Yes","Yes","Yes","Yes"
"7996-MHXLW",True,"Yes","No","No internet service","No internet service","No internet service","No internet service","No internet service","No internet service"
"7833-PKIHD",True,"No","DSL","Yes","No","No","Yes","Yes","Yes"
"7061-OVMIM",True,"No","No","No internet service","No internet service","No internet service","No internet service","No internet service","No internet service"
"5153-RTHKF",True,"Yes","Fiber optic","No","No","No","No","Yes","No"
"1852-QSWCD",True,"Yes","No","No internet service","No internet service","No internet service","No internet service","No internet service","No internet service"
"4832-VRBMR",True,"Yes","Fiber optic","No","Yes","Yes","No","Yes","Yes"
"9079-LWTFD",True,"Yes","Fiber optic","Yes","Yes","No","Yes","Yes","No"
"3392-EHMNK",True,"Yes","Fiber optic","No","Yes","No","Yes","Yes","No"
"5986-WWXDV",True,"No","No","No internet service","No internet service","No internet service","No internet service","No internet service","No internet service"
"3061-BCKYI",True,"No","No","No internet service","No internet service","No internet service","No internet service","No internet service","No internet service"
"7901-TBKJX",True,"Yes","Fiber optic","No","No","Yes","No","Yes","Yes"
"7228-PAQPD",True,"No","DSL","No","No","No","Yes","No","Yes"
"7746-QYVCO",True,"No","DSL","Yes","Yes","No","No","No","No"
"5804-HYIEZ",True,"Yes","Fiber optic","Yes","Yes","No","No","Yes","Yes"
"9919-FZDED",True,"Yes","DSL","Yes","Yes","Yes","No","Yes","Yes"
"5934-TSSAU",True,"No","Fiber optic","No","No","Yes","No","No","No"
"3486-KHMLI",True,"Yes","No","No internet service","No internet service","No internet service","No internet service","No internet service","No internet service"
"6784-XYJAE",True,"Yes","DSL","No","No","Yes","No","No","No"
"3933-DQPWX",False,"No phone service","DSL","No","Yes","Yes","Yes","No","No"
"6661-EIPZC",False,"No phone service","DSL","No","No","No","Yes","No","No"
"8957-THMOA",True,"No","No","No internet service","No internet service","No internet service","No internet service","No internet service","No internet service"
"2251-PYLPB",True,"Yes","DSL","Yes","Yes","Yes","Yes","No","Yes"
"5555-RNPGT",True,"Yes","No","No internet service","No internet service","No internet service","No internet service","No internet service","No internet service"
"1057-FOGLZ",True,"No","No","No internet service","No internet service","No internet service","No internet service","No internet service","No internet service"
"8087-LGYHQ",True,"No","Fiber optic","No","No","Yes","No","Yes","Yes"
"4137-BTIKL",True,"Yes","Fiber optic","Yes","No","No","No","No","Yes"
"2190-BCXEC",True,"Yes","Fiber optic","No","No","No","Yes","No","No"
"6227-FBDXH",True,"Yes","Fiber optic","No","No","Yes","No","Yes","Yes"
"2911-WDXMV",True,"Yes","Fiber optic","No","No","Yes","No","No","No"
"7206-PQBBZ",True,"No","Fiber optic","No","No","No","No","No","No"
"4547-FZJWE",True,"No","DSL","Yes","No","No","No","No","Yes"
"7422-WNBTY",True,"Yes","Fiber optic","No","Yes","Yes","No","No","Yes"
"0842-IWYCP",True,"No","DSL","No","No","No","No","No","No"
"3521-HTQTV",True,"Yes","No","No internet service","No internet service","No internet service","No internet service","No internet service","No internet service"
"3744-ZBHON",True,"No","No","No internet service","No internet service","No internet service","No internet service","No internet service","No internet service"
"3373-DIUUN",True,"No","No","No internet service","No internet service","No internet service","No internet service","No internet service","No internet service"
"8383-SGHJU",True,"Yes","DSL","Yes","No","No","Yes","No","No"
"7607-QKKTJ",True,"Yes","Fiber optic","No","Yes","Yes","No","No","Yes"
"7707-PYBBH",True,"No","DSL","Yes","Yes","No","Yes","No","No"
"8984-HPEMB",True,"Yes","Fiber optic","Yes","Yes","Yes","Yes","Yes","Yes"
"4139-DETXS",False,"No phone service","DSL","Yes","Yes","Yes","Yes","Yes","Yes"
"9779-DPNEJ",True,"No","Fiber optic","No","No","No","No","No","Yes"
"9805-FILKB",True,"No","No","No internet service","No internet service","No internet service","No internet service","No internet service","No internet service"
"5793-YOLJN",True,"No","No","No internet service","No internet service","No internet service","No internet service","No internet service","No internet service"
"0673-IGUQO",True,"No","No","No internet service","No internet service","No internet service","No internet service","No internet service","No internet service"
"4123-FCVCB",True,"Yes","DSL","No","No","No","Yes","Yes","Yes"
"8819-IMISP",True,"Yes","Fiber optic","No","Yes","No","No","No","No"
"8311-UEUAB",True,"Yes","DSL","Yes","No","No","No","Yes","Yes"
"5858-EAFCZ",True,"No","DSL","No","No","No","No","No","No"
"1163-ONYEY",True,"Yes","DSL","Yes","Yes","Yes","No","Yes","No"
"5656-MJEFC",False,"No phone service","DSL","Yes","No","Yes","Yes","Yes","No"
"6082-OQFBA",True,"No","No","No internet service","No internet service","No internet service","No internet service","No internet service","No internet service"
"8974-OVACP",True,"No","No","No internet service","No internet service","No internet service","No internet service","No internet service","No internet service"
"4010-YLMVT",True,"Yes","Fiber optic","Yes","Yes","No","No","Yes","Yes"
"1379-FRVEB",True,"Yes","Fiber optic","No","Yes","No","No","Yes","No"
"8612-GXIDD",True,"Yes","No","No internet service","No internet service","No internet service","No internet service","No internet service","No internet service"
"6288-CHQJB",True,"No","DSL","Yes","No","Yes","Yes","No","Yes"
"6648-INWPS",True,"No","No","No internet service","No internet service","No internet service","No internet service","No internet service","No internet service"
"4223-BKEOR",True,"No","DSL","Yes","No","Yes","No","No","Yes"
"4079-VTGLK",True,"Yes","DSL","No","No","Yes","No","Yes","Yes"
"1763-WQFUK",True,"No","DSL","No","No","No","Yes","No","No"
"1391-UBDAR",True,"No","Fiber optic","No","No","Yes","No","No","No"
"8894-JVDCV",True,"Yes","Fiber optic","Yes","Yes","Yes","Yes","Yes","Yes"
"2023-VQFDL",True,"No","No","No internet service","No internet service","No internet service","No internet service","No internet service","No internet service"
"1345-GKDZZ",True,"No","No","No internet service","No internet service","No internet service","No internet service","No internet service","No internet service"
"2014-MKGMH",True,"Yes","Fiber optic","No","No","Yes","No","Yes","Yes"
"5628-FCGYG",True,"Yes","Fiber optic","No","No","No","No","No","Yes"
"2560-WBWXF",True,"Yes","No","No internet service","No internet service","No internet service","No internet service","No internet service","No internet service"
"0248-IPDFW",True,"Yes","DSL","No","No","No","No","No","No"
"7978-DKUQH",True,"No","Fiber optic","No","No","Yes","No","No","No"
"4335-UPJSI",True,"No","No","No internet service","No internet service","No internet service","No internet service","No internet service","No internet service"
"1784-EZDKJ",True,"Yes","Fiber optic","No","Yes","Yes","No","Yes","Yes"
"9297-FVVDH",True,"Yes","DSL","Yes","No","Yes","Yes","Yes","Yes"
"8007-YYPWD",True,"Yes","No","No internet service","No internet service","No internet service","No internet service","No internet service","No internet service"
"7101-HRBLJ",True,"No","DSL","Yes","Yes","Yes","Yes","Yes","Yes"
"6635-CPNUN",True,"Yes","Fiber optic","No","Yes","Yes","No","Yes","No"
"5453-YBTWV",True,"No","Fiber optic","Yes","Yes","Yes","Yes","Yes","No"
"5039-LZRQT",True,"No","No","No internet service","No internet service","No internet service","No internet service","No internet service","No internet service"
"2931-VUVJN",True,"Yes","Fiber optic","Yes","Yes","Yes","Yes","No","No"
"6418-PIQSP",True,"No","DSL","Yes","No","Yes","Yes","Yes","Yes"
"8220-OCUFY",True,"No","DSL","Yes","No","Yes","Yes","No","No"
"3995-WFCSM",True,"No","DSL","No","No","Yes","No","No","Yes"
"1895-QTKDO",True,"No","DSL","No","No","No","No","No","No"
"2038-OEQZH",True,"No","Fiber optic","No","No","Yes","No","No","Yes"
"1178-PZGAB",True,"No","No","No internet service","No internet service","No internet service","No internet service","No internet service","No internet service"
"2626-VEEWG",True,"No","No","No internet service","No internet service","No internet service","No internet service","No internet service","No internet service"
"2878-RMWXY",True,"Yes","Fiber optic","Yes","Yes","Yes","No","No","Yes"
"1657-DYMBM",True,"No","No","No internet service","No internet service","No internet service","No internet service","No internet service","No internet service"
"7311-MQJCH",True,"No","No","No internet service","No internet service","No internet service","No internet service","No internet service","No internet service"
"7375-WMVMT",True,"No","Fiber optic","No","Yes","Yes","Yes","No","Yes"
"1136-XGEQU",True,"Yes","DSL","No","Yes","Yes","Yes","Yes","Yes"
"2530-FMFXO",True,"Yes","Fiber optic","No","No","Yes","Yes","Yes","Yes"
"6844-DZKRF",True,"No","DSL","No","No","No","Yes","No","No"
"5970-GHJAW",True,"No","No","No internet service","No internet service","No internet service","No internet service","No internet service","No internet service"
"8879-XUAHX",True,"Yes","Fiber optic","Yes","Yes","Yes","Yes","Yes","Yes"
"3689-MOZGR",False,"No phone service","DSL","No","No","No","Yes","No","No"
"4195-PNGZS",True,"Yes","No","No internet service","No internet service","No internet service","No internet service","No internet service","No internet service"
"5003-XZWWO",True,"Yes","DSL","No","Yes","Yes","Yes","Yes","Yes"
"7622-FWGEW",True,"No","DSL","Yes","Yes","Yes","Yes","Yes","Yes"
"6922-NCEDI",True,"No","No","No internet service","No internet service","No internet service","No internet service","No internet service","No internet service"
"9891-NQDBD",True,"Yes","No","No internet service","No internet service","No internet service","No internet service","No internet service","No internet service"
"6131-IUNXN",True,"No","No","No internet service","No internet service","No internet service","No internet service","No internet service","No internet service"
"8548-AWOFC",True,"Yes","DSL","No","No","No","Yes","No","Yes"
"9798-DRYDS",True,"Yes","DSL","No","No","Yes","Yes","No","No"
"8532-UEFWH",True,"Yes","No","No internet service","No internet service","No internet service","No internet service","No internet service","No internet service"
"6296-DDOOR",True,"No","DSL","No","Yes","No","No","Yes","No"
"7951-VRDVK",True,"No","DSL","Yes","Yes","Yes","Yes","Yes","Yes"
"4815-YOSUK",True,"Yes","Fiber optic","Yes","Yes","Yes","Yes","No","Yes"
"0380-NEAVX",True,"No","Fiber optic","No","Yes","Yes","No","Yes","Yes"
"4365-MSDYN",True,"No","No","No internet service","No internet service","No internet service","No internet service","No internet service","No internet service"
"7036-TYDEC",True,"Yes","Fiber optic","No","No","Yes","Yes","Yes","Yes"
"5802-ADBRC",True,"Yes","Fiber optic","Yes","No","Yes","No","Yes","Yes"
"8076-FEZKJ",True,"No","No","No internet service","No internet service","No internet service","No internet service","No internet service","No internet service"
"5197-YPYBZ",True,"Yes","No","No internet service","No internet service","No internet service","No internet service","No internet service","No internet service"
"4312-GVYNH",False,"No phone service","DSL","Yes","No","Yes","Yes","No","Yes"
"8495-LJDFO",True,"Yes","Fiber optic","Yes","No","Yes","Yes","Yes","Yes"
"0839-JTCUD",True,"Yes","DSL","Yes","Yes","Yes","Yes","Yes","Yes"
"5494-WOZRZ",True,"No","DSL","Yes","No","Yes","Yes","Yes","Yes"
"1302-UHBDD",True,"No","Fiber optic","No","No","No","No","Yes","Yes"
"2234-EOFPT",True,"No","DSL","Yes","Yes","No","Yes","Yes","Yes"
"8619-IJNDK",True,"No","DSL","Yes","Yes","Yes","Yes","No","No"
"8378-LKJAF",True,"Yes","Fiber optic","No","No","Yes","No","Yes","Yes"
"1153-GNOLC",False,"No phone service","DSL","No","Yes","No","No","Yes","No"
"3298-QEICA",False,"No phone service","DSL","Yes","No","No","Yes","No","No"
"0788-DXBFY",True,"No","No","No internet service","No internet service","No internet service","No internet service","No internet service","No internet service"
"3597-YASZG",True,"Yes","Fiber optic","No","Yes","No","Yes","Yes","Yes"
"3496-LFSZU",True,"No","Fiber optic","No","No","No","No","No","No"
"5242-UOWHD",True,"No","No","No internet service","No internet service","No internet service","No internet service","No internet service","No internet service"
"6479-SZPLM",True,"No","No","No internet service","No internet service","No internet service","No internet service","No internet service","No internet service"
"8097-VBQTZ",True,"No","DSL","Yes","Yes","No","Yes","Yes","No"
"4500-HKANN",True,"Yes","DSL","No","Yes","No","Yes","No","No"
"9917-KWRBE",True,"Yes","DSL","Yes","Yes","Yes","No","Yes","No"
"3420-ZDBMA",True,"No","Fiber optic","No","No","No","No","No","No"
"2212-LYASK",False,"No phone service","DSL","No","Yes","Yes","No","No","Yes"
"1393-IMKZG",True,"No","Fiber optic","No","No","No","Yes","Yes","Yes"
"8069-RHUXK",False,"No phone service","DSL","Yes","No","No","Yes","No","No"
"3398-GCPMU",True,"Yes","DSL","Yes","Yes","Yes","Yes","Yes","Yes"
"2908-WGAXL",True,"Yes","No","No internet service","No internet service","No internet service","No internet service","No internet service","No internet service"
"3378-AJRAO",True,"Yes","No","No internet service","No internet service","No internet service","No internet service","No internet service","No internet service"
"1013-QCWAM",True,"Yes","Fiber optic","No","Yes","No","No","Yes","Yes"
"6050-FFXES",True,"Yes","Fiber optic","No","No","Yes","Yes","Yes","Yes"
"0362-RAOQO",True,"No","No","No internet service","No internet service","No internet service","No internet service","No internet service","No internet service"
"9554-DFKIC",True,"Yes","DSL","Yes","No","No","No","No","No"
"5527-ACHSO",True,"No","DSL","No","No","No","Yes","Yes","Yes"
"0829-DDVLK",True,"No","No","No internet service","No internet service","No internet service","No internet service","No internet service","No internet service"
"1399-UBQIU",True,"No","DSL","No","No","Yes","No","Yes","Yes"
"1813-JLKWR",True,"No","No","No internet service","No internet service","No internet service","No internet service","No internet service","No internet service"
"0336-PIKEI",True,"No","DSL","Yes","Yes","Yes","Yes","Yes","No"
"7322-OCWHC",True,"Yes","Fiber optic","Yes","Yes","Yes","Yes","No","No"
"9537-VHDTA",True,"No","DSL","Yes","No","No","No","No","No"
"4957-TIALW",True,"No","DSL","Yes","Yes","Yes","Yes","No","No"
"2054-PJOCK",True,"Yes","DSL","No","No","Yes","Yes","Yes","Yes"
"9150-HEPMB",True,"No","DSL","Yes","No","Yes","No","No","No"
"9030-QGZNL",True,"No","No","No internet service","No internet service","No internet service","No internet service","No internet service","No internet service"
"3126-WQMGH",True,"Yes","DSL","No","No","No","No","No","No"
"7176-WRTNX",True,"Yes","Fiber optic","Yes","Yes","Yes","Yes","Yes","Yes"
"5732-IKGQH",True,"No","Fiber optic","Yes","No","Yes","Yes","Yes","Yes"
"9239-GZHZE",True,"Yes","Fiber optic","Yes","Yes","Yes","Yes","Yes","Yes"
"7205-BAIAD",True,"No","No","No internet service","No internet service","No internet service","No internet service","No internet service","No internet service"
"0093-EXYQL",True,"No","Fiber optic","No","No","No","No","Yes","Yes"
"8064-RAVOH",True,"No","DSL","No","No","Yes","No","No","No"
"0219-QAERP",True,"No","No","No internet service","No internet service","No internet service","No internet service","No internet service","No internet service"
"9168-INPSZ",True,"Yes","Fiber optic","No","No","Yes","Yes","Yes","Yes"
"0015-UOCOJ",True,"No","DSL","Yes","No","No","No","No","No"
"5334-AFQJB",True,"Yes","No","No internet service","No internet service","No internet service","No internet service","No internet service","No internet service"
"2754-SDJRD",True,"Yes","Fiber optic","No","No","No","Yes","Yes","Yes"
"8963-JLGJT",True,"No","DSL","Yes","No","Yes","No","No","No"
"1465-LNTLJ",True,"No","DSL","No","No","Yes","Yes","No","Yes"
"2135-DQWAQ",True,"No","Fiber optic","No","Yes","No","No","Yes","No"
"4056-QHXHZ",True,"Yes","Fiber optic","Yes","No","Yes","Yes","Yes","Yes"
"7401-JIXNM",True,"Yes","DSL","Yes","Yes","Yes","Yes","Yes","Yes"
"9339-FIIJL",True,"Yes","DSL","No","Yes","Yes","Yes","Yes","Yes"
"4706-DGAHW",True,"No","DSL","No","No","No","No","No","No"
"6670-MFRPK",True,"Yes","Fiber optic","No","No","Yes","No","No","No"
"6177-PEVRA",True,"No","DSL","Yes","Yes","No","No","No","No"
"4813-HQMGZ",True,"Yes","Fiber optic","No","No","No","Yes","No","Yes"
"7579-KKLOE",True,"Yes","DSL","Yes","Yes","Yes","Yes","Yes","Yes"
"8402-EIVQS",True,"No","Fiber optic","Yes","Yes","No","No","Yes","Yes"
"4947-DSMXK",True,"Yes","Fiber optic","No","Yes","No","No","Yes","Yes"
"7245-NIIWQ",True,"No","Fiber optic","No","No","No","No","No","No"
"0002-ORFBO",True,"No","DSL","No","Yes","No","Yes","Yes","No"
"3324-OIRTO",True,"No","Fiber optic","Yes","Yes","Yes","No","Yes","Yes"
"5414-OFQCB",True,"Yes","Fiber optic","No","No","No","Yes","Yes","No"
"4967-WPNCF",False,"No phone service","DSL","Yes","Yes","Yes","Yes","Yes","Yes"
"8552-OBVRU",True,"No","Fiber optic","Yes","No","Yes","Yes","Yes","Yes"
"8499-BRXTD",True,"No","No","No internet service","No internet service","No internet service","No internet service","No internet service","No internet service"
"9154-QDGTH",True,"Yes","Fiber optic","No","No","Yes","Yes","Yes","Yes"
"8197-BFWVU",True,"Yes","DSL","Yes","Yes","Yes","Yes","Yes","Yes"
"2577-GVSIL",True,"Yes","DSL","No","No","No","Yes","Yes","Yes"
"9367-OIUXP",True,"No","No","No internet service","No internet service","No internet service","No internet service","No internet service","No internet service"
"6770-UAYGJ",True,"Yes","No","No internet service","No internet service","No internet service","No internet service","No internet service","No internet service"
"6463-HHXJR",True,"Yes","Fiber optic","Yes","Yes","Yes","No","Yes","No"
"7928-VJYAB",True,"No","Fiber optic","No","No","No","No","Yes","Yes"
"1187-WILMM",True,"Yes","DSL","Yes","Yes","Yes","Yes","Yes","Yes"
"9776-OJUZI",True,"Yes","Fiber optic","No","Yes","Yes","No","Yes","No"
"1306-RPWXZ",True,"No","No","No internet service","No internet service","No internet service","No internet service","No internet service","No internet service"
"3097-PYWXL",True,"No","No","No internet service","No internet service","No internet service","No internet service","No internet service","No internet service"
"2266-SJNAT",True,"Yes","Fiber optic","No","Yes","Yes","Yes","Yes","Yes"
"0869-PAPRP",True,"No","Fiber optic","No","No","Yes","No","Yes","No"
"4238-JSSWH",True,"Yes","Fiber optic","No","No","Yes","No","Yes","Yes"
"2972-YDYUW",True,"Yes","Fiber optic","No","Yes","No","Yes","No","Yes"
"1104-FEJAM",True,"Yes","DSL","No","Yes","No","No","No","Yes"
"2809-ILCYT",True,"Yes","No","No internet service","No internet service","No internet service","No internet service","No internet service","No internet service"
"5499-ECUTN",True,"No","DSL","Yes","No","Yes","No","Yes","No"
"4981-FLTMF",True,"Yes","DSL","Yes","Yes","No","Yes","No","No"
"9121-PHQSR",True,"Yes","Fiber optic","No","No","No","No","Yes","No"
"3113-IWHLC",True,"No","DSL","Yes","No","Yes","No","No","No"
"4277-BWBML",True,"No","No","No internet service","No internet service","No internet service","No internet service","No internet service","No internet service"
"0234-TEVTT",False,"No phone service","DSL","Yes","No","Yes","No","No","Yes"
"4304-TSPVK",True,"Yes","Fiber optic","Yes","Yes","Yes","Yes","Yes","Yes"
"1552-AAGRX",True,"Yes","Fiber optic","Yes","No","No","Yes","Yes","Yes"
"2637-FKFSY",True,"No","DSL","No","No","No","No","No","No"
"9796-MVYXX",False,"No phone service","DSL","Yes","No","Yes","Yes","No","No"
"7874-ECPQJ",True,"No","No","No internet service","No internet service","No internet service","No internet service","No internet service","No internet service"
"0020-INWCK",True,"Yes","Fiber optic","No","Yes","Yes","No","No","Yes"
"7089-RKVSZ",True,"Yes","No","No internet service","No internet service","No internet service","No internet service","No internet service","No internet service"
"2683-JXWQQ",False,"No phone service","DSL","Yes","No","Yes","No","No","No"
"9548-ZMVTX",True,"Yes","Fiber optic","No","Yes","Yes","Yes","No","No"
"8739-XNIKG",True,"Yes","Fiber optic","No","No","No","No","Yes","No"
"9755-JHNMN",True,"No","DSL","Yes","Yes","Yes","Yes","No","No"
"3981-QSVQI",True,"No","No","No internet service","No internet service","No internet service","No internet service","No internet service","No internet service"
"2789-HQBOU",True,"No","Fiber optic","No","No","No","No","No","Yes"
"9424-CMPOG",True,"No","No","No internet service","No internet service","No internet service","No internet service","No internet service","No internet service"
"5067-WJEUN",True,"No","DSL","Yes","Yes","No","No","No","No"
"3450-WXOAT",True,"No","DSL","No","No","No","No","No","No"
"9251-WNSOD",True,"Yes","DSL","Yes","Yes","Yes","No","No","Yes"
"6974-DAFLI",True,"No","No","No internet service","No internet service","No internet service","No internet service","No internet service","No internet service"
"2616-UUTFK",True,"Yes","DSL","Yes","Yes","Yes","No","Yes","No"
"7064-JHXCE",True,"No","No","No internet service","No internet service","No internet service","No internet service","No internet service","No internet service"
"7989-AWGEH",False,"No phone service","DSL","Yes","No","No","No","No","Yes"
"4373-VVHQL",True,"No","DSL","No","No","No","No","No","No"
"4559-UWIHT",True,"Yes","Fiber optic","No","Yes","Yes","No","No","No"
"7268-IGMFD",True,"Yes","Fiber optic","No","No","Yes","Yes","Yes","No"
"6650-BWFRT",True,"Yes","Fiber optic","Yes","Yes","Yes","Yes","Yes","Yes"
"9570-KYEUA",True,"Yes","Fiber optic","Yes","No","Yes","Yes","No","Yes"
"6993-YGFJV",True,"Yes","Fiber optic","Yes","Yes","Yes","Yes","Yes","Yes"
"2712-SYWAY",True,"Yes","No","No internet service","No internet service","No internet service","No internet service","No internet service","No internet service"
"0730-BGQGF",True,"Yes","DSL","Yes","Yes","Yes","Yes","Yes","Yes"
"5498-IBWPI",True,"No","DSL","No","No","No","Yes","No","No"
"9101-NTIXF",True,"No","No","No internet service","No internet service","No internet service","No internet service","No internet service","No internet service"
"0013-SMEOE",True,"No","Fiber optic","Yes","Yes","Yes","Yes","Yes","Yes"
"9314-QDMDW",True,"No","DSL","No","Yes","No","No","Yes","No"
"9308-ANMVE",True,"No","DSL","Yes","Yes","No","No","No","No"
"3413-DHLPB",True,"Yes","Fiber optic","No","Yes","No","Yes","Yes","Yes"
"7649-PHJVR",True,"No","No","No internet service","No internet service","No internet service","No internet service","No internet service","No internet service"
"6114-TCFID",False,"No phone service","DSL","Yes","Yes","No","Yes","No","No"
"3787-TRIAL",False,"No phone service","DSL","No","No","No","No","No","No"
"2573-GYRUU",True,"Yes","Fiber optic","No","No","Yes","No","No","Yes"
"5156-UMKOW",False,"No phone service","DSL","No","Yes","No","No","No","No"
"1247-QBVSH",True,"No","DSL","No","Yes","No","No","No","No"
"6734-GMPVK",True,"Yes","Fiber optic","No","Yes","Yes","No","Yes","Yes"
"9822-OAOVB",True,"No","DSL","No","No","No","No","No","Yes"
"6161-ERDGD",True,"Yes","DSL","Yes","No","Yes","Yes","Yes","Yes"
"1226-JZNKR",True,"No","No","No internet service","No internet service","No internet service","No internet service","No internet service","No internet service"
"7318-EIVKO",True,"Yes","DSL","No","No","No","No","Yes","No"
"3771-PZOBW",True,"Yes","Fiber optic","No","No","Yes","No","Yes","No"
"8231-BSWXX",True,"Yes","Fiber optic","No","Yes","No","No","No","No"
"6486-LHTMA",True,"Yes","Fiber optic","No","No","Yes","No","Yes","No"
"4083-BFNYK",True,"Yes","Fiber optic","Yes","Yes","No","No","No","Yes"
"7389-KBFIT",False,"No phone service","DSL","No","Yes","No","No","No","No"
"7176-WIONM",False,"No phone service","DSL","No","No","Yes","No","Yes","Yes"
"5141-ZUVBH",True,"No","Fiber optic","Yes","No","Yes","Yes","No","Yes"
"1089-HDMKP",True,"No","DSL","No","Yes","No","Yes","No","No"
"7623-HKYRK",True,"No","No","No internet service","No internet service","No internet service","No internet service","No internet service","No internet service"
"0310-SUCIN",True,"No","DSL","Yes","Yes","Yes","Yes","Yes","Yes"
"5197-PYEPU",True,"Yes","Fiber optic","Yes","Yes","No","No","Yes","No"
"6619-RPLQZ",True,"No","No","No internet service","No internet service","No internet service","No internet service","No internet service","No internet service"
"3275-RHRNE",False,"No phone service","DSL","No","Yes","Yes","Yes","Yes","Yes"
"3503-TYDAY",True,"Yes","Fiber optic","No","Yes","No","No","No","No"
"6901-GOGZG",True,"Yes","DSL","Yes","No","Yes","Yes","Yes","Yes"
"7021-XSNYE",False,"No phone service","DSL","Yes","No","Yes","Yes","No","Yes"
"9621-OUPYD",True,"No","No","No internet service","No internet service","No internet service","No internet service","No internet service","No internet service"
"8982-NHAVY",True,"Yes","Fiber optic","No","No","Yes","No","Yes","Yes"
"4307-KWMXE",False,"No phone service","DSL","No","Yes","No","Yes","No","No"
"0141-YEAYS",True,"Yes","Fiber optic","No","Yes","Yes","No","No","No"
"2450-ZKEED",True,"No","DSL","No","No","Yes","Yes","No","No"
"3694-DELSO",False,"No phone service","DSL","Yes","No","No","No","Yes","No"
"3893-JRNFS",False,"No phone service","DSL","No","No","Yes","No","No","Yes"
"9603-OAIHC",True,"No","Fiber optic","No","No","No","No","No","No"
"1133-KXCGE",True,"No","No","No internet service","No internet service","No internet service","No internet service","No internet service","No internet service"
"0142-GVYSN",True,"No","No","No internet service","No internet service","No internet service","No internet service","No internet service","No internet service"
"1049-FYSYG",False,"No phone service","DSL","No","Yes","Yes","No","No","No"
"8406-LNMHF",True,"No","Fiber optic","Yes","Yes","Yes","No","No","No"
"1821-BUCWY",True,"No","DSL","Yes","No","Yes","No","No","No"
"0023-UYUPN",True,"Yes","No","No internet service","No internet service","No internet service","No internet service","No internet service","No internet service"
"8314-DPQHL",False,"No phone service","DSL","Yes","No","Yes","Yes","No","Yes"
"1465-WCZVT",True,"No","No","No internet service","No internet service","No internet service","No internet service","No internet service","No internet service"
"9481-SFCQY",True,"No","DSL","No","No","Yes","No","Yes","No"
"6360-SVNWV",True,"No","Fiber optic","Yes","No","No","No","No","No"
"0567-GGCAC",True,"No","DSL","Yes","Yes","Yes","No","No","No"
"8884-MRNSU",True,"No","No","No internet service","No internet service","No internet service","No internet service","No internet service","No internet service"
"2171-UDMFD",True,"No","No","No internet service","No internet service","No internet service","No internet service","No internet service","No internet service"
"9050-IKDZA",True,"No","Fiber optic","No","No","No","No","Yes","No"
"9802-CAQUT",True,"Yes","Fiber optic","Yes","Yes","Yes","No","Yes","Yes"
"0187-WZNAB",True,"No","Fiber optic","Yes","No","No","No","No","No"
"1475-VWVDO",True,"No","Fiber optic","No","No","Yes","No","No","No"
"1357-MVDOZ",True,"No","DSL","No","No","Yes","No","Yes","No"
"7602-MVRMB",True,"Yes","Fiber optic","Yes","No","Yes","Yes","Yes","Yes"
"1197-BVMVG",True,"Yes","Fiber optic","No","No","No","No","No","No"
"5406-KGRMX",True,"Yes","No","No internet service","No internet service","No internet service","No internet service","No internet service","No internet service"
"5968-HYJRZ",True,"Yes","No","No internet service","No internet service","No internet service","No internet service","No internet service","No internet service"
"5198-EFNBM",True,"No","Fiber optic","No","Yes","Yes","No","Yes","No"
"7516-GMHUV",True,"Yes","Fiber optic","Yes","No","Yes","No","Yes","Yes"
"7140-ADSMJ",True,"No","No","No internet service","No internet service","No internet service","No internet service","No internet service","No internet service"
"2230-XTUWL",True,"No","No","No internet service","No internet service","No internet service","No internet service","No internet service","No internet service"
"7706-YLMQA",True,"No","No","No internet service","No internet service","No internet service","No internet service","No internet service","No internet service"
"2585-KTFRE",True,"No","DSL","Yes","Yes","No","Yes","No","Yes"
"7994-UYIVZ",True,"Yes","Fiber optic","No","No","No","No","No","Yes"
"7717-BICXI",True,"No","No","No internet service","No internet service","No internet service","No internet service","No internet service","No internet service"
"6559-RAKOZ",True,"Yes","Fiber optic","No","No","No","Yes","Yes","Yes"
"4716-MRVEN",True,"No","No","No internet service","No internet service","No internet service","No internet service","No internet service","No internet service"
"2143-LJULT",True,"Yes","No","No internet service","No internet service","No internet service","No internet service","No internet service","No internet service"
"3200-MNQTF",True,"Yes","DSL","Yes","Yes","Yes","Yes","No","No"
"6164-HXUGH",True,"No","No","No internet service","No internet service","No internet service","No internet service","No internet service","No internet service"
"5630-IXDXV",True,"Yes","Fiber optic","No","Yes","Yes","No","Yes","Yes"
"0320-DWVTU",True,"No","Fiber optic","Yes","Yes","Yes","Yes","No","Yes"
"9135-MGVPY",True,"No","DSL","Yes","Yes","Yes","Yes","Yes","Yes"
"1212-GLHMD",True,"No","Fiber optic","Yes","No","No","No","No","Yes"
"7878-JGDKK",True,"No","DSL","No","No","No","No","No","No"
"1088-AUUZZ",True,"Yes","DSL","Yes","Yes","No","Yes","No","Yes"
"6614-YWYSC",True,"Yes","No","No internet service","No internet service","No internet service","No internet service","No internet service","No internet service"
"9588-OZDMQ",True,"No","DSL","No","No","No","No","No","No"
"6476-EPYZR",True,"No","No","No internet service","No internet service","No internet service","No internet service","No internet service","No internet service"
"1174-FGIFN",True,"Yes","Fiber optic","No","No","No","Yes","No","Yes"
"6620-HVDUJ",True,"No","DSL","Yes","Yes","No","Yes","No","No"
"1032-MAELW",True,"Yes","DSL","Yes","Yes","Yes","Yes","No","Yes"
"7641-TQFHN",True,"Yes","Fiber optic","No","No","No","Yes","Yes","Yes"
"1552-TKMXS",True,"No","No","No internet service","No internet service","No internet service","No internet service","No internet service","No internet service"
"8622-ZLFKO",True,"Yes","Fiber optic","No","Yes","No","No","No","Yes"
"6188-UXBBR",True,"No","No","No internet service","No internet service","No internet service","No internet service","No internet service","No internet service"
"2333-KWEWW",True,"No","No","No internet service","No internet service","No internet service","No internet service","No internet service","No internet service"
"5702-SKUOB",True,"No","No","No internet service","No internet service","No internet service","No internet service","No internet service","No internet service"
"1134-YWTYF",True,"No","DSL","No","Yes","No","Yes","No","No"
"6061-GWWAV",True,"No","DSL","Yes","Yes","Yes","No","Yes","No"
"0679-TDGAK",True,"No","DSL","Yes","No","No","Yes","Yes","Yes"
"6585-WCEWR",True,"No","No","No internet service","No internet service","No internet service","No internet service","No internet service","No internet service"
"9067-YGSCA",True,"Yes","No","No internet service","No internet service","No internet service","No internet service","No internet service","No internet service"
"9067-SQTNS",True,"No","No","No internet service","No internet service","No internet service","No internet service","No internet service","No internet service"
"1776-SPBWV",True,"No","No","No internet service","No internet service","No internet service","No internet service","No internet service","No internet service"
"8735-SDUFN",True,"Yes","No","No internet service","No internet service","No internet service","No internet service","No internet service","No internet service"
"9668-PUGNU",True,"Yes","No","No internet service","No internet service","No internet service","No internet service","No internet service","No internet service"
"9405-GPBBG",True,"Yes","Fiber optic","No","Yes","Yes","Yes","Yes","Yes"
"1926-QUZNN",True,"Yes","No","No internet service","No internet service","No internet service","No internet service","No internet service","No internet service"
"7016-NVRIC",True,"No","Fiber optic","Yes","No","Yes","No","No","Yes"
"5829-NVSQN",True,"No","DSL","Yes","No","Yes","Yes","No","Yes"
"9565-AXSMR",True,"No","No","No internet service","No internet service","No internet service","No internet service","No internet service","No internet service"
"8869-LIHMK",True,"Yes","Fiber optic","Yes","Yes","Yes","Yes","Yes","Yes"
"0447-RXSGD",True,"Yes","Fiber optic","No","Yes","No","No","Yes","Yes"
"4927-WWOOZ",True,"Yes","Fiber optic","No","No","Yes","No","Yes","No"
"5788-YPOEG",True,"No","DSL","Yes","Yes","Yes","Yes","Yes","Yes"
"0661-KBKPA",True,"Yes","DSL","No","No","Yes","Yes","Yes","Yes"
"9081-WWXKP",True,"No","No","No internet service","No internet service","No internet service","No internet service","No internet service","No internet service"
"0784-ZQJZX",True,"No","No","No internet service","No internet service","No internet service","No internet service","No internet service","No internet service"
"3133-PZNSR",True,"Yes","Fiber optic","Yes","Yes","No","Yes","No","Yes"
"0722-SVSFK",True,"No","Fiber optic","No","No","Yes","Yes","Yes","Yes"
"3612-YVGSJ",True,"Yes","No","No internet service","No internet service","No internet service","No internet service","No internet service","No internet service"
"9825-YCXWZ",True,"No","Fiber optic","No","No","Yes","Yes","Yes","Yes"
"5397-NSKQG",False,"No phone service","DSL","Yes","No","No","No","Yes","Yes"
"8565-HBFNN",True,"Yes","Fiber optic","Yes","Yes","Yes","Yes","No","Yes"
"2000-DHJUY",True,"Yes","DSL","Yes","Yes","Yes","Yes","Yes","Yes"
"8670-ERCJH",True,"Yes","Fiber optic","Yes","Yes","Yes","Yes","Yes","Yes"
"7758-UJWYS",False,"No phone service","DSL","No","No","No","Yes","Yes","No"
"2050-ONYDQ",True,"Yes","No","No internet service","No internet service","No internet service","No internet service","No internet service","No internet service"
"7055-JCGNI",True,"Yes","Fiber optic","Yes","Yes","Yes","Yes","Yes","Yes"
"0739-UUAJR",False,"No phone service","DSL","Yes","No","Yes","No","Yes","Yes"
"4826-DXMUP",True,"No","DSL","No","No","No","Yes","Yes","Yes"
"7285-KLOTR",True,"Yes","DSL","Yes","No","Yes","No","Yes","Yes"
"0654-PQKDW",True,"No","DSL","Yes","No","Yes","Yes","Yes","No"
"7175-NTIXE",True,"No","DSL","Yes","No","No","Yes","Yes","Yes"
"7963-SHNDT",False,"No phone service","DSL","Yes","Yes","No","Yes","No","No"
"9796-BPKIW",True,"No","Fiber optic","No","No","No","No","No","No"
"0188-GWFLE",True,"No","No","No internet service","No internet service","No internet service","No internet service","No internet service","No internet service"
"8129-GMVGI",True,"No","No","No internet service","No internet service","No internet service","No internet service","No internet service","No internet service"
"2882-DDZPG",True,"No","No","No internet service","No internet service","No internet service","No internet service","No internet service","No internet service"
"3547-LQRIK",True,"Yes","No","No internet service","No internet service","No internet service","No internet service","No internet service","No internet service"
"9137-NOQKA",True,"No","No","No internet service","No internet service","No internet service","No internet service","No internet service","No internet service"
"5843-TTHGI",True,"No","DSL","No","No","Yes","No","No","No"
"1849-RJYIG",True,"No","DSL","Yes","No","No","No","Yes","No"
"8868-GAGIO",True,"Yes","Fiber optic","Yes","No","Yes","No","No","No"
"4061-UKJWL",True,"No","DSL","No","No","No","No","No","No"
"5380-XPJNZ",True,"No","No","No internet service","No internet service","No internet service","No internet service","No internet service","No internet service"
"8263-QMNTJ",True,"Yes","Fiber optic","Yes","Yes","Yes","Yes","Yes","Yes"
"3230-JCNZS",True,"Yes","Fiber optic","Yes","Yes","Yes","No","Yes","No"
"0277-ORXQS",False,"No phone service","DSL","No","No","No","Yes","Yes","Yes"
"7996-BPXHY",True,"Yes","No","No internet service","No internet service","No internet service","No internet service","No internet service","No internet service"
"3227-WLKLI",True,"Yes","DSL","Yes","Yes","Yes","Yes","Yes","Yes"
"2266-FUBDZ",True,"No","No","No internet service","No internet service","No internet service","No internet service","No internet service","No internet service"
"8237-ULIXL",True,"Yes","No","No internet service","No internet service","No internet service","No internet service","No internet service","No internet service"
"8216-AZUUZ",True,"No","Fiber optic","No","No","Yes","Yes","Yes","Yes"
"9153-BTBVV",True,"Yes","No","No internet service","No internet service","No internet service","No internet service","No internet service","No internet service"
"5186-PEIZU",True,"No","No","No internet service","No internet service","No internet service","No internet service","No internet service","No internet service"
"1074-AMIOH",True,"No","Fiber optic","No","Yes","Yes","Yes","Yes","Yes"
"4361-FEBGN",True,"No","No","No internet service","No internet service","No internet service","No internet service","No internet service","No internet service"
"7748-UMTRK",True,"Yes","Fiber optic","No","No","No","Yes","Yes","Yes"
"0380-ZCSBI",True,"No","No","No internet service","No internet service","No internet service","No internet service","No internet service","No internet service"
"7145-FEJWU",True,"Yes","Fiber optic","No","Yes","Yes","No","Yes","Yes"
"6463-MVYRY",True,"No","DSL","Yes","No","Yes","Yes","Yes","No"
"3969-JQABI",True,"No","DSL","Yes","Yes","No","No","Yes","No"
"9624-EGDEQ",True,"No","No","No internet service","No internet service","No internet service","No internet service","No internet service","No internet service"
"1051-EQPZR",True,"No","No","No internet service","No internet service","No internet service","No internet service","No internet service","No internet service"
"5849-ASHZJ",True,"No","No","No internet service","No internet service","No internet service","No internet service","No internet service","No internet service"
"5780-INQIK",True,"No","DSL","No","No","No","Yes","No","No"
"4526-ZJJTM",True,"No","Fiber optic","No","Yes","Yes","No","No","Yes"
"8384-FZBJK",True,"Yes","Fiber optic","No","Yes","No","No","Yes","Yes"
"3750-RNQKR",True,"No","No","No internet service","No internet service","No internet service","No internet service","No internet service","No internet service"
"0962-CQPWQ",True,"No","No","No internet service","No internet service","No internet service","No internet service","No internet service","No internet service"
"3096-YXENJ",True,"Yes","Fiber optic","No","Yes","Yes","Yes","Yes","Yes"
"1265-BCFEO",True,"Yes","DSL","No","No","Yes","Yes","Yes","Yes"
"5837-LXSDN",True,"No","DSL","No","Yes","No","No","Yes","No"
"5945-AZYHT",True,"Yes","Fiber optic","Yes","Yes","Yes","No","Yes","Yes"
"8325-QRPZR",True,"No","Fiber optic","No","No","Yes","No","No","No"
"6384-VMJHP",True,"No","DSL","Yes","Yes","Yes","Yes","No","Yes"
"2262-SLNVK",True,"No","Fiber optic","No","No","No","No","No","No"
"7730-CLDSV",True,"Yes","Fiber optic","No","Yes","Yes","Yes","No","Yes"
"1135-HIORI",True,"Yes","Fiber optic","No","Yes","Yes","Yes","Yes","Yes"
"0164-APGRB",True,"Yes","Fiber optic","Yes","Yes","Yes","Yes","Yes","Yes"
"6481-ESCNL",True,"Yes","Fiber optic","No","No","Yes","No","Yes","Yes"
"1790-NESIO",True,"No","No","No internet service","No internet service","No internet service","No internet service","No internet service","No internet service"
"1550-EENBN",True,"Yes","Fiber optic","Yes","Yes","No","No","Yes","Yes"
"8198-RKSZG",True,"Yes","DSL","No","Yes","No","Yes","Yes","Yes"
"9297-EONCV",True,"Yes","DSL","Yes","Yes","Yes","Yes","Yes","Yes"
"1069-QJOEE",True,"No","No","No internet service","No internet service","No internet service","No internet service","No internet service","No internet service"
"7799-DSEWS",True,"No","DSL","Yes","No","Yes","Yes","Yes","No"
"8766-PAFNE",True,"No","DSL","No","Yes","Yes","Yes","Yes","Yes"
"5315-CKEQK",True,"Yes","DSL","No","No","No","No","No","No"
"3130-ICDUP",True,"Yes","Fiber optic","Yes","No","No","No","No","No"
"0820-FNRNX",True,"Yes","DSL","No","Yes","Yes","Yes","No","No"
"0880-FVFWF",True,"Yes","Fiber optic","Yes","Yes","No","No","No","No"
"4611-ANLQC",False,"No phone service","DSL","Yes","Yes","Yes","No","No","Yes"
"4213-HKBJO",True,"Yes","No","No internet service","No internet service","No internet service","No internet service","No internet service","No internet service"
"2792-LSHWX",True,"No","Fiber optic","Yes","Yes","No","Yes","No","No"
"0014-BMAQU",True,"Yes","Fiber optic","Yes","No","No","Yes","No","No"
"9018-PCIOK",True,"No","DSL","No","Yes","Yes","No","No","Yes"
"4837-QUSFT",True,"Yes","Fiber optic","Yes","Yes","No","Yes","Yes","No"
"9953-ZMKSM",True,"Yes","No","No internet service","No internet service","No internet service","No internet service","No internet service","No internet service"
"0907-HQNTS",True,"Yes","Fiber optic","Yes","Yes","Yes","Yes","Yes","Yes"
"7665-NKLAV",False,"No phone service","DSL","Yes","No","Yes","Yes","No","No"
"4391-LNRXK",True,"No","Fiber optic","No","Yes","Yes","Yes","No","Yes"
"8250-ZNGGW",True,"No","DSL","Yes","Yes","No","Yes","No","No"
"8562-GHPPI",True,"No","No","No internet service","No internet service","No internet service","No internet service","No internet service","No internet service"
"5893-PYOLZ",True,"No","DSL","No","Yes","Yes","Yes","Yes","Yes"
"4986-MXSFP",True,"No","No","No internet service","No internet service","No internet service","No internet service","No internet service","No internet service"
"6131-FOYAS",True,"Yes","DSL","Yes","No","Yes","No","No","No"
"3027-YNWZU",True,"Yes","No","No internet service","No internet service","No internet service","No internet service","No internet service","No internet service"
"5609-IMCGG",True,"Yes","Fiber optic","Yes","No","Yes","No","No","No"
"4727-MCYZG",True,"No","DSL","No","No","No","No","No","Yes"
"9481-WHGWY",True,"No","DSL","Yes","No","No","Yes","Yes","Yes"
"4328-VUFWD",True,"No","DSL","No","No","No","Yes","No","Yes"
"7473-ZBDSN",True,"No","No","No internet service","No internet service","No internet service","No internet service","No internet service","No internet service"
"3166-PNEOF",True,"Yes","DSL","Yes","No","Yes","Yes","Yes","Yes"
"5639-NTUPK",True,"No","DSL","Yes","No","No","No","No","No"
"8780-YRMTT",False,"No phone service","DSL","Yes","Yes","Yes","Yes","No","No"
"5140-FOMCQ",True,"Yes","Fiber optic","Yes","Yes","Yes","No","Yes","Yes"
"6242-SGYTS",True,"Yes","Fiber optic","Yes","Yes","No","No","Yes","No"
"8166-ORCHU",True,"No","Fiber optic","Yes","Yes","No","Yes","No","Yes"
"8414-OOEEL",True,"No","DSL","No","Yes","Yes","Yes","Yes","Yes"
"8454-AATJP",True,"Yes","Fiber optic","Yes","Yes","Yes","Yes","Yes","Yes"
"4531-AUZNK",True,"Yes","Fiber optic","Yes","No","No","Yes","Yes","No"
"4191-XOVOM",True,"Yes","Fiber optic","No","Yes","No","Yes","Yes","Yes"
"2150-OEGBV",True,"No","No","No internet service","No internet service","No internet service","No internet service","No internet service","No internet service"
"1855-CFULU",True,"No","No","No internet service","No internet service","No internet service","No internet service","No internet service","No internet service"
"4878-BUNFV",True,"No","No","No internet service","No internet service","No internet service","No internet service","No internet service","No internet service"
"1872-EBWSC",True,"No","No","No internet service","No internet service","No internet service","No internet service","No internet service","No internet service"
"7026-YMSBE",True,"No","No","No internet service","No internet service","No internet service","No internet service","No internet service","No internet service"
"6997-UVGOX",True,"No","DSL","Yes","Yes","Yes","Yes","Yes","Yes"
"9674-EHPPG",False,"No phone service","DSL","Yes","No","Yes","Yes","No","No"
"5440-VHLUL",True,"Yes","Fiber optic","No","Yes","No","Yes","Yes","Yes"
"5781-BKHOP",True,"Yes","Fiber optic","Yes","Yes","Yes","No","Yes","No"
"5213-TWWJU",True,"No","Fiber optic","No","No","Yes","Yes","No","Yes"
"8628-MFKAX",True,"Yes","Fiber optic","Yes","Yes","Yes","Yes","Yes","Yes"
"7629-WIXZF",True,"No","DSL","Yes","No","No","No","No","Yes"
"5445-GLVOT",True,"No","DSL","Yes","No","No","No","No","No"
"3976-HXHCE",True,"No","No","No internet service","No internet service","No internet service","No internet service","No internet service","No internet service"
"2466-NEJOJ",True,"No","No","No internet service","No internet service","No internet service","No internet service","No internet service","No internet service"
"0254-KCJGT",True,"Yes","DSL","Yes","Yes","Yes","Yes","No","Yes"
"5472-CVMDX",False,"No phone service","DSL","Yes","No","Yes","Yes","No","No"
"6461-SZMCV",True,"Yes","DSL","Yes","Yes","Yes","Yes","Yes","Yes"
"8150-QUDFX",True,"No","No","No internet service","No internet service","No internet service","No internet service","No internet service","No internet service"
"9508-ILZDG",True,"Yes","Fiber optic","No","Yes","No","Yes","Yes","No"
"2346-DJQTB",False,"No phone service","DSL","No","No","No","No","No","No"
"1697-LYYYX",True,"No","No","No internet service","No internet service","No internet service","No internet service","No internet service","No internet service"
"1942-OQFRW",True,"No","DSL","No","No","No","No","No","No"
"9640-ZSLDC",True,"No","DSL","No","No","Yes","No","No","Yes"
"4231-LZUYM",True,"Yes","No","No internet service","No internet service","No internet service","No internet service","No internet service","No internet service"
"6128-AQBMT",False,"No phone service","DSL","No","Yes","Yes","No","Yes","Yes"
"3594-BDSOA",True,"No","No","No internet service","No internet service","No internet service","No internet service","No internet service","No internet service"
"5133-VRSAB",False,"No phone service","DSL","Yes","No","No","No","No","No"
"5996-DAOQL",True,"No","No","No internet service","No internet service","No internet service","No internet service","No internet service","No internet service"
"6838-YAUVY",True,"Yes","Fiber optic","No","No","Yes","Yes","No","Yes"
"0484-JPBRU",True,"Yes","No","No internet service","No internet service","No internet service","No internet service","No internet service","No internet service"
"7883-ROJOC",True,"No","DSL","No","No","No","No","No","No"
"0244-LGNFY",True,"Yes","DSL","Yes","Yes","Yes","Yes","Yes","Yes"
"7274-CGTOD",False,"No phone service","DSL","Yes","Yes","Yes","Yes","No","No"
"4295-YURET",True,"No","DSL","Yes","No","No","Yes","Yes","Yes"
"4635-EJYPD",True,"No","No","No internet service","No internet service","No internet service","No internet service","No internet service","No internet service"
"1866-ZSLJM",True,"No","No","No internet service","No internet service","No internet service","No internet service","No internet service","No internet service"
"4636-TVXVG",True,"No","No","No internet service","No internet service","No internet service","No internet service","No internet service","No internet service"
"4236-UJPWO",False,"No phone service","DSL","No","No","No","No","No","No"
"9392-XBGTD",True,"No","No","No internet service","No internet service","No internet service","No internet service","No internet service","No internet service"
"6402-SSEJG",False,"No phone service","DSL","Yes","Yes","Yes","No","Yes","Yes"
"1169-SAOCL",True,"Yes","Fiber optic","No","Yes","No","Yes","Yes","Yes"
"1110-KYLGQ",True,"Yes","Fiber optic","Yes","Yes","Yes","No","Yes","Yes"
"9929-PLVPA",True,"No","No","No internet service","No internet service","No internet service","No internet service","No internet service","No internet service"
"3518-PZXZQ",True,"No","DSL","No","No","No","No","Yes","No"
"2371-JUNGC",True,"No","No","No internet service","No internet service","No internet service","No internet service","No internet service","No internet service"
"7693-QPEFS",True,"Yes","Fiber optic","No","No","No","No","No","No"
"0924-BJCRC",True,"Yes","Fiber optic","No","Yes","No","No","No","Yes"
"5074-FBGHB",True,"Yes","Fiber optic","No","No","Yes","Yes","Yes","Yes"
"2351-BKRZW",True,"No","DSL","Yes","No","Yes","No","Yes","Yes"
"4455-BFSPD",True,"Yes","Fiber optic","No","No","No","Yes","Yes","Yes"
"3948-KXDUF",True,"Yes","DSL","Yes","Yes","Yes","Yes","No","No"
"2323-ARSVR",True,"No","Fiber optic","Yes","Yes","Yes","Yes","Yes","Yes"
"0815-MFZGM",True,"No","Fiber optic","No","No","Yes","Yes","Yes","Yes"
"5480-XTFFL",True,"No","No","No internet service","No internet service","No internet service","No internet service","No internet service","No internet service"
"8295-FHIVV",True,"No","No","No internet service","No internet service","No internet service","No internet service","No internet service","No internet service"
"9086-YJYXS",True,"Yes","DSL","No","No","Yes","No","Yes","Yes"
"1179-INLAT",True,"No","No","No internet service","No internet service","No internet service","No internet service","No internet service","No internet service"
"7909-FIOIY",False,"No phone service","DSL","No","No","No","No","No","No"
"6351-SCJKT",False,"No phone service","DSL","Yes","No","Yes","Yes","No","No"
"5468-BPMMO",True,"No","No","No internet service","No internet service","No internet service","No internet service","No internet service","No internet service"
"0197-PNKNK",True,"Yes","Fiber optic","Yes","No","Yes","No","No","No"
"8648-PFRMP",False,"No phone service","DSL","No","No","No","No","Yes","Yes"
"2439-QKJUL",True,"No","No","No internet service","No internet service","No internet service","No internet service","No internet service","No internet service"
"1194-SPVSP",True,"No","No","No internet service","No internet service","No internet service","No internet service","No internet service","No internet service"
"9534-NSXEM",True,"No","No","No internet service","No internet service","No internet service","No internet service","No internet service","No internet service"
"8929-KSWIH",True,"No","Fiber optic","No","No","Yes","Yes","Yes","Yes"
"2250-IVBWA",True,"No","Fiber optic","Yes","Yes","No","No","No","No"
"1810-MVMAI",True,"Yes","DSL","Yes","Yes","Yes","Yes","No","No"
"9506-UXUSK",True,"No","Fiber optic","No","No","No","No","No","No"
"1229-RCALF",True,"Yes","Fiber optic","Yes","Yes","Yes","Yes","Yes","Yes"
"3572-UOLYZ",True,"Yes","Fiber optic","No","No","Yes","Yes","No","No"
"1429-UYJSV",True,"No","No","No internet service","No internet service","No internet service","No internet service","No internet service","No internet service"
"6366-XIVKZ",True,"No","DSL","Yes","No","Yes","No","No","Yes"
"3470-OBUET",True,"Yes","DSL","Yes","Yes","No","Yes","Yes","No"
"2770-NSVDG",False,"No phone service","DSL","No","No","Yes","No","No","No"
"9375-MHRRS",True,"No","DSL","No","No","No","Yes","No","No"
"4860-YZGZM",True,"No","No","No internet service","No internet service","No internet service","No internet service","No internet service","No internet service"
"6599-GZWCM",True,"No","Fiber optic","No","Yes","No","No","No","No"
"5533-NHFRF",False,"No phone service","DSL","No","Yes","No","Yes","No","Yes"
"7037-MTYVW",True,"Yes","DSL","Yes","No","Yes","Yes","Yes","Yes"
"4760-THGOT",True,"Yes","Fiber optic","Yes","Yes","No","No","No","Yes"
"4016-BJKTZ",True,"Yes","Fiber optic","No","Yes","Yes","Yes","Yes","Yes"
"6584-VQMYT",True,"No","DSL","Yes","Yes","No","No","No","No"
"9838-BFCQT",True,"Yes","No","No internet service","No internet service","No internet service","No internet service","No internet service","No internet service"
"2790-XUYMV",True,"Yes","Fiber optic","Yes","Yes","No","No","No","No"
"0581-MDMPW",True,"Yes","Fiber optic","No","No","Yes","No","Yes","No"
"1023-BQXZE",True,"No","DSL","Yes","No","Yes","No","Yes","Yes"
"9163-GHAYE",True,"No","DSL","No","Yes","No","No","No","No"
"3904-UKFRE",True,"Yes","Fiber optic","Yes","No","No","No","No","No"
"5353-WILCI",True,"No","DSL","Yes","Yes","No","No","No","No"
"0058-EVZWM",True,"Yes","Fiber optic","Yes","No","No","No","Yes","No"
"7009-PCARS",True,"No","No","No internet service","No internet service","No internet service","No internet service","No internet service","No internet service"
"0519-DRGTI",True,"No","No","No internet service","No internet service","No internet service","No internet service","No internet service","No internet service"
"1017-FBQMM",True,"Yes","Fiber optic","No","Yes","No","Yes","Yes","Yes"
"1985-MBRYP",True,"No","No","No internet service","No internet service","No internet service","No internet service","No internet service","No internet service"
"9372-TXXPS",True,"No","DSL","Yes","Yes","No","Yes","No","No"
"3259-QMXUN",True,"Yes","DSL","Yes","Yes","Yes","No","Yes","Yes"
"1015-JPFYW",True,"No","No","No internet service","No internet service","No internet service","No internet service","No internet service","No internet service"
"6645-MXQJT",True,"No","Fiber optic","Yes","No","No","No","Yes","Yes"
"4360-QRAVE",False,"No phone service","DSL","No","Yes","Yes","No","No","No"
"8433-WPJTV",True,"Yes","Fiber optic","No","No","Yes","Yes","Yes","Yes"
"5804-JMYIO",True,"No","No","No internet service","No internet service","No internet service","No internet service","No internet service","No internet service"
"6484-LATFU",True,"Yes","No","No internet service","No internet service","No internet service","No internet service","No internet service","No internet service"
"7599-NTMDP",False,"No phone service","DSL","Yes","Yes","No","Yes","Yes","No"
"0536-ACXIP",True,"Yes","Fiber optic","Yes","Yes","Yes","No","Yes","Yes"
"0936-NQLJU",True,"No","No","No internet service","No internet service","No internet service","No internet service","No internet service","No internet service"
"1575-KRZZE",True,"No","DSL","Yes","Yes","No","No","No","No"
"3251-YMVWZ",True,"Yes","No","No internet service","No internet service","No internet service","No internet service","No internet service","No internet service"
"9348-ROUAI",True,"Yes","DSL","Yes","Yes","Yes","Yes","Yes","Yes"
"4884-LEVMQ",True,"No","No","No internet service","No internet service","No internet service","No internet service","No internet service","No internet service"
"8857-CUPFQ",True,"No","No","No internet service","No internet service","No internet service","No internet service","No internet service","No internet service"
"7610-TVOPG",True,"Yes","No","No internet service","No internet service","No internet service","No internet service","No internet service","No internet service"
"3638-DIMPH",True,"No","DSL","No","No","No","No","No","No"
"1845-ZLLIG",True,"No","DSL","No","Yes","No","No","No","No"
"8559-WNQZS",True,"No","No","No internet service","No internet service","No internet service","No internet service","No internet service","No internet service"
"1699-UOTXU",True,"No","DSL","Yes","Yes","Yes","No","No","No"
"0635-WKOLD",True,"Yes","DSL","No","Yes","No","Yes","Yes","No"
"5993-JSUWV",True,"No","DSL","Yes","Yes","Yes","No","No","No"
"4518-FZBSX",True,"No","No","No internet service","No internet service","No internet service","No internet service","No internet service","No internet service"
"5387-ASZNZ",True,"Yes","DSL","Yes","Yes","No","Yes","No","No"
"6988-CJEYV",True,"Yes","Fiber optic","No","Yes","No","No","Yes","Yes"
"3097-FQTVJ",True,"No","No","No internet service","No internet service","No internet service","No internet service","No internet service","No internet service"
"5465-BUBFA",True,"No","No","No internet service","No internet service","No internet service","No internet service","No internet service","No internet service"
"7299-GNVPL",True,"No","Fiber optic","Yes","Yes","No","Yes","No","No"
"9743-DQKQW",False,"No phone service","DSL","No","No","No","No","No","No"
"1215-VFYVK",False,"No phone service","DSL","Yes","No","Yes","Yes","No","Yes"
"9371-BITHB",True,"No","No","No internet service","No internet service","No internet service","No internet service","No internet service","No internet service"
"9093-FPDLG",True,"No","Fiber optic","No","Yes","Yes","Yes","No","Yes"
"0541-FITGH",True,"No","DSL","Yes","No","No","No","No","Yes"
"6985-HAYWX",True,"Yes","Fiber optic","No","Yes","No","No","No","No"
"7508-KBIMB",True,"No","DSL","Yes","No","Yes","No","No","No"
"6838-HVLXG",True,"No","No","No internet service","No internet service","No internet service","No internet service","No internet service","No internet service"
"2277-DJJDL",True,"Yes","Fiber optic","No","No","No","Yes","Yes","Yes"
"1897-OKVMW",True,"Yes","DSL","Yes","Yes","Yes","Yes","Yes","Yes"
"5485-ITNPC",True,"No","DSL","Yes","Yes","Yes","Yes","Yes","Yes"
"0233-FTHAV",True,"Yes","Fiber optic","No","No","Yes","No","No","No"
"4644-PIZRT",True,"Yes","DSL","Yes","No","Yes","No","Yes","No"
"8922-NPKBJ",True,"No","No","No internet service","No internet service","No internet service","No internet service","No internet service","No internet service"
"9512-PHSMG",True,"No","No","No internet service","No internet service","No internet service","No internet service","No internet service","No internet service"
"6963-EZQEE",True,"Yes","DSL","Yes","Yes","Yes","Yes","Yes","Yes"
"2452-KDRRH",True,"Yes","Fiber optic","No","No","Yes","No","Yes","Yes"
"4146-SVFUD",True,"No","DSL","No","No","No","No","No","No"
"1564-HJUVY",True,"No","DSL","No","Yes","No","Yes","Yes","No"
"3617-XLSGQ",True,"Yes","Fiber optic","Yes","Yes","Yes","No","Yes","Yes"
"7517-LDMPS",True,"No","Fiber optic","No","Yes","No","No","No","Yes"
"7244-KXYZN",True,"No","No","No internet service","No internet service","No internet service","No internet service","No internet service","No internet service"
"5226-NOZFC",True,"No","Fiber optic","No","Yes","No","No","Yes","No"
"1400-WIVLL",True,"Yes","Fiber optic","No","No","Yes","Yes","Yes","Yes"
"8148-NLEGT",True,"Yes","No","No internet service","No internet service","No internet service","No internet service","No internet service","No internet service"
"8347-GDTMP",True,"No","No","No internet service","No internet service","No internet service","No internet service","No internet service","No internet service"
"6746-WAUWT",True,"No","No","No internet service","No internet service","No internet service","No internet service","No internet service","No internet service"
"0428-IKYCP",True,"No","Fiber optic","No","No","Yes","No","Yes","No"
"2187-PKZAY",True,"No","Fiber optic","No","No","No","No","No","Yes"
"4003-OCTMP",True,"No","DSL","Yes","No","No","Yes","No","Yes"
"6652-YFFJO",True,"No","DSL","No","No","No","No","Yes","Yes"
"7225-IILWY",True,"Yes","No","No internet service","No internet service","No internet service","No internet service","No internet service","No internet service"
"5248-RPYWW",True,"Yes","DSL","Yes","Yes","Yes","Yes","Yes","Yes"
"7923-IYJWY",True,"Yes","Fiber optic","Yes","Yes","Yes","Yes","Yes","Yes"
"3170-GWYKC",True,"No","Fiber optic","Yes","No","Yes","Yes","Yes","Yes"
"9830-ECLEN",False,"No phone service","DSL","Yes","Yes","Yes","No","Yes","No"
"2668-TZSPS",True,"No","No","No internet service","No internet service","No internet service","No internet service","No internet service","No internet service"
"7446-SFAOA",True,"No","No","No internet service","No internet service","No internet service","No internet service","No internet service","No internet service"
"9443-JUBUO",False,"No phone service","DSL","Yes","Yes","Yes","Yes","Yes","Yes"
"9522-ZSINC",True,"No","No","No internet service","No internet service","No internet service","No internet service","No internet service","No internet service"
"8234-GSZYK",True,"Yes","No","No internet service","No internet service","No internet service","No internet service","No internet service","No internet service"
"6505-OZNPG",False,"No phone service","DSL","Yes","Yes","Yes","Yes","Yes","Yes"
"6164-HAQTX",False,"No phone service","DSL","Yes","Yes","Yes","Yes","Yes","No"
"7765-LWVVH",True,"Yes","Fiber optic","Yes","Yes","No","No","Yes","No"
"1658-TJVOA",True,"No","Fiber optic","Yes","No","No","No","No","No"
"0953-LGOVU",False,"No phone service","DSL","No","Yes","No","Yes","No","No"
"4692-NNQRU",True,"No","Fiber optic","No","No","Yes","Yes","No","No"
"7742-MYPGI",True,"No","DSL","No","No","No","Yes","No","No"
"9619-GSATL",True,"No","DSL","No","Yes","No","Yes","No","No"
"5622-UEJFI",True,"Yes","No","No internet service","No internet service","No internet service","No internet service","No internet service","No internet service"
"0674-DGMAQ",True,"Yes","Fiber optic","No","Yes","Yes","No","No","Yes"
"6203-HBZPA",False,"No phone service","DSL","Yes","Yes","Yes","Yes","Yes","Yes"
"0484-FFVBJ",True,"No","DSL","No","No","No","No","Yes","Yes"
"0301-FIDRB",False,"No phone service","DSL","Yes","Yes","Yes","Yes","Yes","Yes"
"4139-JPIAM",False,"No phone service","DSL","Yes","No","No","Yes","No","Yes"
"2181-TIDSV",True,"No","No","No internet service","No internet service","No internet service","No internet service","No internet service","No internet service"
"2761-XECQW",False,"No phone service","DSL","No","Yes","Yes","No","No","Yes"
"1936-CZAKF",False,"No phone service","DSL","No","Yes","No","No","Yes","Yes"
"9453-PATOS",True,"No","DSL","Yes","Yes","Yes","Yes","Yes","Yes"
"4402-FTBXC",True,"No","Fiber optic","Yes","No","Yes","No","Yes","No"
"2931-XIQBR",True,"No","Fiber optic","No","No","Yes","Yes","Yes","Yes"
"0106-UGRDO",True,"Yes","Fiber optic","Yes","Yes","Yes","Yes","Yes","Yes"
"5542-TBBWB",True,"No","Fiber optic","No","No","No","No","No","No"
"1930-QPBVZ",True,"No","Fiber optic","Yes","Yes","No","Yes","No","Yes"
"2606-PKWJB",False,"No phone service","DSL","Yes","Yes","No","Yes","No","No"
"5322-ZSMZY",True,"Yes","No","No internet service","No internet service","No internet service","No internet service","No internet service","No internet service"
"8059-UDZFY",True,"Yes","Fiber optic","No","Yes","Yes","No","Yes","Yes"
"7740-BTPUX",True,"Yes","Fiber optic","No","Yes","Yes","Yes","Yes","Yes"
"5220-AGAAX",True,"Yes","No","No internet service","No internet service","No internet service","No internet service","No internet service","No internet service"
"0208-BPQEJ",True,"No","No","No internet service","No internet service","No internet service","No internet service","No internet service","No internet service"
"9435-JMLSX",True,"No","DSL","Yes","Yes","Yes","Yes","Yes","Yes"
"3352-ALMCK",True,"Yes","Fiber optic","No","Yes","Yes","No","Yes","Yes"
"5312-IRCFR",True,"Yes","Fiber optic","No","Yes","Yes","No","No","Yes"
"5294-IMHHT",True,"Yes","Fiber optic","No","Yes","No","Yes","No","Yes"
"6176-YJWAS",True,"Yes","Fiber optic","Yes","Yes","Yes","No","Yes","No"
"5310-NOOVA",True,"No","No","No internet service","No internet service","No internet service","No internet service","No internet service","No internet service"
"4526-EXKKN",True,"Yes","No","No internet service","No internet service","No internet service","No internet service","No internet service","No internet service"
"5311-IHLEI",False,"No phone service","DSL","Yes","Yes","No","Yes","Yes","No"
"3987-KQDDU",True,"No","Fiber optic","Yes","No","No","No","No","No"
"3404-JNXAX",True,"Yes","Fiber optic","No","No","No","Yes","No","No"
"5131-PONJI",True,"No","Fiber optic","No","Yes","Yes","No","Yes","No"
"3489-VSFRD",True,"No","DSL","Yes","No","Yes","Yes","No","No"
"3345-JHUEO",True,"No","No","No internet service","No internet service","No internet service","No internet service","No internet service","No internet service"
"5815-HGGHV",True,"No","DSL","Yes","No","No","Yes","No","Yes"
"5260-UMPWX",True,"No","No","No internet service","No internet service","No internet service","No internet service","No internet service","No internet service"
"5649-RXQTV",True,"No","Fiber optic","No","Yes","Yes","No","Yes","Yes"
"2674-MIAHT",True,"Yes","Fiber optic","No","Yes","No","No","No","No"
"2576-HXMPA",True,"No","No","No internet service","No internet service","No internet service","No internet service","No internet service","No internet service"
"7587-AOVVU",True,"Yes","Fiber optic","Yes","Yes","No","Yes","Yes","No"
"6898-MDLZW",True,"No","DSL","No","Yes","No","Yes","No","No"
"4707-YNOQA",True,"Yes","No","No internet service","No internet service","No internet service","No internet service","No internet service","No internet service"
"9357-UJRUN",True,"Yes","DSL","Yes","No","No","Yes","No","No"
"7663-CUXZB",True,"Yes","Fiber optic","Yes","Yes","Yes","Yes","Yes","Yes"
"0258-NOKBL",True,"No","Fiber optic","No","Yes","Yes","No","No","Yes"
"1163-VIPRI",True,"Yes","Fiber optic","Yes","No","Yes","Yes","Yes","Yes"
"3043-TYBNO",True,"No","DSL","No","No","No","Yes","No","Yes"
"4830-FAXFM",True,"Yes","No","No internet service","No internet service","No internet service","No internet service","No internet service","No internet service"
"5906-BFOZT",True,"No","No","No internet service","No internet service","No internet service","No internet service","No internet service","No internet service"
"2960-NKRSO",True,"No","Fiber optic","No","Yes","Yes","Yes","No","No"
"8996-ZROXE",True,"No","DSL","No","No","Yes","Yes","No","No"
"5598-IKHQQ",True,"Yes","No","No internet service","No internet service","No internet service","No internet service","No internet service","No internet service"
"0397-ZXWQF",True,"No","No","No internet service","No internet service","No internet service","No internet service","No internet service","No internet service"
"5266-PFRQK",True,"No","No","No internet service","No internet service","No internet service","No internet service","No internet service","No internet service"
"4674-HGNUA",True,"Yes","DSL","Yes","Yes","Yes","Yes","Yes","Yes"
"6765-MBQNU",True,"Yes","No","No internet service","No internet service","No internet service","No internet service","No internet service","No internet service"
"9786-IJYDL",True,"Yes","Fiber optic","Yes","Yes","Yes","Yes","Yes","Yes"
"1303-SRDOK",True,"No","Fiber optic","No","No","No","No","No","No"
"3769-MHZNV",True,"No","No","No internet service","No internet service","No internet service","No internet service","No internet service","No internet service"
"6295-OSINB",True,"Yes","Fiber optic","Yes","Yes","Yes","No","Yes","Yes"
"3308-MHOOC",True,"No","No","No internet service","No internet service","No internet service","No internet service","No internet service","No internet service"
"2207-QPJED",True,"No","Fiber optic","No","No","Yes","Yes","Yes","No"
"4177-JPDFU",False,"No phone service","DSL","No","Yes","No","Yes","No","No"
"2239-CFOUJ",True,"No","No","No internet service","No internet service","No internet service","No internet service","No internet service","No internet service"
"8046-DNVTL",False,"No phone service","DSL","Yes","Yes","No","Yes","No","No"
"2209-XADXF",False,"No phone service","DSL","No","No","No","No","No","No"
"6620-JDYNW",True,"Yes","DSL","Yes","No","Yes","No","No","No"
"4770-UEZOX",True,"No","Fiber optic","No","Yes","No","No","No","No"
"1038-RQOST",True,"No","No","No internet service","No internet service","No internet service","No internet service","No internet service","No internet service"
"4568-TTZRT",True,"No","No","No internet service","No internet service","No internet service","No internet service","No internet service","No internet service"
"9513-DXHDA",True,"No","DSL","Yes","No","Yes","Yes","Yes","Yes"
"0516-QREYC",True,"No","No","No internet service","No internet service","No internet service","No internet service","No internet service","No internet service"
"8084-OIVBS",True,"No","No","No internet service","No internet service","No internet service","No internet service","No internet service","No internet service"
"8896-BQTTI",True,"Yes","No","No internet service","No internet service","No internet service","No internet service","No internet service","No internet service"
"3865-QBWSJ",True,"Yes","Fiber optic","Yes","No","No","No","No","No"
"3352-RICWQ",True,"No","No","No internet service","No internet service","No internet service","No internet service","No internet service","No internet service"
"2160-GPFXD",True,"Yes","DSL","Yes","Yes","No","Yes","No","No"
"2065-MMKGR",True,"Yes","DSL","No","No","No","No","Yes","Yes"
"5857-TYBCJ",True,"Yes","Fiber optic","No","No","Yes","No","Yes","No"
"1498-NHTLT",True,"No","DSL","Yes","Yes","Yes","Yes","Yes","Yes"
"1402-PTHGN",True,"No","DSL","Yes","Yes","No","Yes","No","No"
"4176-RELJR",True,"Yes","No","No internet service","No internet service","No internet service","No internet service","No internet service","No internet service"
"5199-FPUSP",False,"No phone service","DSL","Yes","No","No","Yes","No","No"
"6377-KSLXC",True,"No","No","No internet service","No internet service","No internet service","No internet service","No internet service","No internet service"
"1796-JANOW",True,"No","No","No internet service","No internet service","No internet service","No internet service","No internet service","No internet service"
"0238-WHBIQ",True,"Yes","DSL","Yes","Yes","Yes","Yes","Yes","Yes"
"8735-NBLWT",True,"No","No","No internet service","No internet service","No internet service","No internet service","No internet service","No internet service"
"6651-RLGGM",True,"Yes","No","No internet service","No internet service","No internet service","No internet service","No internet service","No internet service"
"1614-JBEBI",True,"No","No","No internet service","No internet service","No internet service","No internet service","No internet service","No internet service"
"5696-EXCYS",True,"No","No","No internet service","No internet service","No internet service","No internet service","No internet service","No internet service"
"5795-KTGUD",True,"Yes","Fiber optic","Yes","Yes","Yes","No","Yes","Yes"
"7924-GJZFI",True,"No","Fiber optic","No","No","No","No","No","No"
"4702-HDRKD",False,"No phone service","DSL","Yes","No","Yes","Yes","Yes","No"
"8512-WIWYV",True,"No","No","No internet service","No internet service","No internet service","No internet service","No internet service","No internet service"
"5897-ZYEKH",True,"Yes","Fiber optic","Yes","Yes","No","No","Yes","Yes"
"5456-ITGIC",False,"No phone service","DSL","Yes","Yes","Yes","Yes","Yes","Yes"
"1406-PUQVY",True,"No","DSL","No","Yes","No","No","No","No"
"9114-AAFQH",True,"No","DSL","No","Yes","Yes","No","No","Yes"
"8715-KKTFG",True,"Yes","Fiber optic","No","No","Yes","Yes","Yes","Yes"
"1728-BQDMA",True,"No","DSL","No","No","No","No","No","No"
"5117-ZSMHQ",True,"Yes","DSL","Yes","Yes","Yes","Yes","Yes","Yes"
"5151-HQRDG",True,"Yes","DSL","Yes","No","No","No","No","No"
"0960-HUWBM",True,"Yes","Fiber optic","No","No","Yes","Yes","Yes","Yes"
"6465-GSRCL",True,"Yes","Fiber optic","No","Yes","No","Yes","Yes","Yes"
"0263-FJTQO",True,"Yes","DSL","Yes","No","No","Yes","Yes","No"
"7319-ZNRTR",True,"No","No","No internet service","No internet service","No internet service","No internet service","No internet service","No internet service"
"7503-EPSZW",True,"Yes","No","No internet service","No internet service","No internet service","No internet service","No internet service","No internet service"
"7089-XXAYG",False,"No phone service","DSL","No","No","Yes","No","Yes","No"
"8070-AAWZP",False,"No phone service","DSL","No","No","Yes","Yes","No","No"
"1666-JXLKU",True,"Yes","Fiber optic","No","No","Yes","No","Yes","Yes"
"7855-DIWPO",True,"No","Fiber optic","No","No","No","No","No","No"
"5133-POWUA",True,"No","DSL","No","No","No","No","No","No"
"5652-MSDEY",True,"Yes","Fiber optic","No","No","No","No","No","No"
"1810-BOHSY",True,"Yes","Fiber optic","Yes","Yes","No","No","No","Yes"
"1784-BXEFA",True,"No","No","No internet service","No internet service","No internet service","No internet service","No internet service","No internet service"
"7351-MHQVU",False,"No phone service","DSL","Yes","Yes","No","Yes","No","Yes"
"9224-VTYID",True,"Yes","DSL","Yes","Yes","Yes","Yes","Yes","Yes"
"9500-IWPXQ",True,"Yes","DSL","Yes","Yes","Yes","Yes","No","Yes"
"5762-TJXGK",False,"No phone service","DSL","Yes","Yes","Yes","No","Yes","Yes"
"4504-YOULA",True,"Yes","DSL","Yes","Yes","No","No","No","No"
"5569-IDSEY",True,"Yes","Fiber optic","No","Yes","Yes","No","Yes","Yes"
"7284-ZZLOH",True,"No","DSL","Yes","No","Yes","No","No","No"
"1777-JYQPJ",False,"No phone service","DSL","No","No","No","No","No","No"
"3401-URHDA",True,"Yes","DSL","Yes","No","No","Yes","No","No"
"1599-EAHXY",True,"Yes","No","No internet service","No internet service","No internet service","No internet service","No internet service","No internet service"
"8631-XVRZL",True,"No","No","No internet service","No internet service","No internet service","No internet service","No internet service","No internet service"
"3853-LYGAM",True,"Yes","Fiber optic","No","No","Yes","Yes","No","Yes"
"5751-USDBL",True,"No","DSL","Yes","No","Yes","Yes","Yes","Yes"
"5680-LQOGP",True,"No","DSL","Yes","Yes","Yes","Yes","Yes","Yes"
"8189-DUKMV",True,"No","No","No internet service","No internet service","No internet service","No internet service","No internet service","No internet service"
"9931-DCEZH",True,"No","DSL","No","Yes","No","Yes","No","No"
"1898-JSNDC",True,"No","DSL","No","Yes","No","No","Yes","No"
"0315-LVCRK",True,"No","Fiber optic","No","No","Yes","No","No","Yes"
"3911-RSNHI",False,"No phone service","DSL","No","Yes","Yes","Yes","Yes","Yes"
"2410-CIYFZ",True,"No","No","No internet service","No internet service","No internet service","No internet service","No internet service","No internet service"
"5505-OVWQW",True,"No","No","No internet service","No internet service","No internet service","No internet service","No internet service","No internet service"
"7271-AJDTL",True,"Yes","Fiber optic","No","Yes","Yes","No","Yes","No"
"1867-TJHTS",True,"Yes","Fiber optic","Yes","No","No","No","No","No"
"6860-YRJZP",True,"Yes","Fiber optic","No","No","No","No","No","No"
"4429-WYGFR",True,"No","DSL","No","No","No","Yes","No","No"
"2817-LVCPP",True,"No","No","No internet service","No internet service","No internet service","No internet service","No internet service","No internet service"
"5038-ETMLM",True,"Yes","Fiber optic","Yes","Yes","Yes","Yes","Yes","Yes"
"5056-FIMPT",True,"No","Fiber optic","Yes","Yes","No","Yes","Yes","Yes"
"4521-WFJAI",True,"Yes","No","No internet service","No internet service","No internet service","No internet service","No internet service","No internet service"
"6569-KTMDU",True,"No","No","No internet service","No internet service","No internet service","No internet service","No internet service","No internet service"
"8809-XKHMD",True,"Yes","Fiber optic","Yes","Yes","No","Yes","No","Yes"
"0396-YCHWO",True,"Yes","Fiber optic","No","No","No","No","Yes","Yes"
"0867-LDTTC",True,"No","DSL","No","No","Yes","Yes","Yes","Yes"
"9391-DXGGG",True,"No","Fiber optic","No","Yes","Yes","No","No","Yes"
"9844-FELAJ",True,"Yes","Fiber optic","No","Yes","Yes","Yes","Yes","Yes"
"2122-SZZZD",True,"No","No","No internet service","No internet service","No internet service","No internet service","No internet service","No internet service"
"3148-AOIQT",True,"Yes","No","No internet service","No internet service","No internet service","No internet service","No internet service","No internet service"
"8395-ETZKQ",True,"No","No","No internet service","No internet service","No internet service","No internet service","No internet service","No internet service"
"6692-YQHXC",True,"No","Fiber optic","No","No","No","No","No","No"
"3889-VWBID",True,"No","DSL","Yes","Yes","No","Yes","Yes","Yes"
"5222-JCXZT",True,"No","No","No internet service","No internet service","No internet service","No internet service","No internet service","No internet service"
"9754-CLVZW",False,"No phone service","DSL","Yes","Yes","No","Yes","No","No"
"2739-CCZMB",True,"No","No","No internet service","No internet service","No internet service","No internet service","No internet service","No internet service"
"7080-TNUWP",True,"Yes","Fiber optic","No","Yes","Yes","No","Yes","No"
"0496-AHOOK",True,"No","DSL","Yes","No","No","Yes","Yes","Yes"
"8336-TAVKX",True,"Yes","DSL","Yes","Yes","Yes","Yes","No","Yes"
"2468-SJFLM",True,"No","Fiber optic","No","No","No","Yes","No","No"
"3181-VTHOE",False,"No phone service","DSL","No","Yes","Yes","Yes","No","Yes"
"7168-HDQHG",True,"No","No","No internet service","No internet service","No internet service","No internet service","No internet service","No internet service"
"4567-AKPIA",True,"Yes","Fiber optic","No","Yes","Yes","Yes","Yes","Yes"
"7901-HXJVA",True,"No","Fiber optic","No","No","Yes","No","No","No"
"5924-IFQTT",True,"Yes","DSL","No","Yes","Yes","Yes","Yes","No"
"7968-QUXNS",True,"No","No","No internet service","No internet service","No internet service","No internet service","No internet service","No internet service"
"8903-WMRNW",True,"No","Fiber optic","Yes","No","Yes","No","Yes","Yes"
"2452-SNHFZ",True,"No","Fiber optic","Yes","No","No","No","No","No"
"3629-WEAAM",True,"No","DSL","No","No","Yes","Yes","No","Yes"
"6029-CSMJE",False,"No phone service","DSL","No","No","No","No","No","No"
"7993-NQLJE",True,"No","Fiber optic","Yes","No","No","No","No","No"
"9909-DFRJA",True,"No","Fiber optic","Yes","No","Yes","Yes","No","Yes"
"9099-FTUHS",True,"Yes","DSL","Yes","No","No","No","No","No"
"0581-BXBUB",True,"No","Fiber optic","No","Yes","No","No","No","No"
"4962-CHQPW",True,"No","No","No internet service","No internet service","No internet service","No internet service","No internet service","No internet service"
"9467-ROOLM",True,"No","No","No internet service","No internet service","No internet service","No internet service","No internet service","No internet service"
"5150-ITWWB",True,"Yes","Fiber optic","No","No","No","No","Yes","Yes"
"2253-KPMNB",False,"No phone service","DSL","Yes","Yes","Yes","Yes","No","No"
"1345-ZUKID",True,"No","No","No internet service","No internet service","No internet service","No internet service","No internet service","No internet service"
"6429-SHBCB",True,"Yes","DSL","No","No","No","No","Yes","Yes"
"9281-OFDMF",True,"Yes","Fiber optic","No","Yes","No","No","No","Yes"
"2603-HVKCG",True,"No","Fiber optic","No","Yes","Yes","No","Yes","Yes"
"1834-WULEG",True,"No","No","No internet service","No internet service","No internet service","No internet service","No internet service","No internet service"
"9097-ZUBYC",True,"No","DSL","No","No","No","Yes","No","No"
"5148-ORICT",True,"No","DSL","Yes","Yes","Yes","Yes","No","Yes"
"4893-GYUJU",True,"No","No","No internet service","No internet service","No internet service","No internet service","No internet service","No internet service"
"4578-PHJYZ",True,"No","DSL","No","Yes","Yes","Yes","Yes","No"
"7272-QDCKA",True,"Yes","Fiber optic","No","Yes","No","No","Yes","Yes"
"8908-SLFCJ",True,"No","No","No internet service","No internet service","No internet service","No internet service","No internet service","No internet service"
"9766-HGEDE",True,"No","No","No internet service","No internet service","No internet service","No internet service","No internet service","No internet service"
"6968-MHOMU",False,"No phone service","DSL","No","No","No","No","Yes","Yes"
"2874-YXVVA",True,"No","Fiber optic","No","Yes","Yes","Yes","Yes","Yes"
"5044-XDPYX",True,"Yes","No","No internet service","No internet service","No internet service","No internet service","No internet service","No internet service"
"1814-WFGVS",False,"No phone service","DSL","Yes","No","Yes","Yes","Yes","No"
"3721-WKIIL",True,"No","No","No internet service","No internet service","No internet service","No internet service","No internet service","No internet service"
"6734-CKRSM",True,"No","No","No internet service","No internet service","No internet service","No internet service","No internet service","No internet service"
"1265-ZFOSD",True,"Yes","DSL","Yes","Yes","Yes","Yes","No","Yes"
"6568-POCUI",True,"No","Fiber optic","No","No","No","Yes","Yes","Yes"
"5197-LQXXH",True,"Yes","DSL","No","Yes","Yes","Yes","Yes","Yes"
"3457-PQBYH",True,"No","No","No internet service","No internet service","No internet service","No internet service","No internet service","No internet service"
"7682-AZNDK",True,"No","Fiber optic","No","Yes","Yes","No","Yes","No"
"5384-ZTTWP",True,"No","No","No internet service","No internet service","No internet service","No internet service","No internet service","No internet service"
"3745-HRPHI",False,"No phone service","DSL","No","No","Yes","Yes","Yes","Yes"
"7636-OWBPG",False,"No phone service","DSL","No","Yes","No","No","No","No"
"1231-YNDEK",True,"No","No","No internet service","No internet service","No internet service","No internet service","No internet service","No internet service"
"1407-DIGZV",True,"No","No","No internet service","No internet service","No internet service","No internet service","No internet service","No internet service"
"0570-BFQHT",True,"No","Fiber optic","No","Yes","Yes","No","No","No"
"4393-OBCRR",True,"No","No","No internet service","No internet service","No internet service","No internet service","No internet service","No internet service"
"8564-LDKFL",True,"Yes","Fiber optic","No","Yes","Yes","No","Yes","Yes"
"3696-DFHHB",True,"Yes","No","No internet service","No internet service","No internet service","No internet service","No internet service","No internet service"
"4717-GHADL",True,"Yes","DSL","No","Yes","No","Yes","Yes","Yes"
"5501-TVMGM",True,"No","DSL","No","No","No","No","No","Yes"
"5879-HMFFH",True,"Yes","DSL","Yes","Yes","Yes","Yes","Yes","Yes"
"6772-WFQRD",True,"No","No","No internet service","No internet service","No internet service","No internet service","No internet service","No internet service"
"3810-DVDQQ",True,"Yes","Fiber optic","Yes","Yes","Yes","Yes","Yes","Yes"
"6972-SNKKW",True,"No","No","No internet service","No internet service","No internet service","No internet service","No internet service","No internet service"
"3694-GLTJM",True,"No","No","No internet service","No internet service","No internet service","No internet service","No internet service","No internet service"
"8550-XSXUQ",True,"Yes","DSL","No","Yes","Yes","No","No","Yes"
"9055-MOJJJ",True,"No","DSL","Yes","No","No","Yes","Yes","No"
"4359-INNWN",True,"No","No","No internet service","No internet service","No internet service","No internet service","No internet service","No internet service"
"0585-EGDDA",True,"No","Fiber optic","No","Yes","Yes","No","No","No"
"4032-RMHCI",False,"No phone service","DSL","Yes","No","Yes","No","No","No"
"0549-CYCQN",True,"Yes","Fiber optic","No","Yes","No","No","No","No"
"3481-JHUZH",True,"Yes","Fiber optic","No","Yes","No","No","No","No"
"3594-IVHJZ",True,"No","No","No internet service","No internet service","No internet service","No internet service","No internet service","No internet service"
"6869-FGJJC",True,"No","Fiber optic","No","Yes","Yes","No","No","No"
"3896-ZVNET",True,"Yes","No","No internet service","No internet service","No internet service","No internet service","No internet service","No internet service"
"8205-VSLRB",True,"Yes","DSL","Yes","No","Yes","Yes","No","Yes"
"5960-MVTUK",False,"No phone service","DSL","No","No","No","Yes","No","No"
"6817-WTYHE",True,"No","DSL","No","No","No","No","No","No"
"3082-VQXNH",False,"No phone service","DSL","No","Yes","No","No","No","No"
"4931-TRZWN",True,"No","DSL","Yes","No","No","No","Yes","Yes"
"0750-EKNGL",True,"No","No","No internet service","No internet service","No internet service","No internet service","No internet service","No internet service"
"7669-LCRSD",True,"No","DSL","No","No","No","No","Yes","No"
"3567-PQTSO",True,"Yes","Fiber optic","No","Yes","Yes","No","Yes","Yes"
"8043-PNYSD",True,"No","No","No internet service","No internet service","No internet service","No internet service","No internet service","No internet service"
"9938-EKRGF",True,"No","DSL","Yes","Yes","Yes","Yes","Yes","Yes"
"2703-AMTUL",True,"No","DSL","Yes","Yes","No","No","No","No"
"0928-JMXNP",False,"No phone service","DSL","No","No","Yes","No","No","No"
"8173-RXAYP",True,"No","No","No internet service","No internet service","No internet service","No internet service","No internet service","No internet service"
"4825-XJGDM",False,"No phone service","DSL","Yes","Yes","Yes","Yes","No","No"
"5402-HTOTQ",True,"Yes","DSL","No","Yes","No","No","No","No"
"6734-JDTTV",True,"No","No","No internet service","No internet service","No internet service","No internet service","No internet service","No internet service"
"7850-THJMU",True,"No","No","No internet service","No internet service","No internet service","No internet service","No internet service","No internet service"
"3890-RTCMS",True,"No","DSL","No","No","No","Yes","No","No"
"3717-FDJFU",True,"No","No","No internet service","No internet service","No internet service","No internet service","No internet service","No internet service"
"3665-JATSN",False,"No phone service","DSL","No","Yes","No","No","No","Yes"
"7966-YOTQW",True,"Yes","DSL","Yes","No","No","No","No","No"
"8853-TZDGH",True,"Yes","Fiber optic","No","Yes","Yes","Yes","Yes","Yes"
"4324-BZCKL",True,"No","DSL","No","Yes","Yes","No","No","No"
"6924-TDGMT",True,"No","No","No internet service","No internet service","No internet service","No internet service","No internet service","No internet service"
"1536-YHDOE",True,"Yes","DSL","Yes","No","No","Yes","No","No"
"8123-QBNAZ",True,"Yes","Fiber optic","Yes","No","Yes","No","Yes","Yes"
"3629-ZNKXA",True,"No","Fiber optic","No","Yes","Yes","No","Yes","Yes"
"4827-LTQRJ",True,"Yes","Fiber optic","Yes","Yes","No","Yes","Yes","Yes"
"7711-YIJWC",True,"No","DSL","Yes","Yes","Yes","Yes","Yes","Yes"
"5482-VXSXJ",True,"No","Fiber optic","No","Yes","No","No","Yes","Yes"
"7365-BVCJH",False,"No phone service","DSL","No","No","No","No","No","No"
"9620-ENEJV",True,"No","Fiber optic","No","No","No","No","No","No"
"2378-YIZKA",True,"No","DSL","Yes","Yes","Yes","Yes","Yes","Yes"
"0689-DSXGL",True,"No","Fiber optic","No","Yes","Yes","Yes","No","No"
"6818-DJXAA",True,"No","Fiber optic","No","No","Yes","Yes","Yes","No"
"0464-WJTKO",True,"No","No","No internet service","No internet service","No internet service","No internet service","No internet service","No internet service"
"8902-ZEOVF",True,"No","No","No internet service","No internet service","No internet service","No internet service","No internet service","No internet service"
"6778-EICRF",True,"Yes","DSL","Yes","No","No","No","Yes","Yes"
"2662-NNTDK",True,"Yes","No","No internet service","No internet service","No internet service","No internet service","No internet service","No internet service"
"4132-KALRO",True,"Yes","Fiber optic","No","No","No","Yes","Yes","Yes"
"1245-HARPS",True,"No","No","No internet service","No internet service","No internet service","No internet service","No internet service","No internet service"
"4323-ELYYB",True,"No","No","No internet service","No internet service","No internet service","No internet service","No internet service","No internet service"
"4293-ETKAP",True,"Yes","DSL","No","Yes","No","Yes","Yes","Yes"
"6064-PUPMC",True,"No","DSL","Yes","No","No","Yes","No","No"
"6504-VBLFL",True,"No","DSL","Yes","Yes","Yes","No","No","No"
"6322-PJJDJ",True,"No","Fiber optic","No","Yes","No","No","Yes","Yes"
"0330-BGYZE",True,"Yes","Fiber optic","No","Yes","Yes","No","Yes","Yes"
"1085-LDWAM",True,"No","No","No internet service","No internet service","No internet service","No internet service","No internet service","No internet service"
"7586-ZATGZ",True,"Yes","Fiber optic","No","No","No","No","Yes","No"
"7197-VOJMM",True,"No","DSL","Yes","Yes","No","Yes","No","Yes"
"1843-TLSGD",True,"No","No","No internet service","No internet service","No internet service","No internet service","No internet service","No internet service"
"9626-VFRGG",True,"Yes","Fiber optic","No","Yes","No","No","Yes","No"
"7075-BNDVQ",False,"No phone service","DSL","Yes","No","Yes","No","No","No"
"9143-CANJF",True,"No","DSL","Yes","No","No","Yes","No","No"
"7284-BUYEC",False,"No phone service","DSL","No","Yes","No","No","Yes","Yes"
"2041-JIJCI",True,"Yes","DSL","No","Yes","No","No","No","Yes"
"4900-MSOMT",True,"Yes","DSL","Yes","Yes","Yes","Yes","Yes","No"
"2229-VWQJH",True,"No","DSL","No","No","Yes","No","No","No"
"9194-GFVOI",True,"Yes","DSL","Yes","No","Yes","Yes","Yes","Yes"
"1336-EZFZY",True,"No","No","No internet service","No internet service","No internet service","No internet service","No internet service","No internet service"
"4282-MSACW",True,"Yes","Fiber optic","Yes","Yes","Yes","Yes","Yes","Yes"
"1403-LKLIK",True,"No","No","No internet service","No internet service","No internet service","No internet service","No internet service","No internet service"
"0136-IFMYD",True,"Yes","Fiber optic","No","Yes","Yes","Yes","Yes","Yes"
"5144-TVGLP",True,"Yes","Fiber optic","No","No","No","No","Yes","Yes"
"9643-AVVWI",True,"No","Fiber optic","No","Yes","No","Yes","No","No"
"0253-ZTEOB",True,"Yes","DSL","No","Yes","No","Yes","Yes","Yes"
"2706-QZIHY",True,"Yes","No","No internet service","No internet service","No internet service","No internet service","No internet service","No internet service"
"6080-TCMYC",True,"Yes","Fiber optic","No","No","Yes","No","No","No"
"6061-PQHMK",True,"No","No","No internet service","No internet service","No internet service","No internet service","No internet service","No internet service"
"6137-MFAJN",False,"No phone service","DSL","Yes","Yes","No","No","Yes","No"
"9122-UMROB",True,"No","No","No internet service","No internet service","No internet service","No internet service","No internet service","No internet service"
"4232-JGKIY",True,"No","No","No internet service","No internet service","No internet service","No internet service","No internet service","No internet service"
"2402-TAIRZ",True,"No","Fiber optic","No","Yes","Yes","No","No","No"
"9659-ZTWSM",True,"Yes","Fiber optic","No","Yes","Yes","Yes","Yes","Yes"
"9139-TWBAS",False,"No phone service","DSL","Yes","Yes","Yes","No","Yes","No"
"6685-GBWJZ",True,"No","DSL","Yes","Yes","No","Yes","Yes","No"
"2195-VVRJF",True,"No","DSL","Yes","No","No","No","No","Yes"
"3913-RDSJZ",True,"Yes","No","No internet service","No internet service","No internet service","No internet service","No internet service","No internet service"
"4203-QGNZA",True,"No","No","No internet service","No internet service","No internet service","No internet service","No internet service","No internet service"
"5043-TRZWM",True,"No","Fiber optic","No","No","Yes","No","No","No"
"9494-BDNNC",True,"Yes","Fiber optic","No","Yes","Yes","No","No","Yes"
"1640-PLFMP",True,"No","Fiber optic","No","No","No","No","No","No"
"5366-OBVMR",True,"No","DSL","No","No","No","Yes","No","No"
"7644-OMVMY",True,"No","No","No internet service","No internet service","No internet service","No internet service","No internet service","No internet service"
"4573-JKNAE",True,"No","No","No internet service","No internet service","No internet service","No internet service","No internet service","No internet service"
"9817-APLHW",True,"Yes","No","No internet service","No internet service","No internet service","No internet service","No internet service","No internet service"
"8380-MQINP",True,"No","No","No internet service","No internet service","No internet service","No internet service","No internet service","No internet service"
"0840-DFEZH",True,"Yes","Fiber optic","No","No","No","No","No","No"
"8690-ZVLCL",True,"Yes","DSL","Yes","Yes","Yes","Yes","Yes","Yes"
"1125-SNVCK",True,"No","DSL","No","No","No","No","No","No"
"0384-LPITE",False,"No phone service","DSL","Yes","Yes","Yes","No","Yes","Yes"
"4616-EWBNJ",True,"No","No","No internet service","No internet service","No internet service","No internet service","No internet service","No internet service"
"1335-HQMKX",True,"Yes","Fiber optic","No","Yes","Yes","No","Yes","Yes"
"2545-EBUPK",True,"Yes","Fiber optic","No","No","No","No","No","Yes"
"6923-AQONU",True,"No","No","No internet service","No internet service","No internet service","No internet service","No internet service","No internet service"
"2172-EJXVF",True,"Yes","Fiber optic","No","Yes","Yes","No","Yes","Yes"
"4536-PLEQY",True,"No","Fiber optic","No","Yes","No","No","No","Yes"
"7029-IJEJK",False,"No phone service","DSL","Yes","No","No","Yes","No","Yes"
"8871-JLMHM",True,"Yes","Fiber optic","No","Yes","Yes","Yes","No","No"
"5447-VYTKW",True,"No","DSL","Yes","No","No","Yes","No","No"
"3623-FQBOX",True,"No","No","No internet service","No internet service","No internet service","No internet service","No internet service","No internet service"
"8659-HDIYE",True,"Yes","DSL","No","Yes","Yes","Yes","No","Yes"
"3474-BAFSJ",False,"No phone service","DSL","No","Yes","Yes","Yes","Yes","Yes"
"3865-ZFZIB",True,"No","No","No internet service","No internet service","No internet service","No internet service","No internet service","No internet service"
"1855-AGAWH",True,"No","Fiber optic","No","No","Yes","No","Yes","Yes"
"7109-CQYUZ",True,"Yes","DSL","Yes","Yes","Yes","Yes","Yes","Yes"
"1370-GGAWX",True,"Yes","Fiber optic","No","Yes","Yes","No","No","Yes"
"4680-KUTAJ",True,"Yes","DSL","Yes","No","No","No","No","No"
"5307-UVGNB",False,"No phone service","DSL","Yes","Yes","Yes","No","No","Yes"
"2883-ILGWO",True,"Yes","Fiber optic","No","Yes","No","Yes","Yes","Yes"
"3642-BYHDO",True,"No","No","No internet service","No internet service","No internet service","No internet service","No internet service","No internet service"
"9629-NHXFW",True,"No","No","No internet service","No internet service","No internet service","No internet service","No internet service","No internet service"
"2696-RZVZW",True,"Yes","No","No internet service","No internet service","No internet service","No internet service","No internet service","No internet service"
"5766-FTRTS",True,"No","DSL","Yes","Yes","Yes","Yes","Yes","Yes"
"0396-HUJBP",True,"No","No","No internet service","No internet service","No internet service","No internet service","No internet service","No internet service"
"8879-ZKJOF",True,"No","DSL","Yes","No","Yes","Yes","Yes","Yes"
"6285-FTQBF",True,"Yes","No","No internet service","No internet service","No internet service","No internet service","No internet service","No internet service"
"1474-JUWSM",True,"Yes","DSL","Yes","No","No","Yes","No","Yes"
"3530-CRZSB",True,"No","No","No internet service","No internet service","No internet service","No internet service","No internet service","No internet service"
"8498-XXGWA",True,"No","DSL","Yes","No","Yes","No","No","No"
"9617-INGJY",True,"No","Fiber optic","No","No","No","No","No","No"
"0621-TSSMU",True,"No","No","No internet service","No internet service","No internet service","No internet service","No internet service","No internet service"
"1530-ZTDOZ",False,"No phone service","DSL","Yes","No","No","No","Yes","No"
"7234-KMNRQ",True,"No","No","No internet service","No internet service","No internet service","No internet service","No internet service","No internet service"
"7636-PEPNS",True,"No","DSL","No","No","No","No","No","No"
"4683-WYDOU",True,"Yes","Fiber optic","No","No","Yes","Yes","Yes","Yes"
"9052-DHNKM",True,"Yes","DSL","Yes","Yes","No","No","No","No"
"6794-HKIAJ",True,"Yes","Fiber optic","Yes","Yes","Yes","No","No","No"
"5578-NKCXI",True,"No","Fiber optic","Yes","Yes","No","No","Yes","Yes"
"1642-HMARX",True,"Yes","DSL","Yes","Yes","Yes","Yes","Yes","Yes"
"3096-WPXBT",True,"Yes","Fiber optic","Yes","Yes","Yes","No","No","Yes"
"8434-PNQZX",True,"Yes","DSL","No","No","Yes","Yes","Yes","Yes"
"5950-AAAGJ",True,"Yes","Fiber optic","No","No","No","No","Yes","No"
"4299-OPXEJ",True,"No","No","No internet service","No internet service","No internet service","No internet service","No internet service","No internet service"
"9618-LFJRU",True,"No","No","No internet service","No internet service","No internet service","No internet service","No internet service","No internet service"
"6693-DJWTY",True,"No","DSL","Yes","Yes","No","No","No","No"
"0744-GKNGE",True,"Yes","Fiber optic","Yes","No","No","Yes","No","No"
"6447-EGDIV",True,"No","No","No internet service","No internet service","No internet service","No internet service","No internet service","No internet service"
"1167-OYZJF",True,"No","No","No internet service","No internet service","No internet service","No internet service","No internet service","No internet service"
"4806-DXQCE",True,"Yes","Fiber optic","Yes","Yes","Yes","Yes","Yes","Yes"
"4854-SSLTN",True,"No","DSL","Yes","Yes","No","Yes","No","No"
"5294-DMSFH",True,"No","Fiber optic","No","No","No","No","Yes","Yes"
"4837-PZTIC",False,"No phone service","DSL","Yes","No","Yes","Yes","No","No"
"0603-OLQDC",True,"No","DSL","Yes","No","No","No","Yes","Yes"
"3272-VUHPV",True,"No","DSL","No","Yes","No","Yes","No","No"
"4176-FXYBO",True,"Yes","Fiber optic","Yes","Yes","Yes","No","Yes","Yes"
"1063-DHQJF",True,"No","Fiber optic","No","Yes","No","Yes","Yes","No"
"8663-UPDGF",True,"Yes","DSL","Yes","Yes","No","No","Yes","No"
"6719-FGEDO",True,"Yes","Fiber optic","Yes","Yes","Yes","Yes","No","No"
"1837-YQUCE",False,"No phone service","DSL","Yes","No","Yes","Yes","Yes","Yes"
"0369-ZGOVK",True,"No","Fiber optic","No","No","No","No","No","No"
"9919-KNPOO",True,"Yes","Fiber optic","No","No","No","No","Yes","Yes"
"7872-BAAZR",True,"No","No","No internet service","No internet service","No internet service","No internet service","No internet service","No internet service"
"9391-LMANN",True,"No","Fiber optic","Yes","Yes","Yes","No","No","Yes"
"8174-TBVCF",True,"Yes","DSL","Yes","Yes","Yes","Yes","Yes","Yes"
"1698-XFZCI",True,"Yes","Fiber optic","Yes","Yes","Yes","No","Yes","Yes"
"1877-HKBQX",True,"No","DSL","Yes","No","No","Yes","No","No"
"4450-DLLMH",True,"No","Fiber optic","No","No","No","No","No","No"
"0428-AXXLJ",True,"No","No","No internet service","No internet service","No internet service","No internet service","No internet service","No internet service"
"2746-DIJLO",True,"Yes","DSL","No","Yes","No","No","No","No"
"3508-VLHCZ",True,"Yes","DSL","Yes","Yes","Yes","Yes","Yes","Yes"
"4086-ATNFV",True,"No","DSL","Yes","Yes","Yes","No","No","No"
"0468-YRPXN",True,"No","Fiber optic","No","No","Yes","Yes","Yes","Yes"
"5996-NRVXR",True,"No","Fiber optic","Yes","Yes","Yes","Yes","Yes","No"
"3739-YBWAB",False,"No phone service","DSL","Yes","No","Yes","No","No","No"
"7047-FWEYA",True,"Yes","Fiber optic","No","Yes","No","Yes","Yes","Yes"
"2000-MPKCA",True,"Yes","Fiber optic","Yes","Yes","Yes","No","Yes","Yes"
"9762-YAQAA",True,"Yes","Fiber optic","No","Yes","No","No","No","No"
"5473-KHBPS",True,"Yes","Fiber optic","No","Yes","Yes","No","Yes","No"
"0100-DUVFC",True,"Yes","Fiber optic","No","Yes","Yes","No","Yes","Yes"
"5397-TUPSH",True,"No","Fiber optic","No","No","No","No","No","No"
"8950-MTZNV",True,"No","DSL","No","No","No","No","No","No"
"0326-VDYXE",True,"Yes","Fiber optic","No","No","Yes","No","Yes","Yes"
"6773-LQTVT",False,"No phone service","DSL","No","Yes","Yes","No","No","No"
"0436-TWFFZ",True,"Yes","DSL","Yes","No","Yes","Yes","Yes","Yes"
"8566-YPRGL",True,"No","No","No internet service","No internet service","No internet service","No internet service","No internet service","No internet service"
"6609-MXJHJ",True,"Yes","No","No internet service","No internet service","No internet service","No internet service","No internet service","No internet service"
"2669-OIDSD",True,"No","Fiber optic","No","No","Yes","Yes","Yes","Yes"
"8400-WZICQ",True,"No","DSL","Yes","Yes","No","No","No","No"
"9576-SYUHJ",True,"Yes","Fiber optic","Yes","No","No","No","Yes","No"
"0410-IPFTY",True,"No","Fiber optic","No","Yes","No","No","No","Yes"
"2831-EBWRN",True,"No","DSL","No","No","No","No","No","No"
"9430-NKQLY",True,"Yes","No","No internet service","No internet service","No internet service","No internet service","No internet service","No internet service"
"0247-SLUJI",True,"No","No","No internet service","No internet service","No internet service","No internet service","No internet service","No internet service"
"9402-ORRAH",True,"No","Fiber optic","No","No","No","No","Yes","Yes"
"6483-OATDN",True,"No","DSL","Yes","No","No","No","No","No"
"1293-HHSHJ",True,"No","No","No internet service","No internet service","No internet service","No internet service","No internet service","No internet service"
"4840-ORQXB",True,"Yes","Fiber optic","No","Yes","Yes","No","Yes","Yes"
"3982-DQLUS",True,"Yes","Fiber optic","Yes","Yes","No","No","No","No"
"8610-ZIKJJ",True,"No","No","No internet service","No internet service","No internet service","No internet service","No internet service","No internet service"
"3756-VNWDH",True,"Yes","Fiber optic","Yes","No","No","No","Yes","Yes"
"7801-KICAO",True,"Yes","Fiber optic","No","No","No","No","No","No"
"7673-LPRNY",True,"Yes","DSL","Yes","No","Yes","No","Yes","Yes"
"6060-QBMGV",True,"No","No","No internet service","No internet service","No internet service","No internet service","No internet service","No internet service"
"7339-POGZN",True,"Yes","DSL","No","No","No","No","No","No"
"2828-SLQPF",True,"No","DSL","No","No","No","No","No","No"
"4465-VDKIQ",True,"No","Fiber optic","No","Yes","Yes","No","No","No"
"2921-XWDJH",True,"No","Fiber optic","Yes","No","No","No","No","Yes"
"2558-BUOZZ",True,"Yes","Fiber optic","Yes","Yes","No","No","Yes","No"
"3038-PQIUY",True,"Yes","DSL","Yes","Yes","Yes","No","No","No"
"7306-YDSOI",True,"No","DSL","Yes","Yes","Yes","No","No","No"
"9257-AZMTZ",True,"No","No","No internet service","No internet service","No internet service","No internet service","No internet service","No internet service"
"0003-MKNFE",True,"Yes","DSL","No","No","No","No","No","Yes"
"0975-UYDTX",True,"Yes","DSL","Yes","Yes","Yes","Yes","Yes","Yes"
"4682-BLBUC",True,"No","DSL","No","Yes","Yes","Yes","Yes","No"
"0975-VOOVL",False,"No phone service","DSL","No","Yes","No","No","No","No"
"5968-VXZLG",True,"No","DSL","No","No","No","No","No","No"
"5201-FRKKS",True,"No","Fiber optic","Yes","No","No","No","No","No"
"9799-CAYJJ",True,"No","Fiber optic","No","No","No","No","No","No"
"5443-SCMKX",True,"Yes","Fiber optic","No","Yes","Yes","No","No","Yes"
"8295-KMENE",True,"Yes","DSL","Yes","No","Yes","Yes","Yes","No"
"6738-ISCBM",False,"No phone service","DSL","Yes","No","Yes","No","Yes","Yes"
"9821-BESNZ",True,"Yes","Fiber optic","No","Yes","No","Yes","Yes","Yes"
"3678-MNGZX",True,"No","No","No internet service","No internet service","No internet service","No internet service","No internet service","No internet service"
"1335-NTIUC",False,"No phone service","DSL","No","No","No","No","No","No"
"2916-BQZLN",True,"Yes","Fiber optic","Yes","No","Yes","No","No","No"
"4558-CGYCZ",True,"No","No","No internet service","No internet service","No internet service","No internet service","No internet service","No internet service"
"2368-GAKKQ",True,"Yes","Fiber optic","Yes","Yes","Yes","Yes","Yes","Yes"
"8710-YGLWG",True,"No","DSL","No","No","No","No","No","No"
"3199-XGZCY",True,"Yes","Fiber optic","No","No","No","No","No","No"
"3785-KTYSH",True,"Yes","No","No internet service","No internet service","No internet service","No internet service","No internet service","No internet service"
"6814-ZPWFQ",True,"Yes","No","No internet service","No internet service","No internet service","No internet service","No internet service","No internet service"
"4063-EIKNQ",True,"No","No","No internet service","No internet service","No internet service","No internet service","No internet service","No internet service"
"6993-YCOBK",True,"Yes","Fiber optic","Yes","No","Yes","Yes","Yes","Yes"
"5206-HPJKM",True,"No","DSL","Yes","Yes","No","No","No","No"
"8393-JMVMB",True,"No","No","No internet service","No internet service","No internet service","No internet service","No internet service","No internet service"
"5019-GQVCR",True,"Yes","Fiber optic","No","No","No","No","Yes","No"
"6036-TTFYU",True,"No","No","No internet service","No internet service","No internet service","No internet service","No internet service","No internet service"
"2550-AEVRU",True,"No","DSL","Yes","Yes","No","No","No","No"
"0969-RGKCU",True,"No","No","No internet service","No internet service","No internet service","No internet service","No internet service","No internet service"
"0378-CJKPV",True,"Yes","Fiber optic","Yes","Yes","Yes","Yes","Yes","Yes"
"2880-FPNAE",True,"No","Fiber optic","No","No","Yes","No","No","No"
"1703-MGIAB",True,"Yes","DSL","No","No","Yes","Yes","Yes","No"
"4311-QTTAI",True,"No","No","No internet service","No internet service","No internet service","No internet service","No internet service","No internet service"
"4318-RAJVY",True,"No","No","No internet service","No internet service","No internet service","No internet service","No internet service","No internet service"
"3612-YUNGG",True,"Yes","Fiber optic","No","Yes","Yes","Yes","Yes","Yes"
"2254-DLXRI",True,"Yes","Fiber optic","No","Yes","No","No","No","No"
"5062-CJJKH",True,"No","DSL","No","Yes","Yes","No","No","No"
"9028-LIHRP",True,"No","Fiber optic","Yes","Yes","Yes","Yes","Yes","No"
"1053-MXTTK",True,"No","Fiber optic","Yes","Yes","Yes","Yes","Yes","Yes"
"1301-LOPVR",False,"No phone service","DSL","Yes","Yes","Yes","Yes","No","Yes"
"0853-TWRVK",True,"Yes","Fiber optic","Yes","Yes","Yes","Yes","No","Yes"
"6212-ATMLK",True,"Yes","Fiber optic","No","No","No","No","Yes","Yes"
"8200-LGKSR",True,"Yes","DSL","Yes","No","Yes","Yes","Yes","Yes"
"1568-BEKZM",True,"Yes","DSL","Yes","Yes","Yes","Yes","Yes","Yes"
"0670-ANMUU",True,"Yes","Fiber optic","Yes","No","No","Yes","No","Yes"
"6897-RWMUB",True,"No","DSL","Yes","Yes","Yes","Yes","No","No"
"6999-CHVCF",True,"Yes","Fiber optic","Yes","Yes","Yes","No","No","Yes"
"6134-KWTBV",True,"Yes","No","No internet service","No internet service","No internet service","No internet service","No internet service","No internet service"
"1077-HUUJM",True,"No","Fiber optic","No","No","No","No","No","No"
"0895-LNKRC",True,"No","No","No internet service","No internet service","No internet service","No internet service","No internet service","No internet service"
"2045-BMBTJ",False,"No phone service","DSL","Yes","Yes","Yes","No","Yes","Yes"
"8417-GSODA",True,"Yes","Fiber optic","No","No","No","No","Yes","Yes"
"5171-EPLKN",True,"No","No","No internet service","No internet service","No internet service","No internet service","No internet service","No internet service"
"4452-QIIEB",True,"No","DSL","No","No","No","No","No","No"
"6741-EGCBI",True,"Yes","Fiber optic","Yes","No","No","No","No","Yes"
"7820-ZYGNY",True,"Yes","Fiber optic","No","Yes","No","No","No","Yes"
"9677-AVKED",True,"Yes","DSL","No","Yes","Yes","Yes","Yes","Yes"
"2227-JRSJX",True,"No","Fiber optic","No","Yes","No","Yes","Yes","Yes"
"9847-HNVGP",True,"No","No","No internet service","No internet service","No internet service","No internet service","No internet service","No internet service"
"6696-YDAYZ",True,"No","No","No internet service","No internet service","No internet service","No internet service","No internet service","No internet service"
"8980-WQFWL",True,"No","DSL","No","No","Yes","No","No","Yes"
"1730-ZMAME",True,"No","Fiber optic","No","No","No","No","No","Yes"
"6506-EYCNH",True,"No","No","No internet service","No internet service","No internet service","No internet service","No internet service","No internet service"
"4634-JLRJT",True,"No","No","No internet service","No internet service","No internet service","No internet service","No internet service","No internet service"
"9501-UKKNL",False,"No phone service","DSL","No","No","No","Yes","Yes","Yes"
"2560-QTSBS",True,"Yes","No","No internet service","No internet service","No internet service","No internet service","No internet service","No internet service"
"4795-WRNVT",True,"No","DSL","Yes","Yes","No","No","Yes","No"
"7860-UXCRM",True,"No","DSL","Yes","Yes","Yes","Yes","Yes","No"
"6357-JJPQT",True,"No","Fiber optic","No","No","No","No","Yes","No"
"2292-XQWSV",False,"No phone service","DSL","No","Yes","Yes","Yes","Yes","Yes"
"9552-TGUZV",True,"No","Fiber optic","Yes","No","No","No","No","No"
"5913-INRQV",True,"No","Fiber optic","Yes","No","No","Yes","Yes","No"
"9643-YBLUR",True,"Yes","DSL","No","Yes","Yes","No","No","Yes"
"8734-FNWVH",True,"Yes","DSL","No","No","No","No","No","Yes"
"9447-YPTBX",True,"No","No","No internet service","No internet service","No internet service","No internet service","No internet service","No internet service"
"9026-LHEVG",False,"No phone service","DSL","No","Yes","No","No","No","Yes"
"7011-CVEUC",True,"No","Fiber optic","No","No","No","Yes","Yes","Yes"
"6185-TASNN",True,"No","DSL","No","No","No","No","No","No"
"7925-PNRGI",True,"Yes","DSL","Yes","Yes","Yes","Yes","Yes","No"
"1552-CZCLL",True,"No","No","No internet service","No internet service","No internet service","No internet service","No internet service","No internet service"
"9313-CDOGY",True,"No","No","No internet service","No internet service","No internet service","No internet service","No internet service","No internet service"
"8148-BPLZQ",True,"No","DSL","No","Yes","No","No","No","No"
"2623-DRYAM",True,"Yes","Fiber optic","No","No","Yes","No","Yes","Yes"
"9987-LUTYD",True,"No","DSL","Yes","No","No","Yes","No","No"
"4488-KQFDT",True,"Yes","Fiber optic","No","Yes","Yes","No","Yes","Yes"
"5693-PIPCS",True,"No","Fiber optic","No","Yes","No","Yes","Yes","Yes"
"0491-KAPQG",True,"Yes","Fiber optic","No","No","No","No","No","No"
"1925-LFCZZ",False,"No phone service","DSL","No","No","Yes","No","Yes","Yes"
"8039-EQPIM",False,"No phone service","DSL","Yes","No","Yes","Yes","Yes","Yes"
"8707-RMEZH",True,"No","Fiber optic","Yes","Yes","No","No","No","Yes"
"3209-ZPKFI",True,"Yes","DSL","No","Yes","No","No","No","No"
"6479-VDGRK",True,"No","DSL","Yes","Yes","Yes","Yes","Yes","Yes"
"9373-WSLOY",False,"No phone service","DSL","No","Yes","Yes","Yes","Yes","No"
"3569-JFODW",True,"Yes","DSL","Yes","Yes","Yes","Yes","Yes","Yes"
"9819-FBNSV",True,"No","Fiber optic","No","No","No","No","No","No"
"9544-PYPSJ",True,"Yes","Fiber optic","No","Yes","Yes","No","No","Yes"
"1591-XWLGB",True,"No","No","No internet service","No internet service","No internet service","No internet service","No internet service","No internet service"
"0396-UKGAI",True,"No","DSL","No","Yes","No","Yes","No","No"
"3243-ZHOHY",True,"No","No","No internet service","No internet service","No internet service","No internet service","No internet service","No internet service"
"5186-EJEGL",True,"No","DSL","Yes","No","Yes","Yes","Yes","No"
"7527-QNRUS",True,"Yes","No","No internet service","No internet service","No internet service","No internet service","No internet service","No internet service"
"2203-GHNWN",True,"Yes","Fiber optic","No","No","Yes","No","No","No"
"3878-AVSOQ",True,"No","Fiber optic","No","No","No","No","No","No"
"3258-SYSWS",True,"Yes","Fiber optic","Yes","Yes","Yes","Yes","Yes","Yes"
"5296-PSYVW",True,"Yes","No","No internet service","No internet service","No internet service","No internet service","No internet service","No internet service"
"6319-QSUSR",True,"No","No","No internet service","No internet service","No internet service","No internet service","No internet service","No internet service"
"0512-FLFDW",True,"Yes","Fiber optic","No","No","Yes","No","Yes","Yes"
"0487-CRLZF",True,"No","DSL","No","No","Yes","Yes","Yes","Yes"
"2107-FBPTK",True,"Yes","Fiber optic","No","Yes","Yes","No","Yes","Yes"
"9451-WLYRI",True,"No","No","No internet service","No internet service","No internet service","No internet service","No internet service","No internet service"
"8219-VYBVI",True,"Yes","No","No internet service","No internet service","No internet service","No internet service","No internet service","No internet service"
"1991-VOPLL",True,"No","No","No internet service","No internet service","No internet service","No internet service","No internet service","No internet service"
"9738-QLWTP",True,"No","Fiber optic","No","No","Yes","Yes","No","No"
"1016-DJTSV",True,"No","Fiber optic","No","No","No","No","No","No"
"9419-IPPBE",True,"Yes","Fiber optic","No","No","Yes","No","No","Yes"
"0174-QRVVY",True,"Yes","No","No internet service","No internet service","No internet service","No internet service","No internet service","No internet service"
"5699-BNCAS",True,"Yes","No","No internet service","No internet service","No internet service","No internet service","No internet service","No internet service"
"2900-PHPLN",True,"No","No","No internet service","No internet service","No internet service","No internet service","No internet service","No internet service"
"8106-GWQOK",False,"No phone service","DSL","Yes","Yes","No","Yes","Yes","Yes"
"8751-EDEKA",True,"No","Fiber optic","No","Yes","Yes","No","No","Yes"
"6878-GGDWG",True,"No","No","No internet service","No internet service","No internet service","No internet service","No internet service","No internet service"
"4039-PIMHX",True,"No","DSL","No","Yes","No","No","No","No"
"4227-OJHAL",True,"Yes","DSL","Yes","Yes","Yes","No","Yes","No"
"8450-LUGUK",True,"Yes","No","No internet service","No internet service","No internet service","No internet service","No internet service","No internet service"
"3604-WLABM",True,"No","DSL","No","No","Yes","Yes","No","No"
"0795-GMVQO",True,"Yes","Fiber optic","Yes","Yes","Yes","No","Yes","Yes"
"2259-OUUSZ",False,"No phone service","DSL","No","No","Yes","Yes","No","No"
"1142-IHLOO",True,"No","Fiber optic","No","No","No","No","Yes","Yes"
"4633-MKHYU",True,"No","Fiber optic","No","No","No","No","Yes","Yes"
"6257-RJOHI",True,"No","DSL","No","No","No","Yes","No","No"
"1545-JFUML",True,"Yes","Fiber optic","Yes","Yes","Yes","No","Yes","No"
"7826-VVKWT",True,"No","Fiber optic","No","No","Yes","No","Yes","Yes"
"1353-GHZOS",True,"No","DSL","Yes","No","No","No","Yes","No"
"2587-EKXTS",True,"Yes","Fiber optic","Yes","Yes","Yes","No","Yes","Yes"
"5442-BXVND",True,"Yes","No","No internet service","No internet service","No internet service","No internet service","No internet service","No internet service"
"9753-OYLBX",True,"No","No","No internet service","No internet service","No internet service","No internet service","No internet service","No internet service"
"2364-UFROM",True,"No","DSL","Yes","Yes","No","Yes","Yes","No"
"6656-JWRQX",False,"No phone service","DSL","No","No","No","Yes","No","No"
"6473-ULUHT",True,"Yes","DSL","Yes","Yes","No","Yes","Yes","Yes"
"7688-AWMDX",True,"No","DSL","Yes","No","No","Yes","No","No"
"2842-BCQGE",True,"Yes","Fiber optic","No","No","No","No","No","No"
"7244-QWYHG",False,"No phone service","DSL","Yes","No","No","Yes","Yes","No"
"5312-UXESG",True,"Yes","Fiber optic","No","No","Yes","No","Yes","Yes"
"2150-WLKUW",True,"Yes","DSL","No","Yes","No","No","Yes","No"
"7159-FVYPK",True,"Yes","DSL","No","Yes","Yes","No","Yes","No"
"7032-LMBHI",True,"Yes","DSL","Yes","No","No","No","Yes","No"
"6088-BXMRG",True,"Yes","Fiber optic","No","Yes","No","No","Yes","Yes"
"4821-SJHJV",True,"Yes","Fiber optic","Yes","No","No","No","Yes","No"
"7346-MEDWM",True,"Yes","Fiber optic","No","Yes","Yes","No","No","No"
"1137-DGOWI",True,"No","DSL","No","Yes","Yes","Yes","No","Yes"
"3812-LRZIR",True,"Yes","No","No internet service","No internet service","No internet service","No internet service","No internet service","No internet service"
"9483-GCPWE",True,"No","No","No internet service","No internet service","No internet service","No internet service","No internet service","No internet service"
"9220-CXRSC",True,"Yes","DSL","Yes","No","No","Yes","No","No"
"4993-JCRGJ",True,"Yes","Fiber optic","No","No","Yes","Yes","No","No"
"9537-JALFH",True,"No","No","No internet service","No internet service","No internet service","No internet service","No internet service","No internet service"
"6698-OXETB",True,"No","No","No internet service","No internet service","No internet service","No internet service","No internet service","No internet service"
"2103-ZRXFN",True,"Yes","DSL","No","No","No","No","No","No"
"3724-BSCVH",True,"No","No","No internet service","No internet service","No internet service","No internet service","No internet service","No internet service"
"4877-TSOFF",True,"Yes","DSL","Yes","Yes","No","Yes","No","Yes"
"9209-NWPGU",True,"No","DSL","Yes","No","No","Yes","Yes","No"
"5288-AHOUP",True,"No","Fiber optic","No","No","No","No","No","Yes"
"0655-YDGFJ",True,"No","DSL","No","No","Yes","No","No","No"
"8468-EHYJA",True,"Yes","Fiber optic","Yes","No","No","No","Yes","Yes"
"6823-SIDFQ",True,"No","No","No internet service","No internet service","No internet service","No internet service","No internet service","No internet service"
"1097-FSPVW",True,"No","DSL","Yes","No","Yes","No","No","No"
"8328-SKJNO",False,"No phone service","DSL","Yes","Yes","No","Yes","No","No"
"7010-ZMVBF",True,"No","No","No internet service","No internet service","No internet service","No internet service","No internet service","No internet service"
"5201-CBWYG",True,"Yes","No","No internet service","No internet service","No internet service","No internet service","No internet service","No internet service"
"6352-GIGGQ",True,"Yes","DSL","Yes","Yes","Yes","Yes","Yes","Yes"
"3635-QQRQD",True,"No","No","No internet service","No internet service","No internet service","No internet service","No internet service","No internet service"
"2897-DOVND",True,"No","Fiber optic","No","No","No","No","No","No"
"3082-YVEKW",True,"Yes","DSL","Yes","No","Yes","Yes","Yes","No"
"0191-EQUUH",False,"No phone service","DSL","Yes","No","No","Yes","No","No"
"7134-HBPBS",True,"Yes","Fiber optic","No","Yes","Yes","Yes","Yes","Yes"
"3489-HHPFY",True,"Yes","Fiber optic","No","No","No","No","Yes","No"
"2926-JEJJC",True,"No","No","No internet service","No internet service","No internet service","No internet service","No internet service","No internet service"
"4950-BDEUX",False,"No phone service","DSL","No","No","Yes","No","Yes","Yes"
"5789-LDFXO",True,"Yes","No","No internet service","No internet service","No internet service","No internet service","No internet service","No internet service"
"0508-OOLTO",True,"No","Fiber optic","No","No","No","No","No","No"
"2984-TBYKU",True,"Yes","Fiber optic","Yes","Yes","Yes","Yes","No","Yes"
"9822-WMWVG",True,"Yes","Fiber optic","Yes","Yes","Yes","Yes","Yes","No"
"9040-KZVWO",True,"No","Fiber optic","No","Yes","No","No","No","No"
"1548-ARAGG",True,"Yes","DSL","No","Yes","No","Yes","No","No"
"6339-RZCBJ",True,"No","DSL","No","Yes","Yes","Yes","Yes","Yes"
"4415-WNGVR",True,"No","DSL","Yes","No","Yes","Yes","Yes","Yes"
"2522-AHJXR",True,"Yes","Fiber optic","Yes","No","Yes","Yes","Yes","Yes"
"0412-UCCNP",True,"No","DSL","Yes","No","Yes","Yes","No","No"
"1816-FLZDK",False,"No phone service","DSL","No","No","No","Yes","No","No"
"7096-UCLNH",True,"No","No","No internet service","No internet service","No internet service","No internet service","No internet service","No internet service"
"4615-PIVVU",True,"No","DSL","No","No","Yes","Yes","No","Yes"
"8885-QSQBX",True,"No","DSL","Yes","No","No","No","No","No"
"8617-ENBDS",True,"No","Fiber optic","No","No","Yes","No","No","No"
"9385-NXKDA",True,"Yes","DSL","Yes","Yes","Yes","No","Yes","Yes"
"0430-IHCDJ",True,"Yes","DSL","No","No","No","No","No","No"
"6674-KVJHG",True,"Yes","No","No internet service","No internet service","No internet service","No internet service","No internet service","No internet service"
"1814-DKOLC",True,"Yes","No","No internet service","No internet service","No internet service","No internet service","No internet service","No internet service"
"9351-HXDMR",True,"Yes","Fiber optic","Yes","No","Yes","Yes","Yes","Yes"
"3537-HPKQT",True,"Yes","Fiber optic","No","Yes","No","No","No","No"
"2129-ALKBS",True,"Yes","No","No internet service","No internet service","No internet service","No internet service","No internet service","No internet service"
"5821-MMEIL",True,"No","No","No internet service","No internet service","No internet service","No internet service","No internet service","No internet service"
"1309-XGFSN",True,"Yes","DSL","No","Yes","Yes","No","Yes","Yes"
"6968-URWQU",True,"No","DSL","No","No","No","No","Yes","No"
"4742-TXUEX",True,"No","No","No internet service","No internet service","No internet service","No internet service","No internet service","No internet service"
"9631-XEYKE",True,"Yes","DSL","No","No","No","No","No","No"
"1335-MXCSE",True,"No","DSL","No","No","Yes","Yes","No","No"
"8873-TMKGR",True,"No","No","No internet service","No internet service","No internet service","No internet service","No internet service","No internet service"
"8800-JOOCF",True,"Yes","Fiber optic","No","No","No","No","Yes","No"
"1469-LBJQJ",True,"Yes","Fiber optic","No","Yes","Yes","No","Yes","Yes"
"0064-YIJGF",True,"Yes","Fiber optic","No","No","No","No","No","No"
"2386-OWURY",True,"No","Fiber optic","No","No","No","Yes","Yes","Yes"
"0310-VQXAM",True,"No","No","No internet service","No internet service","No internet service","No internet service","No internet service","No internet service"
"3453-RTHJQ",True,"No","Fiber optic","No","No","No","No","No","No"
"6278-FEPBZ",True,"No","No","No internet service","No internet service","No internet service","No internet service","No internet service","No internet service"
"4280-DLSHD",True,"No","DSL","No","Yes","Yes","No","No","No"
"1508-DFXCU",True,"No","Fiber optic","No","No","No","No","Yes","No"
"7868-BGSZA",True,"Yes","DSL","Yes","No","Yes","No","Yes","Yes"
"2800-QQUSO",True,"Yes","Fiber optic","No","No","No","Yes","Yes","Yes"
"7973-DZRKH",True,"Yes","Fiber optic","Yes","No","Yes","Yes","No","No"
"7698-YFGEZ",True,"No","No","No internet service","No internet service","No internet service","No internet service","No internet service","No internet service"
"9773-PEQBZ",True,"Yes","Fiber optic","No","Yes","No","No","No","No"
"0650-BWOZN",True,"No","Fiber optic","No","Yes","No","No","No","No"
"7785-RDVIG",True,"No","No","No internet service","No internet service","No internet service","No internet service","No internet service","No internet service"
"9602-WCXPI",True,"No","No","No internet service","No internet service","No internet service","No internet service","No internet service","No internet service"
"2903-YYTBW",True,"No","DSL","No","No","No","No","No","No"
"3620-MWJNE",True,"No","DSL","Yes","No","No","Yes","No","No"
"8573-JGCZW",True,"No","No","No internet service","No internet service","No internet service","No internet service","No internet service","No internet service"
"6837-HAEVO",True,"Yes","Fiber optic","No","Yes","Yes","No","Yes","Yes"
"6701-YVNQG",True,"Yes","DSL","Yes","Yes","Yes","Yes","Yes","Yes"
"4304-XUMGI",True,"Yes","DSL","Yes","Yes","Yes","No","No","Yes"
"9504-YAZWB",True,"No","No","No internet service","No internet service","No internet service","No internet service","No internet service","No internet service"
"8819-ZBYNA",True,"Yes","Fiber optic","Yes","Yes","No","Yes","Yes","Yes"
"6174-NRBTZ",False,"No phone service","DSL","Yes","No","No","No","No","No"
"9481-IEBZY",True,"Yes","Fiber optic","Yes","Yes","Yes","Yes","Yes","Yes"
"6137-NICCO",True,"Yes","Fiber optic","No","Yes","Yes","No","Yes","No"
"9065-ZCPQX",True,"Yes","DSL","Yes","Yes","Yes","Yes","No","Yes"
"6402-EJMWF",True,"No","DSL","No","No","No","No","No","Yes"
"9278-VZKCD",True,"Yes","Fiber optic","Yes","Yes","Yes","No","Yes","Yes"
"3620-EHIMZ",True,"No","No","No internet service","No internet service","No internet service","No internet service","No internet service","No internet service"
"3213-VVOLG",True,"Yes","No","No internet service","No internet service","No internet service","No internet service","No internet service","No internet service"
"6870-ECSHE",True,"No","No","No internet service","No internet service","No internet service","No internet service","No internet service","No internet service"
"8747-UDCOI",True,"No","No","No internet service","No internet service","No internet service","No internet service","No internet service","No internet service"
"4626-OZDTJ",True,"Yes","DSL","No","Yes","No","Yes","Yes","Yes"
"9169-BSVIN",True,"Yes","DSL","No","No","Yes","No","Yes","Yes"
"8194-PEEBY",True,"No","No","No internet service","No internet service","No internet service","No internet service","No internet service","No internet service"
"6872-HXFNF",True,"Yes","DSL","No","No","Yes","Yes","No","No"
"7714-YXSMB",True,"Yes","Fiber optic","No","No","Yes","No","Yes","Yes"
"8387-UGUSU",True,"No","No","No internet service","No internet service","No internet service","No internet service","No internet service","No internet service"
"1080-BWSYE",True,"Yes","No","No internet service","No internet service","No internet service","No internet service","No internet service","No internet service"
"1194-HVAIF",True,"Yes","Fiber optic","No","No","No","No","Yes","Yes"
"1767-TGTKO",True,"No","DSL","No","No","No","No","No","No"
"8439-LTUGF",True,"No","No","No internet service","No internet service","No internet service","No internet service","No internet service","No internet service"
"8805-JNRAZ",True,"No","DSL","No","Yes","No","No","No","No"
"6418-HNFED",True,"No","DSL","Yes","Yes","Yes","Yes","Yes","Yes"
"0206-OYVOC",True,"No","No","No internet service","No internet service","No internet service","No internet service","No internet service","No internet service"
"7291-CDTMJ",True,"No","No","No internet service","No internet service","No internet service","No internet service","No internet service","No internet service"
"7128-GGCNO",True,"Yes","Fiber optic","No","No","No","No","No","No"
"0237-YFUTL",True,"Yes","Fiber optic","Yes","Yes","No","Yes","Yes","Yes"
"7691-KGKGP",True,"No","DSL","No","Yes","No","Yes","Yes","No"
"6710-HSJRD",True,"Yes","Fiber optic","No","Yes","Yes","Yes","Yes","Yes"
"3675-EQOZA",True,"No","No","No internet service","No internet service","No internet service","No internet service","No internet service","No internet service"
"0840-DCNZE",True,"No","DSL","Yes","Yes","Yes","Yes","Yes","Yes"
"1732-FEKLD",True,"Yes","Fiber optic","No","Yes","Yes","No","Yes","No"
"9862-KJTYK",False,"No phone service","DSL","No","No","No","No","No","No"
"0479-HMSWA",True,"No","Fiber optic","No","Yes","Yes","Yes","Yes","Yes"
"5854-KSRBJ",True,"Yes","No","No internet service","No internet service","No internet service","No internet service","No internet service","No internet service"
"0365-BZUWY",True,"Yes","Fiber optic","No","Yes","Yes","No","Yes","Yes"
"5701-SVCWR",True,"Yes","No","No internet service","No internet service","No internet service","No internet service","No internet service","No internet service"
"3129-AAQOU",True,"Yes","No","No internet service","No internet service","No internet service","No internet service","No internet service","No internet service"
"4922-CVPDX",True,"No","DSL","No","Yes","Yes","No","Yes","Yes"
"1357-BIJKI",True,"Yes","Fiber optic","No","Yes","No","No","Yes","Yes"
"1099-BTKWT",False,"No phone service","DSL","Yes","No","Yes","No","Yes","Yes"
"2018-PZKMU",True,"No","Fiber optic","No","No","Yes","Yes","Yes","Yes"
"7340-KEFQE",False,"No phone service","DSL","Yes","No","No","Yes","No","No"
"4570-QHXHL",True,"No","DSL","No","No","No","No","No","No"
"7392-YYPYJ",True,"Yes","Fiber optic","No","Yes","No","No","Yes","Yes"
"2223-GDSHL",True,"Yes","Fiber optic","Yes","Yes","Yes","Yes","Yes","Yes"
"9470-RTWDV",True,"Yes","DSL","No","No","Yes","Yes","Yes","Yes"
"2176-OSJUV",True,"Yes","DSL","Yes","Yes","No","Yes","No","No"
"9348-YVOMK",True,"No","DSL","No","No","No","No","No","No"
"8104-OSKWT",True,"Yes","Fiber optic","Yes","No","No","No","No","No"
"4521-YEEHE",True,"Yes","Fiber optic","No","No","No","Yes","Yes","No"
"4090-KPJIP",True,"Yes","Fiber optic","No","No","No","No","No","No"
"3786-WOVKF",True,"Yes","Fiber optic","Yes","Yes","No","No","Yes","Yes"
"2592-HODOV",True,"No","No","No internet service","No internet service","No internet service","No internet service","No internet service","No internet service"
"7995-ZHHNZ",True,"Yes","DSL","Yes","No","No","No","No","No"
"3824-RHKVR",True,"No","No","No internet service","No internet service","No internet service","No internet service","No internet service","No internet service"
"5816-SCGFC",True,"No","DSL","No","Yes","No","No","No","No"
"5989-AXPUC",True,"Yes","Fiber optic","Yes","Yes","Yes","Yes","Yes","Yes"
"4979-HPRFL",True,"Yes","No","No internet service","No internet service","No internet service","No internet service","No internet service","No internet service"
"8590-OHDIW",True,"No","No","No internet service","No internet service","No internet service","No internet service","No internet service","No internet service"
"8015-IHCGW",True,"Yes","Fiber optic","Yes","Yes","Yes","Yes","Yes","Yes"
"2332-TODQS",True,"Yes","No","No internet service","No internet service","No internet service","No internet service","No internet service","No internet service"
"8008-OTEZX",True,"No","No","No internet service","No internet service","No internet service","No internet service","No internet service","No internet service"
"2773-OVBPK",True,"Yes","Fiber optic","No","Yes","Yes","Yes","Yes","Yes"
"5999-LCXAO",False,"No phone service","DSL","Yes","No","No","No","No","No"
"5206-XZZQI",True,"No","Fiber optic","No","Yes","No","Yes","No","No"
"4803-LBYPN",True,"No","No","No internet service","No internet service","No internet service","No internet service","No internet service","No internet service"
"2139-FQHLM",True,"No","Fiber optic","No","No","Yes","Yes","Yes","No"
"8261-GWDBQ",True,"Yes","Fiber optic","Yes","Yes","Yes","Yes","Yes","Yes"
"1093-YSWCA",True,"No","No","No internet service","No internet service","No internet service","No internet service","No internet service","No internet service"
"3882-IYOIJ",True,"Yes","Fiber optic","Yes","Yes","Yes","Yes","Yes","Yes"
"8749-TZYEC",True,"Yes","No","No internet service","No internet service","No internet service","No internet service","No internet service","No internet service"
"1755-FZQEC",True,"No","No","No internet service","No internet service","No internet service","No internet service","No internet service","No internet service"
"3115-JPJDD",True,"No","Fiber optic","Yes","No","Yes","No","No","No"
"5600-KTXFM",True,"No","Fiber optic","No","No","No","No","No","No"
"6339-TBELP",True,"Yes","Fiber optic","No","No","Yes","Yes","No","No"
"7964-YESJC",True,"Yes","DSL","Yes","Yes","Yes","No","No","No"
"6173-GOLSU",True,"Yes","Fiber optic","No","No","No","No","Yes","Yes"
"9938-ZREHM",True,"Yes","DSL","No","Yes","No","Yes","No","Yes"
"7950-XWOVN",False,"No phone service","DSL","No","Yes","Yes","No","No","No"
"4647-MUZON",True,"No","Fiber optic","No","No","Yes","No","Yes","Yes"
"9702-AIUJO",True,"No","DSL","No","No","No","No","No","No"
"8849-PRIQJ",True,"Yes","Fiber optic","Yes","No","Yes","Yes","Yes","Yes"
"8851-RAGOV",True,"No","DSL","Yes","Yes","No","Yes","No","Yes"
"5396-IZEPB",True,"No","No","No internet service","No internet service","No internet service","No internet service","No internet service","No internet service"
"1729-VLAZJ",False,"No phone service","DSL","Yes","Yes","No","Yes","No","No"
"8285-ABVLB",True,"No","No","No internet service","No internet service","No internet service","No internet service","No internet service","No internet service"
"0701-TJSEF",True,"No","DSL","Yes","No","Yes","Yes","No","Yes"
"5712-VBOXD",True,"No","No","No internet service","No internet service","No internet service","No internet service","No internet service","No internet service"
"6629-LADHQ",True,"No","DSL","Yes","No","No","No","No","No"
"1559-DTODC",False,"No phone service","DSL","No","No","No","No","No","No"
"4797-MIWUM",True,"No","No","No internet service","No internet service","No internet service","No internet service","No internet service","No internet service"
"8720-RQSBJ",True,"No","DSL","No","No","No","No","No","No"
"4537-CIBHB",True,"No","No","No internet service","No internet service","No internet service","No internet service","No internet service","No internet service"
"4324-AHJKS",True,"No","DSL","Yes","No","Yes","No","No","No"
"4355-CVPVS",True,"No","Fiber optic","No","No","No","No","Yes","Yes"
"4495-LHSSK",True,"Yes","DSL","Yes","No","No","No","No","No"
"5915-ANOEI",True,"Yes","DSL","Yes","Yes","Yes","Yes","Yes","No"
"9861-PDSZP",True,"Yes","Fiber optic","No","Yes","Yes","Yes","Yes","Yes"
"7225-CBZPL",True,"Yes","Fiber optic","No","No","No","No","Yes","Yes"
"6704-UTUKK",False,"No phone service","DSL","No","No","No","No","Yes","Yes"
"2019-HDCZY",True,"Yes","Fiber optic","No","No","Yes","No","Yes","Yes"
"8788-DOXSU",True,"No","DSL","No","No","Yes","No","No","Yes"
"7404-JLKQG",True,"No","DSL","No","No","Yes","No","Yes","No"
"7421-ZLUPA",False,"No phone service","DSL","No","Yes","No","No","No","No"
"3274-NSDWE",True,"No","No","No internet service","No internet service","No internet service","No internet service","No internet service","No internet service"
"2632-IVXVF",True,"Yes","Fiber optic","Yes","No","Yes","Yes","Yes","Yes"
"3692-JHONH",True,"Yes","Fiber optic","No","Yes","Yes","No","Yes","Yes"
"8915-NNTRC",True,"Yes","Fiber optic","Yes","Yes","No","Yes","Yes","Yes"
"5914-GXMDA",True,"No","No","No internet service","No internet service","No internet service","No internet service","No internet service","No internet service"
"7463-IFMQU",True,"No","No","No internet service","No internet service","No internet service","No internet service","No internet service","No internet service"
"2920-RNCEZ",True,"No","Fiber optic","No","No","No","No","No","No"
"2541-YGPKE",True,"No","DSL","Yes","No","No","Yes","No","Yes"
"5382-TEMLV",True,"No","DSL","Yes","No","No","No","No","No"
"3441-CGZJH",False,"No phone service","DSL","Yes","No","Yes","Yes","Yes","Yes"
"9592-ERDKV",True,"Yes","DSL","Yes","No","Yes","No","Yes","Yes"
"4778-IZARL",True,"No","Fiber optic","Yes","Yes","Yes","Yes","Yes","Yes"
"0432-CAJZV",True,"No","Fiber optic","No","No","No","No","Yes","Yes"
"7008-LZVOZ",True,"Yes","No","No internet service","No internet service","No internet service","No internet service","No internet service","No internet service"
"1200-TUZHR",True,"Yes","Fiber optic","No","No","No","No","No","Yes"
"9365-CSLBQ",True,"Yes","No","No internet service","No internet service","No internet service","No internet service","No internet service","No internet service"
"5884-FBCTL",True,"Yes","No","No internet service","No internet service","No internet service","No internet service","No internet service","No internet service"
"7130-CTCUS",True,"No","DSL","Yes","Yes","No","No","No","No"
"6242-FEGFD",True,"Yes","Fiber optic","Yes","Yes","Yes","Yes","No","No"
"6194-HBGQN",True,"Yes","DSL","Yes","Yes","Yes","Yes","Yes","No"
"7634-WSWDB",False,"No phone service","DSL","Yes","No","No","No","No","Yes"
"6986-IXNDM",True,"No","Fiber optic","No","No","No","No","Yes","Yes"
"2987-BJXIK",True,"Yes","DSL","Yes","Yes","Yes","No","Yes","Yes"
"9769-TSBZE",True,"Yes","DSL","Yes","Yes","No","Yes","No","No"
"1395-WSWXR",True,"No","No","No internet service","No internet service","No internet service","No internet service","No internet service","No internet service"
"6023-GSSXW",True,"No","DSL","No","Yes","No","No","No","Yes"
"6752-APNJL",True,"No","DSL","Yes","Yes","No","No","No","No"
"0420-HLGXF",True,"Yes","Fiber optic","No","No","Yes","No","Yes","Yes"
"7446-KQISO",True,"Yes","Fiber optic","No","Yes","Yes","Yes","Yes","Yes"
"9823-EALYC",True,"Yes","DSL","Yes","Yes","Yes","Yes","Yes","No"
"0582-AVCLN",True,"No","No","No internet service","No internet service","No internet service","No internet service","No internet service","No internet service"
"5803-NQJZO",True,"Yes","DSL","Yes","Yes","Yes","Yes","No","No"
"2607-DHDAK",True,"No","No","No internet service","No internet service","No internet service","No internet service","No internet service","No internet service"
"1073-XXCZD",True,"Yes","No","No internet service","No internet service","No internet service","No internet service","No internet service","No internet service"
"0743-HRVFF",False,"No phone service","DSL","No","No","Yes","Yes","Yes","Yes"
"4006-HKYHO",True,"No","DSL","Yes","Yes","Yes","Yes","Yes","Yes"
"3727-JEZTU",True,"No","No","No internet service","No internet service","No internet service","No internet service","No internet service","No internet service"
"8143-ETQTI",True,"No","No","No internet service","No internet service","No internet service","No internet service","No internet service","No internet service"
"9667-TKTVZ",True,"Yes","DSL","No","No","No","Yes","No","No"
"3657-COGMW",True,"Yes","Fiber optic","Yes","Yes","Yes","No","Yes","Yes"
"8570-KLJYJ",True,"Yes","DSL","Yes","No","No","No","No","No"
"7754-IXRMC",True,"No","DSL","No","No","No","No","No","No"
"9473-CBZOP",True,"Yes","DSL","Yes","No","Yes","No","No","No"
"2969-WGHQO",True,"No","DSL","Yes","Yes","Yes","No","Yes","No"
"4334-HOWRP",False,"No phone service","DSL","Yes","Yes","Yes","Yes","Yes","Yes"
"5863-OOKCL",True,"No","No","No internet service","No internet service","No internet service","No internet service","No internet service","No internet service"
"1686-STUHN",True,"No","No","No internet service","No internet service","No internet service","No internet service","No internet service","No internet service"
"1329-VHWNP",False,"No phone service","DSL","No","No","No","No","No","No"
"0266-GMEAO",True,"Yes","Fiber optic","Yes","Yes","Yes","Yes","Yes","Yes"
"5574-NXZIU",True,"No","Fiber optic","Yes","Yes","Yes","Yes","Yes","Yes"
"0019-GFNTW",False,"No phone service","DSL","Yes","Yes","Yes","Yes","No","No"
"4256-ZWTZI",True,"No","DSL","No","No","No","Yes","No","No"
"8309-PPCED",True,"Yes","Fiber optic","No","Yes","Yes","Yes","Yes","Yes"
"4098-NAUKP",True,"Yes","Fiber optic","No","Yes","Yes","No","No","No"
"5196-WPYOW",True,"No","DSL","Yes","Yes","No","Yes","No","No"
"4608-LCIMN",True,"No","DSL","No","No","No","No","No","No"
"1485-YDHMM",True,"Yes","Fiber optic","No","Yes","No","Yes","No","Yes"
"4054-CUMIA",True,"No","No","No internet service","No internet service","No internet service","No internet service","No internet service","No internet service"
"0603-TPMIB",True,"Yes","No","No internet service","No internet service","No internet service","No internet service","No internet service","No internet service"
"2525-GVKQU",True,"No","No","No internet service","No internet service","No internet service","No internet service","No internet service","No internet service"
"8161-QYMTT",True,"Yes","Fiber optic","No","No","No","No","Yes","Yes"
"9581-GVBXT",False,"No phone service","DSL","Yes","No","Yes","No","No","No"
"5862-BRIXZ",False,"No phone service","DSL","Yes","No","Yes","Yes","Yes","Yes"
"5404-GGUKR",True,"No","DSL","No","Yes","No","No","No","No"
"3308-JSGML",False,"No phone service","DSL","Yes","No","Yes","Yes","Yes","Yes"
"2126-GSEGL",True,"Yes","DSL","No","Yes","Yes","Yes","Yes","Yes"
"0440-QEXBZ",True,"Yes","DSL","No","No","No","No","No","No"
"2434-EEVDB",True,"Yes","Fiber optic","Yes","No","Yes","No","Yes","No"
"6762-QVYJO",False,"No phone service","DSL","Yes","No","Yes","Yes","Yes","Yes"
"6199-IWKGC",True,"Yes","Fiber optic","No","No","No","Yes","Yes","Yes"
"2675-DHUTR",True,"Yes","Fiber optic","No","Yes","No","No","Yes","Yes"
"8152-VETUR",True,"Yes","Fiber optic","No","Yes","No","No","Yes","Yes"
"7446-YPODE",True,"Yes","DSL","Yes","Yes","No","No","No","No"
"9522-BNTHX",False,"No phone service","DSL","No","Yes","Yes","No","Yes","Yes"
"4676-WLUHT",False,"No phone service","DSL","Yes","Yes","No","No","No","Yes"
"7980-MHFLQ",True,"Yes","No","No internet service","No internet service","No internet service","No internet service","No internet service","No internet service"
"0757-WCUUZ",True,"Yes","DSL","No","No","Yes","No","No","Yes"
"1629-DQQVB",True,"No","DSL","Yes","No","No","No","No","No"
"0374-AACSZ",True,"No","DSL","Yes","No","No","No","No","No"
"4872-VXRIL",True,"Yes","DSL","Yes","Yes","No","Yes","No","No"
"9140-CZQZZ",True,"No","DSL","Yes","Yes","No","Yes","Yes","Yes"
"3423-HHXAO",True,"No","No","No internet service","No internet service","No internet service","No internet service","No internet service","No internet service"
"9938-TKDGL",True,"No","Fiber optic","Yes","No","No","Yes","Yes","Yes"
"0531-ZZJWQ",True,"Yes","Fiber optic","No","No","No","No","No","No"
"6537-QLGEX",False,"No phone service","DSL","Yes","No","No","No","Yes","No"
"2688-BHGOG",True,"No","Fiber optic","No","No","No","No","No","Yes"
"3160-TYXLT",False,"No phone service","DSL","Yes","Yes","No","No","No","Yes"
"1325-USMEC",True,"Yes","Fiber optic","Yes","Yes","Yes","No","Yes","No"
"0916-QOFDP",True,"Yes","Fiber optic","No","No","No","No","Yes","Yes"
"5606-AMZBO",True,"Yes","Fiber optic","Yes","No","No","No","No","No"
"6199-IPCAO",True,"Yes","No","No internet service","No internet service","No internet service","No internet service","No internet service","No internet service"
"5640-CAXOA",False,"No phone service","DSL","No","No","No","Yes","No","Yes"
"2235-EZAIK",True,"Yes","DSL","Yes","Yes","Yes","Yes","Yes","No"
"3847-BAERP",True,"No","No","No internet service","No internet service","No internet service","No internet service","No internet service","No internet service"
"1453-RZFON",True,"No","DSL","Yes","No","No","No","No","No"
"8263-OKETD",True,"Yes","DSL","No","Yes","No","Yes","No","Yes"
"0670-KDOMA",True,"No","No","No internet service","No internet service","No internet service","No internet service","No internet service","No internet service"
"2476-YGEFM",True,"Yes","Fiber optic","No","No","No","No","No","No"
"8687-BAFGU",True,"No","Fiber optic","No","No","No","Yes","No","No"
"0641-EVBOJ",True,"No","Fiber optic","Yes","No","No","Yes","No","No"
"0829-XXPLX",True,"No","Fiber optic","Yes","No","Yes","No","Yes","No"
"9974-JFBHQ",True,"No","Fiber optic","No","Yes","No","Yes","Yes","Yes"
"6624-JDRDS",False,"No phone service","DSL","Yes","No","No","No","No","No"
"0608-JDVEC",True,"No","No","No internet service","No internet service","No internet service","No internet service","No internet service","No internet service"
"9780-FKVVF",True,"No","DSL","Yes","No","No","No","No","Yes"
"1919-RTPQD",True,"No","DSL","No","No","No","No","No","No"
"5214-NLTIT",True,"Yes","Fiber optic","No","No","Yes","No","No","Yes"
"3345-PBBFH",True,"No","DSL","No","Yes","No","No","No","No"
"5055-BRMNE",True,"Yes","Fiber optic","Yes","No","No","Yes","Yes","Yes"
"2190-PHBHR",True,"Yes","Fiber optic","Yes","Yes","No","No","No","Yes"
"2650-GYRYL",True,"No","No","No internet service","No internet service","No internet service","No internet service","No internet service","No internet service"
"5208-FVQKB",True,"No","DSL","Yes","Yes","No","Yes","No","Yes"
"7184-LRUUR",True,"No","DSL","No","Yes","Yes","No","Yes","No"
"6627-CFOSN",True,"Yes","Fiber optic","Yes","Yes","Yes","No","No","Yes"
"3982-JGSFD",True,"No","No","No internet service","No internet service","No internet service","No internet service","No internet service","No internet service"
"1574-DYCWE",True,"No","No","No internet service","No internet service","No internet service","No internet service","No internet service","No internet service"
"7247-XOZPB",True,"Yes","DSL","Yes","No","Yes","Yes","Yes","No"
"2466-FCCPT",True,"No","No","No internet service","No internet service","No internet service","No internet service","No internet service","No internet service"
"6211-WWLTF",True,"No","Fiber optic","Yes","No","Yes","No","Yes","Yes"
"4826-TZEVA",True,"No","Fiber optic","No","Yes","No","No","No","No"
"6016-NXBNJ",True,"No","No","No internet service","No internet service","No internet service","No internet service","No internet service","No internet service"
"9138-EFSMO",True,"No","Fiber optic","No","No","No","No","No","Yes"
"4632-XJMEX",True,"No","DSL","Yes","Yes","No","Yes","No","No"
"8910-LEDAG",True,"No","Fiber optic","No","No","No","No","No","No"
"3452-GWUIN",True,"Yes","Fiber optic","No","No","No","No","Yes","Yes"
"2716-GFZOR",True,"No","Fiber optic","Yes","Yes","Yes","No","No","No"
"3724-UCSHY",True,"No","No","No internet service","No internet service","No internet service","No internet service","No internet service","No internet service"
"8626-XHBIE",True,"Yes","No","No internet service","No internet service","No internet service","No internet service","No internet service","No internet service"
"3192-LNKRK",True,"No","Fiber optic","No","No","Yes","No","Yes","No"
"4439-YRNVD",False,"No phone service","DSL","No","Yes","No","Yes","No","No"
"2208-UGTGR",True,"Yes","Fiber optic","No","Yes","No","No","Yes","Yes"
"3005-TYFRD",True,"Yes","Fiber optic","No","Yes","Yes","No","Yes","Yes"
"8670-MEFCP",True,"Yes","DSL","Yes","Yes","Yes","Yes","Yes","Yes"
"3079-BCHLN",True,"No","No","No internet service","No internet service","No internet service","No internet service","No internet service","No internet service"
"7777-UNYHB",True,"No","No","No internet service","No internet service","No internet service","No internet service","No internet service","No internet service"
"7278-CKDNC",True,"Yes","Fiber optic","No","Yes","No","No","No","No"
"8450-UYIBU",False,"No phone service","DSL","No","No","Yes","No","Yes","No"
"2969-VAPYH",True,"No","DSL","Yes","Yes","No","Yes","No","No"
"7181-OQCUT",True,"Yes","Fiber optic","Yes","No","Yes","No","Yes","Yes"
"8474-UMLNT",True,"No","DSL","Yes","Yes","No","Yes","No","Yes"
"3836-FZSDJ",True,"Yes","No","No internet service","No internet service","No internet service","No internet service","No internet service","No internet service"
"9142-XMYJH",True,"No","No","No internet service","No internet service","No internet service","No internet service","No internet service","No internet service"
"0187-QSXOE",True,"No","Fiber optic","No","No","No","No","Yes","Yes"
"7733-UDMTP",False,"No phone service","DSL","No","Yes","Yes","No","Yes","Yes"
"2649-HWLYB",True,"Yes","DSL","Yes","No","Yes","Yes","No","Yes"
"5214-CHIWJ",True,"No","No","No internet service","No internet service","No internet service","No internet service","No internet service","No internet service"
"6904-JLBGY",True,"Yes","Fiber optic","Yes","Yes","Yes","Yes","Yes","Yes"
"2465-BLLEU",True,"No","No","No internet service","No internet service","No internet service","No internet service","No internet service","No internet service"
"1685-VAYJF",True,"No","DSL","No","No","No","No","No","No"
"8874-EJNSR",True,"Yes","No","No internet service","No internet service","No internet service","No internet service","No internet service","No internet service"
"6917-YACBP",True,"Yes","Fiber optic","Yes","Yes","Yes","No","No","No"
"5049-MUBWG",True,"No","DSL","Yes","No","No","Yes","Yes","Yes"
"4223-WOZCM",True,"No","DSL","No","No","Yes","No","No","No"
"0769-MURVM",False,"No phone service","DSL","Yes","Yes","Yes","Yes","Yes","Yes"
"9253-VIFJQ",True,"Yes","DSL","Yes","Yes","Yes","No","No","No"
"7030-FZTFM",True,"Yes","Fiber optic","No","Yes","Yes","Yes","Yes","Yes"
"9741-YLNTD",True,"Yes","Fiber optic","No","No","No","Yes","No","Yes"
"5917-RYRMG",True,"No","No","No internet service","No internet service","No internet service","No internet service","No internet service","No internet service"
"5120-ZBLAI",True,"Yes","DSL","No","No","Yes","No","Yes","Yes"
"1194-BHJYC",False,"No phone service","DSL","Yes","No","Yes","Yes","Yes","Yes"
"0906-QVPMS",True,"Yes","Fiber optic","Yes","Yes","Yes","Yes","Yes","Yes"
"1905-OEILC",True,"No","No","No internet service","No internet service","No internet service","No internet service","No internet service","No internet service"
"7858-GTZSP",True,"Yes","Fiber optic","No","No","No","No","No","Yes"
"6248-BSHKG",True,"No","No","No internet service","No internet service","No internet service","No internet service","No internet service","No internet service"
"4685-TFLLS",True,"No","No","No internet service","No internet service","No internet service","No internet service","No internet service","No internet service"
"3470-BTGQO",True,"No","DSL","No","No","No","No","No","No"
"1209-VFFOC",False,"No phone service","DSL","Yes","Yes","Yes","Yes","No","Yes"
"8224-DWCKX",True,"Yes","Fiber optic","No","No","No","No","No","No"
"4553-DVPZG",True,"Yes","Fiber optic","No","No","Yes","No","Yes","Yes"
"6917-IAYHD",False,"No phone service","DSL","No","Yes","No","Yes","No","No"
"8620-RJPZN",True,"No","No","No internet service","No internet service","No internet service","No internet service","No internet service","No internet service"
"7572-KPVKK",True,"Yes","Fiber optic","No","No","Yes","Yes","Yes","Yes"
"2642-MAWLJ",True,"No","No","No internet service","No internet service","No internet service","No internet service","No internet service","No internet service"
"7103-ZGVNT",True,"Yes","DSL","Yes","Yes","No","Yes","Yes","No"
"2027-WKXMW",True,"Yes","Fiber optic","No","Yes","Yes","Yes","Yes","Yes"
"7137-NAXML",True,"No","No","No internet service","No internet service","No internet service","No internet service","No internet service","No internet service"
"2428-ZMCTB",True,"No","No","No internet service","No internet service","No internet service","No internet service","No internet service","No internet service"
"2961-VNFKL",True,"Yes","No","No internet service","No internet service","No internet service","No internet service","No internet service","No internet service"
"1768-HNVGJ",True,"Yes","DSL","Yes","No","No","Yes","No","Yes"
"6963-KQYQB",True,"Yes","No","No internet service","No internet service","No internet service","No internet service","No internet service","No internet service"
"5934-RMPOV",True,"Yes","Fiber optic","No","No","No","No","No","Yes"
"1207-BLKSA",True,"Yes","No","No internet service","No internet service","No internet service","No internet service","No internet service","No internet service"
"8316-BBQAY",False,"No phone service","DSL","Yes","No","Yes","Yes","Yes","Yes"
"1166-PQLGG",True,"No","No","No internet service","No internet service","No internet service","No internet service","No internet service","No internet service"
"3146-JTQHR",True,"No","No","No internet service","No internet service","No internet service","No internet service","No internet service","No internet service"
"4291-YZODP",True,"No","No","No internet service","No internet service","No internet service","No internet service","No internet service","No internet service"
"4395-PZMSN",True,"No","Fiber optic","No","Yes","No","No","No","Yes"
"6427-FEFIG",True,"Yes","DSL","Yes","No","Yes","No","Yes","Yes"
"0017-IUDMW",True,"Yes","Fiber optic","Yes","Yes","Yes","Yes","Yes","Yes"
"8706-HRADD",False,"No phone service","DSL","Yes","No","No","Yes","Yes","No"
"9955-QOPOY",False,"No phone service","DSL","No","Yes","Yes","Yes","Yes","Yes"
"4385-ZKVNW",True,"No","DSL","No","Yes","No","Yes","No","No"
"5446-DKWYW",True,"Yes","DSL","No","No","Yes","No","Yes","No"
"9031-ZVQPT",True,"Yes","Fiber optic","No","Yes","Yes","Yes","Yes","Yes"
"2990-IAJSV",True,"Yes","DSL","Yes","Yes","Yes","Yes","Yes","Yes"
"8107-KNCIM",True,"Yes","Fiber optic","No","No","No","No","No","No"
"9027-YFHQJ",True,"Yes","No","No internet service","No internet service","No internet service","No internet service","No internet service","No internet service"
"5176-LDKUH",True,"No","Fiber optic","No","Yes","No","No","No","No"
"4644-OBGFZ",True,"No","No","No internet service","No internet service","No internet service","No internet service","No internet service","No internet service"
"7926-IJOOU",True,"No","No","No internet service","No internet service","No internet service","No internet service","No internet service","No internet service"
"6480-YAGIY",True,"No","Fiber optic","Yes","Yes","Yes","Yes","Yes","Yes"
"4029-HPFVY",True,"No","Fiber optic","No","No","No","No","No","No"
"7602-DBTOU",True,"No","No","No internet service","No internet service","No internet service","No internet service","No internet service","No internet service"
"5345-BMKWB",True,"No","No","No internet service","No internet service","No internet service","No internet service","No internet service","No internet service"
"5457-COLHT",True,"No","DSL","Yes","Yes","No","Yes","Yes","Yes"
"5451-YHYPW",True,"Yes","Fiber optic","Yes","Yes","Yes","Yes","Yes","Yes"
"7998-WNZEM",True,"Yes","DSL","Yes","Yes","Yes","Yes","No","Yes"
"4664-NJCMS",False,"No phone service","DSL","Yes","No","Yes","Yes","Yes","Yes"
"0307-BCOPK",True,"No","No","No internet service","No internet service","No internet service","No internet service","No internet service","No internet service"
"7629-WFGLW",True,"Yes","Fiber optic","Yes","Yes","Yes","Yes","No","No"
"2542-HYGIQ",True,"No","No","No internet service","No internet service","No internet service","No internet service","No internet service","No internet service"
"5016-LIPDW",True,"No","No","No internet service","No internet service","No internet service","No internet service","No internet service","No internet service"
"6481-LXPWL",False,"No phone service","DSL","No","Yes","Yes","No","No","No"
"6124-ACRHJ",True,"No","No","No internet service","No internet service","No internet service","No internet service","No internet service","No internet service"
"9362-MWODR",True,"No","DSL","Yes","No","No","Yes","Yes","No"
"0595-ITUDF",True,"Yes","Fiber optic","Yes","Yes","Yes","No","No","No"
"9975-GPKZU",True,"No","No","No internet service","No internet service","No internet service","No internet service","No internet service","No internet service"
"9625-RZFUK",True,"No","No","No internet service","No internet service","No internet service","No internet service","No internet service","No internet service"
"5153-LXKDT",True,"Yes","Fiber optic","Yes","Yes","Yes","No","Yes","Yes"
"5161-UBZXI",True,"No","Fiber optic","Yes","Yes","No","Yes","Yes","Yes"
"1020-JPQOW",True,"Yes","Fiber optic","No","Yes","Yes","Yes","No","No"
"7919-ZODZZ",True,"No","DSL","No","Yes","Yes","No","No","Yes"
"0565-JUPYD",True,"Yes","Fiber optic","Yes","Yes","Yes","Yes","Yes","No"
"6867-ACCZI",False,"No phone service","DSL","Yes","Yes","Yes","Yes","No","Yes"
"5939-XAIXZ",True,"Yes","DSL","No","No","Yes","No","No","No"
"9054-FOWNV",True,"Yes","Fiber optic","No","No","Yes","No","Yes","No"
"8207-VVMYB",True,"Yes","No","No internet service","No internet service","No internet service","No internet service","No internet service","No internet service"
"9732-EQMWY",True,"No","Fiber optic","No","Yes","Yes","No","Yes","Yes"
"5269-NRGDP",True,"No","DSL","No","No","Yes","Yes","Yes","Yes"
"6195-MELTI",True,"No","DSL","No","Yes","No","Yes","No","No"
"2121-JAFOM",True,"Yes","Fiber optic","Yes","Yes","Yes","Yes","Yes","Yes"
"8818-DOPVL",True,"Yes","Fiber optic","No","Yes","Yes","No","Yes","Yes"
"1227-UDMZR",True,"Yes","DSL","Yes","Yes","Yes","Yes","Yes","Yes"
"5198-HQAEN",True,"No","Fiber optic","No","Yes","No","Yes","Yes","No"
"2167-FQSTQ",True,"Yes","DSL","Yes","Yes","Yes","Yes","Yes","Yes"
"2819-GWENI",True,"No","No","No internet service","No internet service","No internet service","No internet service","No internet service","No internet service"
"3572-UUHRS",True,"No","No","No internet service","No internet service","No internet service","No internet service","No internet service","No internet service"
"2692-PFYTJ",True,"Yes","No","No internet service","No internet service","No internet service","No internet service","No internet service","No internet service"
"6288-LBEAR",True,"No","Fiber optic","No","Yes","No","Yes","No","No"
"5955-EPOAZ",True,"No","No","No internet service","No internet service","No internet service","No internet service","No internet service","No internet service"
"6821-JPCDC",True,"No","Fiber optic","No","Yes","Yes","No","Yes","Yes"
"8815-LMFLX",True,"Yes","No","No internet service","No internet service","No internet service","No internet service","No internet service","No internet service"
"9135-HSWOC",True,"No","No","No internet service","No internet service","No internet service","No internet service","No internet service","No internet service"
"8582-KRHPJ",False,"No phone service","DSL","Yes","Yes","No","No","No","No"
"5811-IWXYM",True,"Yes","Fiber optic","No","No","Yes","No","Yes","Yes"
"7044-YAACC",True,"No","Fiber optic","No","No","No","No","No","No"
"8189-XRIKE",True,"No","Fiber optic","No","No","No","No","Yes","Yes"
"1506-YJTYT",True,"Yes","DSL","Yes","Yes","No","Yes","Yes","No"
"4123-DVHPH",True,"Yes","Fiber optic","Yes","No","No","No","No","Yes"
"2228-BZDEE",True,"No","No","No internet service","No internet service","No internet service","No internet service","No internet service","No internet service"
"2789-CZANW",True,"Yes","Fiber optic","Yes","Yes","No","Yes","Yes","Yes"
"7596-LDUXP",True,"No","Fiber optic","Yes","No","No","No","Yes","No"
"3740-RLMVT",True,"No","DSL","Yes","Yes","No","Yes","No","No"
"2192-OZITF",True,"Yes","DSL","Yes","No","No","Yes","No","Yes"
"5651-CPDND",True,"No","DSL","No","No","No","No","No","No"
"2186-QZEYA",True,"Yes","DSL","Yes","Yes","No","No","No","No"
"1131-ALZWV",True,"Yes","No","No internet service","No internet service","No internet service","No internet service","No internet service","No internet service"
"7729-XBTWX",True,"No","No","No internet service","No internet service","No internet service","No internet service","No internet service","No internet service"
"9134-WYRVP",True,"No","Fiber optic","Yes","No","No","No","Yes","No"
"3284-SVCRO",True,"Yes","No","No internet service","No internet service","No internet service","No internet service","No internet service","No internet service"
"9732-OUYRN",True,"No","No","No internet service","No internet service","No internet service","No internet service","No internet service","No internet service"
"0559-CKHUS",True,"No","No","No internet service","No internet service","No internet service","No internet service","No internet service","No internet service"
"2931-SVLTV",True,"Yes","Fiber optic","Yes","Yes","No","Yes","Yes","Yes"
"7504-UWHNB",True,"No","Fiber optic","No","No","No","No","No","No"
"2582-FFFZR",False,"No phone service","DSL","No","No","Yes","No","Yes","Yes"
"8908-NMQTX",False,"No phone service","DSL","Yes","Yes","Yes","Yes","Yes","Yes"
"1431-AIDJQ",True,"No","DSL","No","Yes","Yes","Yes","Yes","Yes"
"8413-YNHNV",True,"Yes","DSL","Yes","Yes","Yes","Yes","Yes","Yes"
"5808-TOTXO",True,"No","No","No internet service","No internet service","No internet service","No internet service","No internet service","No internet service"
"4369-NYSCF",True,"No","DSL","No","Yes","No","Yes","Yes","Yes"
"6333-YDVLT",True,"Yes","Fiber optic","Yes","No","Yes","Yes","Yes","Yes"
"5324-KTGCG",True,"No","No","No internet service","No internet service","No internet service","No internet service","No internet service","No internet service"
"5599-HVLTW",True,"Yes","Fiber optic","No","No","Yes","No","No","No"
"7394-LWLYN",True,"No","Fiber optic","No","No","No","No","No","No"
"6873-UDNLD",True,"No","DSL","Yes","No","Yes","No","No","Yes"
"2700-LUEVA",True,"No","No","No internet service","No internet service","No internet service","No internet service","No internet service","No internet service"
"0958-YHXGP",True,"No","Fiber optic","No","No","No","No","No","No"
"1101-SSWAG",True,"Yes","DSL","No","No","No","No","No","No"
"5743-KHMNA",True,"Yes","No","No internet service","No internet service","No internet service","No internet service","No internet service","No internet service"
"4194-FJARJ",True,"Yes","DSL","Yes","No","No","Yes","No","No"
"5325-UWTWJ",True,"Yes","Fiber optic","Yes","Yes","No","Yes","No","No"
"3969-GYXEL",True,"No","Fiber optic","Yes","No","No","No","No","No"
"9208-OLGAQ",True,"No","Fiber optic","No","No","Yes","No","No","Yes"
"3244-CQPHU",True,"Yes","Fiber optic","Yes","Yes","No","Yes","Yes","Yes"
"2674-MLXMN",True,"Yes","Fiber optic","No","Yes","No","No","Yes","Yes"
"9708-HPXWZ",False,"No phone service","DSL","No","No","Yes","Yes","Yes","No"
"6992-TKNYO",True,"Yes","DSL","No","No","Yes","Yes","No","Yes"
"4468-YDOVK",True,"No","DSL","No","No","No","Yes","No","No"
"5792-JALQC",True,"Yes","DSL","Yes","No","Yes","No","No","No"
"2200-DSAAL",True,"Yes","DSL","No","Yes","Yes","No","Yes","Yes"
"4302-ZYFEL",True,"No","No","No internet service","No internet service","No internet service","No internet service","No internet service","No internet service"
"9351-LZYGF",True,"Yes","DSL","Yes","Yes","No","Yes","No","No"
"4366-CTOUZ",True,"No","Fiber optic","No","Yes","No","Yes","Yes","Yes"
"1518-OMDIK",True,"No","DSL","No","No","No","No","No","No"
"6671-NGWON",True,"No","No","No internet service","No internet service","No internet service","No internet service","No internet service","No internet service"
"1955-IBMMB",True,"No","No","No internet service","No internet service","No internet service","No internet service","No internet service","No internet service"
"0096-BXERS",True,"Yes","DSL","No","No","No","No","No","No"
"3806-YAZOV",True,"No","No","No internet service","No internet service","No internet service","No internet service","No internet service","No internet service"
"7998-ZLXWN",True,"No","No","No internet service","No internet service","No internet service","No internet service","No internet service","No internet service"
"6253-WRFHY",True,"No","DSL","No","No","No","No","Yes","Yes"
"9133-AYJZG",True,"Yes","Fiber optic","No","Yes","No","No","Yes","Yes"
"2675-OTVVJ",True,"Yes","Fiber optic","Yes","No","No","No","Yes","No"
"8680-CGLTP",True,"No","DSL","Yes","Yes","No","Yes","No","No"
"8430-TWCBX",True,"No","No","No internet service","No internet service","No internet service","No internet service","No internet service","No internet service"
"5018-GWURO",True,"Yes","Fiber optic","No","No","No","No","Yes","No"
"6741-QRLUP",True,"Yes","DSL","Yes","Yes","Yes","Yes","No","Yes"
"4737-HOBAX",True,"Yes","DSL","No","No","Yes","Yes","Yes","Yes"
"0537-QYZZN",True,"Yes","Fiber optic","Yes","No","No","No","No","No"
"3340-QBBFM",True,"No","DSL","No","No","Yes","Yes","No","No"
"8200-KLNYW",True,"No","DSL","Yes","No","Yes","Yes","Yes","Yes"
"3372-CDXFJ",True,"Yes","No","No internet service","No internet service","No internet service","No internet service","No internet service","No internet service"
"4781-ZXYGU",True,"No","No","No internet service","No internet service","No internet service","No internet service","No internet service","No internet service"
"7632-YUTXB",True,"No","No","No internet service","No internet service","No internet service","No internet service","No internet service","No internet service"
"2718-YSKCS",True,"No","No","No internet service","No internet service","No internet service","No internet service","No internet service","No internet service"
"9896-UYMIE",True,"Yes","Fiber optic","Yes","Yes","Yes","Yes","Yes","Yes"
"0853-NWIFK",True,"No","Fiber optic","Yes","Yes","No","No","Yes","Yes"
"8212-CRQXP",True,"No","Fiber optic","No","No","No","No","Yes","No"
"6980-CDGFC",True,"No","No","No internet service","No internet service","No internet service","No internet service","No internet service","No internet service"
"7691-XVTZH",True,"Yes","Fiber optic","No","No","Yes","No","Yes","No"
"2520-SGTTA",True,"No","No","No internet service","No internet service","No internet service","No internet service","No internet service","No internet service"
"2277-VWCNI",True,"Yes","DSL","No","No","No","No","No","No"
"1088-CNNKB",True,"Yes","DSL","Yes","Yes","Yes","Yes","No","Yes"
"1930-BZLHI",True,"No","No","No internet service","No internet service","No internet service","No internet service","No internet service","No internet service"
"5868-YTYKS",True,"No","No","No internet service","No internet service","No internet service","No internet service","No internet service","No internet service"
"3525-DVKFN",True,"No","No","No internet service","No internet service","No internet service","No internet service","No internet service","No internet service"
"1482-OXZSY",True,"Yes","Fiber optic","Yes","No","No","No","Yes","Yes"
"0377-JBKKT",True,"No","DSL","Yes","Yes","No","Yes","No","No"
"5778-BVOFB",True,"No","DSL","No","No","No","Yes","Yes","No"
"3373-YZZYM",True,"No","No","No internet service","No internet service","No internet service","No internet service","No internet service","No internet service"
"0228-MAUWC",True,"Yes","DSL","No","No","Yes","Yes","No","No"
"7663-YJHSN",True,"Yes","Fiber optic","Yes","Yes","Yes","Yes","Yes","No"
"4915-BFSXL",True,"Yes","DSL","Yes","No","Yes","No","Yes","No"
"3086-RUCRN",True,"Yes","Fiber optic","Yes","Yes","Yes","Yes","No","Yes"
"5215-LNLDJ",False,"No phone service","DSL","No","No","No","No","No","No"
"7576-JMYWV",True,"Yes","Fiber optic","Yes","Yes","No","Yes","Yes","Yes"
"0257-KXZGU",True,"Yes","DSL","No","Yes","Yes","No","No","No"
"1307-ATKGB",True,"No","Fiber optic","No","Yes","Yes","No","No","Yes"
"3714-XPXBW",True,"Yes","DSL","Yes","Yes","Yes","Yes","Yes","No"
"1850-AKQEP",True,"No","No","No internet service","No internet service","No internet service","No internet service","No internet service","No internet service"
"2824-DXNKN",True,"Yes","DSL","Yes","No","Yes","No","Yes","No"
"5227-JSCFE",False,"No phone service","DSL","Yes","Yes","Yes","Yes","No","No"
"0848-ZGQIJ",True,"No","Fiber optic","No","Yes","No","No","Yes","Yes"
"3621-CHYVB",False,"No phone service","DSL","Yes","No","Yes","Yes","No","Yes"
"8042-RNLKO",True,"Yes","No","No internet service","No internet service","No internet service","No internet service","No internet service","No internet service"
"5372-FBKBN",True,"No","No","No internet service","No internet service","No internet service","No internet service","No internet service","No internet service"
"0420-TXVSG",True,"Yes","DSL","Yes","Yes","Yes","No","No","No"
"6217-TOWGS",True,"Yes","DSL","No","Yes","No","No","Yes","Yes"
"1045-LTCYT",True,"No","No","No internet service","No internet service","No internet service","No internet service","No internet service","No internet service"
"1544-JJMYL",True,"No","DSL","Yes","No","Yes","Yes","Yes","No"
"4636-JGAAI",True,"Yes","Fiber optic","No","Yes","No","No","No","Yes"
"6874-SGLHU",True,"No","Fiber optic","No","Yes","No","No","Yes","Yes"
"5951-AOFIH",True,"No","DSL","No","Yes","Yes","No","Yes","No"
"3059-NGMXB",True,"Yes","DSL","Yes","Yes","No","No","No","Yes"
"8652-YHIYU",True,"Yes","Fiber optic","No","No","No","Yes","No","No"
"5278-PNYOX",True,"No","Fiber optic","No","No","Yes","Yes","Yes","Yes"
"3486-HOOGQ",True,"Yes","DSL","Yes","Yes","Yes","Yes","Yes","No"
"5061-PBXFW",True,"No","DSL","Yes","Yes","No","Yes","No","No"
"8630-FJLIB",True,"No","Fiber optic","No","No","No","No","No","No"
"3891-NLXJB",False,"No phone service","DSL","Yes","Yes","No","Yes","No","No"
"4749-OJKQU",True,"Yes","Fiber optic","No","No","No","No","No","No"
"0577-WHMEV",True,"Yes","Fiber optic","Yes","Yes","Yes","No","No","No"
"5453-AXEPF",True,"Yes","Fiber optic","No","Yes","No","No","No","No"
"3639-XJHKQ",True,"No","DSL","Yes","Yes","Yes","No","No","No"
"3716-LRGXK",True,"Yes","Fiber optic","No","No","Yes","No","Yes","Yes"
"2263-SFSQZ",True,"Yes","No","No internet service","No internet service","No internet service","No internet service","No internet service","No internet service"
"9950-MTGYX",True,"No","No","No internet service","No internet service","No internet service","No internet service","No internet service","No internet service"
"3397-AVTKU",True,"No","DSL","No","Yes","No","No","No","Yes"
"4825-FUREZ",True,"No","No","No internet service","No internet service","No internet service","No internet service","No internet service","No internet service"
"2672-OJQZP",True,"No","DSL","No","No","No","No","No","No"
"3134-DSHVC",True,"Yes","Fiber optic","Yes","Yes","Yes","No","Yes","No"
"7821-DPRQE",True,"Yes","Fiber optic","Yes","Yes","No","Yes","Yes","Yes"
"2001-EWBQU",True,"Yes","Fiber optic","No","Yes","Yes","No","Yes","Yes"
"1608-GMEWB",True,"Yes","Fiber optic","No","No","No","No","Yes","Yes"
"6695-AMZUF",True,"No","DSL","Yes","Yes","Yes","Yes","Yes","Yes"
"2694-CIUMO",True,"Yes","Fiber optic","No","No","No","Yes","No","No"
"8410-BGQXN",True,"No","No","No internet service","No internet service","No internet service","No internet service","No internet service","No internet service"
"1619-YWUBB",True,"Yes","No","No internet service","No internet service","No internet service","No internet service","No internet service","No internet service"
"7611-YKYTC",True,"No","Fiber optic","Yes","No","No","No","No","No"
"0365-GXEZS",True,"No","Fiber optic","No","No","Yes","Yes","No","No"
"0082-OQIQY",True,"No","Fiber optic","No","No","No","Yes","Yes","Yes"
"3606-SBKRY",False,"No phone service","DSL","No","No","Yes","No","Yes","Yes"
"0667-NSRGI",True,"Yes","DSL","No","No","Yes","Yes","No","Yes"
"6893-ODYYE",True,"No","Fiber optic","Yes","Yes","Yes","Yes","No","No"
"8242-JSVBO",True,"No","DSL","No","No","No","No","No","No"
"9541-ZPSEA",True,"No","Fiber optic","Yes","No","Yes","No","No","No"
"2665-NPTGL",True,"Yes","Fiber optic","No","No","Yes","No","Yes","Yes"
"1139-WUOAH",False,"No phone service","DSL","No","No","Yes","Yes","Yes","Yes"
"4693-VWVBO",True,"No","No","No internet service","No internet service","No internet service","No internet service","No internet service","No internet service"
"6937-GCDGQ",True,"No","DSL","Yes","No","No","No","No","No"
"0988-JRWWP",True,"No","DSL","No","No","No","No","Yes","No"
"5075-JSDKI",True,"Yes","No","No internet service","No internet service","No internet service","No internet service","No internet service","No internet service"
"8644-XYTSV",False,"No phone service","DSL","Yes","No","No","No","Yes","No"
"3873-WOSBC",True,"Yes","No","No internet service","No internet service","No internet service","No internet service","No internet service","No internet service"
"7465-ZZRVX",True,"No","Fiber optic","No","No","No","No","No","No"
"7975-JMZNT",True,"Yes","DSL","Yes","Yes","Yes","Yes","Yes","Yes"
"7251-XFOIL",True,"Yes","Fiber optic","No","No","Yes","No","No","Yes"
"4116-IQRFR",True,"Yes","No","No internet service","No internet service","No internet service","No internet service","No internet service","No internet service"
"8259-DZLIZ",True,"Yes","DSL","No","Yes","No","No","No","No"
"0442-ZXKVS",True,"Yes","Fiber optic","Yes","Yes","Yes","Yes","Yes","Yes"
"7853-WNZSY",True,"No","No","No internet service","No internet service","No internet service","No internet service","No internet service","No internet service"
"3120-FAZKD",True,"Yes","No","No internet service","No internet service","No internet service","No internet service","No internet service","No internet service"
"8606-OEGQZ",True,"Yes","No","No internet service","No internet service","No internet service","No internet service","No internet service","No internet service"
"0225-ZORZP",True,"No","Fiber optic","No","Yes","No","No","No","Yes"
"9489-JMTTN",True,"Yes","DSL","Yes","Yes","Yes","Yes","Yes","Yes"
"0575-CUQOV",True,"No","Fiber optic","No","Yes","Yes","No","Yes","Yes"
"0967-BMLBD",True,"No","No","No internet service","No internet service","No internet service","No internet service","No internet service","No internet service"
"2830-LEWOA",True,"No","Fiber optic","No","Yes","Yes","Yes","Yes","Yes"
"5006-MXVRN",True,"No","No","No internet service","No internet service","No internet service","No internet service","No internet service","No internet service"
"8327-WKMIE",True,"No","No","No internet service","No internet service","No internet service","No internet service","No internet service","No internet service"
"6917-FIJHC",True,"Yes","No","No internet service","No internet service","No internet service","No internet service","No internet service","No internet service"
"5329-KRDTM",True,"Yes","DSL","No","Yes","Yes","Yes","Yes","No"
"7797-EJMDP",True,"No","DSL","Yes","No","No","Yes","No","Yes"
"3530-VWVGU",True,"No","No","No internet service","No internet service","No internet service","No internet service","No internet service","No internet service"
"6368-NWMCE",True,"Yes","DSL","No","Yes","No","Yes","No","Yes"
"3633-CDBUW",True,"No","DSL","No","Yes","Yes","Yes","Yes","Yes"
"0707-HOVVN",True,"Yes","DSL","No","Yes","Yes","Yes","Yes","No"
"3956-MGXOG",True,"No","Fiber optic","No","No","No","No","No","Yes"
"9274-UARKJ",True,"No","Fiber optic","No","Yes","No","No","Yes","No"
"4077-HWUYD",True,"Yes","DSL","Yes","Yes","Yes","Yes","Yes","Yes"
"0103-CSITQ",True,"Yes","Fiber optic","No","Yes","Yes","Yes","Yes","Yes"
"8671-KKKOS",False,"No phone service","DSL","Yes","Yes","No","No","Yes","No"
"7305-ZWMAJ",True,"No","No","No internet service","No internet service","No internet service","No internet service","No internet service","No internet service"
"9518-XXBXE",True,"No","Fiber optic","Yes","No","No","No","No","No"
"6578-KRMAW",True,"No","Fiber optic","Yes","Yes","Yes","No","No","Yes"
"4860-IJUDE",True,"No","Fiber optic","Yes","No","No","No","No","No"
"9688-YGXVR",True,"No","Fiber optic","No","Yes","Yes","No","Yes","No"
"0423-UDIJQ",True,"No","DSL","No","No","No","Yes","No","No"
"1945-XISKS",True,"No","No","No internet service","No internet service","No internet service","No internet service","No internet service","No internet service"
"5360-LJCNJ",True,"Yes","Fiber optic","No","Yes","Yes","No","Yes","Yes"
"2607-FBDFF",True,"No","DSL","No","No","No","Yes","No","No"
"1100-DDVRV",False,"No phone service","DSL","No","Yes","No","No","Yes","Yes"
"6728-WYQBC",True,"No","No","No internet service","No internet service","No internet service","No internet service","No internet service","No internet service"
"9029-FEGVJ",True,"Yes","Fiber optic","No","No","Yes","No","No","No"
"7216-KAOID",True,"No","No","No internet service","No internet service","No internet service","No internet service","No internet service","No internet service"
"6145-NNPNO",True,"No","DSL","No","No","No","No","No","No"
"5339-TJFEK",True,"Yes","Fiber optic","Yes","Yes","No","No","Yes","Yes"
"2074-GUHPQ",True,"Yes","Fiber optic","No","Yes","Yes","Yes","No","No"
"4625-XMOYM",True,"Yes","No","No internet service","No internet service","No internet service","No internet service","No internet service","No internet service"
"5827-MWCZK",True,"Yes","Fiber optic","No","Yes","No","Yes","Yes","No"
"1385-TQOZW",True,"No","No","No internet service","No internet service","No internet service","No internet service","No internet service","No internet service"
"5914-XRFQB",True,"Yes","Fiber optic","Yes","Yes","Yes","Yes","Yes","Yes"
"4329-YPDDQ",True,"No","Fiber optic","Yes","Yes","Yes","Yes","Yes","Yes"
"4804-NCPET",True,"No","No","No internet service","No internet service","No internet service","No internet service","No internet service","No internet service"
"5944-UGLLK",False,"No phone service","DSL","No","No","Yes","Yes","Yes","Yes"
"7787-BNTZM",True,"No","No","No internet service","No internet service","No internet service","No internet service","No internet service","No internet service"
"2252-ISRNH",True,"Yes","Fiber optic","No","No","Yes","No","Yes","No"
"9415-TPKRV",True,"Yes","DSL","No","Yes","No","No","No","No"
"5322-TEUJK",True,"Yes","Fiber optic","Yes","Yes","Yes","Yes","Yes","Yes"
"1866-DIOQZ",False,"No phone service","DSL","Yes","Yes","Yes","Yes","Yes","Yes"
"8375-KVTHK",True,"No","Fiber optic","No","Yes","No","Yes","Yes","Yes"
"2697-NQBPF",True,"Yes","Fiber optic","No","Yes","No","Yes","Yes","Yes"
"3709-OIJEA",True,"No","Fiber optic","No","Yes","Yes","Yes","No","No"
"1386-ZIKUV",True,"No","No","No internet service","No internet service","No internet service","No internet service","No internet service","No internet service"
"0599-XNYDO",True,"No","Fiber optic","No","No","No","No","No","No"
"6377-WHAOX",True,"Yes","Fiber optic","No","Yes","Yes","No","Yes","Yes"
"6855-VLGOS",True,"No","No","No internet service","No internet service","No internet service","No internet service","No internet service","No internet service"
"8999-XXGNS",True,"Yes","Fiber optic","No","Yes","Yes","No","Yes","Yes"
"8746-OQQRW",True,"Yes","No","No internet service","No internet service","No internet service","No internet service","No internet service","No internet service"
"3181-MIZBN",True,"No","No","No internet service","No internet service","No internet service","No internet service","No internet service","No internet service"
"0471-ARVMX",True,"Yes","Fiber optic","Yes","No","Yes","No","Yes","Yes"
"7766-CLTIC",True,"No","DSL","No","No","No","Yes","No","Yes"
"5650-YLIBA",True,"Yes","Fiber optic","No","Yes","No","No","No","No"
"0825-CPPQH",True,"No","No","No internet service","No internet service","No internet service","No internet service","No internet service","No internet service"
"9084-OAYKL",True,"No","No","No internet service","No internet service","No internet service","No internet service","No internet service","No internet service"
"6122-LJADA",True,"Yes","DSL","Yes","Yes","Yes","Yes","Yes","Yes"
"2400-XIWIO",True,"Yes","DSL","Yes","Yes","Yes","Yes","Yes","Yes"
"7524-VRLPL",True,"Yes","DSL","Yes","No","Yes","Yes","No","Yes"
"7569-NMZYQ",True,"Yes","Fiber optic","Yes","Yes","Yes","Yes","Yes","Yes"
"5201-USSQZ",True,"No","Fiber optic","No","No","No","Yes","No","Yes"
"2105-PHWON",True,"Yes","Fiber optic","No","No","Yes","Yes","No","Yes"
"1494-EJZDW",True,"No","No","No internet service","No internet service","No internet service","No internet service","No internet service","No internet service"
"4884-TVUQF",True,"Yes","Fiber optic","Yes","No","Yes","Yes","No","Yes"
"8003-EWNDZ",True,"No","No","No internet service","No internet service","No internet service","No internet service","No internet service","No internet service"
"1897-RCFUM",True,"Yes","No","No internet service","No internet service","No internet service","No internet service","No internet service","No internet service"
"9256-JTBNZ",True,"No","No","No internet service","No internet service","No internet service","No internet service","No internet service","No internet service"
"2211-RMNHO",True,"Yes","DSL","No","Yes","Yes","Yes","Yes","Yes"
"2432-TFSMK",True,"Yes","Fiber optic","No","No","Yes","No","Yes","No"
"4929-ROART",True,"Yes","DSL","Yes","No","No","No","No","No"
"1834-ABKHQ",True,"No","DSL","No","No","Yes","No","No","No"
"1741-WTPON",True,"Yes","Fiber optic","Yes","Yes","Yes","Yes","Yes","Yes"
"3932-IJWDZ",True,"Yes","Fiber optic","No","No","Yes","Yes","Yes","Yes"
"1240-HCBOH",True,"Yes","No","No internet service","No internet service","No internet service","No internet service","No internet service","No internet service"
"3594-KADLU",False,"No phone service","DSL","Yes","No","No","Yes","No","No"
"8065-BVEPF",True,"No","Fiber optic","No","Yes","Yes","No","Yes","Yes"
"3796-ENZGF",True,"Yes","DSL","No","Yes","No","Yes","No","Yes"
"1734-ZMNTZ",True,"Yes","No","No internet service","No internet service","No internet service","No internet service","No internet service","No internet service"
"2853-CWQFQ",True,"No","DSL","No","No","No","Yes","No","Yes"
"0813-TAXXS",True,"Yes","DSL","No","No","Yes","No","Yes","Yes"
"2519-TWKFS",True,"Yes","DSL","No","No","No","Yes","No","No"
"0626-QXNGV",True,"Yes","No","No internet service","No internet service","No internet service","No internet service","No internet service","No internet service"
"6723-CEGQI",False,"No phone service","DSL","No","Yes","No","Yes","Yes","No"
"4732-RRJZC",True,"No","No","No internet service","No internet service","No internet service","No internet service","No internet service","No internet service"
"9499-XPZXM",True,"Yes","DSL","Yes","Yes","No","Yes","No","No"
"4338-EYCER",True,"No","DSL","No","No","No","No","Yes","No"
"3007-FDPEA",True,"No","No","No internet service","No internet service","No internet service","No internet service","No internet service","No internet service"
"6350-XFYGW",True,"No","Fiber optic","No","No","Yes","No","Yes","Yes"
"8513-OLYGY",True,"Yes","Fiber optic","Yes","Yes","Yes","Yes","Yes","Yes"
"0311-QYWSS",True,"No","DSL","Yes","No","No","No","No","No"
"8705-DWKTI",True,"No","Fiber optic","No","No","Yes","No","No","Yes"
"8755-IWJHN",True,"Yes","Fiber optic","No","Yes","Yes","No","No","Yes"
"4480-QQRHC",True,"No","Fiber optic","No","No","Yes","No","No","No"
"0929-PECLO",True,"Yes","Fiber optic","No","No","Yes","No","No","Yes"
"3680-CTHUH",True,"Yes","Fiber optic","Yes","Yes","Yes","Yes","Yes","Yes"
"1202-KKGFU",True,"No","DSL","Yes","No","No","Yes","No","No"
"6112-KTHFQ",True,"No","No","No internet service","No internet service","No internet service","No internet service","No internet service","No internet service"
"1852-XEMDW",True,"Yes","DSL","Yes","Yes","Yes","No","No","No"
"1820-DJFPH",True,"Yes","No","No internet service","No internet service","No internet service","No internet service","No internet service","No internet service"
"9426-SXNHE",True,"No","No","No internet service","No internet service","No internet service","No internet service","No internet service","No internet service"
"9068-FHQHD",True,"No","No","No internet service","No internet service","No internet service","No internet service","No internet service","No internet service"
"1269-FOYWN",True,"No","No","No internet service","No internet service","No internet service","No internet service","No internet service","No internet service"
"9470-YFUYI",True,"No","DSL","Yes","Yes","No","Yes","Yes","No"
"7402-EYFXX",True,"Yes","Fiber optic","No","No","No","No","Yes","Yes"
"9895-VFOXH",False,"No phone service","DSL","No","No","No","No","No","No"
"1230-QAJDW",True,"Yes","DSL","No","No","No","Yes","Yes","No"
"5701-ZIKJE",True,"No","DSL","No","No","No","Yes","No","No"
"5032-MIYKT",True,"No","Fiber optic","No","No","No","No","No","No"
"7396-VJUZB",True,"No","DSL","No","No","No","No","No","No"
"9717-QEBGU",True,"No","Fiber optic","No","No","No","No","No","No"
"5172-RKOCB",True,"Yes","Fiber optic","Yes","Yes","No","Yes","Yes","Yes"
"6509-TSGWN",True,"Yes","No","No internet service","No internet service","No internet service","No internet service","No internet service","No internet service"
"3178-CIFOT",True,"No","No","No internet service","No internet service","No internet service","No internet service","No internet service","No internet service"
"4530-NDRKU",True,"No","No","No internet service","No internet service","No internet service","No internet service","No internet service","No internet service"
"5985-TBABQ",True,"Yes","DSL","Yes","No","No","No","Yes","Yes"
"9800-ONTFE",True,"Yes","Fiber optic","No","No","No","No","No","No"
"6743-HHQPF",False,"No phone service","DSL","No","No","No","No","No","No"
"8455-HIRAQ",True,"No","DSL","No","No","No","No","No","No"
"6616-AALSR",True,"Yes","Fiber optic","Yes","No","Yes","No","Yes","Yes"
"9415-ZNBSX",True,"Yes","DSL","Yes","Yes","Yes","Yes","Yes","Yes"
"7566-DSRLQ",True,"Yes","Fiber optic","No","Yes","Yes","Yes","Yes","Yes"
"4018-KJYUY",True,"No","No","No internet service","No internet service","No internet service","No internet service","No internet service","No internet service"
"3884-UEBXB",False,"No phone service","DSL","Yes","Yes","No","No","No","No"
"8780-RSYYU",True,"No","No","No internet service","No internet service","No internet service","No internet service","No internet service","No internet service"
"5537-UXXVS",True,"No","No","No internet service","No internet service","No internet service","No internet service","No internet service","No internet service"
"1791-PQHBB",True,"No","DSL","Yes","No","No","No","No","Yes"
"8701-DGLVH",True,"No","No","No internet service","No internet service","No internet service","No internet service","No internet service","No internet service"
"8741-LQOBK",False,"No phone service","DSL","Yes","Yes","No","No","No","No"
"8082-GHXOP",True,"No","DSL","No","No","No","No","No","No"
"0980-FEXWF",True,"No","DSL","No","No","Yes","No","No","No"
"3011-WQKSZ",True,"No","No","No internet service","No internet service","No internet service","No internet service","No internet service","No internet service"
"8218-FFJDS",True,"Yes","DSL","Yes","Yes","No","Yes","Yes","Yes"
"1986-PHGZF",True,"Yes","DSL","Yes","Yes","No","No","No","No"
"9360-OMDZZ",True,"Yes","Fiber optic","No","No","No","No","Yes","Yes"
"0345-XMMUG",True,"Yes","Fiber optic","No","Yes","Yes","Yes","Yes","Yes"
"8024-XNAFQ",True,"Yes","Fiber optic","Yes","Yes","Yes","Yes","No","Yes"
"2988-GBIVW",True,"Yes","Fiber optic","Yes","No","No","No","No","Yes"
"2832-SCUCO",True,"No","No","No internet service","No internet service","No internet service","No internet service","No internet service","No internet service"
"7036-ZZKBD",True,"No","DSL","No","No","Yes","Yes","No","Yes"
"0265-PSUAE",True,"No","Fiber optic","Yes","No","Yes","No","Yes","Yes"
"0463-TXOAK",True,"Yes","No","No internet service","No internet service","No internet service","No internet service","No internet service","No internet service"
"0594-UFTUL",True,"No","No","No internet service","No internet service","No internet service","No internet service","No internet service","No internet service"
"9509-MPYOD",True,"No","No","No internet service","No internet service","No internet service","No internet service","No internet service","No internet service"
"9128-CPXKI",True,"No","Fiber optic","No","No","Yes","No","Yes","Yes"
"0129-KPTWJ",True,"No","Fiber optic","No","No","Yes","No","Yes","Yes"
"5855-EIBDE",True,"Yes","Fiber optic","Yes","Yes","Yes","Yes","No","Yes"
"5365-LLFYV",True,"No","DSL","No","No","No","No","No","No"
"5956-YHHRX",True,"Yes","Fiber optic","No","Yes","Yes","No","Yes","Yes"
"6008-NAIXK",False,"No phone service","DSL","No","Yes","Yes","No","Yes","Yes"
"1928-BXYIV",True,"Yes","DSL","Yes","Yes","No","No","No","No"
"5760-FXFVO",True,"No","Fiber optic","Yes","Yes","No","No","No","No"
"0961-ZWLVI",True,"Yes","Fiber optic","Yes","Yes","Yes","No","Yes","Yes"
"5181-OABFK",True,"No","DSL","Yes","Yes","Yes","No","No","No"
"4007-NHVHI",True,"Yes","Fiber optic","Yes","Yes","No","No","No","Yes"
"7816-VGHTO",False,"No phone service","DSL","No","Yes","Yes","Yes","No","No"
"5871-DGTXZ",True,"No","No","No internet service","No internet service","No internet service","No internet service","No internet service","No internet service"
"7550-WIQVA",True,"Yes","Fiber optic","Yes","Yes","Yes","No","Yes","Yes"
"7544-ZVIKX",True,"Yes","Fiber optic","No","No","Yes","Yes","Yes","Yes"
"0016-QLJIS",True,"Yes","DSL","Yes","Yes","Yes","Yes","Yes","Yes"
"7508-DQAKK",True,"Yes","DSL","Yes","Yes","Yes","Yes","Yes","Yes"
"5176-OLSKT",True,"Yes","DSL","Yes","Yes","Yes","No","No","No"
"9356-AXGMP",True,"Yes","Fiber optic","Yes","No","Yes","Yes","Yes","Yes"
"3556-BVQGL",True,"No","No","No internet service","No internet service","No internet service","No internet service","No internet service","No internet service"
"8979-CAMGB",True,"Yes","Fiber optic","No","No","Yes","Yes","Yes","Yes"
"7581-EBBOU",True,"No","DSL","No","Yes","Yes","Yes","Yes","No"
"5073-RZGBK",True,"Yes","DSL","Yes","Yes","Yes","Yes","No","Yes"
"2192-CKRLV",False,"No phone service","DSL","Yes","Yes","Yes","No","No","Yes"
"3154-HMWUU",True,"No","No","No internet service","No internet service","No internet service","No internet service","No internet service","No internet service"
"6119-SPUDB",False,"No phone service","DSL","Yes","No","Yes","Yes","No","No"
"6522-OIQSX",False,"No phone service","DSL","No","Yes","Yes","No","Yes","Yes"
"7813-ZGGAW",True,"Yes","Fiber optic","No","No","Yes","Yes","Yes","No"
"8748-HFWBO",True,"No","No","No internet service","No internet service","No internet service","No internet service","No internet service","No internet service"
"1052-QJIBV",True,"No","No","No internet service","No internet service","No internet service","No internet service","No internet service","No internet service"
"1319-YLZJG",True,"No","Fiber optic","Yes","Yes","Yes","No","No","No"
"0723-FDLAY",True,"Yes","DSL","No","Yes","Yes","Yes","Yes","Yes"
"3050-RLLXC",True,"Yes","DSL","Yes","Yes","Yes","Yes","Yes","No"
"9298-WGMRW",True,"Yes","Fiber optic","Yes","Yes","Yes","Yes","Yes","Yes"
"3088-LHEFH",True,"Yes","Fiber optic","Yes","No","No","No","No","No"
"6583-KQJLK",True,"No","Fiber optic","No","Yes","No","No","Yes","Yes"
"8544-JNBOX",True,"No","No","No internet service","No internet service","No internet service","No internet service","No internet service","No internet service"
"6681-ZSEXG",True,"Yes","DSL","No","Yes","Yes","No","No","No"
"6139-ZZRBQ",True,"No","No","No internet service","No internet service","No internet service","No internet service","No internet service","No internet service"
"6116-RFVHN",True,"Yes","Fiber optic","No","No","Yes","No","Yes","Yes"
"8884-FEEWR",True,"No","No","No internet service","No internet service","No internet service","No internet service","No internet service","No internet service"
"3125-RAHBV",True,"No","No","No internet service","No internet service","No internet service","No internet service","No internet service","No internet service"
"0373-AIVNJ",False,"No phone service","DSL","Yes","Yes","Yes","No","No","No"
"1682-VCOIO",True,"No","No","No internet service","No internet service","No internet service","No internet service","No internet service","No internet service"
"2072-ZVJJX",True,"Yes","No","No internet service","No internet service","No internet service","No internet service","No internet service","No internet service"
"8849-AYPTR",True,"No","Fiber optic","No","No","No","No","Yes","Yes"
"9518-IMLHK",True,"No","DSL","Yes","Yes","Yes","Yes","Yes","No"
"3646-ITDGM",True,"No","No","No internet service","No internet service","No internet service","No internet service","No internet service","No internet service"
"3569-VLDHH",True,"No","DSL","Yes","Yes","Yes","Yes","Yes","No"
"8224-KDLKN",True,"Yes","No","No internet service","No internet service","No internet service","No internet service","No internet service","No internet service"
"7594-LZNWR",True,"No","Fiber optic","No","No","No","No","No","No"
"4001-TSBTV",True,"No","Fiber optic","No","Yes","Yes","No","Yes","No"
"8727-XDPUD",False,"No phone service","DSL","No","No","No","No","Yes","No"
"1043-UXOVO",True,"Yes","Fiber optic","Yes","Yes","Yes","Yes","Yes","Yes"
"7245-JMTTQ",True,"Yes","Fiber optic","No","Yes","Yes","Yes","Yes","Yes"
"1064-FBXNK",True,"No","No","No internet service","No internet service","No internet service","No internet service","No internet service","No internet service"
"3996-ZNWYK",True,"No","No","No internet service","No internet service","No internet service","No internet service","No internet service","No internet service"
"2878-DHMIN",True,"No","No","No internet service","No internet service","No internet service","No internet service","No internet service","No internet service"
"7762-ONLJY",True,"No","No","No internet service","No internet service","No internet service","No internet service","No internet service","No internet service"
"5795-BKOYE",True,"No","DSL","No","Yes","Yes","Yes","No","No"
"7402-PWYJJ",True,"Yes","Fiber optic","No","No","No","Yes","No","Yes"
"0018-NYROU",True,"No","Fiber optic","No","No","No","No","No","No"
"7501-VTYLJ",True,"No","DSL","No","Yes","No","No","No","No"
"7608-RGIRO",True,"Yes","No","No internet service","No internet service","No internet service","No internet service","No internet service","No internet service"
"0480-BIXDE",True,"No","Fiber optic","No","No","Yes","No","Yes","Yes"
"5895-QSXOD",True,"No","Fiber optic","No","No","No","No","No","No"
"9814-AOUDH",True,"No","No","No internet service","No internet service","No internet service","No internet service","No internet service","No internet service"
"6175-IRFIT",True,"No","Fiber optic","No","No","No","No","No","Yes"
"8760-ZRHKE",True,"Yes","DSL","Yes","Yes","No","No","Yes","No"
"1622-HSHSF",True,"No","No","No internet service","No internet service","No internet service","No internet service","No internet service","No internet service"
"6749-UTDVX",True,"Yes","Fiber optic","No","Yes","Yes","No","Yes","Yes"
"5542-DHSXL",True,"No","DSL","Yes","Yes","No","No","No","No"
"9102-OXKFY",True,"Yes","DSL","No","No","Yes","No","No","No"
"5216-WASFJ",True,"Yes","Fiber optic","No","No","No","No","No","Yes"
"7808-DVWEP",True,"No","No","No internet service","No internet service","No internet service","No internet service","No internet service","No internet service"
"2284-VFLKH",True,"No","Fiber optic","No","No","Yes","Yes","Yes","Yes"
"0366-NQSHS",True,"No","No","No internet service","No internet service","No internet service","No internet service","No internet service","No internet service"
"3807-BPOMJ",True,"No","Fiber optic","Yes","No","No","No","Yes","Yes"
"3892-NXAZG",True,"Yes","Fiber optic","Yes","Yes","Yes","Yes","Yes","Yes"
"4948-WBBKL",True,"Yes","Fiber optic","No","No","No","No","No","No"
"4182-BGSIQ",True,"No","No","No internet service","No internet service","No internet service","No internet service","No internet service","No internet service"
"0988-AADSA",True,"Yes","DSL","Yes","Yes","Yes","Yes","No","Yes"
"9972-NKTFD",True,"No","DSL","No","Yes","No","Yes","No","No"
"3717-LNXKW",True,"Yes","Fiber optic","Yes","No","No","No","Yes","No"
"5734-EJKXG",True,"Yes","Fiber optic","Yes","Yes","Yes","Yes","Yes","Yes"
"2207-RYYRL",True,"Yes","No","No internet service","No internet service","No internet service","No internet service","No internet service","No internet service"
"6729-FZWSY",True,"No","No","No internet service","No internet service","No internet service","No internet service","No internet service","No internet service"
"9695-IDRZR",True,"Yes","Fiber optic","Yes","Yes","Yes","Yes","Yes","Yes"
"8144-DGHXP",True,"No","DSL","Yes","No","Yes","Yes","Yes","Yes"
"7814-LEEVE",True,"No","No","No internet service","No internet service","No internet service","No internet service","No internet service","No internet service"
"8631-WUXGY",True,"No","Fiber optic","No","Yes","Yes","No","Yes","Yes"
"5906-DVAPM",True,"Yes","DSL","Yes","Yes","No","Yes","Yes","No"
"6654-QGBZZ",True,"No","No","No internet service","No internet service","No internet service","No internet service","No internet service","No internet service"
"8348-JLBUG",True,"No","Fiber optic","Yes","No","Yes","No","No","No"
"5641-DMBFJ",True,"Yes","DSL","Yes","No","Yes","Yes","Yes","Yes"
"9200-NLNPD",False,"No phone service","DSL","No","No","Yes","Yes","Yes","Yes"
"2664-XJZNO",True,"No","Fiber optic","Yes","No","Yes","Yes","Yes","Yes"
"3339-EAQNV",True,"Yes","Fiber optic","No","Yes","No","No","Yes","Yes"
"0921-OHLVP",True,"Yes","Fiber optic","No","No","No","No","No","Yes"
"8350-NYMVI",False,"No phone service","DSL","No","Yes","Yes","Yes","No","No"
"1600-DILPE",True,"No","DSL","No","No","No","No","No","No"
"0536-ESJEP",True,"No","DSL","Yes","Yes","No","No","Yes","Yes"
"4654-GGUII",False,"No phone service","DSL","Yes","Yes","No","Yes","No","No"
"6478-HRRCZ",True,"No","DSL","Yes","Yes","No","Yes","No","Yes"
"8510-BBWMU",True,"No","No","No internet service","No internet service","No internet service","No internet service","No internet service","No internet service"
"6857-TKDJV",True,"Yes","No","No internet service","No internet service","No internet service","No internet service","No internet service","No internet service"
"2360-RDGRO",True,"Yes","Fiber optic","Yes","No","Yes","No","Yes","Yes"
"0584-BJQGZ",True,"Yes","DSL","Yes","Yes","Yes","Yes","Yes","No"
"1360-XFJMR",True,"Yes","Fiber optic","No","Yes","Yes","Yes","Yes","Yes"
"5730-RIITO",False,"No phone service","DSL","Yes","Yes","No","No","No","No"
"9058-MJLZC",True,"No","Fiber optic","Yes","No","No","No","Yes","Yes"
"0902-XKXPN",True,"No","No","No internet service","No internet service","No internet service","No internet service","No internet service","No internet service"
"5177-RVZNU",True,"No","No","No internet service","No internet service","No internet service","No internet service","No internet service","No internet service"
"0056-EPFBG",False,"No phone service","DSL","Yes","No","Yes","Yes","No","No"
"8993-IZEUX",True,"No","Fiber optic","No","No","No","No","No","No"
"8190-ZTQFB",False,"No phone service","DSL","No","No","Yes","No","Yes","Yes"
"0931-MHTEM",True,"No","Fiber optic","Yes","Yes","No","No","Yes","Yes"
"7515-LODFU",True,"No","No","No internet service","No internet service","No internet service","No internet service","No internet service","No internet service"
"0440-UEDAI",True,"No","Fiber optic","No","Yes","Yes","Yes","No","Yes"
"1337-BOZWO",False,"No phone service","DSL","No","Yes","Yes","No","Yes","No"
"0868-VJRDR",True,"No","Fiber optic","Yes","Yes","No","Yes","Yes","Yes"
"6344-SFJVH",False,"No phone service","DSL","No","No","No","No","No","No"
"3950-VPYJB",True,"No","DSL","Yes","Yes","No","Yes","No","No"
"8041-TMEID",True,"Yes","Fiber optic","Yes","Yes","Yes","No","Yes","Yes"
"7321-ZNSLA",False,"No phone service","DSL","Yes","Yes","No","Yes","No","No"
"6941-KXRRV",True,"No","DSL","No","Yes","No","No","No","Yes"
"8727-JQFHV",True,"No","No","No internet service","No internet service","No internet service","No internet service","No internet service","No internet service"
"9475-NNDGC",True,"Yes","Fiber optic","No","Yes","Yes","Yes","Yes","Yes"
"1355-KUSBG",True,"Yes","DSL","No","No","No","No","No","No"
"3688-FTHLT",True,"Yes","DSL","No","No","No","No","No","Yes"
"0899-LIIBW",True,"Yes","Fiber optic","No","No","Yes","No","Yes","Yes"
"1384-RCUXW",True,"Yes","Fiber optic","No","Yes","No","No","No","No"
"5825-XJOCM",True,"Yes","DSL","Yes","Yes","Yes","No","No","No"
"6848-YLDFR",True,"No","DSL","No","Yes","No","Yes","Yes","Yes"
"8125-QPFJD",True,"Yes","DSL","Yes","No","Yes","Yes","Yes","Yes"
"2320-YKQBO",True,"No","No","No internet service","No internet service","No internet service","No internet service","No internet service","No internet service"
"4973-RLZVI",True,"No","DSL","Yes","Yes","Yes","Yes","Yes","No"
"7869-ZYDST",True,"Yes","DSL","No","No","No","No","Yes","No"
"4501-UYKBC",True,"Yes","DSL","No","No","Yes","Yes","No","Yes"
"1215-EXRMO",True,"No","No","No internet service","No internet service","No internet service","No internet service","No internet service","No internet service"
"2305-MRGLV",True,"No","Fiber optic","No","No","No","Yes","No","No"
"8404-VIOMB",False,"No phone service","DSL","Yes","Yes","Yes","Yes","Yes","Yes"
"2359-KLTEK",True,"No","Fiber optic","No","No","Yes","No","Yes","Yes"
"5304-EFJLP",True,"Yes","Fiber optic","No","Yes","Yes","Yes","Yes","Yes"
"2673-ZALNP",True,"No","No","No internet service","No internet service","No internet service","No internet service","No internet service","No internet service"
"9184-GALIL",True,"No","No","No internet service","No internet service","No internet service","No internet service","No internet service","No internet service"
"4393-RYCRE",True,"No","Fiber optic","Yes","Yes","Yes","No","Yes","Yes"
"9746-MDMBK",True,"Yes","Fiber optic","Yes","Yes","Yes","Yes","Yes","Yes"
"3162-ZJZFU",True,"No","Fiber optic","No","Yes","No","Yes","Yes","No"
"8404-GFGCZ",True,"Yes","DSL","No","No","Yes","No","Yes","No"
"8875-AKBYH",True,"Yes","Fiber optic","No","No","No","No","Yes","No"
"0533-UCAAU",True,"Yes","DSL","No","Yes","Yes","No","Yes","No"
"1394-SUIUH",True,"No","Fiber optic","Yes","Yes","No","Yes","No","No"
"3521-MNKLV",True,"No","DSL","No","No","Yes","No","No","No"
"2533-TIBIX",False,"No phone service","DSL","Yes","No","No","No","No","No"
"5092-STPKP",True,"No","DSL","Yes","No","No","Yes","No","No"
"0114-PEGZZ",True,"Yes","Fiber optic","No","Yes","Yes","No","Yes","Yes"
"3359-DSRKA",True,"No","No","No internet service","No internet service","No internet service","No internet service","No internet service","No internet service"
"8639-NHQEI",True,"Yes","Fiber optic","Yes","Yes","No","No","Yes","No"
"7161-DFHUF",True,"Yes","No","No internet service","No internet service","No internet service","No internet service","No internet service","No internet service"
"3720-DBRWL",True,"No","DSL","Yes","Yes","Yes","Yes","Yes","Yes"
"8565-WUXZU",True,"No","Fiber optic","Yes","Yes","No","Yes","No","No"
"4994-OBRSZ",True,"No","DSL","Yes","Yes","Yes","Yes","No","Yes"
"0562-FGDCR",True,"Yes","DSL","Yes","Yes","No","Yes","Yes","No"
"2436-QBZFP",False,"No phone service","DSL","No","Yes","No","No","Yes","No"
"3420-YJLQT",True,"Yes","Fiber optic","No","Yes","No","No","No","No"
"6040-CGACY",True,"No","No","No internet service","No internet service","No internet service","No internet service","No internet service","No internet service"
"6582-PLFUU",True,"No","No","No internet service","No internet service","No internet service","No internet service","No internet service","No internet service"
"8242-PDSGJ",False,"No phone service","DSL","Yes","No","Yes","Yes","No","No"
"0264-CNITK",True,"No","No","No internet service","No internet service","No internet service","No internet service","No internet service","No internet service"
"0089-IIQKO",True,"Yes","Fiber optic","No","No","No","Yes","Yes","Yes"
"7839-NUIAA",True,"Yes","DSL","Yes","Yes","No","No","No","No"
"6075-QMNRR",True,"No","DSL","Yes","No","No","No","No","No"
"5966-EMAZU",True,"Yes","Fiber optic","Yes","No","Yes","Yes","Yes","Yes"
"0440-EKDCF",True,"No","DSL","No","Yes","Yes","Yes","No","No"
"4774-HHGGS",True,"No","No","No internet service","No internet service","No internet service","No internet service","No internet service","No internet service"
"2055-BFOCC",True,"No","DSL","Yes","Yes","Yes","Yes","Yes","Yes"
"8180-AKMJV",True,"No","DSL","No","No","No","No","No","No"
"4298-OYIFC",True,"Yes","Fiber optic","No","No","Yes","Yes","Yes","Yes"
"5566-SOEZD",True,"No","Fiber optic","Yes","Yes","No","No","No","No"
"9842-EFSYY",False,"No phone service","DSL","Yes","Yes","Yes","No","Yes","Yes"
"2272-WUSPA",True,"Yes","Fiber optic","Yes","Yes","Yes","No","Yes","Yes"
"4584-LBNMK",True,"Yes","No","No internet service","No internet service","No internet service","No internet service","No internet service","No internet service"
"3898-GUYTS",True,"Yes","Fiber optic","Yes","Yes","No","Yes","Yes","No"
"0930-EHUZA",True,"No","DSL","Yes","Yes","Yes","Yes","Yes","No"
"9975-SKRNR",True,"No","No","No internet service","No internet service","No internet service","No internet service","No internet service","No internet service"
"3703-KBKZP",True,"Yes","Fiber optic","No","No","No","No","No","No"
"4973-MGTON",True,"No","DSL","Yes","Yes","Yes","Yes","Yes","Yes"
"3682-YEUWS",True,"Yes","No","No internet service","No internet service","No internet service","No internet service","No internet service","No internet service"
"1223-UNPKS",True,"No","No","No internet service","No internet service","No internet service","No internet service","No internet service","No internet service"
"3446-QDSZF",True,"No","DSL","No","No","No","No","Yes","No"
"5117-IFGPS",True,"Yes","Fiber optic","No","No","No","No","No","Yes"
"7379-FNIUJ",True,"No","Fiber optic","Yes","Yes","No","No","Yes","Yes"
"1627-AFWVJ",True,"No","No","No internet service","No internet service","No internet service","No internet service","No internet service","No internet service"
"4486-EFAEB",True,"No","No","No internet service","No internet service","No internet service","No internet service","No internet service","No internet service"
"0060-FUALY",True,"Yes","Fiber optic","Yes","Yes","No","No","Yes","No"
"6954-OOYZZ",True,"No","DSL","No","No","No","No","No","No"
"7088-FBAWU",True,"No","DSL","Yes","Yes","No","No","Yes","Yes"
"8313-AFGBW",True,"No","DSL","No","Yes","Yes","No","Yes","Yes"
"3097-IDVPU",True,"Yes","DSL","No","No","No","No","No","No"
"2197-OMWGI",False,"No phone service","DSL","No","Yes","Yes","No","Yes","Yes"
"2303-PJYHN",True,"No","No","No internet service","No internet service","No internet service","No internet service","No internet service","No internet service"
"9795-VOWON",False,"No phone service","DSL","No","No","No","No","No","No"
"1237-WIYYZ",True,"No","No","No internet service","No internet service","No internet service","No internet service","No internet service","No internet service"
"1987-AUELQ",True,"Yes","No","No internet service","No internet service","No internet service","No internet service","No internet service","No internet service"
"7852-LECYP",True,"Yes","Fiber optic","Yes","Yes","No","No","No","Yes"
"4822-LPTYJ",True,"Yes","Fiber optic","No","Yes","Yes","No","Yes","Yes"
"8165-CBKXO",False,"No phone service","DSL","No","Yes","Yes","No","Yes","Yes"
"6527-PZFPV",True,"No","No","No internet service","No internet service","No internet service","No internet service","No internet service","No internet service"
"9593-CVZKR",True,"Yes","No","No internet service","No internet service","No internet service","No internet service","No internet service","No internet service"
"8595-SIZNC",True,"Yes","No","No internet service","No internet service","No internet service","No internet service","No internet service","No internet service"
"5236-XMZJY",True,"No","DSL","Yes","Yes","Yes","No","No","No"
"4827-DPADN",True,"Yes","DSL","Yes","No","Yes","Yes","Yes","Yes"
"5846-ABOBJ",True,"Yes","No","No internet service","No internet service","No internet service","No internet service","No internet service","No internet service"
"1439-LCGVL",True,"No","No","No internet service","No internet service","No internet service","No internet service","No internet service","No internet service"
"0909-SDHNU",False,"No phone service","DSL","Yes","No","No","No","No","No"
"4647-XXZAM",True,"No","DSL","No","No","No","No","No","No"
"7740-KKCXF",False,"No phone service","DSL","No","Yes","No","No","No","No"
"5360-XGYAZ",False,"No phone service","DSL","Yes","Yes","Yes","Yes","Yes","Yes"
"3557-HTYWR",True,"Yes","DSL","Yes","Yes","No","Yes","No","Yes"
"8920-NAVAY",True,"Yes","Fiber optic","No","Yes","Yes","Yes","Yes","Yes"
"8541-QVFKM",True,"Yes","Fiber optic","No","No","No","No","No","No"
"1699-TLDLZ",True,"No","No","No internet service","No internet service","No internet service","No internet service","No internet service","No internet service"
"5600-PDUJF",True,"No","DSL","No","No","No","Yes","No","No"
"0567-XRHCU",False,"No phone service","DSL","Yes","No","Yes","No","No","Yes"
"2067-QYTCF",True,"Yes","Fiber optic","No","Yes","Yes","Yes","Yes","Yes"
"7407-SUJIZ",True,"No","No","No internet service","No internet service","No internet service","No internet service","No internet service","No internet service"
"9150-KPBJQ",True,"No","No","No internet service","No internet service","No internet service","No internet service","No internet service","No internet service"
"0052-DCKON",True,"Yes","Fiber optic","Yes","Yes","Yes","Yes","Yes","Yes"
"3654-ARMGP",True,"Yes","DSL","No","Yes","Yes","Yes","Yes","Yes"
"9699-UBQFS",True,"Yes","Fiber optic","Yes","Yes","No","No","Yes","No"
"9367-TCUYN",True,"No","No","No internet service","No internet service","No internet service","No internet service","No internet service","No internet service"
"1261-FWTTE",False,"No phone service","DSL","No","No","No","No","No","Yes"
"3528-HFRIQ",False,"No phone service","DSL","No","Yes","Yes","No","Yes","Yes"
"0708-SJDIS",True,"Yes","DSL","No","No","No","Yes","Yes","No"
"2073-QBVBI",False,"No phone service","DSL","No","Yes","No","Yes","No","No"
"6928-ONTRW",True,"No","No","No internet service","No internet service","No internet service","No internet service","No internet service","No internet service"
"3320-VEOYC",True,"Yes","Fiber optic","No","No","No","No","Yes","Yes"
"5231-FIQPA",True,"No","No","No internet service","No internet service","No internet service","No internet service","No internet service","No internet service"
"6617-WLBQC",True,"Yes","Fiber optic","Yes","No","No","No","No","No"
"2599-CIPQE",True,"No","Fiber optic","Yes","Yes","Yes","Yes","Yes","Yes"
"8774-GSBUN",True,"Yes","No","No internet service","No internet service","No internet service","No internet service","No internet service","No internet service"
"7326-RIGQZ",True,"No","Fiber optic","No","No","No","No","No","No"
"1401-FTHFQ",True,"No","No","No internet service","No internet service","No internet service","No internet service","No internet service","No internet service"
"0254-FNMCI",True,"No","Fiber optic","Yes","Yes","Yes","Yes","Yes","Yes"
"1848-LBZHY",True,"No","DSL","Yes","No","No","No","No","No"
"8118-TJAFG",True,"No","Fiber optic","No","Yes","No","Yes","Yes","Yes"
"5429-LWCMV",True,"Yes","Fiber optic","No","Yes","No","No","No","Yes"
"7298-IZWLY",True,"No","No","No internet service","No internet service","No internet service","No internet service","No internet service","No internet service"
"9758-MFWGD",False,"No phone service","DSL","No","Yes","No","No","No","No"
"3955-JBZZM",True,"No","Fiber optic","No","No","No","No","Yes","No"
"4815-TUMEQ",True,"No","No","No internet service","No internet service","No internet service","No internet service","No internet service","No internet service"
"9909-IDLEK",True,"Yes","Fiber optic","No","Yes","No","Yes","Yes","No"
"4092-OFQZS",True,"No","No","No internet service","No internet service","No internet service","No internet service","No internet service","No internet service"
"1561-BWHIN",True,"No","No","No internet service","No internet service","No internet service","No internet service","No internet service","No internet service"
"9927-DSWDF",True,"No","Fiber optic","Yes","Yes","No","Yes","Yes","Yes"
"9500-LTVBP",True,"Yes","Fiber optic","No","No","No","Yes","No","No"
"7252-NTGSS",True,"No","DSL","No","No","No","No","No","No"
"8149-AIQCG",True,"Yes","Fiber optic","No","No","No","No","No","No"
"1360-JYXKQ",True,"No","Fiber optic","No","No","Yes","Yes","Yes","Yes"
"0899-WZRSD",True,"Yes","Fiber optic","Yes","No","No","Yes","Yes","Yes"
"3255-GRXMG",True,"No","DSL","No","No","No","No","No","No"
"4828-FAZPK",True,"Yes","Fiber optic","No","Yes","No","No","No","No"
"6094-ZIVKX",True,"No","DSL","Yes","No","Yes","No","No","No"
"6925-BAYGL",True,"Yes","No","No internet service","No internet service","No internet service","No internet service","No internet service","No internet service"
"3262-EIDHV",True,"Yes","DSL","Yes","No","Yes","Yes","Yes","Yes"
"7354-OIJLX",True,"Yes","Fiber optic","No","No","No","No","No","No"
"1376-HHBDV",True,"No","DSL","Yes","No","No","No","No","No"
"6133-OZILE",False,"No phone service","DSL","No","No","Yes","Yes","No","No"
"4135-FRWKJ",True,"Yes","DSL","Yes","No","Yes","Yes","Yes","No"
"6551-ZCOTS",True,"Yes","No","No internet service","No internet service","No internet service","No internet service","No internet service","No internet service"
"7191-ADRGF",False,"No phone service","DSL","No","Yes","Yes","No","Yes","Yes"
"5018-LXQQG",True,"No","DSL","Yes","No","No","Yes","No","Yes"
"6892-BOGQE",True,"No","No","No internet service","No internet service","No internet service","No internet service","No internet service","No internet service"
"1746-TGTWV",True,"No","Fiber optic","No","No","Yes","No","No","No"
"5995-SNNEW",True,"Yes","Fiber optic","No","Yes","Yes","No","Yes","Yes"
"8050-WYBND",False,"No phone service","DSL","No","No","Yes","No","Yes","Yes"
"3021-VLNRJ",True,"No","DSL","Yes","No","Yes","Yes","Yes","No"
"2821-WARNZ",True,"No","No","No internet service","No internet service","No internet service","No internet service","No internet service","No internet service"
"4879-GZLFH",True,"No","Fiber optic","No","No","Yes","No","Yes","Yes"
"8314-HTWVE",True,"No","No","No internet service","No internet service","No internet service","No internet service","No internet service","No internet service"
"9402-ROUMJ",True,"Yes","Fiber optic","Yes","No","Yes","Yes","No","Yes"
"2507-QZPQS",True,"Yes","Fiber optic","No","Yes","No","Yes","No","Yes"
"7159-NOKYQ",True,"Yes","Fiber optic","No","Yes","Yes","No","No","Yes"
"5707-ZMDJP",True,"No","DSL","Yes","Yes","No","Yes","Yes","No"
"8779-YIQQA",True,"No","No","No internet service","No internet service","No internet service","No internet service","No internet service","No internet service"
"7136-IHZJA",True,"No","DSL","Yes","Yes","No","Yes","No","Yes"
"8966-OIQHG",True,"No","No","No internet service","No internet service","No internet service","No internet service","No internet service","No internet service"
"7074-STDCN",False,"No phone service","DSL","No","No","No","Yes","No","Yes"
"8739-QOTTN",True,"No","No","No internet service","No internet service","No internet service","No internet service","No internet service","No internet service"
"1399-OUPJN",True,"No","No","No internet service","No internet service","No internet service","No internet service","No internet service","No internet service"
"0277-BKSQP",True,"No","DSL","No","No","No","No","Yes","No"
"5774-XZTQC",True,"No","No","No internet service","No internet service","No internet service","No internet service","No internet service","No internet service"
"2676-SSLTO",True,"Yes","DSL","No","No","No","Yes","Yes","No"
"6266-QHOJZ",True,"Yes","Fiber optic","Yes","Yes","No","Yes","No","No"
"7269-JISCY",True,"No","DSL","No","No","No","No","No","No"
"0363-SVHYR",True,"Yes","DSL","Yes","Yes","Yes","Yes","Yes","Yes"
"8547-NSBBO",True,"Yes","Fiber optic","Yes","Yes","Yes","Yes","No","No"
"6591-QGOYB",True,"Yes","Fiber optic","Yes","Yes","Yes","Yes","Yes","No"
"9070-BCKQP",True,"Yes","Fiber optic","Yes","No","Yes","Yes","Yes","Yes"
"6421-SZVEM",True,"No","Fiber optic","Yes","No","No","No","No","Yes"
"1328-EUZHC",True,"No","No","No internet service","No internet service","No internet service","No internet service","No internet service","No internet service"
"8878-RYUKI",True,"No","DSL","No","No","Yes","No","No","Yes"
"9633-DENPU",True,"No","DSL","No","Yes","No","No","Yes","No"
"7811-JIVPF",True,"No","DSL","No","No","Yes","No","No","No"
"7113-HIPFI",True,"No","DSL","Yes","Yes","Yes","Yes","No","No"
"9258-CNWAC",True,"Yes","Fiber optic","Yes","Yes","Yes","Yes","Yes","Yes"
"5371-VYLSX",True,"Yes","Fiber optic","Yes","Yes","No","No","No","No"
"6374-AFWOX",True,"No","DSL","Yes","Yes","Yes","Yes","No","No"
"5317-FLPJF",False,"No phone service","DSL","Yes","No","Yes","Yes","Yes","Yes"
"7621-VPNET",True,"Yes","Fiber optic","No","No","Yes","Yes","No","No"
"6034-YMTOB",True,"No","Fiber optic","No","No","No","Yes","No","No"
"4903-CNOZC",True,"Yes","DSL","No","Yes","Yes","No","No","Yes"
"4353-HYOJD",True,"No","DSL","No","Yes","No","No","No","No"
"7267-FRMJW",True,"No","No","No internet service","No internet service","No internet service","No internet service","No internet service","No internet service"
"4188-FRABG",True,"Yes","Fiber optic","Yes","Yes","Yes","Yes","Yes","No"
"4128-ETESU",True,"Yes","Fiber optic","No","No","Yes","No","Yes","Yes"
"0620-DLSLK",True,"No","Fiber optic","No","No","No","No","Yes","No"
"3850-OKINF",True,"Yes","DSL","Yes","No","No","No","Yes","No"
"1156-ZFYDO",True,"No","No","No internet service","No internet service","No internet service","No internet service","No internet service","No internet service"
"3295-YVUSR",True,"Yes","Fiber optic","No","No","No","No","No","No"
"8016-NCFVO",True,"Yes","Fiber optic","Yes","Yes","Yes","Yes","Yes","Yes"
"4119-ZYPZY",True,"Yes","Fiber optic","No","Yes","No","Yes","Yes","Yes"
"5549-ZGHFB",True,"Yes","No","No internet service","No internet service","No internet service","No internet service","No internet service","No internet service"
"7577-SWIFR",True,"No","Fiber optic","No","No","No","No","Yes","Yes"
"0303-WMMRN",True,"No","No","No internet service","No internet service","No internet service","No internet service","No internet service","No internet service"
"6408-OTUBZ",True,"Yes","Fiber optic","Yes","Yes","Yes","Yes","Yes","No"
"5204-HMGYF",True,"No","DSL","Yes","Yes","Yes","Yes","Yes","Yes"
"1078-TDCRN",False,"No phone service","DSL","No","Yes","No","No","No","No"
"3727-OVPRY",True,"Yes","No","No internet service","No internet service","No internet service","No internet service","No internet service","No internet service"
"3797-FKOGQ",True,"Yes","Fiber optic","No","No","No","No","No","Yes"
"7622-NXQZR",False,"No phone service","DSL","No","No","No","Yes","No","No"
"6196-HBOBZ",True,"Yes","Fiber optic","Yes","Yes","Yes","No","Yes","No"
"3970-XGJDU",True,"No","No","No internet service","No internet service","No internet service","No internet service","No internet service","No internet service"
"2080-CAZNM",True,"Yes","Fiber optic","No","Yes","Yes","No","Yes","Yes"
"7017-VFULY",True,"No","No","No internet service","No internet service","No internet service","No internet service","No internet service","No internet service"
"5562-YJQGT",True,"No","No","No internet service","No internet service","No internet service","No internet service","No internet service","No internet service"
"8807-OPMBM",True,"Yes","No","No internet service","No internet service","No internet service","No internet service","No internet service","No internet service"
"5439-WIKXB",True,"No","Fiber optic","No","Yes","No","No","Yes","Yes"
"8294-UIMBA",True,"No","Fiber optic","No","No","No","Yes","Yes","Yes"
"8109-YUOHE",True,"No","DSL","Yes","Yes","No","No","No","No"
"5840-NVDCG",True,"No","DSL","Yes","Yes","No","Yes","No","Yes"
"8092-NLTGF",True,"Yes","No","No internet service","No internet service","No internet service","No internet service","No internet service","No internet service"
"5928-QLDHB",True,"Yes","Fiber optic","No","No","No","No","No","No"
"9840-EFJQB",True,"No","Fiber optic","No","Yes","No","No","No","No"
"0696-UKTOX",True,"No","DSL","No","Yes","No","Yes","No","No"
"4801-KFYKL",True,"No","No","No internet service","No internet service","No internet service","No internet service","No internet service","No internet service"
"3472-OAOOR",False,"No phone service","DSL","Yes","Yes","No","No","No","No"
"6135-OZQVA",True,"Yes","DSL","Yes","No","No","No","No","No"
"2252-JHJGE",True,"Yes","Fiber optic","Yes","No","Yes","No","Yes","Yes"
"4188-PCPIG",True,"No","DSL","Yes","Yes","No","Yes","Yes","No"
"7105-BENQF",True,"No","DSL","Yes","No","Yes","No","No","Yes"
"7721-DVEKZ",True,"No","No","No internet service","No internet service","No internet service","No internet service","No internet service","No internet service"
"3566-VVORZ",True,"No","DSL","No","No","No","No","No","No"
"9507-HSMMZ",True,"No","No","No internet service","No internet service","No internet service","No internet service","No internet service","No internet service"
"2480-SQIOB",True,"No","DSL","No","No","No","No","No","No"
"7813-TKCVO",True,"No","No","No internet service","No internet service","No internet service","No internet service","No internet service","No internet service"
"0128-MKWSG",False,"No phone service","DSL","Yes","No","No","Yes","No","Yes"
"4350-ZTLPI",True,"Yes","Fiber optic","No","Yes","Yes","Yes","Yes","Yes"
"0361-HJRDX",False,"No phone service","DSL","Yes","Yes","Yes","Yes","Yes","Yes"
"5727-MYATE",True,"Yes","DSL","Yes","Yes","Yes","Yes","Yes","Yes"
"3823-KYNQY",True,"Yes","No","No internet service","No internet service","No internet service","No internet service","No internet service","No internet service"
"7570-WELNY",True,"Yes","Fiber optic","Yes","Yes","No","No","No","No"
"1028-FFNJK",True,"Yes","Fiber optic","No","No","No","Yes","Yes","Yes"
"6907-FLBER",True,"Yes","DSL","No","Yes","No","No","No","No"
"3001-UNBTL",True,"Yes","Fiber optic","No","No","Yes","No","Yes","Yes"
"5982-PSMKW",True,"Yes","DSL","Yes","Yes","Yes","Yes","Yes","Yes"
"3507-GASNP",True,"No","No","No internet service","No internet service","No internet service","No internet service","No internet service","No internet service"
"7096-ZNBZI",True,"Yes","No","No internet service","No internet service","No internet service","No internet service","No internet service","No internet service"
"1676-MQAOA",True,"No","DSL","Yes","Yes","Yes","Yes","Yes","No"
"0786-IVLAW",True,"Yes","Fiber optic","No","Yes","Yes","No","Yes","Yes"
"6050-IJRHS",True,"Yes","Fiber optic","No","Yes","Yes","No","Yes","Yes"
"6202-JVYEU",True,"No","No","No internet service","No internet service","No internet service","No internet service","No internet service","No internet service"
"8591-TKMZH",True,"Yes","Fiber optic","Yes","Yes","No","Yes","Yes","Yes"
"0734-OXWBT",True,"No","DSL","No","No","No","Yes","Yes","Yes"
"4282-ACRXS",False,"No phone service","DSL","No","No","No","No","No","No"
"0365-TRTPY",True,"Yes","Fiber optic","Yes","Yes","Yes","No","No","No"
"7349-ALMUX",True,"No","DSL","Yes","Yes","Yes","Yes","No","No"
"6502-KUGLL",True,"No","DSL","Yes","Yes","No","Yes","No","No"
"1841-YSJGV",True,"Yes","Fiber optic","Yes","Yes","No","Yes","Yes","Yes"
"3511-BFTJW",False,"No phone service","DSL","Yes","Yes","Yes","No","No","No"
"7668-XCFYV",True,"Yes","Fiber optic","No","No","No","No","Yes","Yes"
"5018-HEKFO",True,"Yes","No","No internet service","No internet service","No internet service","No internet service","No internet service","No internet service"
"2923-ARZLG",True,"No","No","No internet service","No internet service","No internet service","No internet service","No internet service","No internet service"
"3976-NLDEZ",True,"No","No","No internet service","No internet service","No internet service","No internet service","No internet service","No internet service"
"2282-YGNOR",True,"No","DSL","Yes","No","Yes","Yes","No","No"
"5336-UFNZP",True,"Yes","Fiber optic","No","Yes","Yes","No","Yes","Yes"
"6854-EXGSF",True,"Yes","DSL","Yes","Yes","Yes","No","No","No"
"1241-EZFMJ",True,"Yes","No","No internet service","No internet service","No internet service","No internet service","No internet service","No internet service"
"9233-PSYHO",True,"Yes","Fiber optic","No","No","Yes","No","Yes","Yes"
"5376-PCKNB",True,"Yes","Fiber optic","No","Yes","Yes","No","Yes","Yes"
"8044-BGWPI",True,"No","No","No internet service","No internet service","No internet service","No internet service","No internet service","No internet service"
"4060-LDNLU",True,"Yes","Fiber optic","No","No","No","No","Yes","Yes"
"3589-PPVKW",True,"No","DSL","No","No","No","No","No","No"
"5887-IKKYO",True,"Yes","Fiber optic","No","No","Yes","Yes","No","Yes"
"1755-RMCXH",True,"No","No","No internet service","No internet service","No internet service","No internet service","No internet service","No internet service"
"3858-XHYJO",True,"Yes","Fiber optic","Yes","No","Yes","No","Yes","Yes"
"4299-SIMNS",True,"Yes","Fiber optic","Yes","No","No","No","No","No"
"7025-IWFHT",True,"No","Fiber optic","No","Yes","No","Yes","Yes","No"
"6261-LHRTG",True,"No","DSL","No","Yes","Yes","No","No","No"
"7841-FCRQD",True,"No","DSL","No","Yes","No","Yes","No","No"
"2056-EVGZL",True,"No","Fiber optic","No","Yes","Yes","Yes","Yes","Yes"
"8777-MBMTS",True,"No","Fiber optic","No","Yes","Yes","Yes","Yes","Yes"
"7753-USQYQ",True,"No","DSL","No","Yes","No","Yes","No","Yes"
"7661-CPURM",True,"No","Fiber optic","No","No","No","Yes","No","Yes"
"6233-HXJMX",True,"Yes","Fiber optic","No","No","Yes","No","No","Yes"
"5902-WBLSE",True,"No","No","No internet service","No internet service","No internet service","No internet service","No internet service","No internet service"
"3239-TPHPZ",True,"No","No","No internet service","No internet service","No internet service","No internet service","No internet service","No internet service"
"5115-GZDEL",False,"No phone service","DSL","Yes","Yes","Yes","Yes","Yes","Yes"
"3338-CVVEH",True,"Yes","Fiber optic","No","No","No","No","Yes","Yes"
"2615-YVMYX",True,"Yes","Fiber optic","Yes","Yes","Yes","No","Yes","Yes"
"2851-STERV",True,"No","DSL","No","No","Yes","Yes","Yes","Yes"
"4393-GEADV",True,"Yes","Fiber optic","Yes","Yes","Yes","Yes","Yes","Yes"
"8486-AYEQH",True,"Yes","Fiber optic","No","No","No","No","No","No"
"5419-JKZNQ",True,"Yes","Fiber optic","No","No","No","No","No","No"
"2495-KZNFB",True,"Yes","Fiber optic","Yes","No","No","No","No","Yes"
"1409-PHXTF",True,"Yes","Fiber optic","No","Yes","Yes","Yes","Yes","Yes"
"4560-WQAQW",True,"Yes","DSL","Yes","No","No","Yes","No","Yes"
"9591-YVTEB",False,"No phone service","DSL","Yes","Yes","No","No","Yes","No"
"9309-BZGNT",False,"No phone service","DSL","No","No","Yes","No","No","No"
"4274-DRSQT",True,"Yes","Fiber optic","No","Yes","No","No","Yes","No"
"2027-DNKIV",True,"No","DSL","Yes","No","Yes","Yes","No","No"
"8075-GXIUB",True,"No","No","No internet service","No internet service","No internet service","No internet service","No internet service","No internet service"
"2885-HIJDH",True,"Yes","DSL","Yes","No","Yes","Yes","Yes","Yes"
"5424-RLQLC",True,"No","DSL","No","Yes","No","No","Yes","No"
"6507-DTJZV",True,"No","DSL","No","No","No","No","Yes","Yes"
"7673-BQGKU",True,"No","No","No internet service","No internet service","No internet service","No internet service","No internet service","No internet service"
"6723-WSNTY",True,"Yes","Fiber optic","No","Yes","Yes","Yes","Yes","Yes"
"2725-IWWBA",True,"No","DSL","Yes","No","Yes","Yes","No","No"
"1061-PNTHC",True,"Yes","Fiber optic","Yes","No","Yes","Yes","Yes","Yes"
"0394-YONDK",True,"Yes","No","No internet service","No internet service","No internet service","No internet service","No internet service","No internet service"
"6574-MCOEH",True,"Yes","DSL","No","No","Yes","Yes","Yes","Yes"
"7399-QHBJS",True,"Yes","DSL","Yes","Yes","No","Yes","No","No"
"0997-YTLNY",True,"No","DSL","No","No","No","Yes","No","No"
"9479-HYNYL",True,"No","DSL","No","Yes","Yes","Yes","Yes","Yes"
"9708-KFDBY",True,"No","No","No internet service","No internet service","No internet service","No internet service","No internet service","No internet service"
"3642-GKTCT",True,"Yes","Fiber optic","Yes","Yes","Yes","Yes","Yes","Yes"
"0774-RMNUW",False,"No phone service","DSL","Yes","Yes","No","Yes","Yes","Yes"
"1334-PDUKM",True,"Yes","Fiber optic","No","Yes","Yes","No","No","No"
"0756-MPZRL",False,"No phone service","DSL","No","No","Yes","Yes","No","No"
"2242-MFOTG",True,"Yes","Fiber optic","Yes","No","No","No","No","No"
"2927-CVULT",True,"Yes","Fiber optic","Yes","Yes","Yes","Yes","No","Yes"
"2144-BFDSO",True,"Yes","Fiber optic","Yes","Yes","Yes","No","Yes","Yes"
"8745-PVESG",False,"No phone service","DSL","Yes","No","Yes","Yes","No","No"
"7647-GYYKX",True,"No","No","No internet service","No internet service","No internet service","No internet service","No internet service","No internet service"
"5647-FXOTP",True,"Yes","Fiber optic","No","Yes","Yes","No","Yes","Yes"
"9700-ISPUP",True,"No","DSL","No","Yes","No","Yes","No","Yes"
"9839-ETQOE",False,"No phone service","DSL","Yes","Yes","Yes","No","No","No"
"6078-VESFR",True,"No","Fiber optic","No","No","No","No","No","No"
"9027-TMATR",True,"No","DSL","Yes","No","Yes","Yes","Yes","Yes"
"1941-HOSAM",True,"No","Fiber optic","No","No","No","No","Yes","Yes"
"9110-HSGTV",True,"No","DSL","Yes","No","Yes","Yes","Yes","Yes"
"0704-VCUMB",True,"No","No","No internet service","No internet service","No internet service","No internet service","No internet service","No internet service"
"6171-ZTVYB",True,"Yes","DSL","Yes","Yes","No","Yes","No","No"
"1935-IMVBB",True,"No","Fiber optic","No","No","No","No","Yes","Yes"
"2535-PBCGC",False,"No phone service","DSL","Yes","Yes","Yes","Yes","Yes","Yes"
"1470-PSXNM",True,"Yes","Fiber optic","No","Yes","Yes","No","Yes","No"
"2498-XLDZR",True,"No","DSL","Yes","Yes","Yes","Yes","No","Yes"
"9866-OCCKE",True,"Yes","Fiber optic","Yes","No","Yes","Yes","Yes","Yes"
"5338-YHWYT",True,"No","DSL","Yes","Yes","No","Yes","No","No"
"7718-UPSKJ",True,"No","Fiber optic","Yes","Yes","No","Yes","Yes","Yes"
"8731-WBBMB",True,"No","DSL","No","Yes","Yes","Yes","Yes","Yes"
"1448-CYWKC",True,"Yes","Fiber optic","No","Yes","Yes","No","Yes","Yes"
"7901-IIDQV",True,"Yes","DSL","No","No","No","Yes","No","No"
"2690-DVRVK",True,"No","No","No internet service","No internet service","No internet service","No internet service","No internet service","No internet service"
"1270-XKUCC",True,"No","No","No internet service","No internet service","No internet service","No internet service","No internet service","No internet service"
"0334-ZFJSR",True,"Yes","DSL","Yes","Yes","No","Yes","No","No"
"5583-EJXRD",False,"No phone service","DSL","Yes","Yes","Yes","Yes","No","Yes"
"4565-EVZMJ",True,"No","DSL","Yes","Yes","No","Yes","No","No"
"3327-YBAKM",True,"No","Fiber optic","Yes","No","No","Yes","Yes","Yes"
"9441-QHEVC",True,"No","No","No internet service","No internet service","No internet service","No internet service","No internet service","No internet service"
"6705-LNMDD",True,"No","DSL","No","No","No","Yes","No","No"
"2580-ASVVY",False,"No phone service","DSL","Yes","No","No","Yes","Yes","No"
"3370-GQEAL",True,"Yes","Fiber optic","No","No","No","No","Yes","No"
"5032-USPKF",True,"Yes","DSL","Yes","Yes","Yes","No","Yes","Yes"
"4254-QPEDE",False,"No phone service","DSL","Yes","Yes","Yes","Yes","Yes","Yes"
"6283-GITPX",True,"No","DSL","Yes","Yes","Yes","Yes","Yes","No"
"0771-CHWSK",True,"Yes","DSL","Yes","Yes","Yes","No","No","Yes"
"9788-HNGUT",True,"Yes","Fiber optic","Yes","Yes","Yes","Yes","Yes","Yes"
"9495-REDIY",False,"No phone service","DSL","Yes","No","No","No","Yes","No"
"5375-XLDOF",True,"Yes","Fiber optic","Yes","Yes","Yes","Yes","Yes","Yes"
"1172-VIYBP",True,"Yes","DSL","Yes","Yes","No","No","No","Yes"
"6559-PDZLR",True,"No","Fiber optic","No","No","Yes","Yes","Yes","Yes"
"8992-OBVDG",True,"No","DSL","No","No","Yes","No","No","Yes"
"4273-MBHYA",True,"No","Fiber optic","No","No","No","No","Yes","Yes"
"4724-WXVWF",True,"Yes","Fiber optic","Yes","No","No","Yes","No","Yes"
"5701-GUXDC",False,"No phone service","DSL","Yes","No","Yes","No","No","No"
"1460-UZPRJ",True,"No","No","No internet service","No internet service","No internet service","No internet service","No internet service","No internet service"
"6082-GLJIX",True,"No","No","No internet service","No internet service","No internet service","No internet service","No internet service","No internet service"
"2495-TTHBQ",True,"No","No","No internet service","No internet service","No internet service","No internet service","No internet service","No internet service"
"0485-ZBSLN",True,"Yes","No","No internet service","No internet service","No internet service","No internet service","No internet service","No internet service"
"3810-PJUHR",True,"Yes","No","No internet service","No internet service","No internet service","No internet service","No internet service","No internet service"
"0847-HGRML",True,"No","No","No internet service","No internet service","No internet service","No internet service","No internet service","No internet service"
"8232-CTLKO",True,"No","DSL","Yes","No","No","No","Yes","No"
"9227-YBAXE",True,"Yes","DSL","Yes","Yes","No","Yes","Yes","Yes"
"9860-LISIZ",True,"No","No","No internet service","No internet service","No internet service","No internet service","No internet service","No internet service"
"0112-QAWRZ",True,"Yes","Fiber optic","No","No","Yes","No","Yes","No"
"2786-GCDPI",True,"Yes","Fiber optic","No","No","Yes","Yes","Yes","Yes"
"4043-MKDTV",True,"No","Fiber optic","No","Yes","Yes","Yes","Yes","Yes"
"9229-RQABD",True,"Yes","No","No internet service","No internet service","No internet service","No internet service","No internet service","No internet service"
"8313-KTIHG",True,"No","DSL","No","No","No","Yes","Yes","No"
"5320-BRKGK",True,"Yes","DSL","Yes","No","Yes","Yes","Yes","No"
"6284-KMNUF",True,"Yes","Fiber optic","Yes","No","No","No","Yes","Yes"
"6229-UOLQL",False,"No phone service","DSL","Yes","Yes","No","Yes","Yes","No"
"3137-LUPIX",True,"Yes","DSL","No","No","No","Yes","Yes","No"
"6143-JQKEA",True,"No","DSL","No","No","No","No","No","No"
"8676-OOQEJ",False,"No phone service","DSL","No","No","No","Yes","No","No"
"9701-CDXHR",True,"No","Fiber optic","No","No","No","No","No","No"
"8124-NZVGJ",False,"No phone service","DSL","No","No","No","Yes","Yes","Yes"
"2162-FRZAA",False,"No phone service","DSL","No","Yes","Yes","Yes","No","No"
"5118-MUEYH",True,"Yes","Fiber optic","No","Yes","No","Yes","Yes","Yes"
"5627-TVBPP",True,"No","No","No internet service","No internet service","No internet service","No internet service","No internet service","No internet service"
"3936-QQFLL",True,"No","No","No internet service","No internet service","No internet service","No internet service","No internet service","No internet service"
"2589-AYCRP",True,"No","No","No internet service","No internet service","No internet service","No internet service","No internet service","No internet service"
"4067-HLYQI",True,"No","Fiber optic","No","No","No","No","No","No"
"5124-EOGYE",True,"No","No","No internet service","No internet service","No internet service","No internet service","No internet service","No internet service"
"5057-RKGLH",True,"No","No","No internet service","No internet service","No internet service","No internet service","No internet service","No internet service"
"0292-WEGCH",True,"Yes","DSL","No","Yes","Yes","Yes","Yes","Yes"
"8910-ICHIU",True,"No","Fiber optic","Yes","Yes","Yes","No","Yes","No"
"4097-YODCF",True,"Yes","Fiber optic","Yes","Yes","No","No","Yes","Yes"
"9715-WZCLW",True,"Yes","Fiber optic","Yes","No","No","No","Yes","Yes"
"9786-YWNHU",True,"No","DSL","Yes","Yes","Yes","Yes","No","No"
"6407-GSJNL",True,"Yes","No","No internet service","No internet service","No internet service","No internet service","No internet service","No internet service"
"4049-ZPALD",True,"No","Fiber optic","Yes","No","Yes","No","Yes","Yes"
"3733-UOCWF",True,"Yes","Fiber optic","No","Yes","No","Yes","No","No"
"6833-JMZYP",True,"No","Fiber optic","No","No","Yes","No","Yes","Yes"
"1310-QRITU",True,"Yes","DSL","No","No","No","No","No","No"
"8961-QDZZJ",True,"No","Fiber optic","No","Yes","No","No","Yes","Yes"
"9715-SBVSU",True,"No","DSL","Yes","Yes","No","No","No","Yes"
"8490-BXHEO",True,"Yes","Fiber optic","No","Yes","No","No","No","No"
"7173-TETGO",True,"Yes","Fiber optic","Yes","No","No","No","No","No"
"7929-SKFGK",True,"Yes","Fiber optic","Yes","Yes","Yes","Yes","Yes","Yes"
"2300-RQGOI",True,"No","No","No internet service","No internet service","No internet service","No internet service","No internet service","No internet service"
"3563-SVYLG",True,"No","DSL","Yes","Yes","Yes","Yes","No","No"
"6435-VWCCY",True,"Yes","Fiber optic","Yes","Yes","No","No","Yes","No"
"4998-IKFSE",True,"Yes","Fiber optic","No","No","Yes","No","Yes","Yes"
"8630-QSGXK",True,"Yes","DSL","No","No","No","Yes","Yes","Yes"
"2455-USLMV",True,"Yes","Fiber optic","Yes","No","Yes","No","No","No"
"9488-FVZCC",True,"Yes","DSL","Yes","Yes","Yes","Yes","No","Yes"
"5995-WWKKG",True,"No","No","No internet service","No internet service","No internet service","No internet service","No internet service","No internet service"
"7879-CGSFV",True,"No","Fiber optic","Yes","Yes","No","No","Yes","Yes"
"9921-EZKBY",True,"Yes","Fiber optic","Yes","No","Yes","No","No","Yes"
"7432-FFVAR",True,"No","Fiber optic","No","No","Yes","Yes","No","Yes"
"7246-ZGQDF",True,"No","DSL","Yes","No","No","Yes","No","No"
"4456-RHSNB",True,"No","DSL","No","No","Yes","No","No","No"
"2481-SBOYW",True,"Yes","No","No internet service","No internet service","No internet service","No internet service","No internet service","No internet service"
"7109-MFBYV",True,"No","DSL","No","No","No","No","No","No"
"1833-TCXKK",True,"Yes","Fiber optic","No","Yes","Yes","No","Yes","Yes"
"1832-PEUTS",True,"Yes","Fiber optic","No","No","Yes","No","Yes","No"
"8660-BUETV",True,"No","DSL","No","No","No","No","No","No"
"0580-PIQHM",True,"Yes","Fiber optic","Yes","Yes","Yes","No","No","Yes"
"5696-CEIQJ",True,"No","Fiber optic","No","Yes","Yes","Yes","Yes","Yes"
"1696-HXOWK",True,"Yes","Fiber optic","Yes","Yes","No","No","Yes","No"
"3026-ATZYV",True,"No","DSL","Yes","Yes","No","No","Yes","Yes"
"4012-YCFAI",True,"No","DSL","Yes","Yes","No","Yes","No","No"
"9970-QBCDA",True,"No","No","No internet service","No internet service","No internet service","No internet service","No internet service","No internet service"
"9496-IVVRP",True,"No","DSL","Yes","No","No","No","No","No"
"2657-VPXTA",True,"No","Fiber optic","No","No","No","No","Yes","Yes"
"6551-VLJMV",True,"No","No","No internet service","No internet service","No internet service","No internet service","No internet service","No internet service"
"1221-GHZEP",True,"No","DSL","Yes","No","No","Yes","No","Yes"
"9289-LBQVU",True,"Yes","DSL","No","Yes","No","Yes","No","Yes"
"3458-IDMFK",True,"No","No","No internet service","No internet service","No internet service","No internet service","No internet service","No internet service"
"6933-FHBZC",True,"No","DSL","No","Yes","Yes","No","No","No"
"0221-NAUXK",True,"No","No","No internet service","No internet service","No internet service","No internet service","No internet service","No internet service"
"9770-KXGQU",True,"Yes","Fiber optic","Yes","Yes","Yes","No","Yes","No"
"6538-POCHL",True,"No","Fiber optic","No","Yes","Yes","No","No","No"
"6726-NNFWD",True,"No","Fiber optic","No","Yes","Yes","No","No","Yes"
"3002-WQZWT",True,"Yes","Fiber optic","No","No","No","No","No","No"
"4277-UDIEF",True,"Yes","DSL","Yes","No","No","Yes","Yes","Yes"
"1208-NBVFH",True,"No","DSL","No","No","Yes","No","No","No"
"4912-PIGUY",True,"Yes","Fiber optic","No","No","No","No","Yes","No"
"2725-TTRIQ",True,"Yes","DSL","Yes","No","Yes","Yes","Yes","Yes"
"3374-TTZTK",True,"No","Fiber optic","Yes","Yes","Yes","Yes","Yes","Yes"
"8990-ZXLSU",True,"No","Fiber optic","No","No","No","No","No","No"
"2275-RBYQS",True,"No","DSL","No","No","No","No","No","No"
"4419-UJMUS",True,"Yes","Fiber optic","No","No","No","Yes","Yes","Yes"
"7794-JASDG",True,"No","DSL","Yes","No","No","No","No","No"
"7609-YBPXG",True,"Yes","DSL","Yes","No","Yes","Yes","Yes","Yes"
"5519-TEEUH",True,"No","No","No internet service","No internet service","No internet service","No internet service","No internet service","No internet service"
"7856-GANIL",True,"Yes","Fiber optic","No","Yes","Yes","Yes","Yes","No"
"0804-XBFBV",False,"No phone service","DSL","No","No","No","No","No","No"
"2676-OXPPQ",True,"No","DSL","Yes","Yes","No","No","No","No"
"3703-TTEPD",True,"No","DSL","Yes","No","Yes","No","Yes","No"
"2799-TSLAG",True,"Yes","No","No internet service","No internet service","No internet service","No internet service","No internet service","No internet service"
"2208-NKVVH",True,"Yes","No","No internet service","No internet service","No internet service","No internet service","No internet service","No internet service"
"7139-JZFVG",True,"No","DSL","Yes","Yes","Yes","No","No","No"
"4987-GQWPO",False,"No phone service","DSL","No","No","No","No","No","No"
"1757-TCATG",True,"No","No","No internet service","No internet service","No internet service","No internet service","No internet service","No internet service"
"4776-XSKYQ",False,"No phone service","DSL","No","No","No","Yes","No","No"
"8048-DSDFQ",True,"No","No","No internet service","No internet service","No internet service","No internet service","No internet service","No internet service"
"5753-QQWPW",True,"No","DSL","Yes","Yes","No","Yes","No","No"
"6010-DDPPW",True,"Yes","No","No internet service","No internet service","No internet service","No internet service","No internet service","No internet service"
"6693-FRIRW",True,"No","Fiber optic","No","Yes","Yes","No","Yes","Yes"
"6586-MYGKD",True,"Yes","DSL","Yes","No","No","Yes","Yes","Yes"
"3173-NVMPX",True,"Yes","DSL","No","Yes","No","No","No","No"
"0248-PGHBZ",True,"No","Fiber optic","Yes","Yes","No","Yes","Yes","No"
"0623-GDISB",True,"No","DSL","Yes","No","No","No","No","No"
"2892-GESUL",True,"No","No","No internet service","No internet service","No internet service","No internet service","No internet service","No internet service"
"7472-EQOAV",True,"No","Fiber optic","Yes","Yes","Yes","No","No","No"
"2043-WVTQJ",True,"No","DSL","Yes","No","Yes","No","No","No"
"8034-RYTVV",True,"Yes","Fiber optic","Yes","No","Yes","No","No","No"
"3863-QSTYI",True,"No","DSL","No","No","Yes","Yes","Yes","No"
"5044-LRQAQ",True,"No","Fiber optic","No","No","No","No","No","No"
"1716-LSAMB",True,"No","DSL","Yes","No","No","Yes","No","No"
"1333-PBMXB",True,"Yes","No","No internet service","No internet service","No internet service","No internet service","No internet service","No internet service"
"6546-OPBBH",True,"Yes","No","No internet service","No internet service","No internet service","No internet service","No internet service","No internet service"
"5985-BEHZK",True,"Yes","Fiber optic","No","Yes","Yes","No","Yes","Yes"
"9127-QRZMH",True,"No","DSL","Yes","Yes","No","Yes","No","No"
"5919-VCZYM",True,"No","No","No internet service","No internet service","No internet service","No internet service","No internet service","No internet service"
"9644-KVCNC",True,"Yes","Fiber optic","No","No","Yes","No","Yes","No"
"2137-DQMEV",False,"No phone service","DSL","Yes","Yes","No","No","Yes","No"
"8174-LNWMW",True,"No","No","No internet service","No internet service","No internet service","No internet service","No internet service","No internet service"
"9279-CJEOJ",True,"Yes","Fiber optic","No","No","No","No","Yes","Yes"
"7964-VEXDG",True,"Yes","Fiber optic","Yes","No","No","No","No","No"
"2404-JIBFC",True,"Yes","DSL","Yes","No","Yes","Yes","Yes","Yes"
"8029-XYPWT",True,"Yes","Fiber optic","Yes","Yes","Yes","Yes","Yes","Yes"
"4632-PAOYU",True,"No","No","No internet service","No internet service","No internet service","No internet service","No internet service","No internet service"
"2990-OGYTD",True,"Yes","DSL","No","Yes","Yes","Yes","Yes","Yes"
"6646-JPPHA",True,"No","Fiber optic","Yes","Yes","No","No","No","No"
"7658-UYUQS",True,"No","Fiber optic","No","No","Yes","No","Yes","No"
"7880-XSOJX",False,"No phone service","DSL","Yes","Yes","No","Yes","No","No"
"4589-IUAJB",True,"Yes","No","No internet service","No internet service","No internet service","No internet service","No internet service","No internet service"
"8746-BFOAJ",True,"No","No","No internet service","No internet service","No internet service","No internet service","No internet service","No internet service"
"8457-XIGKN",True,"No","No","No internet service","No internet service","No internet service","No internet service","No internet service","No internet service"
"6072-NUQCB",True,"No","No","No internet service","No internet service","No internet service","No internet service","No internet service","No internet service"
"8838-GPHZP",True,"No","No","No internet service","No internet service","No internet service","No internet service","No internet service","No internet service"
"8750-QWZAJ",True,"No","No","No internet service","No internet service","No internet service","No internet service","No internet service","No internet service"
"6918-UMQCG",True,"No","Fiber optic","No","No","No","No","Yes","No"
"0675-NCDYU",True,"Yes","Fiber optic","Yes","Yes","Yes","Yes","Yes","Yes"
"6339-DKLMK",False,"No phone service","DSL","No","Yes","No","No","No","No"
"1346-PJWTK",True,"No","Fiber optic","No","Yes","Yes","Yes","No","Yes"
"5088-QZLRL",True,"No","No","No internet service","No internet service","No internet service","No internet service","No internet service","No internet service"
"8023-QHAIO",True,"Yes","Fiber optic","No","No","No","Yes","No","No"
"4397-FRLTA",True,"No","No","No internet service","No internet service","No internet service","No internet service","No internet service","No internet service"
"3057-VJJQE",True,"Yes","DSL","Yes","No","No","No","No","No"
"2302-OUZXB",True,"Yes","DSL","No","Yes","Yes","No","Yes","Yes"
"8133-ANHHJ",True,"Yes","Fiber optic","Yes","Yes","Yes","Yes","No","Yes"
"2270-CHBFN",True,"Yes","Fiber optic","Yes","Yes","Yes","Yes","No","No"
"5982-FPVQN",True,"Yes","Fiber optic","No","Yes","Yes","No","No","Yes"
"9107-UKCKY",True,"Yes","DSL","No","Yes","Yes","No","Yes","Yes"
"4654-ULTTN",True,"Yes","DSL","Yes","No","Yes","Yes","No","Yes"
"5546-BYZSM",True,"No","No","No internet service","No internet service","No internet service","No internet service","No internet service","No internet service"
"1492-KGETH",True,"Yes","DSL","Yes","Yes","Yes","Yes","No","Yes"
"4163-HFTUK",True,"No","No","No internet service","No internet service","No internet service","No internet service","No internet service","No internet service"
"8215-NGSPE",True,"No","No","No internet service","No internet service","No internet service","No internet service","No internet service","No internet service"
"8859-YSTWS",True,"No","No","No internet service","No internet service","No internet service","No internet service","No internet service","No internet service"
"7601-DHFWZ",True,"Yes","No","No internet service","No internet service","No internet service","No internet service","No internet service","No internet service"
"1998-VHJHK",True,"No","No","No internet service","No internet service","No internet service","No internet service","No internet service","No internet service"
"1707-HABPF",True,"No","Fiber optic","No","Yes","Yes","No","Yes","No"
"0487-VVUVK",True,"No","No","No internet service","No internet service","No internet service","No internet service","No internet service","No internet service"
"5063-IUOKK",True,"No","No","No internet service","No internet service","No internet service","No internet service","No internet service","No internet service"
"4508-OEBEY",True,"No","DSL","Yes","Yes","Yes","Yes","No","Yes"
"0027-KWYKW",True,"Yes","Fiber optic","No","No","No","No","Yes","No"
"2308-STERM",True,"No","No","No internet service","No internet service","No internet service","No internet service","No internet service","No internet service"
"5982-XMDEX",True,"Yes","No","No internet service","No internet service","No internet service","No internet service","No internet service","No internet service"
"6051-PTVNS",True,"No","No","No internet service","No internet service","No internet service","No internet service","No internet service","No internet service"
"2877-VDUER",False,"No phone service","DSL","No","No","No","Yes","Yes","No"
"9152-AMKAK",True,"No","DSL","Yes","No","Yes","Yes","Yes","Yes"
"9432-VOFYX",True,"No","Fiber optic","No","No","No","No","No","No"
"8049-WJCLQ",True,"No","DSL","No","No","Yes","No","Yes","No"
"6586-PSJOX",True,"No","DSL","No","No","Yes","Yes","No","No"
"9705-ZJBCG",True,"No","DSL","Yes","No","No","Yes","No","No"
"6847-KJLTS",True,"Yes","Fiber optic","No","No","No","Yes","Yes","Yes"
"9670-BPNXF",True,"No","DSL","Yes","Yes","No","Yes","No","No"
"3913-FCUUW",True,"Yes","DSL","Yes","Yes","Yes","Yes","No","No"
"3301-VKTGC",True,"Yes","Fiber optic","Yes","Yes","No","No","No","No"
"9555-SAHUZ",True,"No","DSL","Yes","Yes","No","No","No","No"
"0816-TSPHQ",True,"No","No","No internet service","No internet service","No internet service","No internet service","No internet service","No internet service"
"9932-WBWIK",True,"No","No","No internet service","No internet service","No internet service","No internet service","No internet service","No internet service"
"4619-EVPHY",True,"No","Fiber optic","No","No","No","No","Yes","Yes"
"5286-YHCVC",True,"Yes","Fiber optic","No","Yes","Yes","No","Yes","Yes"
"9115-YQHGA",True,"No","DSL","No","No","No","Yes","No","No"
"4462-CYWMH",True,"Yes","Fiber optic","No","Yes","No","No","No","Yes"
"4537-DKTAL",True,"No","DSL","No","No","No","No","No","No"
"8963-MQVYN",True,"No","No","No internet service","No internet service","No internet service","No internet service","No internet service","No internet service"
"2458-EOMRE",True,"No","DSL","Yes","No","Yes","No","No","Yes"
"9334-GWGOW",True,"Yes","Fiber optic","No","No","No","No","No","No"
"6542-LWGXJ",False,"No phone service","DSL","No","No","No","No","No","No"
"5567-GZKQY",True,"No","No","No internet service","No internet service","No internet service","No internet service","No internet service","No internet service"
"1222-LRYKO",True,"Yes","No","No internet service","No internet service","No internet service","No internet service","No internet service","No internet service"
"2087-QAREY",True,"No","DSL","No","Yes","Yes","No","No","No"
"4423-JWZJN",True,"Yes","Fiber optic","No","No","Yes","No","No","Yes"
"6490-FGZAT",True,"No","No","No internet service","No internet service","No internet service","No internet service","No internet service","No internet service"
"7452-FOLON",True,"Yes","No","No internet service","No internet service","No internet service","No internet service","No internet service","No internet service"
"2320-TZRRH",True,"No","No","No internet service","No internet service","No internet service","No internet service","No internet service","No internet service"
"4942-VZZOM",True,"Yes","DSL","Yes","No","No","No","Yes","No"
"7502-BNYGS",True,"No","DSL","No","Yes","No","No","Yes","Yes"
"4291-HYEBC",False,"No phone service","DSL","No","Yes","No","No","No","Yes"
"6147-CBCRA",True,"No","No","No internet service","No internet service","No internet service","No internet service","No internet service","No internet service"
"6047-SUHPR",True,"No","DSL","Yes","Yes","Yes","No","No","No"
"9752-ZNQUT",True,"No","DSL","No","Yes","No","No","No","No"
"1576-PFZIW",True,"No","Fiber optic","Yes","Yes","Yes","No","Yes","Yes"
"5666-MBJPT",True,"Yes","No","No internet service","No internet service","No internet service","No internet service","No internet service","No internet service"
"7312-XSBAT",True,"No","DSL","Yes","No","No","No","No","No"
"3096-GKWEB",True,"Yes","Fiber optic","No","No","No","No","Yes","Yes"
"2371-JQHZZ",True,"Yes","Fiber optic","No","No","No","No","Yes","Yes"
"0674-GCDXG",True,"Yes","DSL","Yes","No","Yes","Yes","No","Yes"
"1121-QSIVB",True,"Yes","DSL","No","Yes","No","No","Yes","Yes"
"4396-KLSEH",True,"No","No","No internet service","No internet service","No internet service","No internet service","No internet service","No internet service"
"2824-MYYBN",True,"Yes","Fiber optic","No","No","No","No","Yes","Yes"
"6345-HOVES",False,"No phone service","DSL","No","No","No","No","No","No"
"8318-LCNBW",False,"No phone service","DSL","Yes","No","Yes","No","Yes","Yes"
"6469-QJKZW",True,"No","No","No internet service","No internet service","No internet service","No internet service","No internet service","No internet service"
"0147-ESWWR",True,"Yes","Fiber optic","No","No","No","Yes","Yes","Yes"
"1217-VASWC",True,"No","Fiber optic","No","Yes","Yes","No","Yes","Yes"
"6370-ZVHDV",True,"Yes","No","No internet service","No internet service","No internet service","No internet service","No internet service","No internet service"
"5915-DGNVC",True,"Yes","DSL","Yes","Yes","Yes","No","No","Yes"
"6260-XLACS",True,"No","No","No internet service","No internet service","No internet service","No internet service","No internet service","No internet service"
"3566-CAAYU",False,"No phone service","DSL","No","Yes","Yes","Yes","No","Yes"
"4983-CCWMC",True,"No","Fiber optic","No","No","No","No","No","No"
"9103-CXVOK",True,"No","No","No internet service","No internet service","No internet service","No internet service","No internet service","No internet service"
"2896-TBNBE",True,"No","Fiber optic","No","Yes","Yes","No","No","No"
"2522-WLNSF",True,"No","DSL","No","No","Yes","Yes","Yes","No"
"3841-CONLJ",False,"No phone service","DSL","No","No","No","No","No","Yes"
"4475-NVTLU",True,"No","No","No internet service","No internet service","No internet service","No internet service","No internet service","No internet service"
"9386-LDCZR",True,"No","Fiber optic","Yes","Yes","Yes","Yes","No","No"
"9585-KKMFD",True,"No","No","No internet service","No internet service","No internet service","No internet service","No internet service","No internet service"
"5399-ZIMKF",True,"No","Fiber optic","No","Yes","No","No","No","No"
"0336-KXKFK",False,"No phone service","DSL","Yes","No","Yes","Yes","Yes","Yes"
"5619-XZZKR",True,"No","No","No internet service","No internet service","No internet service","No internet service","No internet service","No internet service"
"3948-FVVRP",True,"No","DSL","No","Yes","No","Yes","No","No"
"5327-XOKKY",True,"Yes","DSL","No","No","Yes","No","Yes","Yes"
"0983-TATYJ",True,"No","DSL","No","No","No","Yes","No","No"
"1813-JYWTO",True,"Yes","Fiber optic","Yes","No","No","No","No","No"
"6719-OXYBR",True,"No","Fiber optic","No","No","Yes","No","Yes","No"
"3312-ZWLGF",True,"Yes","Fiber optic","No","No","No","Yes","No","No"
"6476-YHMGA",True,"No","DSL","No","Yes","Yes","Yes","Yes","Yes"
"0795-XCCTE",True,"Yes","No","No internet service","No internet service","No internet service","No internet service","No internet service","No internet service"
"0168-XZKBB",True,"Yes","Fiber optic","No","No","No","No","Yes","No"
"3785-NRHYR",True,"No","No","No internet service","No internet service","No internet service","No internet service","No internet service","No internet service"
"7072-MBHEV",True,"Yes","Fiber optic","No","No","Yes","No","No","No"
"5602-BVFMK",True,"No","No","No internet service","No internet service","No internet service","No internet service","No internet service","No internet service"
"6297-NOOPG",True,"Yes","Fiber optic","No","Yes","Yes","Yes","Yes","Yes"
"8204-TIFGJ",True,"No","No","No internet service","No internet service","No internet service","No internet service","No internet service","No internet service"
"8050-DVOJX",True,"Yes","DSL","Yes","Yes","Yes","Yes","No","Yes"
"8903-XEBGX",True,"No","DSL","No","No","No","No","No","Yes"
"8169-SAEJD",False,"No phone service","DSL","Yes","Yes","No","No","Yes","Yes"
"1089-XZWHH",True,"No","No","No internet service","No internet service","No internet service","No internet service","No internet service","No internet service"
"2325-WINES",True,"Yes","Fiber optic","No","Yes","Yes","No","Yes","Yes"
"6064-ZATLR",True,"No","DSL","Yes","Yes","No","No","No","No"
"7824-PANSQ",True,"Yes","Fiber optic","No","No","No","Yes","No","No"
"9648-BCHKM",True,"Yes","No","No internet service","No internet service","No internet service","No internet service","No internet service","No internet service"
"2888-ADFAO",True,"No","No","No internet service","No internet service","No internet service","No internet service","No internet service","No internet service"
"8707-HOEDG",True,"Yes","Fiber optic","No","Yes","Yes","Yes","Yes","Yes"
"4072-IPYLT",True,"No","DSL","Yes","No","No","No","No","No"
"7167-PCEYD",True,"No","No","No internet service","No internet service","No internet service","No internet service","No internet service","No internet service"
"4936-YPJNK",True,"No","No","No internet service","No internet service","No internet service","No internet service","No internet service","No internet service"
"1580-BMCMR",True,"No","Fiber optic","Yes","No","No","No","No","Yes"
"4817-KEQSP",True,"No","No","No internet service","No internet service","No internet service","No internet service","No internet service","No internet service"
"6408-WHTEF",True,"Yes","DSL","Yes","Yes","Yes","Yes","Yes","Yes"
"9251-AWQGT",True,"No","No","No internet service","No internet service","No internet service","No internet service","No internet service","No internet service"
"8749-CLJXC",True,"No","No","No internet service","No internet service","No internet service","No internet service","No internet service","No internet service"
"7989-VCQOH",True,"No","DSL","Yes","No","Yes","Yes","Yes","Yes"
"4199-QHJNM",True,"Yes","Fiber optic","No","Yes","No","Yes","Yes","Yes"
"8882-TLVRW",False,"No phone service","DSL","Yes","No","Yes","Yes","No","No"
"5135-GRQJV",True,"Yes","Fiber optic","Yes","Yes","Yes","Yes","Yes","Yes"
"2384-OVPSA",True,"No","No","No internet service","No internet service","No internet service","No internet service","No internet service","No internet service"
"1371-WEPDS",True,"No","DSL","No","No","No","No","No","Yes"
"3580-GICBM",True,"Yes","No","No internet service","No internet service","No internet service","No internet service","No internet service","No internet service"
"9730-DRTMJ",True,"Yes","DSL","Yes","No","No","Yes","Yes","No"
"4686-UXDML",True,"Yes","Fiber optic","No","Yes","No","No","Yes","Yes"
"3349-ANQNH",True,"Yes","Fiber optic","No","No","Yes","No","Yes","Yes"
"0932-YIXYU",True,"No","No","No internet service","No internet service","No internet service","No internet service","No internet service","No internet service"
"7480-SPLEF",True,"Yes","No","No internet service","No internet service","No internet service","No internet service","No internet service","No internet service"
"7636-XUHWW",True,"No","No","No internet service","No internet service","No internet service","No internet service","No internet service","No internet service"
"1431-CYWMH",True,"No","No","No internet service","No internet service","No internet service","No internet service","No internet service","No internet service"
"5937-EORGB",True,"Yes","Fiber optic","Yes","No","Yes","No","Yes","No"
"6349-JDHQP",True,"No","No","No internet service","No internet service","No internet service","No internet service","No internet service","No internet service"
"5539-HIVAK",True,"Yes","No","No internet service","No internet service","No internet service","No internet service","No internet service","No internet service"
"5847-MXBEO",True,"No","No","No internet service","No internet service","No internet service","No internet service","No internet service","No internet service"
"4583-PARNH",True,"No","Fiber optic","No","No","Yes","Yes","No","Yes"
"1116-FRYVH",False,"No phone service","DSL","Yes","Yes","No","Yes","No","No"
"1421-HCERK",True,"Yes","Fiber optic","Yes","Yes","Yes","Yes","Yes","No"
"9633-XQABV",True,"No","Fiber optic","No","No","No","No","No","No"
"0716-BQNDX",True,"Yes","Fiber optic","Yes","No","No","Yes","No","Yes"
"1183-CANVH",True,"No","DSL","No","No","No","Yes","Yes","No"
"1972-XMUWV",True,"No","DSL","No","No","No","Yes","Yes","No"
"8679-LZBMD",True,"No","Fiber optic","No","No","No","No","Yes","Yes"
"3407-JMJQQ",True,"Yes","Fiber optic","Yes","Yes","Yes","No","Yes","Yes"
"6252-DFGTK",True,"Yes","DSL","Yes","No","Yes","Yes","No","No"
"1539-LNKHM",True,"No","No","No internet service","No internet service","No internet service","No internet service","No internet service","No internet service"
"8645-KOMJQ",True,"Yes","DSL","No","Yes","Yes","Yes","Yes","Yes"
"0289-IVARM",True,"No","DSL","Yes","Yes","Yes","No","No","No"
"9761-XUJWD",True,"No","DSL","No","Yes","No","Yes","No","Yes"
"4057-FKCZK",True,"Yes","Fiber optic","No","No","No","No","Yes","No"
"4291-TPNFG",True,"Yes","DSL","Yes","Yes","Yes","Yes","No","Yes"
"6087-YPWHO",True,"Yes","DSL","Yes","Yes","Yes","Yes","No","No"
"3090-QFUVD",True,"No","No","No internet service","No internet service","No internet service","No internet service","No internet service","No internet service"
"1722-LDZJS",True,"No","No","No internet service","No internet service","No internet service","No internet service","No internet service","No internet service"
"1818-ESQMW",True,"No","Fiber optic","No","No","Yes","Yes","No","Yes"
"7401-RUBNK",True,"No","Fiber optic","Yes","No","No","No","No","No"
"0506-YLVKJ",True,"No","No","No internet service","No internet service","No internet service","No internet service","No internet service","No internet service"
"8661-BOYNW",True,"Yes","DSL","Yes","No","Yes","Yes","Yes","Yes"
"4815-GBTCD",False,"No phone service","DSL","No","No","No","No","No","No"
"2805-AUFQN",True,"No","No","No internet service","No internet service","No internet service","No internet service","No internet service","No internet service"
"0980-PVMRC",False,"No phone service","DSL","No","Yes","No","No","Yes","Yes"
"7233-DRTRF",True,"Yes","Fiber optic","No","Yes","Yes","No","Yes","Yes"
"3873-NFTGI",True,"Yes","DSL","No","Yes","No","No","No","No"
"1162-ECVII",True,"Yes","Fiber optic","No","Yes","Yes","Yes","Yes","Yes"
"7048-GXDAY",True,"Yes","Fiber optic","Yes","Yes","No","No","Yes","Yes"
"8571-ZCMCX",False,"No phone service","DSL","Yes","Yes","Yes","No","Yes","Yes"
"1169-WCVAK",True,"Yes","Fiber optic","Yes","Yes","No","Yes","No","No"
"7129-CAKJW",True,"Yes","Fiber optic","No","No","Yes","No","No","No"
"8695-ARGXZ",True,"Yes","Fiber optic","No","No","No","No","No","No"
"3570-YUEKJ",True,"No","DSL","No","Yes","No","No","No","No"
"1555-HAPSU",True,"Yes","No","No internet service","No internet service","No internet service","No internet service","No internet service","No internet service"
"1697-NVVGY",True,"No","DSL","Yes","No","Yes","No","Yes","No"
"8464-EETCQ",True,"No","No","No internet service","No internet service","No internet service","No internet service","No internet service","No internet service"
"2419-FSORS",True,"Yes","Fiber optic","No","Yes","Yes","Yes","Yes","Yes"
"8132-YPVBX",True,"No","Fiber optic","No","Yes","No","No","No","Yes"
"6754-LZUKA",True,"Yes","DSL","No","Yes","Yes","No","Yes","Yes"
"8099-MZPUJ",True,"Yes","Fiber optic","Yes","Yes","Yes","Yes","Yes","Yes"
"0787-LHDYT",True,"No","No","No internet service","No internet service","No internet service","No internet service","No internet service","No internet service"
"0374-IOEGQ",True,"No","DSL","No","No","No","No","No","No"
"3197-NNYNB",True,"Yes","Fiber optic","No","Yes","Yes","No","Yes","Yes"
"3396-DKDEL",True,"Yes","Fiber optic","Yes","Yes","Yes","Yes","Yes","Yes"
"1752-OZXFY",True,"No","DSL","Yes","No","No","No","Yes","No"
"9066-QRSDU",True,"Yes","No","No internet service","No internet service","No internet service","No internet service","No internet service","No internet service"
"9112-WSNPU",True,"No","Fiber optic","No","No","No","No","No","No"
"9867-NNXLC",True,"No","No","No internet service","No internet service","No internet service","No internet service","No internet service","No internet service"
"5321-NTRKC",True,"Yes","DSL","No","Yes","Yes","No","Yes","Yes"
"3161-GETRM",True,"Yes","Fiber optic","No","No","Yes","No","No","Yes"
"0402-OAMEN",True,"Yes","No","No internet service","No internet service","No internet service","No internet service","No internet service","No internet service"
"6933-VLYFX",False,"No phone service","DSL","Yes","No","Yes","Yes","Yes","Yes"
"6754-WKSHP",True,"Yes","No","No internet service","No internet service","No internet service","No internet service","No internet service","No internet service"
"4976-LNFVV",False,"No phone service","DSL","No","Yes","Yes","No","No","No"
"5055-MGMGF",True,"Yes","Fiber optic","Yes","No","Yes","No","Yes","Yes"
"4641-FROLU",True,"No","No","No internet service","No internet service","No internet service","No internet service","No internet service","No internet service"
"2862-JVEOY",True,"No","No","No internet service","No internet service","No internet service","No internet service","No internet service","No internet service"
"2969-QWUBZ",False,"No phone service","DSL","No","Yes","No","No","Yes","Yes"
"9822-BIIGN",True,"Yes","DSL","Yes","No","No","Yes","No","Yes"
"2077-MPJQO",True,"Yes","Fiber optic","No","No","No","No","No","No"
"1534-OULXE",True,"No","DSL","Yes","No","No","No","No","No"
"2971-SGAFL",True,"Yes","DSL","Yes","No","Yes","No","Yes","Yes"
"1480-IVEVR",True,"Yes","Fiber optic","No","No","Yes","No","No","No"
"2905-KFQUV",True,"No","Fiber optic","No","No","No","No","No","No"
"3370-HXOPH",True,"Yes","Fiber optic","No","No","No","No","No","No"
"9391-YZEJW",True,"Yes","Fiber optic","No","No","No","No","Yes","Yes"
"9958-MEKUC",True,"Yes","Fiber optic","Yes","Yes","Yes","Yes","No","Yes"
"0281-CNTZX",True,"No","No","No internet service","No internet service","No internet service","No internet service","No internet service","No internet service"
"4118-CEVPF",True,"Yes","Fiber optic","Yes","Yes","Yes","Yes","Yes","Yes"
"9114-VEPUF",True,"Yes","Fiber optic","Yes","Yes","No","No","No","Yes"
"7876-BEUTG",True,"Yes","DSL","No","No","No","No","No","No"
"2338-BQEZT",True,"No","DSL","Yes","No","No","No","No","No"
"9873-MNDKV",True,"No","DSL","No","No","No","No","No","No"
"8241-JUIQO",True,"No","No","No internet service","No internet service","No internet service","No internet service","No internet service","No internet service"
"2194-IIQOF",True,"Yes","DSL","Yes","Yes","Yes","Yes","Yes","Yes"
"9631-RXVJM",True,"No","No","No internet service","No internet service","No internet service","No internet service","No internet service","No internet service"
"9584-EXCDZ",True,"No","Fiber optic","No","No","No","No","No","No"
"5093-FEGLU",True,"No","No","No internet service","No internet service","No internet service","No internet service","No internet service","No internet service"
"2621-UDNLU",True,"No","No","No internet service","No internet service","No internet service","No internet service","No internet service","No internet service"
"7526-IVLYU",True,"No","No","No internet service","No internet service","No internet service","No internet service","No internet service","No internet service"
"2428-HYUNX",True,"No","No","No internet service","No internet service","No internet service","No internet service","No internet service","No internet service"
"9214-EKVXR",True,"No","DSL","No","No","No","No","No","No"
"3410-MHHUM",True,"Yes","Fiber optic","No","Yes","Yes","No","No","Yes"
"2122-YWVYA",True,"No","Fiber optic","Yes","No","No","No","No","No"
"2296-DKZFP",True,"No","DSL","Yes","Yes","Yes","No","No","Yes"
"8909-BOLNL",True,"No","No","No internet service","No internet service","No internet service","No internet service","No internet service","No internet service"
"6603-YRDCJ",True,"No","DSL","Yes","Yes","No","Yes","No","No"
"3229-USWAR",True,"No","DSL","Yes","No","Yes","Yes","Yes","Yes"
"2138-VFAPZ",True,"No","No","No internet service","No internet service","No internet service","No internet service","No internet service","No internet service"
"6131-JLWZM",True,"No","No","No internet service","No internet service","No internet service","No internet service","No internet service","No internet service"
"0269-XFESX",True,"Yes","No","No internet service","No internet service","No internet service","No internet service","No internet service","No internet service"
"1709-EJDOX",True,"No","No","No internet service","No internet service","No internet service","No internet service","No internet service","No internet service"
"4316-XCSLJ",True,"No","DSL","Yes","No","No","No","No","No"
"9693-XMUOB",False,"No phone service","DSL","No","Yes","No","No","Yes","Yes"
"0383-CLDDA",True,"Yes","DSL","Yes","No","Yes","Yes","Yes","Yes"
"2709-UQGNP",True,"No","DSL","Yes","No","No","No","No","No"
"3549-ZTMNH",True,"Yes","No","No internet service","No internet service","No internet service","No internet service","No internet service","No internet service"
"8033-ATFAS",True,"No","DSL","No","No","Yes","No","Yes","No"
"1635-NZATJ",True,"Yes","No","No internet service","No internet service","No internet service","No internet service","No internet service","No internet service"
"0562-HKHML",True,"Yes","No","No internet service","No internet service","No internet service","No internet service","No internet service","No internet service"
"8277-RVRSV",True,"Yes","No","No internet service","No internet service","No internet service","No internet service","No internet service","No internet service"
"9943-VSZUV",True,"Yes","Fiber optic","No","No","No","No","No","No"
"7054-ENNGU",True,"No","DSL","No","Yes","No","No","No","No"
"1455-HFBXA",True,"Yes","Fiber optic","Yes","No","Yes","Yes","No","No"
"9402-CXWPL",True,"Yes","Fiber optic","No","Yes","No","No","Yes","Yes"
"1628-BIZYP",True,"No","Fiber optic","No","Yes","No","No","No","Yes"
"0082-LDZUE",True,"No","DSL","No","No","No","No","No","No"
"5343-SGUBI",True,"Yes","Fiber optic","No","Yes","No","No","No","No"
"0856-NAOES",True,"No","DSL","No","No","Yes","No","Yes","No"
"1976-AZZPJ",False,"No phone service","DSL","Yes","Yes","No","No","No","No"
"6156-UZDLF",True,"No","Fiber optic","Yes","No","Yes","Yes","No","No"
"3099-OONVS",True,"No","DSL","Yes","No","No","Yes","No","No"
"9500-WBGRP",True,"No","No","No internet service","No internet service","No internet service","No internet service","No internet service","No internet service"
"5183-KLYEM",True,"Yes","Fiber optic","Yes","Yes","Yes","Yes","Yes","Yes"
"5144-PQCDZ",True,"No","No","No internet service","No internet service","No internet service","No internet service","No internet service","No internet service"
"8514-VZHEB",True,"No","No","No internet service","No internet service","No internet service","No internet service","No internet service","No internet service"
"6625-IUTTT",True,"No","DSL","Yes","No","Yes","No","No","Yes"
"9355-NPPFS",True,"No","Fiber optic","No","No","No","No","No","Yes"
"0068-FIGTF",True,"No","DSL","No","Yes","Yes","Yes","Yes","Yes"
"5965-GGPRW",True,"Yes","Fiber optic","Yes","No","Yes","No","Yes","Yes"
"8035-PWSEV",True,"No","Fiber optic","No","No","Yes","Yes","No","Yes"
"2236-HILPA",True,"No","No","No internet service","No internet service","No internet service","No internet service","No internet service","No internet service"
"1840-BIUOG",True,"Yes","DSL","No","Yes","No","Yes","Yes","No"
"1356-MKYSK",True,"No","DSL","Yes","No","Yes","Yes","Yes","Yes"
"6080-LNESI",True,"Yes","No","No internet service","No internet service","No internet service","No internet service","No internet service","No internet service"
"1830-IPXVJ",True,"No","No","No internet service","No internet service","No internet service","No internet service","No internet service","No internet service"
"5828-DWPIL",True,"Yes","Fiber optic","Yes","Yes","Yes","No","No","No"
"8398-TBIYD",True,"Yes","Fiber optic","Yes","No","No","Yes","No","No"
"2931-FSOHN",True,"No","DSL","No","Yes","No","No","Yes","No"
"9418-RUKPH",True,"No","No","No internet service","No internet service","No internet service","No internet service","No internet service","No internet service"
"9971-ZWPBF",True,"Yes","Fiber optic","No","Yes","Yes","Yes","Yes","Yes"
"4712-AUQZO",False,"No phone service","DSL","Yes","No","Yes","No","No","No"
"9711-FJTBX",True,"No","Fiber optic","No","Yes","Yes","Yes","No","No"
"2908-ZTPNF",False,"No phone service","DSL","No","Yes","No","Yes","No","No"
"8421-WZOOW",True,"No","Fiber optic","No","Yes","Yes","Yes","Yes","No"
"1414-YADCW",True,"No","Fiber optic","Yes","Yes","No","Yes","No","No"
"8756-RDDLT",False,"No phone service","DSL","No","Yes","No","Yes","No","Yes"
"2862-PFNIK",False,"No phone service","DSL","No","No","No","No","No","No"
"5816-QVHRX",True,"Yes","Fiber optic","No","No","No","Yes","Yes","Yes"
"4430-YHXGG",True,"Yes","No","No internet service","No internet service","No internet service","No internet service","No internet service","No internet service"
"6888-SBYAI",True,"No","DSL","Yes","No","No","No","No","No"
"7395-XWZOY",False,"No phone service","DSL","Yes","Yes","Yes","Yes","Yes","No"
"7169-YWAMK",True,"No","DSL","Yes","Yes","No","Yes","Yes","No"
"6859-RKMZJ",True,"No","DSL","No","No","No","No","Yes","No"
"2729-VNVAP",True,"No","No","No internet service","No internet service","No internet service","No internet service","No internet service","No internet service"
"2957-JIRMN",True,"Yes","Fiber optic","No","No","No","No","Yes","No"
"2049-BAFNW",False,"No phone service","DSL","No","No","Yes","Yes","No","No"
"3842-QTGDL",True,"No","Fiber optic","Yes","Yes","No","No","No","No"
"7163-OCEQI",True,"Yes","DSL","No","No","Yes","Yes","Yes","Yes"
"9782-LGXMC",True,"No","DSL","Yes","No","Yes","Yes","No","No"
"5975-BAICR",True,"No","DSL","Yes","No","Yes","No","No","Yes"
"4673-KKSLS",True,"No","Fiber optic","Yes","No","Yes","Yes","No","No"
"4853-OITSN",True,"Yes","Fiber optic","Yes","No","No","No","No","Yes"
"9800-OUIGR",True,"No","No","No internet service","No internet service","No internet service","No internet service","No internet service","No internet service"
"2324-EFHVG",True,"Yes","Fiber optic","No","Yes","Yes","No","Yes","Yes"
"7094-MSZAO",True,"No","No","No internet service","No internet service","No internet service","No internet service","No internet service","No internet service"
"6907-CQGPN",False,"No phone service","DSL","No","Yes","No","Yes","No","No"
"0780-XNZFN",True,"No","No","No internet service","No internet service","No internet service","No internet service","No internet service","No internet service"
"0239-OXEXL",True,"Yes","Fiber optic","Yes","Yes","No","No","No","No"
"2675-IJRGJ",True,"No","No","No internet service","No internet service","No internet service","No internet service","No internet service","No internet service"
"7049-GKVZY",True,"No","DSL","Yes","Yes","No","Yes","Yes","Yes"
"8577-QSOCG",True,"No","No","No internet service","No internet service","No internet service","No internet service","No internet service","No internet service"
"3721-CNZHX",True,"No","No","No internet service","No internet service","No internet service","No internet service","No internet service","No internet service"
"0212-ISBBF",False,"No phone service","DSL","No","Yes","No","No","Yes","Yes"
"3585-YNADK",True,"Yes","DSL","No","Yes","Yes","Yes","Yes","No"
"5271-DBYSJ",True,"No","Fiber optic","No","No","No","No","No","Yes"
"1099-GODLO",True,"No","No","No internet service","No internet service","No internet service","No internet service","No internet service","No internet service"
"6828-HMKWP",True,"No","No","No internet service","No internet service","No internet service","No internet service","No internet service","No internet service"
"1472-TNCWL",True,"No","Fiber optic","No","Yes","No","No","Yes","Yes"
"2080-GKCWQ",True,"No","Fiber optic","No","Yes","No","No","No","No"
"2193-SFWQW",True,"No","Fiber optic","Yes","Yes","Yes","Yes","Yes","Yes"
"5656-JAMLX",True,"No","No","No internet service","No internet service","No internet service","No internet service","No internet service","No internet service"
"3462-BJQQA",True,"Yes","Fiber optic","No","Yes","No","No","Yes","No"
"0442-TDYUO",True,"No","No","No internet service","No internet service","No internet service","No internet service","No internet service","No internet service"
"6733-LRIZX",True,"Yes","Fiber optic","Yes","No","Yes","Yes","Yes","Yes"
"9503-XJUME",True,"No","No","No internet service","No internet service","No internet service","No internet service","No internet service","No internet service"
"4367-NHWMM",False,"No phone service","DSL","No","No","No","No","No","No"
"3779-OSWCF",True,"Yes","DSL","Yes","Yes","Yes","Yes","Yes","Yes"
"6736-DHUQI",True,"No","Fiber optic","Yes","Yes","Yes","No","No","No"
"3915-ODIYG",True,"Yes","DSL","Yes","Yes","No","No","No","Yes"
"1360-RCYRT",False,"No phone service","DSL","No","No","No","Yes","No","No"
"2724-FJDYW",False,"No phone service","DSL","No","No","Yes","Yes","Yes","Yes"
"4451-RWASJ",True,"No","No","No internet service","No internet service","No internet service","No internet service","No internet service","No internet service"
"3460-TJBWI",True,"Yes","No","No internet service","No internet service","No internet service","No internet service","No internet service","No internet service"
"5917-HBSDW",True,"No","No","No internet service","No internet service","No internet service","No internet service","No internet service","No internet service"
"5671-UUNXD",True,"Yes","Fiber optic","No","No","No","Yes","Yes","Yes"
"0956-ACVZC",True,"No","Fiber optic","No","No","Yes","No","Yes","Yes"
"2325-NBPZG",True,"No","Fiber optic","Yes","No","No","No","No","No"
"4482-FTFFX",True,"No","DSL","No","No","Yes","Yes","No","No"
"8859-DZTGQ",True,"No","No","No internet service","No internet service","No internet service","No internet service","No internet service","No internet service"
"0440-MOGPM",True,"Yes","DSL","No","Yes","Yes","No","Yes","Yes"
"0020-JDNXP",False,"No phone service","DSL","Yes","No","Yes","Yes","Yes","Yes"
"3752-CQSJI",True,"No","No","No internet service","No internet service","No internet service","No internet service","No internet service","No internet service"
"5025-GOOKI",True,"No","No","No internet service","No internet service","No internet service","No internet service","No internet service","No internet service"
"4698-KVLLG",True,"No","No","No internet service","No internet service","No internet service","No internet service","No internet service","No internet service"
"2887-JPYLU",True,"No","DSL","No","No","No","No","No","No"
"4770-QAZXN",True,"No","No","No internet service","No internet service","No internet service","No internet service","No internet service","No internet service"
"4896-CPRPF",True,"Yes","No","No internet service","No internet service","No internet service","No internet service","No internet service","No internet service"
"9714-EDSUC",True,"No","Fiber optic","Yes","Yes","No","Yes","No","Yes"
"0282-NVSJS",False,"No phone service","DSL","No","No","No","Yes","No","No"
"7353-YOWFP",True,"No","No","No internet service","No internet service","No internet service","No internet service","No internet service","No internet service"
"8008-ESFLK",True,"No","Fiber optic","Yes","Yes","Yes","Yes","Yes","Yes"
"7537-CBQUZ",True,"Yes","Fiber optic","Yes","Yes","Yes","No","Yes","Yes"
"3363-EWLGO",True,"No","No","No internet service","No internet service","No internet service","No internet service","No internet service","No internet service"
"4750-UKWJK",True,"No","No","No internet service","No internet service","No internet service","No internet service","No internet service","No internet service"
"1689-YQBYY",True,"Yes","Fiber optic","No","No","No","No","No","No"
"9881-VCZEP",True,"Yes","DSL","No","Yes","No","No","No","No"
"4487-ZYJZK",True,"No","No","No internet service","No internet service","No internet service","No internet service","No internet service","No internet service"
"2959-FENLU",True,"No","Fiber optic","No","No","Yes","No","No","Yes"
"0708-LGSMF",True,"Yes","DSL","Yes","No","No","No","No","Yes"
"7634-HLQJR",True,"No","No","No internet service","No internet service","No internet service","No internet service","No internet service","No internet service"
"0487-RPVUM",True,"Yes","Fiber optic","Yes","No","Yes","Yes","Yes","No"
"4079-ULGFR",True,"No","No","No internet service","No internet service","No internet service","No internet service","No internet service","No internet service"
"2516-XSJKX",True,"No","DSL","Yes","Yes","No","Yes","Yes","Yes"
"0057-QBUQH",True,"Yes","No","No internet service","No internet service","No internet service","No internet service","No internet service","No internet service"
"6599-SFQVE",True,"No","DSL","No","No","No","No","No","Yes"
"8331-ZXFOE",True,"Yes","DSL","Yes","Yes","Yes","Yes","No","No"
"4003-FUSHP",True,"No","DSL","No","No","No","Yes","Yes","No"
"0356-ERHVT",True,"No","DSL","No","No","No","No","No","No"
"7325-ENZFI",False,"No phone service","DSL","Yes","Yes","No","Yes","No","No"
"4884-ZTHVF",True,"No","Fiber optic","No","Yes","No","No","Yes","No"
"3920-HIHMQ",True,"Yes","DSL","No","No","No","No","No","No"
"3055-OYMSE",True,"No","Fiber optic","No","Yes","No","No","No","No"
"0613-WUXUM",True,"No","No","No internet service","No internet service","No internet service","No internet service","No internet service","No internet service"
"4458-KVRBJ",True,"Yes","No","No internet service","No internet service","No internet service","No internet service","No internet service","No internet service"
"1397-XKKWR",False,"No phone service","DSL","Yes","No","Yes","No","No","No"
"8097-OMULG",True,"No","DSL","No","Yes","Yes","Yes","Yes","Yes"
"6013-BHCAW",True,"Yes","DSL","No","No","Yes","Yes","Yes","Yes"
"0401-WDBXM",True,"Yes","Fiber optic","Yes","No","Yes","No","Yes","Yes"
"3387-PLKUI",True,"No","No","No internet service","No internet service","No internet service","No internet service","No internet service","No internet service"
"6096-EGVTU",True,"Yes","No","No internet service","No internet service","No internet service","No internet service","No internet service","No internet service"
"5081-NWSUP",True,"No","DSL","No","Yes","No","Yes","No","Yes"
"2580-ATZSQ",True,"No","DSL","Yes","Yes","Yes","No","No","No"
"8085-MSNLK",True,"Yes","Fiber optic","Yes","Yes","Yes","Yes","Yes","Yes"
"9691-HKOVS",True,"Yes","DSL","Yes","Yes","Yes","Yes","Yes","Yes"
"8757-TFHHJ",True,"No","DSL","Yes","No","No","No","No","No"
"1468-DEFNC",True,"Yes","No","No internet service","No internet service","No internet service","No internet service","No internet service","No internet service"
"5119-KEPFY",True,"Yes","Fiber optic","No","No","No","No","Yes","Yes"
"0916-KNFAJ",True,"Yes","DSL","Yes","No","Yes","No","No","Yes"
"8319-QBEHW",False,"No phone service","DSL","No","Yes","No","No","Yes","No"
"9625-QNLUX",True,"No","Fiber optic","Yes","Yes","Yes","No","Yes","Yes"
"4024-CSNBY",True,"Yes","Fiber optic","Yes","Yes","Yes","Yes","No","No"
"7110-BDTWG",False,"No phone service","DSL","No","No","Yes","Yes","No","Yes"
"7493-GVFIO",True,"No","No","No internet service","No internet service","No internet service","No internet service","No internet service","No internet service"
"0690-SRQID",True,"No","No","No internet service","No internet service","No internet service","No internet service","No internet service","No internet service"
"9605-WGJVW",True,"No","Fiber optic","No","No","No","No","No","No"
"9114-DPSIA",True,"Yes","DSL","Yes","Yes","Yes","Yes","No","Yes"
"4700-UBQMV",True,"Yes","DSL","Yes","No","No","No","Yes","Yes"
"7711-GQBZC",True,"Yes","No","No internet service","No internet service","No internet service","No internet service","No internet service","No internet service"
"4627-MIHJH",True,"Yes","Fiber optic","Yes","No","Yes","Yes","Yes","Yes"
"9795-NREXC",True,"Yes","DSL","Yes","No","Yes","Yes","Yes","Yes"
"8573-CGOCC",True,"No","No","No internet service","No internet service","No internet service","No internet service","No internet service","No internet service"
"7356-AYNJP",True,"Yes","No","No internet service","No internet service","No internet service","No internet service","No internet service","No internet service"
"6286-SUUWT",True,"No","No","No internet service","No internet service","No internet service","No internet service","No internet service","No internet service"
"4819-HJPIW",False,"No phone service","DSL","No","No","No","No","No","No"
"8654-DHAOW",True,"Yes","DSL","No","Yes","No","No","No","No"
"5438-QMDDL",True,"No","DSL","No","Yes","No","No","No","Yes"
"9812-GHVRI",True,"Yes","Fiber optic","No","No","No","No","No","Yes"
"5553-AOINX",True,"Yes","Fiber optic","No","Yes","Yes","No","Yes","Yes"
"1228-ZLNBX",True,"Yes","Fiber optic","No","No","No","No","No","No"
"4226-KKDON",True,"No","DSL","No","Yes","No","Yes","Yes","No"
"3831-YCPUO",True,"No","Fiber optic","Yes","Yes","Yes","Yes","Yes","Yes"
"7445-WMRBW",True,"Yes","DSL","No","Yes","Yes","Yes","Yes","No"
"3308-DGHKL",True,"No","No","No internet service","No internet service","No internet service","No internet service","No internet service","No internet service"
"9924-JPRMC",True,"Yes","Fiber optic","Yes","Yes","Yes","Yes","Yes","Yes"
"0080-EMYVY",True,"No","DSL","No","Yes","No","No","No","No"
"6218-KNUBD",True,"No","DSL","No","Yes","No","No","Yes","No"
"7337-CINUD",True,"No","No","No internet service","No internet service","No internet service","No internet service","No internet service","No internet service"
"7609-NRNCA",True,"No","No","No internet service","No internet service","No internet service","No internet service","No internet service","No internet service"
"0623-EJQEG",True,"Yes","Fiber optic","Yes","No","No","Yes","No","Yes"
"7153-CHRBV",True,"No","DSL","Yes","No","Yes","Yes","No","No"
"6198-PNNSZ",True,"Yes","Fiber optic","Yes","Yes","Yes","No","Yes","Yes"
"3317-VLGQT",True,"No","Fiber optic","No","No","No","No","No","Yes"
"4132-POCZS",False,"No phone service","DSL","Yes","No","No","No","No","Yes"
"5614-DNZCE",True,"No","DSL","Yes","Yes","Yes","Yes","No","No"
"3896-RCYYE",False,"No phone service","DSL","No","No","Yes","Yes","Yes","Yes"
"9638-JIQYA",False,"No phone service","DSL","No","No","No","No","No","No"
"3258-SANFR",True,"No","DSL","No","No","No","No","No","No"
"3726-TBHQT",True,"Yes","Fiber optic","Yes","Yes","Yes","Yes","Yes","Yes"
"3190-ITQXP",True,"No","No","No internet service","No internet service","No internet service","No internet service","No internet service","No internet service"
"4833-QTJNO",True,"Yes","Fiber optic","Yes","Yes","No","No","No","No"
"3039-MJSLN",True,"No","No","No internet service","No internet service","No internet service","No internet service","No internet service","No internet service"
"0178-CIIKR",True,"No","No","No internet service","No internet service","No internet service","No internet service","No internet service","No internet service"
"5774-QPLTF",True,"No","No","No internet service","No internet service","No internet service","No internet service","No internet service","No internet service"
"2322-VCZHZ",True,"No","Fiber optic","Yes","Yes","No","No","No","Yes"
"5010-IPEAQ",False,"No phone service","DSL","Yes","Yes","Yes","Yes","Yes","No"
"6383-ZTSIW",True,"No","Fiber optic","Yes","Yes","No","No","Yes","Yes"
"8990-YOZLV",True,"Yes","DSL","Yes","Yes","No","Yes","No","No"
"3069-SSVSN",False,"No phone service","DSL","No","No","No","No","No","No"
"5222-IMUKT",True,"No","Fiber optic","No","No","No","No","Yes","Yes"
"6685-XSHHU",True,"No","No","No internet service","No internet service","No internet service","No internet service","No internet service","No internet service"
"8901-UPRHR",True,"Yes","Fiber optic","No","Yes","Yes","Yes","Yes","Yes"
"0118-JPNOY",True,"No","Fiber optic","Yes","No","No","No","Yes","No"
"3845-FXCYS",True,"No","No","No internet service","No internet service","No internet service","No internet service","No internet service","No internet service"
"5857-XRECV",True,"No","No","No internet service","No internet service","No internet service","No internet service","No internet service","No internet service"
"0725-CXOTM",True,"Yes","DSL","Yes","No","Yes","Yes","Yes","Yes"
"4343-EJVQB",True,"No","Fiber optic","Yes","No","No","No","No","No"
"9000-PLFUZ",False,"No phone service","DSL","No","Yes","No","No","Yes","Yes"
"3427-GGZZI",True,"Yes","Fiber optic","No","Yes","No","No","No","Yes"
"7779-ORAEL",True,"Yes","DSL","Yes","No","Yes","Yes","No","Yes"
"0644-OQMDK",True,"No","Fiber optic","No","No","No","No","No","No"
"3154-CFSZG",True,"No","Fiber optic","Yes","No","Yes","No","No","Yes"
"2220-IAHLS",True,"No","No","No internet service","No internet service","No internet service","No internet service","No internet service","No internet service"
"1658-XUHBX",True,"Yes","Fiber optic","No","No","Yes","No","No","Yes"
"2378-HTWFW",True,"Yes","Fiber optic","Yes","No","No","No","No","Yes"
"4377-VDHYI",True,"No","Fiber optic","Yes","Yes","No","No","No","Yes"
"3719-TDVQB",True,"No","No","No internet service","No internet service","No internet service","No internet service","No internet service","No internet service"
"0201-MIBOL",True,"Yes","Fiber optic","Yes","No","No","No","Yes","Yes"
"4937-QPZPO",True,"Yes","Fiber optic","No","No","Yes","No","Yes","Yes"
"2925-VDZHY",True,"Yes","DSL","Yes","Yes","Yes","Yes","Yes","Yes"
"6981-TDRFT",False,"No phone service","DSL","No","No","Yes","Yes","Yes","Yes"
"3413-CSSTH",True,"Yes","DSL","No","No","Yes","No","No","No"
"8033-VCZGH",True,"Yes","Fiber optic","Yes","No","Yes","No","Yes","Yes"
"0224-NIJLP",True,"No","No","No internet service","No internet service","No internet service","No internet service","No internet service","No internet service"
"7542-CYDDM",True,"No","No","No internet service","No internet service","No internet service","No internet service","No internet service","No internet service"
"4718-WXBGI",True,"Yes","DSL","Yes","Yes","Yes","Yes","Yes","Yes"
"8495-PRWFH",True,"Yes","DSL","No","No","Yes","No","No","No"
"0439-IFYUN",True,"No","Fiber optic","No","Yes","No","No","No","No"
"5716-LIBJC",True,"Yes","Fiber optic","No","Yes","Yes","No","Yes","Yes"
"2868-LLSKM",True,"Yes","Fiber optic","No","Yes","No","Yes","No","No"
"2988-QRAJY",True,"Yes","Fiber optic","Yes","Yes","Yes","No","Yes","Yes"
"0071-NDAFP",True,"Yes","No","No internet service","No internet service","No internet service","No internet service","No internet service","No internet service"
"7328-ZJAJO",True,"No","No","No internet service","No internet service","No internet service","No internet service","No internet service","No internet service"
"6458-CYIDZ",True,"No","Fiber optic","Yes","Yes","No","No","No","No"
"1090-PYKCI",True,"Yes","Fiber optic","Yes","Yes","Yes","Yes","Yes","No"
"3058-WQDRE",False,"No phone service","DSL","No","No","No","No","No","No"
"2279-AXJJK",True,"Yes","Fiber optic","No","Yes","No","Yes","No","Yes"
"0909-SELIE",True,"Yes","DSL","Yes","Yes","Yes","Yes","No","Yes"
"3417-TSCIC",False,"No phone service","DSL","No","No","No","No","No","No"
"1042-HFUCW",True,"No","DSL","No","Yes","No","Yes","No","No"
"6537-OTKMY",False,"No phone service","DSL","No","No","Yes","No","Yes","Yes"
"8999-EXMNO",True,"No","No","No internet service","No internet service","No internet service","No internet service","No internet service","No internet service"
"6725-TPKJO",True,"No","No","No internet service","No internet service","No internet service","No internet service","No internet service","No internet service"
"7162-WPHPM",True,"Yes","DSL","Yes","Yes","Yes","Yes","No","No"
"1599-MMYRQ",True,"No","Fiber optic","Yes","Yes","No","No","No","No"
"8821-KVZKQ",False,"No phone service","DSL","No","Yes","Yes","Yes","Yes","Yes"
"6434-TTGJP",False,"No phone service","DSL","Yes","Yes","Yes","Yes","No","Yes"
"0042-JVWOJ",True,"No","No","No internet service","No internet service","No internet service","No internet service","No internet service","No internet service"
"0130-SXOUN",True,"Yes","Fiber optic","No","Yes","No","No","No","Yes"
"2330-PQGDQ",True,"Yes","Fiber optic","No","Yes","No","Yes","No","No"
"1452-UZOSF",True,"Yes","Fiber optic","Yes","Yes","Yes","Yes","Yes","No"
"2097-YVPKN",True,"Yes","No","No internet service","No internet service","No internet service","No internet service","No internet service","No internet service"
"8597-CTXVJ",True,"Yes","DSL","Yes","Yes","No","Yes","No","No"
"6631-HMANX",True,"Yes","DSL","No","Yes","Yes","Yes","Yes","Yes"
"9962-BFPDU",True,"No","No","No internet service","No internet service","No internet service","No internet service","No internet service","No internet service"
"6394-HHHZM",True,"No","No","No internet service","No internet service","No internet service","No internet service","No internet service","No internet service"
"5995-LFTLE",True,"Yes","No","No internet service","No internet service","No internet service","No internet service","No internet service","No internet service"
"1932-UEDCX",True,"Yes","Fiber optic","No","Yes","No","No","Yes","Yes"
"5188-HGMLP",True,"Yes","Fiber optic","No","No","No","No","No","No"
"0665-XHDJU",True,"Yes","Fiber optic","No","Yes","No","No","Yes","Yes"
"8265-HKSOW",True,"Yes","Fiber optic","Yes","Yes","Yes","Yes","No","Yes"
"3544-FBCAS",True,"Yes","DSL","Yes","Yes","Yes","No","Yes","Yes"
"5331-RGMTT",True,"Yes","Fiber optic","No","No","Yes","No","Yes","Yes"
"4759-PXTAN",True,"Yes","DSL","No","Yes","No","Yes","Yes","Yes"
"7054-DMVAS",True,"No","DSL","Yes","Yes","No","No","Yes","No"
"3428-MMGUB",True,"Yes","Fiber optic","No","No","Yes","No","Yes","No"
"6549-BTYPG",False,"No phone service","DSL","No","Yes","Yes","Yes","Yes","Yes"
"7823-JSOAG",True,"Yes","Fiber optic","No","No","No","No","No","No"
"3705-RHRFR",True,"Yes","Fiber optic","Yes","No","No","No","Yes","Yes"
"9374-YOLBJ",True,"No","No","No internet service","No internet service","No internet service","No internet service","No internet service","No internet service"
"9074-KGVOX",False,"No phone service","DSL","Yes","No","No","No","Yes","No"
"6128-DAFVY",False,"No phone service","DSL","No","No","No","No","Yes","Yes"
"9933-QRGTX",True,"No","Fiber optic","Yes","No","No","Yes","Yes","Yes"
"4476-OSWTN",True,"Yes","Fiber optic","Yes","No","Yes","Yes","Yes","Yes"
"5066-GFJMM",True,"No","No","No internet service","No internet service","No internet service","No internet service","No internet service","No internet service"
"2661-GKBTK",True,"No","DSL","No","Yes","No","Yes","Yes","Yes"
"0458-HEUZG",False,"No phone service","DSL","No","No","Yes","Yes","No","No"
"7268-WNTCP",True,"No","No","No internet service","No internet service","No internet service","No internet service","No internet service","No internet service"
"0824-VWDPO",True,"Yes","Fiber optic","Yes","Yes","No","No","No","Yes"
"8409-WQJUX",False,"No phone service","DSL","No","No","Yes","Yes","Yes","Yes"
"2578-JQPHZ",True,"No","Fiber optic","No","No","Yes","Yes","Yes","Yes"
"3278-FSIXX",True,"No","DSL","No","No","No","No","No","No"
"9746-UGFAC",True,"No","No","No internet service","No internet service","No internet service","No internet service","No internet service","No internet service"
"2946-KIQSP",False,"No phone service","DSL","No","No","Yes","Yes","No","No"
"0625-AFOHS",True,"No","No","No internet service","No internet service","No internet service","No internet service","No internet service","No internet service"
"6726-WEXXK",True,"Yes","Fiber optic","Yes","No","Yes","No","No","No"
"4636-OLWOE",True,"No","DSL","No","Yes","Yes","Yes","No","No"
"4685-ERGHK",True,"Yes","Fiber optic","No","No","No","No","Yes","No"
"0885-HMGPY",True,"Yes","DSL","Yes","Yes","Yes","Yes","No","No"
"5003-OKNNK",True,"No","No","No internet service","No internet service","No internet service","No internet service","No internet service","No internet service"
"7208-PSIHR",True,"Yes","Fiber optic","No","No","Yes","Yes","Yes","Yes"
"4012-ZTHBR",True,"No","DSL","No","No","No","No","No","No"
"0489-WMEMG",True,"No","DSL","No","No","No","Yes","No","No"
"7435-ZNUYY",True,"No","No","No internet service","No internet service","No internet service","No internet service","No internet service","No internet service"
"4000-VGMQP",True,"Yes","DSL","No","Yes","Yes","No","Yes","Yes"
"3999-WRNGR",False,"No phone service","DSL","No","Yes","No","No","Yes","Yes"
"1354-YZFNB",True,"No","No","No internet service","No internet service","No internet service","No internet service","No internet service","No internet service"
"2985-FMWYF",True,"Yes","Fiber optic","No","No","No","No","Yes","Yes"
"2812-ENYMO",False,"No phone service","DSL","Yes","No","No","Yes","Yes","Yes"
"2717-HVIZY",True,"No","No","No internet service","No internet service","No internet service","No internet service","No internet service","No internet service"
"3422-GALYP",True,"Yes","Fiber optic","No","Yes","No","No","No","No"
"2890-WFBHU",True,"Yes","DSL","Yes","Yes","Yes","Yes","No","Yes"
"0327-WFZSY",True,"Yes","Fiber optic","No","No","Yes","No","Yes","Yes"
"7977-HXJKU",True,"No","No","No internet service","No internet service","No internet service","No internet service","No internet service","No internet service"
"7033-CLAMM",True,"No","No","No internet service","No internet service","No internet service","No internet service","No internet service","No internet service"
"4023-RTIQM",False,"No phone service","DSL","Yes","Yes","Yes","No","No","Yes"
"0864-FVJNJ",True,"Yes","Fiber optic","Yes","Yes","Yes","Yes","Yes","Yes"
"7356-IWLFW",True,"Yes","Fiber optic","No","Yes","No","No","No","No"
"9541-PWTWO",True,"Yes","DSL","No","No","Yes","Yes","Yes","Yes"
"3967-VQOGC",True,"Yes","No","No internet service","No internet service","No internet service","No internet service","No internet service","No internet service"
"7872-RDDLZ",True,"Yes","DSL","No","Yes","No","No","No","No"
"6308-CQRBU",True,"Yes","Fiber optic","No","Yes","Yes","Yes","Yes","Yes"
"0186-CAERR",True,"Yes","Fiber optic","Yes","Yes","Yes","Yes","Yes","Yes"
"3043-SUDUA",True,"No","No","No internet service","No internet service","No internet service","No internet service","No internet service","No internet service"
"5442-BHQNG",True,"No","Fiber optic","No","No","No","No","No","No"
"2169-RRLFW",True,"Yes","No","No internet service","No internet service","No internet service","No internet service","No internet service","No internet service"
"5872-OEQNH",False,"No phone service","DSL","Yes","No","Yes","No","No","Yes"
"3162-KKZXO",True,"Yes","Fiber optic","No","No","Yes","No","Yes","Yes"
"8873-GLDMH",True,"Yes","Fiber optic","No","No","No","No","No","No"
"5696-JVVQY",True,"No","DSL","Yes","Yes","Yes","No","No","Yes"
"8946-BFWSG",True,"Yes","No","No internet service","No internet service","No internet service","No internet service","No internet service","No internet service"
"0547-HURJB",True,"No","No","No internet service","No internet service","No internet service","No internet service","No internet service","No internet service"
"8904-OPDCK",False,"No phone service","DSL","No","No","No","No","No","No"
"8845-LWKGE",True,"No","DSL","No","No","Yes","Yes","Yes","No"
"0691-NIKRI",True,"Yes","Fiber optic","No","No","Yes","Yes","Yes","Yes"
"5022-JNQEQ",True,"No","Fiber optic","No","No","No","Yes","No","No"
"3249-VHRIP",False,"No phone service","DSL","No","Yes","Yes","No","No","Yes"
"3736-BLEPA",True,"No","Fiber optic","No","Yes","No","Yes","Yes","No"
"4701-LKOZD",True,"Yes","DSL","Yes","Yes","Yes","Yes","Yes","Yes"
"6603-QWSPR",True,"No","Fiber optic","No","Yes","Yes","Yes","Yes","Yes"
"9921-QFQUL",True,"Yes","Fiber optic","No","No","Yes","No","No","Yes"
"1929-ZCBHE",False,"No phone service","DSL","Yes","No","Yes","Yes","No","No"
"4378-MYPGO",True,"No","Fiber optic","Yes","Yes","Yes","No","Yes","Yes"
"4129-LYCOI",True,"Yes","Fiber optic","No","Yes","No","Yes","Yes","Yes"
"7798-JVXYM",True,"No","DSL","No","No","No","Yes","Yes","Yes"
"8647-SDTWQ",True,"Yes","Fiber optic","No","No","No","No","No","No"
"2696-ECXKC",True,"Yes","Fiber optic","Yes","No","No","No","Yes","Yes"
"2081-KJSQF",True,"No","No","No internet service","No internet service","No internet service","No internet service","No internet service","No internet service"
"3323-CPBWR",True,"Yes","Fiber optic","No","No","Yes","Yes","Yes","No"
"3384-CTMSF",True,"Yes","Fiber optic","No","Yes","Yes","No","Yes","Yes"
"0902-RFHOF",True,"No","No","No internet service","No internet service","No internet service","No internet service","No internet service","No internet service"
"6048-QBXKL",True,"Yes","DSL","No","Yes","No","No","No","No"
"7718-RXDGG",True,"No","Fiber optic","No","No","No","No","No","No"
"1025-FALIX",True,"No","Fiber optic","No","No","No","No","No","No"
"3451-VAWLI",True,"No","No","No internet service","No internet service","No internet service","No internet service","No internet service","No internet service"
"3407-QGWLG",True,"No","No","No internet service","No internet service","No internet service","No internet service","No internet service","No internet service"
"2347-WKKAE",True,"Yes","Fiber optic","Yes","No","Yes","No","No","Yes"
"8735-DCXNF",True,"No","DSL","Yes","No","No","Yes","No","No"
"3214-IYUUQ",True,"No","Fiber optic","Yes","Yes","No","Yes","No","Yes"
"1936-UAFEH",True,"Yes","Fiber optic","Yes","Yes","No","Yes","Yes","Yes"
"3587-PMCOY",True,"No","Fiber optic","Yes","No","Yes","No","Yes","Yes"
"1027-LKKQQ",True,"No","DSL","Yes","No","Yes","Yes","Yes","Yes"
"7148-XZPHA",True,"No","Fiber optic","No","Yes","No","Yes","No","No"
"5309-TAIKL",True,"No","DSL","No","No","Yes","Yes","No","Yes"
"6856-RAURS",True,"Yes","Fiber optic","No","No","No","No","No","No"
"8778-LMWTJ",True,"No","Fiber optic","Yes","No","No","No","No","No"
"9717-IOAAF",True,"Yes","No","No internet service","No internet service","No internet service","No internet service","No internet service","No internet service"
"2845-KDHVX",True,"No","DSL","No","Yes","Yes","Yes","No","Yes"
"0848-SOMKO",False,"No phone service","DSL","Yes","No","Yes","Yes","No","Yes"
"6734-FQAJX",True,"No","Fiber optic","Yes","Yes","No","Yes","Yes","Yes"
"1535-VTJOQ",True,"Yes","No","No internet service","No internet service","No internet service","No internet service","No internet service","No internet service"
"6368-TZZDT",True,"No","No","No internet service","No internet service","No internet service","No internet service","No internet service","No internet service"
"0943-ZQPXH",True,"No","Fiber optic","No","No","Yes","No","Yes","Yes"
"1293-BSEUN",True,"No","No","No internet service","No internet service","No internet service","No internet service","No internet service","No internet service"
"1302-TPUBN",True,"No","No","No internet service","No internet service","No internet service","No internet service","No internet service","No internet service"
"2378-VTKDH",True,"Yes","Fiber optic","No","Yes","Yes","No","Yes","Yes"
"0927-CNGRH",True,"No","No","No internet service","No internet service","No internet service","No internet service","No internet service","No internet service"
"8608-OZTLB",True,"No","DSL","Yes","Yes","Yes","Yes","Yes","No"
"2335-GSODA",False,"No phone service","DSL","Yes","No","Yes","Yes","No","No"
"1952-DVVSW",True,"No","No","No internet service","No internet service","No internet service","No internet service","No internet service","No internet service"
"6656-GULJQ",True,"Yes","DSL","Yes","No","Yes","Yes","Yes","Yes"
"9853-JFZDU",True,"No","DSL","No","Yes","No","Yes","No","No"
"3777-XROBG",True,"No","No","No internet service","No internet service","No internet service","No internet service","No internet service","No internet service"
"6994-FGRHH",True,"No","Fiber optic","No","Yes","Yes","Yes","Yes","Yes"
"3466-RITXD",True,"Yes","Fiber optic","Yes","Yes","No","No","Yes","No"
"2680-XKKNJ",True,"No","DSL","Yes","Yes","No","Yes","No","No"
"2974-GGUXS",True,"Yes","Fiber optic","No","Yes","No","No","Yes","No"
"7994-XIRTR",True,"No","DSL","No","No","Yes","Yes","No","Yes"
"2101-RANCD",True,"Yes","Fiber optic","No","No","No","No","No","No"
"7921-BEPCI",True,"Yes","DSL","Yes","Yes","No","No","No","No"
"8510-TMWYB",True,"Yes","DSL","No","Yes","Yes","No","No","No"
"3258-ZKPAI",True,"Yes","Fiber optic","Yes","Yes","Yes","Yes","Yes","Yes"
"1428-IEDPR",True,"Yes","Fiber optic","Yes","No","Yes","Yes","Yes","Yes"
"5298-GSTLM",True,"Yes","Fiber optic","Yes","No","No","No","Yes","Yes"
"4450-YOOHP",False,"No phone service","DSL","No","No","Yes","No","Yes","Yes"
"6728-CZFEI",True,"No","DSL","No","No","No","No","Yes","No"
"3653-NCRDJ",True,"No","No","No internet service","No internet service","No internet service","No internet service","No internet service","No internet service"
"6121-TNHBO",True,"Yes","DSL","Yes","Yes","Yes","Yes","Yes","No"
"5119-NZPTV",True,"No","Fiber optic","No","No","No","No","No","No"
"6519-ZHPXP",True,"No","Fiber optic","Yes","Yes","Yes","Yes","Yes","Yes"
"3472-QPRCH",True,"Yes","No","No internet service","No internet service","No internet service","No internet service","No internet service","No internet service"
"8224-UAXBZ",False,"No phone service","DSL","Yes","Yes","No","No","Yes","No"
"9610-WCESF",False,"No phone service","DSL","Yes","No","No","Yes","Yes","No"
"2486-WYVVE",True,"Yes","DSL","No","No","Yes","Yes","Yes","Yes"
"3865-ZYKAD",True,"Yes","Fiber optic","Yes","Yes","No","No","No","No"
"1422-DGUBX",True,"Yes","Fiber optic","No","No","No","Yes","No","No"
"2999-AANRQ",True,"No","DSL","Yes","Yes","No","Yes","Yes","No"
"8668-KNZTI",True,"No","DSL","Yes","No","Yes","No","No","No"
"0480-KYJVA",True,"Yes","No","No internet service","No internet service","No internet service","No internet service","No internet service","No internet service"
"9746-YKGXB",False,"No phone service","DSL","Yes","No","Yes","No","No","Yes"
"3926-YZVVX",True,"No","DSL","No","No","No","Yes","No","No"
"0872-CASZJ",True,"Yes","DSL","Yes","No","No","Yes","No","Yes"
"6000-UKLWI",True,"No","No","No internet service","No internet service","No internet service","No internet service","No internet service","No internet service"
"6332-FBZRI",True,"Yes","DSL","Yes","Yes","Yes","Yes","No","No"
"2096-XOTMO",True,"No","No","No internet service","No internet service","No internet service","No internet service","No internet service","No internet service"
"3266-FTKHB",True,"No","No","No internet service","No internet service","No internet service","No internet service","No internet service","No internet service"
"8221-EQDGL",True,"No","DSL","Yes","Yes","Yes","No","No","No"
"2346-LOCWC",True,"No","No","No internet service","No internet service","No internet service","No internet service","No internet service","No internet service"
"0298-XACET",False,"No phone service","DSL","No","Yes","Yes","Yes","Yes","No"
"7560-QJAVJ",True,"No","DSL","Yes","No","Yes","Yes","Yes","Yes"
"2995-YWTCD",True,"Yes","No","No internet service","No internet service","No internet service","No internet service","No internet service","No internet service"
"9137-UIYPG",True,"No","Fiber optic","Yes","No","Yes","Yes","Yes","Yes"
"2809-ZMYOQ",True,"Yes","Fiber optic","No","No","Yes","No","Yes","Yes"
"5084-OOVCJ",True,"No","DSL","Yes","No","No","Yes","No","No"
"0254-WWRKD",True,"No","DSL","No","Yes","No","No","No","No"
"7727-SHVZV",True,"No","No","No internet service","No internet service","No internet service","No internet service","No internet service","No internet service"
"5339-PXDVH",True,"Yes","Fiber optic","Yes","No","No","No","Yes","No"
"2205-LPVGL",True,"Yes","Fiber optic","Yes","Yes","No","Yes","No","No"
"8782-NUUOL",True,"No","DSL","Yes","No","Yes","Yes","Yes","Yes"
"7601-WFVZV",True,"No","No","No internet service","No internet service","No internet service","No internet service","No internet service","No internet service"
"4609-KNNWG",True,"No","No","No internet service","No internet service","No internet service","No internet service","No internet service","No internet service"
"4868-AADLV",True,"Yes","Fiber optic","Yes","Yes","Yes","Yes","Yes","Yes"
"9529-OFXHY",True,"Yes","Fiber optic","Yes","No","No","No","Yes","No"
"2669-QVCRG",True,"Yes","Fiber optic","Yes","No","No","No","No","No"
"2478-EEWWM",False,"No phone service","DSL","No","No","No","No","Yes","Yes"
"9174-IHETN",True,"No","Fiber optic","No","No","No","No","No","No"
"2233-TXSIU",False,"No phone service","DSL","Yes","No","Yes","No","Yes","No"
"9644-UMGQA",True,"No","DSL","Yes","No","No","No","No","No"
"3256-EZDBI",False,"No phone service","DSL","No","Yes","No","No","No","No"
"0419-YAAPX",True,"No","Fiber optic","No","Yes","No","No","Yes","No"
"4726-DLWQN",True,"Yes","DSL","Yes","Yes","No","No","Yes","No"
"8164-OCKUJ",True,"No","No","No internet service","No internet service","No internet service","No internet service","No internet service","No internet service"
"3094-JOJAI",True,"Yes","Fiber optic","No","No","No","No","No","No"
"9494-MRNYX",True,"Yes","Fiber optic","No","No","No","No","No","No"
"2599-CZABP",True,"No","DSL","No","No","No","No","No","No"
"7945-PRBVF",True,"No","No","No internet service","No internet service","No internet service","No internet service","No internet service","No internet service"
"4544-RXFMG",True,"No","DSL","No","No","No","No","No","No"
"0859-YGKFW",True,"No","No","No internet service","No internet service","No internet service","No internet service","No internet service","No internet service"
"1150-FTQGN",True,"Yes","Fiber optic","Yes","Yes","No","No","Yes","No"
"7196-LIWRH",True,"No","No","No internet service","No internet service","No internet service","No internet service","No internet service","No internet service"
"5448-VWNAM",True,"Yes","DSL","Yes","Yes","No","Yes","Yes","No"
"1177-XZBJL",True,"Yes","DSL","Yes","Yes","No","Yes","No","No"
"3518-FSTWG",True,"Yes","Fiber optic","Yes","Yes","Yes","No","Yes","Yes"
"9330-VOFSZ",True,"Yes","Fiber optic","No","Yes","Yes","Yes","Yes","Yes"
"0939-EREMR",True,"No","DSL","No","No","Yes","Yes","No","No"
"9389-ACWBI",True,"No","Fiber optic","No","No","No","No","No","No"
"3644-QXEHN",True,"No","Fiber optic","No","No","Yes","No","Yes","Yes"
"2911-IJORQ",True,"Yes","DSL","Yes","Yes","Yes","Yes","Yes","Yes"
"5921-NGYRH",True,"No","Fiber optic","Yes","No","No","No","No","No"
"5998-DZLYR",True,"Yes","Fiber optic","No","Yes","No","Yes","No","Yes"
"3985-HOYPM",True,"No","No","No internet service","No internet service","No internet service","No internet service","No internet service","No internet service"
"9548-LERKT",True,"No","No","No internet service","No internet service","No internet service","No internet service","No internet service","No internet service"
"6576-FBXOJ",False,"No phone service","DSL","No","No","Yes","Yes","Yes","Yes"
"4310-KEDTB",False,"No phone service","DSL","No","No","Yes","No","No","No"
"4062-HBMOS",True,"Yes","Fiber optic","No","Yes","Yes","No","Yes","Yes"
"2676-ISHSF",True,"No","No","No internet service","No internet service","No internet service","No internet service","No internet service","No internet service"
"9236-NDUCW",False,"No phone service","DSL","Yes","No","No","Yes","No","No"
"4753-PADAS",True,"Yes","Fiber optic","No","Yes","Yes","No","Yes","Yes"
"6103-QCKFX",True,"No","DSL","Yes","No","No","Yes","No","No"
"7781-EWARA",False,"No phone service","DSL","No","Yes","Yes","Yes","Yes","Yes"
"7018-FPXHH",True,"No","DSL","Yes","Yes","Yes","No","No","No"
"0572-ZJKLT",True,"Yes","Fiber optic","Yes","No","Yes","Yes","No","Yes"
"5135-RDDQL",True,"No","DSL","Yes","No","No","No","No","No"
"1353-LJWEM",True,"No","DSL","No","Yes","Yes","Yes","No","No"
"1794-SWWKL",True,"Yes","DSL","No","No","Yes","Yes","No","No"
"6166-YIPFO",False,"No phone service","DSL","Yes","Yes","Yes","Yes","Yes","Yes"
"9332-GYWLO",True,"No","DSL","No","No","No","No","Yes","No"
"4184-VODJZ",True,"Yes","Fiber optic","No","Yes","No","No","No","Yes"
"1092-WPIVQ",True,"Yes","No","No internet service","No internet service","No internet service","No internet service","No internet service","No internet service"
"7233-IOQNP",False,"No phone service","DSL","Yes","No","No","Yes","No","No"
"2834-JKOOW",False,"No phone service","DSL","Yes","Yes","Yes","Yes","No","No"
"2400-FEQME",True,"No","No","No internet service","No internet service","No internet service","No internet service","No internet service","No internet service"
"4957-SREEC",True,"No","No","No internet service","No internet service","No internet service","No internet service","No internet service","No internet service"
"0230-UBYPQ",False,"No phone service","DSL","Yes","No","No","Yes","No","No"
"4923-ADWXJ",True,"No","DSL","No","Yes","No","Yes","No","Yes"
"1763-KUAAW",True,"No","No","No internet service","No internet service","No internet service","No internet service","No internet service","No internet service"
"1104-TNLZA",True,"Yes","Fiber optic","No","Yes","No","Yes","Yes","Yes"
"5195-KPUNQ",True,"No","Fiber optic","Yes","Yes","No","Yes","No","Yes"
"3439-GVUSX",False,"No phone service","DSL","No","No","No","No","No","No"
"5949-HGVJL",True,"No","DSL","No","Yes","No","Yes","Yes","Yes"
"5203-XEHAX",True,"No","DSL","Yes","Yes","No","No","No","Yes"
"1635-HDGFT",True,"No","No","No internet service","No internet service","No internet service","No internet service","No internet service","No internet service"
"8050-XGRVL",True,"No","DSL","Yes","No","Yes","No","No","No"
"9828-QHFBK",True,"No","DSL","Yes","No","No","No","No","No"
"3908-MKIMJ",False,"No phone service","DSL","Yes","Yes","Yes","No","No","No"
"5012-YSPJJ",True,"No","DSL","No","No","Yes","Yes","No","No"
"6728-VOIFY",True,"No","Fiber optic","No","Yes","No","No","Yes","Yes"
"4891-NLUBA",False,"No phone service","DSL","No","Yes","Yes","Yes","Yes","Yes"
"8969-PRHFK",True,"No","No","No internet service","No internet service","No internet service","No internet service","No internet service","No internet service"
"0661-KQHNK",True,"No","No","No internet service","No internet service","No internet service","No internet service","No internet service","No internet service"
"8709-KRDVL",True,"Yes","Fiber optic","No","Yes","No","No","Yes","Yes"
"1427-VERSM",True,"No","Fiber optic","No","No","Yes","Yes","Yes","Yes"
"9801-NOSHQ",True,"No","No","No internet service","No internet service","No internet service","No internet service","No internet service","No internet service"
"6339-YPSAH",True,"No","Fiber optic","No","No","Yes","No","No","No"
"2159-TURXX",True,"No","No","No internet service","No internet service","No internet service","No internet service","No internet service","No internet service"
"1548-FEHVL",True,"Yes","Fiber optic","Yes","Yes","No","No","Yes","Yes"
"3795-CAWEX",True,"Yes","Fiber optic","Yes","Yes","Yes","Yes","Yes","Yes"
"6215-NQCPY",True,"Yes","Fiber optic","Yes","No","No","No","Yes","Yes"
"5647-URDKA",True,"No","No","No internet service","No internet service","No internet service","No internet service","No internet service","No internet service"
"2229-DPMBI",True,"No","No","No internet service","No internet service","No internet service","No internet service","No internet service","No internet service"
"9626-WEQRM",False,"No phone service","DSL","Yes","No","No","No","No","No"
"2188-SXWVT",True,"No","DSL","Yes","Yes","No","No","No","No"
"6258-PVZWJ",True,"Yes","DSL","Yes","Yes","Yes","Yes","Yes","Yes"
"1094-BKOSX",False,"No phone service","DSL","No","Yes","Yes","Yes","No","Yes"
"6969-MVBAI",True,"Yes","Fiber optic","No","No","Yes","No","Yes","No"
"2978-XXSOG",True,"Yes","DSL","Yes","No","No","Yes","No","No"
"2342-CKIAO",True,"No","No","No internet service","No internet service","No internet service","No internet service","No internet service","No internet service"
"6953-PBDIN",True,"Yes","DSL","No","Yes","Yes","Yes","Yes","No"
"3898-BSJYF",True,"Yes","DSL","Yes","No","Yes","Yes","No","Yes"
"3938-YFPXD",True,"Yes","DSL","Yes","No","Yes","Yes","Yes","Yes"
"7696-AMHOD",True,"No","DSL","No","Yes","Yes","No","Yes","Yes"
"2453-SAFNS",True,"Yes","DSL","No","Yes","No","Yes","Yes","No"
"9558-IHEZX",True,"Yes","Fiber optic","Yes","Yes","Yes","No","Yes","Yes"
"9617-UDPEU",True,"No","No","No internet service","No internet service","No internet service","No internet service","No internet service","No internet service"
"6340-DACFT",True,"No","No","No internet service","No internet service","No internet service","No internet service","No internet service","No internet service"
"4955-VCWBI",True,"No","No","No internet service","No internet service","No internet service","No internet service","No internet service","No internet service"
"6813-GZQCG",True,"Yes","No","No internet service","No internet service","No internet service","No internet service","No internet service","No internet service"
"7426-GSWPO",True,"Yes","Fiber optic","Yes","Yes","No","No","Yes","Yes"
"3389-KTRXV",True,"Yes","No","No internet service","No internet service","No internet service","No internet service","No internet service","No internet service"
"3118-UHVVQ",True,"Yes","No","No internet service","No internet service","No internet service","No internet service","No internet service","No internet service"
"3205-MXZRA",True,"No","DSL","No","No","No","Yes","Yes","No"
"8317-BVKSO",True,"No","No","No internet service","No internet service","No internet service","No internet service","No internet service","No internet service"
"5702-KVQRD",True,"No","DSL","Yes","No","Yes","Yes","Yes","Yes"
"0083-PIVIK",True,"Yes","DSL","Yes","Yes","Yes","Yes","Yes","No"
"6169-PGNCD",True,"No","DSL","Yes","Yes","Yes","Yes","Yes","No"
"4909-JOUPP",True,"Yes","Fiber optic","No","Yes","Yes","Yes","Yes","Yes"
"4657-FWVFY",True,"Yes","Fiber optic","No","Yes","Yes","No","Yes","No"
"2257-BOVXD",True,"Yes","DSL","No","No","No","Yes","Yes","No"
"7729-JTEEC",True,"No","DSL","No","No","No","No","No","No"
"9696-RMYBA",True,"No","Fiber optic","No","No","No","No","Yes","No"
"8690-UPCZI",True,"Yes","DSL","Yes","No","No","Yes","Yes","No"
"9770-LXDBK",True,"No","No","No internet service","No internet service","No internet service","No internet service","No internet service","No internet service"
"4086-WITJG",True,"No","No","No internet service","No internet service","No internet service","No internet service","No internet service","No internet service"
"8344-WFMFH",True,"No","DSL","No","Yes","No","No","No","No"
"8822-KNBHV",True,"Yes","DSL","Yes","Yes","Yes","No","Yes","Yes"
"8404-FYDIB",True,"Yes","Fiber optic","Yes","Yes","No","No","No","No"
"7009-LGECI",True,"No","DSL","Yes","No","No","No","No","No"
"2791-SFVEW",True,"No","No","No internet service","No internet service","No internet service","No internet service","No internet service","No internet service"
"6762-NSODU",True,"No","No","No internet service","No internet service","No internet service","No internet service","No internet service","No internet service"
"9888-ZCUMM",False,"No phone service","DSL","Yes","No","Yes","Yes","Yes","Yes"
"1074-WVEVG",True,"No","No","No internet service","No internet service","No internet service","No internet service","No internet service","No internet service"
"9979-RGMZT",True,"No","Fiber optic","No","Yes","No","No","Yes","Yes"
"6437-UDQJM",True,"Yes","DSL","Yes","Yes","Yes","No","Yes","Yes"
"1226-IENZN",True,"No","Fiber optic","No","No","No","No","No","Yes"
"2108-GLPQB",True,"Yes","DSL","No","No","Yes","No","No","No"
"5474-LAMUQ",True,"No","No","No internet service","No internet service","No internet service","No internet service","No internet service","No internet service"
"3468-DRVQJ",True,"Yes","DSL","Yes","Yes","No","No","Yes","No"
"1122-YJBCS",True,"No","DSL","Yes","Yes","No","No","No","No"
"4990-ALDGW",True,"No","No","No internet service","No internet service","No internet service","No internet service","No internet service","No internet service"
"4816-OKWNX",True,"No","Fiber optic","No","Yes","Yes","Yes","Yes","Yes"
"3315-IKYZQ",False,"No phone service","DSL","Yes","No","Yes","Yes","Yes","No"
"4747-LCAQL",True,"No","DSL","Yes","Yes","No","Yes","Yes","Yes"
"3411-WLRSQ",True,"No","Fiber optic","No","Yes","No","No","No","No"
"0898-XCGTF",True,"Yes","Fiber optic","No","No","No","No","Yes","Yes"
"8006-PYCSW",True,"No","No","No internet service","No internet service","No internet service","No internet service","No internet service","No internet service"
"8249-THVEC",True,"No","No","No internet service","No internet service","No internet service","No internet service","No internet service","No internet service"
"8722-PRFDV",True,"No","DSL","Yes","No","Yes","No","Yes","Yes"
"2164-SOQXL",True,"No","No","No internet service","No internet service","No internet service","No internet service","No internet service","No internet service"
"4020-KIUDI",True,"No","No","No internet service","No internet service","No internet service","No internet service","No internet service","No internet service"
"5850-BDWCY",True,"No","No","No internet service","No internet service","No internet service","No internet service","No internet service","No internet service"
"2038-YSEZE",True,"Yes","DSL","Yes","Yes","No","Yes","No","No"
"0827-ITJPH",True,"No","No","No internet service","No internet service","No internet service","No internet service","No internet service","No internet service"
"8799-OXZMD",False,"No phone service","DSL","No","No","Yes","No","No","No"
"1705-GUHPV",True,"Yes","No","No internet service","No internet service","No internet service","No internet service","No internet service","No internet service"
"4779-ZGICK",True,"Yes","No","No internet service","No internet service","No internet service","No internet service","No internet service","No internet service"
"0048-PIHNL",True,"No","No","No internet service","No internet service","No internet service","No internet service","No internet service","No internet service"
"3967-KXAPS",True,"Yes","DSL","Yes","Yes","Yes","Yes","Yes","Yes"
"3704-IEAXF",False,"No phone service","DSL","No","Yes","No","Yes","Yes","Yes"
"6810-VCAEX",False,"No phone service","DSL","Yes","Yes","No","Yes","No","No"
"0674-EYYZV",True,"No","DSL","No","No","No","No","Yes","No"
"4480-MBMLB",True,"Yes","Fiber optic","No","Yes","Yes","No","Yes","Yes"
"1395-OFUWC",False,"No phone service","DSL","No","Yes","No","No","No","No"
"0822-QGCXA",True,"Yes","DSL","No","Yes","Yes","Yes","Yes","Yes"
"2832-KJCRD",True,"Yes","Fiber optic","No","No","Yes","Yes","Yes","Yes"
"3588-WSTTJ",True,"Yes","Fiber optic","Yes","No","No","No","Yes","Yes"
"4075-WKNIU",True,"Yes","DSL","No","Yes","Yes","Yes","Yes","No"
"5090-EMGTC",True,"No","Fiber optic","No","Yes","No","Yes","Yes","Yes"
"2346-CZYIL",True,"No","No","No internet service","No internet service","No internet service","No internet service","No internet service","No internet service"
"3798-EPWRR",True,"No","DSL","No","No","No","No","No","No"
"6258-NGCNG",True,"Yes","No","No internet service","No internet service","No internet service","No internet service","No internet service","No internet service"
"4186-ZBUEW",True,"Yes","DSL","No","Yes","No","Yes","No","Yes"
"5274-XHAKY",True,"Yes","Fiber optic","Yes","Yes","No","No","Yes","No"
"1442-BQPVU",False,"No phone service","DSL","No","Yes","No","No","No","No"
"3978-YNKDD",True,"No","No","No internet service","No internet service","No internet service","No internet service","No internet service","No internet service"
"4940-KHCWD",False,"No phone service","DSL","Yes","Yes","No","Yes","No","No"
"9589-ABEPT",True,"Yes","Fiber optic","No","Yes","No","Yes","Yes","No"
"9388-ZEYVT",False,"No phone service","DSL","No","No","Yes","Yes","No","Yes"
"0305-SQECB",False,"No phone service","DSL","Yes","No","No","Yes","No","No"
"7605-SNLQG",True,"No","DSL","No","No","Yes","No","No","No"
"4670-TABXH",True,"Yes","Fiber optic","No","Yes","Yes","Yes","Yes","Yes"
"0064-SUDOG",True,"No","No","No internet service","No internet service","No internet service","No internet service","No internet service","No internet service"
"8561-NMTBD",True,"Yes","Fiber optic","No","Yes","Yes","Yes","Yes","Yes"
"5161-XEUVX",True,"Yes","Fiber optic","No","No","Yes","Yes","Yes","No"
"8292-FRFZQ",False,"No phone service","DSL","Yes","Yes","No","Yes","No","No"
"8591-NXRCV",True,"Yes","DSL","Yes","No","Yes","Yes","No","Yes"
"7895-VONWT",False,"No phone service","DSL","No","No","Yes","No","Yes","Yes"
"4526-RMTLL",True,"Yes","DSL","Yes","Yes","No","Yes","No","Yes"
"6253-GNHWH",True,"Yes","DSL","Yes","Yes","Yes","Yes","No","No"
"4566-NECEV",True,"Yes","Fiber optic","No","Yes","Yes","No","No","Yes"
"8080-POTJR",True,"Yes","DSL","Yes","No","Yes","No","Yes","Yes"
"6906-MPARY",True,"No","Fiber optic","No","Yes","No","Yes","No","Yes"
"3662-FXJFO",True,"No","No","No internet service","No internet service","No internet service","No internet service","No internet service","No internet service"
"8107-RZLNV",True,"Yes","Fiber optic","No","Yes","Yes","No","Yes","Yes"
"0516-OOHAR",True,"No","Fiber optic","No","Yes","Yes","No","Yes","Yes"
"2027-CWDNU",True,"No","Fiber optic","No","No","No","Yes","No","Yes"
"9912-OMZDS",True,"Yes","Fiber optic","No","Yes","Yes","No","Yes","Yes"
"3733-ZEECP",True,"No","DSL","No","No","No","Yes","No","No"
"7878-RTCZG",True,"No","No","No internet service","No internet service","No internet service","No internet service","No internet service","No internet service"
"2452-MRMZF",True,"Yes","No","No internet service","No internet service","No internet service","No internet service","No internet service","No internet service"
"7103-IPXPJ",True,"Yes","Fiber optic","No","No","No","Yes","Yes","Yes"
"4342-HFXWS",True,"No","DSL","Yes","No","Yes","Yes","Yes","No"
"3545-CNWRG",True,"Yes","Fiber optic","No","Yes","No","No","Yes","Yes"
"1785-BPHTP",True,"No","Fiber optic","No","No","Yes","No","Yes","No"
"4989-LIXVT",True,"Yes","Fiber optic","No","Yes","Yes","No","No","Yes"
"7315-WYOAW",True,"Yes","Fiber optic","No","No","No","Yes","Yes","Yes"
"1173-XZPYF",True,"Yes","Fiber optic","No","No","Yes","No","Yes","No"
"2509-TFPJU",True,"Yes","No","No internet service","No internet service","No internet service","No internet service","No internet service","No internet service"
"9530-GRMJG",True,"Yes","DSL","No","Yes","Yes","Yes","Yes","Yes"
"6898-RBTLU",True,"Yes","DSL","No","Yes","No","Yes","Yes","Yes"
"5481-NTDOH",True,"Yes","Fiber optic","Yes","No","Yes","No","Yes","Yes"
"2068-WWXQZ",True,"No","No","No internet service","No internet service","No internet service","No internet service","No internet service","No internet service"
"2061-VVFST",True,"No","No","No internet service","No internet service","No internet service","No internet service","No internet service","No internet service"
"0749-IRGQE",False,"No phone service","DSL","No","No","No","No","Yes","Yes"
"2380-DAMQP",True,"Yes","Fiber optic","Yes","Yes","Yes","Yes","Yes","Yes"
"2256-YLYLP",True,"No","DSL","No","No","Yes","Yes","Yes","Yes"
"1272-ILHFG",True,"No","No","No internet service","No internet service","No internet service","No internet service","No internet service","No internet service"
"0164-XAIRP",True,"No","No","No internet service","No internet service","No internet service","No internet service","No internet service","No internet service"
"5666-CYCYZ",True,"Yes","Fiber optic","No","No","No","Yes","No","Yes"
"4011-ARPHK",True,"No","DSL","Yes","No","No","No","No","No"
"6365-HITVU",True,"No","DSL","Yes","Yes","Yes","Yes","Yes","Yes"
"7558-IMLMT",True,"No","No","No internet service","No internet service","No internet service","No internet service","No internet service","No internet service"
"9488-FYQAU",True,"Yes","Fiber optic","No","Yes","Yes","Yes","Yes","Yes"
"3590-TCXTB",True,"No","No","No internet service","No internet service","No internet service","No internet service","No internet service","No internet service"
"6994-KERXL",True,"No","DSL","No","No","No","No","No","Yes"
"1960-UOTYM",True,"No","DSL","Yes","Yes","Yes","No","Yes","Yes"
"2740-JFBOK",True,"Yes","No","No internet service","No internet service","No internet service","No internet service","No internet service","No internet service"
"6500-JVEGC",True,"Yes","Fiber optic","Yes","Yes","Yes","No","Yes","No"
"5245-VDBUR",False,"No phone service","DSL","Yes","No","Yes","No","No","No"
"8469-SNFFH",True,"Yes","DSL","Yes","Yes","Yes","Yes","Yes","No"
"2144-ESWKO",False,"No phone service","DSL","Yes","No","Yes","No","No","No"
"1241-FPMOF",True,"No","No","No internet service","No internet service","No internet service","No internet service","No internet service","No internet service"
"9928-BZVLZ",False,"No phone service","DSL","Yes","No","Yes","Yes","No","Yes"
"4114-QMKVN",True,"Yes","DSL","Yes","Yes","No","No","No","Yes"
"2775-SEFEE",True,"Yes","DSL","Yes","Yes","No","Yes","No","No"
"9003-CPATH",True,"Yes","Fiber optic","No","No","Yes","No","No","No"
"1754-GKYPY",True,"No","Fiber optic","No","No","No","No","Yes","Yes"
"7956-XQWGU",True,"No","No","No internet service","No internet service","No internet service","No internet service","No internet service","No internet service"
"1591-MQJTP",True,"Yes","Fiber optic","Yes","No","Yes","No","No","Yes"
"2369-FEVNO",True,"No","No","No internet service","No internet service","No internet service","No internet service","No internet service","No internet service"
"7471-MQPOS",True,"Yes","DSL","No","Yes","Yes","Yes","No","Yes"
"5115-SQAAU",True,"Yes","No","No internet service","No internet service","No internet service","No internet service","No internet service","No internet service"
"9845-QOMAD",True,"No","No","No internet service","No internet service","No internet service","No internet service","No internet service","No internet service"
"7672-VFMXZ",True,"No","DSL","Yes","No","No","Yes","No","No"
"9739-JLPQJ",True,"Yes","Fiber optic","Yes","Yes","Yes","Yes","Yes","Yes"
"9916-AYHTC",True,"No","No","No internet service","No internet service","No internet service","No internet service","No internet service","No internet service"
"3855-ONCAR",True,"No","Fiber optic","No","No","No","No","Yes","No"
"1488-SYSFC",True,"No","No","No internet service","No internet service","No internet service","No internet service","No internet service","No internet service"
"0970-QXPXW",True,"No","No","No internet service","No internet service","No internet service","No internet service","No internet service","No internet service"
"3259-KNMRR",True,"Yes","DSL","No","Yes","Yes","No","Yes","Yes"
"6120-RJKLU",True,"No","DSL","Yes","No","Yes","Yes","Yes","Yes"
"9572-WUKSB",False,"No phone service","DSL","No","No","No","Yes","No","No"
"5893-KCLGT",True,"No","No","No internet service","No internet service","No internet service","No internet service","No internet service","No internet service"
"0076-LVEPS",False,"No phone service","DSL","Yes","Yes","Yes","Yes","No","No"
"3640-JQGJG",True,"No","DSL","No","No","No","No","No","No"
"1596-OQSPS",True,"No","DSL","No","Yes","No","No","No","No"
"9867-XOBQA",False,"No phone service","DSL","Yes","Yes","Yes","Yes","Yes","No"
"9546-KDTRB",True,"Yes","No","No internet service","No internet service","No internet service","No internet service","No internet service","No internet service"
"3174-RKMOW",True,"Yes","Fiber optic","No","Yes","Yes","Yes","Yes","Yes"
"1760-CAZHT",True,"No","No","No internet service","No internet service","No internet service","No internet service","No internet service","No internet service"
"8441-SHIPE",True,"Yes","No","No internet service","No internet service","No internet service","No internet service","No internet service","No internet service"
"1320-GVNHT",True,"Yes","Fiber optic","Yes","Yes","Yes","No","Yes","Yes"
"1047-RNXZV",True,"No","No","No internet service","No internet service","No internet service","No internet service","No internet service","No internet service"
"3541-ZNUHK",True,"Yes","Fiber optic","Yes","Yes","No","No","No","No"
"8725-JEDFD",True,"No","Fiber optic","No","No","No","No","No","No"
"7562-UXTPG",True,"No","Fiber optic","No","No","No","No","No","No"
"8071-SBTRN",True,"Yes","Fiber optic","Yes","Yes","Yes","No","Yes","Yes"
"6668-CNMFP",True,"Yes","Fiber optic","No","No","No","Yes","No","Yes"
"5626-MGTUK",True,"Yes","Fiber optic","Yes","No","No","No","Yes","No"
"5681-LLOEI",True,"Yes","Fiber optic","Yes","No","Yes","Yes","No","No"
"8212-DJRCH",True,"No","Fiber optic","Yes","No","Yes","No","No","Yes"
"4323-OHFOW",True,"Yes","Fiber optic","No","Yes","No","Yes","Yes","Yes"
"4933-BSAIP",True,"No","No","No internet service","No internet service","No internet service","No internet service","No internet service","No internet service"
"2030-BTZRO",True,"No","No","No internet service","No internet service","No internet service","No internet service","No internet service","No internet service"
"1116-DXXDF",True,"No","Fiber optic","Yes","No","Yes","No","Yes","Yes"
"6563-VNPMN",True,"No","Fiber optic","Yes","Yes","No","Yes","No","No"
"2267-WTPYD",True,"Yes","Fiber optic","No","Yes","Yes","No","No","Yes"
"0270-THENM",True,"Yes","DSL","Yes","Yes","Yes","Yes","No","No"
"4707-MAXGU",True,"Yes","No","No internet service","No internet service","No internet service","No internet service","No internet service","No internet service"
"2710-WYVXG",True,"No","DSL","Yes","Yes","No","Yes","No","Yes"
"6300-BWMJX",True,"Yes","Fiber optic","No","No","Yes","Yes","Yes","No"
"5022-KVDQT",True,"Yes","Fiber optic","No","No","Yes","No","No","No"
"7976-CICYS",True,"No","No","No internet service","No internet service","No internet service","No internet service","No internet service","No internet service"
"1036-GUDCL",True,"No","DSL","Yes","Yes","No","Yes","Yes","Yes"
"2005-DWQZJ",True,"No","No","No internet service","No internet service","No internet service","No internet service","No internet service","No internet service"
"8148-WOCMK",True,"No","No","No internet service","No internet service","No internet service","No internet service","No internet service","No internet service"
"7815-PDTHL",True,"No","No","No internet service","No internet service","No internet service","No internet service","No internet service","No internet service"
"9173-IVZVP",True,"No","No","No internet service","No internet service","No internet service","No internet service","No internet service","No internet service"
"9129-UXERG",True,"Yes","Fiber optic","No","Yes","No","Yes","Yes","Yes"
"3635-JBPSG",False,"No phone service","DSL","No","Yes","No","No","No","Yes"
"7964-ZRKKG",True,"Yes","Fiber optic","No","Yes","No","No","Yes","No"
"6229-LSCKB",True,"No","Fiber optic","No","No","No","No","Yes","No"
"1724-IQWNM",True,"No","No","No internet service","No internet service","No internet service","No internet service","No internet service","No internet service"
"8217-QYOHV",True,"No","DSL","Yes","No","No","Yes","No","No"
"5546-QUERU",True,"No","No","No internet service","No internet service","No internet service","No internet service","No internet service","No internet service"
"6897-UUBNU",True,"No","Fiber optic","No","Yes","No","Yes","Yes","No"
"6127-IYJOZ",True,"No","DSL","No","No","No","No","No","No"
"8930-XOTDP",True,"No","DSL","No","No","No","No","Yes","No"
"5916-QEWPT",True,"No","DSL","No","No","Yes","No","Yes","Yes"
"5060-TQUQN",True,"Yes","Fiber optic","No","Yes","No","Yes","No","No"
"0531-XBKMM",True,"Yes","DSL","Yes","Yes","No","Yes","No","No"
"8465-SBRXP",True,"Yes","Fiber optic","No","No","Yes","Yes","Yes","No"
"2408-PSJVE",True,"No","DSL","No","Yes","Yes","Yes","No","No"
"9700-ZCLOT",True,"No","No","No internet service","No internet service","No internet service","No internet service","No internet service","No internet service"
"8738-JOKAR",True,"No","DSL","Yes","Yes","No","Yes","No","Yes"
"4534-WGCIR",True,"Yes","No","No internet service","No internet service","No internet service","No internet service","No internet service","No internet service"
"1930-WNXSB",True,"No","Fiber optic","No","Yes","No","No","Yes","Yes"
"3508-CFVZL",True,"Yes","Fiber optic","Yes","Yes","Yes","Yes","Yes","Yes"
"0657-DOGUM",True,"Yes","DSL","Yes","No","No","Yes","No","No"
"8792-AOROI",True,"No","DSL","Yes","No","No","Yes","No","Yes"
"5146-YYFRZ",True,"No","No","No internet service","No internet service","No internet service","No internet service","No internet service","No internet service"
"3452-SRFEG",True,"Yes","Fiber optic","No","No","No","No","No","No"
"4070-OKWVH",True,"Yes","Fiber optic","No","Yes","Yes","No","Yes","No"
"5297-MDOIR",True,"No","Fiber optic","Yes","No","Yes","No","No","No"
"6369-MCAKO",True,"Yes","DSL","Yes","Yes","Yes","Yes","Yes","Yes"
"4926-UMJZD",True,"No","DSL","No","No","No","Yes","No","No"
"6848-HJTXY",True,"No","No","No internet service","No internet service","No internet service","No internet service","No internet service","No internet service"
"6341-AEVKX",True,"No","Fiber optic","Yes","No","Yes","Yes","Yes","Yes"
"0682-USIXD",True,"No","Fiber optic","No","No","No","Yes","Yes","No"
"6976-BWGLQ",True,"Yes","No","No internet service","No internet service","No internet service","No internet service","No internet service","No internet service"
"7078-NVFAM",False,"No phone service","DSL","Yes","Yes","No","No","No","No"
"8065-QBYTO",True,"Yes","Fiber optic","Yes","Yes","No","Yes","Yes","No"
"2133-TSRRM",True,"No","Fiber optic","Yes","Yes","Yes","No","Yes","Yes"
"2511-ALLCS",True,"Yes","No","No internet service","No internet service","No internet service","No internet service","No internet service","No internet service"
"3191-CSNMG",True,"No","Fiber optic","No","No","No","No","Yes","No"
"7952-OBOYL",True,"No","Fiber optic","No","No","Yes","Yes","Yes","No"
"7470-DYNOE",True,"No","DSL","No","No","Yes","No","No","Yes"
"7853-OETYL",False,"No phone service","DSL","Yes","No","No","No","No","No"
"1545-ACTAS",True,"No","Fiber optic","Yes","No","Yes","No","Yes","Yes"
"5126-RCXYW",False,"No phone service","DSL","No","No","Yes","Yes","No","Yes"
"2363-BJLSL",True,"No","DSL","No","Yes","Yes","Yes","Yes","Yes"
"1956-YIFGE",True,"No","Fiber optic","No","Yes","Yes","No","Yes","Yes"
"7921-LMDFQ",True,"No","Fiber optic","No","No","Yes","No","Yes","Yes"
"2925-MXLSX",True,"Yes","DSL","No","Yes","Yes","No","Yes","No"
"5820-PTRYM",True,"Yes","DSL","Yes","Yes","Yes","Yes","No","No"
"9609-BENEA",True,"Yes","DSL","No","Yes","No","Yes","Yes","No"
"6211-WHMYA",False,"No phone service","DSL","No","Yes","No","Yes","Yes","No"
"4459-BBGHE",False,"No phone service","DSL","No","No","No","No","Yes","Yes"
"9945-PSVIP",True,"No","No","No internet service","No internet service","No internet service","No internet service","No internet service","No internet service"
"9108-EJFJP",True,"No","DSL","Yes","Yes","No","No","No","No"
"0530-IJVDB",True,"Yes","Fiber optic","Yes","Yes","Yes","Yes","Yes","Yes"
"0508-SQWPL",True,"No","No","No internet service","No internet service","No internet service","No internet service","No internet service","No internet service"
"2215-ZAFGX",True,"Yes","Fiber optic","No","No","No","No","Yes","No"
"8213-TAZPM",True,"Yes","Fiber optic","No","Yes","Yes","Yes","Yes","Yes"
"1304-SEGFY",True,"Yes","Fiber optic","No","No","Yes","No","Yes","Yes"
"7242-EDTYC",True,"No","No","No internet service","No internet service","No internet service","No internet service","No internet service","No internet service"
"2904-GGUAZ",True,"Yes","Fiber optic","Yes","Yes","No","No","No","No"
"5136-GFPMB",True,"Yes","Fiber optic","No","No","Yes","No","No","Yes"
"2595-KIWPV",True,"No","No","No internet service","No internet service","No internet service","No internet service","No internet service","No internet service"
"5243-SAOTC",True,"Yes","Fiber optic","No","Yes","No","No","No","No"
"9398-MMQTO",True,"No","Fiber optic","No","Yes","No","No","No","No"
"7619-PLRLP",True,"Yes","DSL","Yes","Yes","Yes","No","No","Yes"
"6508-NJYRO",True,"No","No","No internet service","No internet service","No internet service","No internet service","No internet service","No internet service"
"4710-NKCAW",True,"Yes","DSL","Yes","Yes","No","Yes","No","No"
"5306-BVTKJ",True,"No","DSL","No","Yes","Yes","No","No","No"
"0357-NVCRI",True,"No","No","No internet service","No internet service","No internet service","No internet service","No internet service","No internet service"
"2371-KFUOG",True,"No","Fiber optic","Yes","Yes","No","No","Yes","Yes"
"0463-ZSDNT",True,"No","DSL","No","No","No","No","No","Yes"
"6257-DTAYD",True,"Yes","Fiber optic","No","Yes","No","Yes","Yes","Yes"
"4616-ULAOA",True,"Yes","Fiber optic","No","Yes","Yes","Yes","Yes","Yes"
"7746-AWNQW",False,"No phone service","DSL","No","No","Yes","Yes","No","No"
"5996-EBTKM",True,"Yes","DSL","No","No","Yes","Yes","No","Yes"
"2758-RNWXS",True,"No","Fiber optic","Yes","No","No","Yes","No","Yes"
"2314-TNDJQ",False,"No phone service","DSL","Yes","Yes","Yes","Yes","No","Yes"
"2405-LBMUW",False,"No phone service","DSL","Yes","Yes","No","Yes","No","Yes"
"3454-JFUBC",True,"No","No","No internet service","No internet service","No internet service","No internet service","No internet service","No internet service"
"9039-ZVJDC",True,"No","No","No internet service","No internet service","No internet service","No internet service","No internet service","No internet service"
"9013-AQORL",False,"No phone service","DSL","No","Yes","Yes","No","No","Yes"
"2898-MRKPI",True,"Yes","Fiber optic","No","Yes","No","No","Yes","Yes"
"2750-BJLSB",True,"No","Fiber optic","Yes","No","Yes","Yes","Yes","Yes"
"3648-GZPHF",False,"No phone service","DSL","No","No","Yes","Yes","No","No"
"2075-RMJIK",True,"No","DSL","Yes","No","No","No","No","No"
"9588-YRFHY",True,"No","No","No internet service","No internet service","No internet service","No internet service","No internet service","No internet service"
"9364-YKUVW",True,"No","No","No internet service","No internet service","No internet service","No internet service","No internet service","No internet service"
"5392-AKEMH",True,"No","DSL","No","No","No","No","No","No"
"2451-YMUXS",True,"Yes","DSL","Yes","Yes","No","Yes","No","No"
"3914-FDRHP",True,"No","Fiber optic","No","No","No","Yes","Yes","No"
"3078-ZKNTS",True,"No","No","No internet service","No internet service","No internet service","No internet service","No internet service","No internet service"
"1024-KPRBB",True,"No","Fiber optic","No","No","No","No","Yes","Yes"
"4690-PKDQG",True,"Yes","Fiber optic","No","Yes","Yes","No","Yes","No"
"9547-ITEFG",True,"Yes","Fiber optic","No","Yes","Yes","No","Yes","Yes"
"1264-FUHCX",False,"No phone service","DSL","No","Yes","No","Yes","Yes","Yes"
"7789-CRUVC",True,"Yes","Fiber optic","Yes","Yes","Yes","Yes","No","No"
"6598-KELSS",False,"No phone service","DSL","Yes","Yes","No","No","Yes","No"
"9972-VAFJJ",True,"No","Fiber optic","No","Yes","Yes","Yes","Yes","No"
"0422-UXFAP",True,"Yes","Fiber optic","No","No","Yes","No","Yes","Yes"
"1904-WAJAA",True,"Yes","DSL","Yes","Yes","Yes","No","No","No"
"5130-YPIRV",True,"No","DSL","Yes","Yes","Yes","No","Yes","No"
"2843-CQMEG",True,"No","DSL","No","Yes","No","No","No","No"
"6439-PKTRR",True,"Yes","DSL","Yes","Yes","Yes","Yes","Yes","No"
"5351-QESIO",False,"No phone service","DSL","No","No","No","No","No","No"
"5568-DMXZS",True,"No","DSL","No","Yes","No","Yes","Yes","No"
"8468-FZTOE",True,"No","DSL","Yes","Yes","Yes","Yes","No","Yes"
"6633-SYEUS",True,"No","Fiber optic","No","Yes","Yes","Yes","No","No"
"6447-GORXK",False,"No phone service","DSL","No","No","No","No","No","No"
"6967-PEJLL",False,"No phone service","DSL","Yes","No","Yes","Yes","No","No"
"5981-ZVXOT",True,"Yes","Fiber optic","Yes","Yes","Yes","No","Yes","Yes"
"1684-FLBGS",True,"Yes","DSL","No","Yes","No","Yes","Yes","No"
"1389-WNUIB",True,"Yes","DSL","Yes","No","No","No","Yes","Yes"
"0376-OIWME",True,"No","Fiber optic","Yes","No","No","No","Yes","Yes"
"0218-QNVAS",True,"Yes","Fiber optic","No","Yes","No","No","Yes","Yes"
"0804-YGEQV",True,"Yes","No","No internet service","No internet service","No internet service","No internet service","No internet service","No internet service"
"7164-BPTUT",True,"Yes","DSL","Yes","Yes","Yes","Yes","Yes","Yes"
"2523-EWWZL",True,"No","Fiber optic","No","Yes","No","No","No","No"
"0928-XUTSN",True,"No","Fiber optic","No","No","No","No","No","Yes"
"0052-YNYOT",True,"No","No","No internet service","No internet service","No internet service","No internet service","No internet service","No internet service"
"9586-JGQKH",True,"Yes","Fiber optic","No","Yes","No","Yes","Yes","Yes"
"4501-VCPFK",False,"No phone service","DSL","No","No","Yes","Yes","No","No"
"6075-SLNIL",True,"Yes","Fiber optic","No","Yes","Yes","No","No","Yes"
"9347-AERRL",True,"No","No","No internet service","No internet service","No internet service","No internet service","No internet service","No internet service"
"2274-XUATA",False,"No phone service","DSL","Yes","Yes","Yes","Yes","Yes","Yes"
"6691-CCIHA",True,"Yes","DSL","Yes","Yes","No","Yes","Yes","Yes"
"1685-BQULA",True,"Yes","Fiber optic","No","Yes","Yes","No","Yes","No"
"9053-EJUNL",True,"Yes","Fiber optic","No","Yes","No","No","Yes","No"
"0666-UXTJO",True,"No","Fiber optic","No","No","Yes","No","Yes","No"
"1471-GIQKQ",True,"No","DSL","No","Yes","No","No","No","No"
"4807-IZYOZ",True,"No","No","No internet service","No internet service","No internet service","No internet service","No internet service","No internet service"
"9710-NJERN",True,"No","No","No internet service","No internet service","No internet service","No internet service","No internet service","No internet service"
"9837-FWLCH",True,"No","No","No internet service","No internet service","No internet service","No internet service","No internet service","No internet service"
"7203-OYKCT",True,"Yes","Fiber optic","No","Yes","Yes","No","Yes","Yes"
"1035-IPQPU",True,"Yes","Fiber optic","No","Yes","Yes","No","Yes","Yes"
"7398-LXGYX",True,"Yes","Fiber optic","Yes","No","Yes","No","No","No"
"2823-LKABH",True,"Yes","Fiber optic","No","No","Yes","Yes","No","Yes"
"0550-DCXLH",True,"No","DSL","No","Yes","No","Yes","Yes","Yes"
"9281-CEDRU",True,"No","DSL","No","Yes","No","Yes","Yes","No"
"2235-DWLJU",False,"No phone service","DSL","No","No","No","No","Yes","Yes"
"0871-OPBXW",True,"No","No","No internet service","No internet service","No internet service","No internet service","No internet service","No internet service"
"3605-JISKB",True,"Yes","DSL","Yes","Yes","No","No","No","No"
"9767-FFLEM",True,"No","Fiber optic","No","No","No","No","No","No"
"8456-QDAVC",True,"No","Fiber optic","No","No","No","No","Yes","No"
"7750-EYXWZ",False,"No phone service","DSL","No","Yes","Yes","Yes","Yes","Yes"
"2569-WGERO",True,"No","No","No internet service","No internet service","No internet service","No internet service","No internet service","No internet service"
"6840-RESVB",True,"Yes","DSL","Yes","No","Yes","Yes","Yes","Yes"
"2234-XADUH",True,"Yes","Fiber optic","No","Yes","Yes","No","Yes","Yes"
"4801-JZAZL",False,"No phone service","DSL","Yes","No","No","No","No","No"
"3186-AJIEK",True,"No","Fiber optic","Yes","No","Yes","Yes","Yes","Yes"
